Curve 1,,,,,,,,,,,,,,,,,,,,
,,,,,,,,,,,,,,,,,,,,
MS Logging,,,,,,,,,,,,,,,,,,,,
Modified,금 9 18 2026 14:15:05,금 9 18 2026 14:15:04,금 9 18 2026 14:15:05,금 9 18 2026 14:15:04,금 9 18 2026 14:15:04,금 9 18 2026 14:15:05,금 9 18 2026 14:15:05,금 9 18 2026 14:15:05,금 9 18 2026 14:15:05,금 9 18 2026 14:15:05,금 9 18 2026 14:15:05,금 9 18 2026 14:15:05,금 9 18 2026 14:15:05,금 9 18 2026 14:15:05,금 9 18 2026 14:15:05,금 9 18 2026 14:15:05,금 9 18 2026 14:15:05,금 9 18 2026 14:15:05,금 9 18 2026 14:15:05,금 9 18 2026 14:15:05
Standard\All\Absolute Time,2026-07-27 04:36:41 ms 157.193,2026-07-27 04:36:41 ms 157.193,2026-07-27 04:36:41 ms 157.193,2026-07-27 04:36:41 ms 157.193,2026-07-27 04:36:41 ms 157.193,2026-07-27 04:36:41 ms 157.193,2026-07-27 04:36:41 ms 157.193,2026-07-27 04:36:41 ms 157.193,2026-07-27 04:36:41 ms 157.193,2026-07-27 04:36:41 ms 157.193,2026-07-27 04:36:41 ms 157.193,2026-07-27 04:36:41 ms 157.193,2026-07-27 04:36:41 ms 157.193,2026-07-27 04:36:41 ms 157.193,2026-07-27 04:36:41 ms 157.193,2026-07-27 04:36:41 ms 157.193,2026-07-27 04:36:41 ms 157.193,2026-07-27 04:36:41 ms 157.193,2026-07-27 04:36:41 ms 157.193,2026-07-27 04:36:41 ms 157.193
Standard\All\Actual sensitivity,101.5 mV/g,100.5 mV/g,96.3 mV/g,94.8 mV/g,101.5 mV/g,100.5 mV/g,96.3 mV/g,94.8 mV/g,101.5 mV/g,100.5 mV/g,96.3 mV/g,94.8 mV/g,101.5 mV/g,100.5 mV/g,96.3 mV/g,94.8 mV/g,101.5 mV/g,100.5 mV/g,96.3 mV/g,94.8 mV/g
Standard\All\Average type,Energy average,Energy average,Energy average,Energy average,Energy average,Energy average,Energy average,Energy average,Energy average,Energy average,Energy average,Energy average,Energy average,Energy average,Energy average,Energy average,Energy average,Energy average,Energy average,Energy average
Standard\All\Bandwidth,10240 Hz,10240 Hz,10240 Hz,10240 Hz,10240 Hz,10240 Hz,10240 Hz,10240 Hz,10240 Hz,10240 Hz,10240 Hz,10240 Hz,10240 Hz,10240 Hz,10240 Hz,10240 Hz,10240 Hz,10240 Hz,10240 Hz,10240 Hz
Standard\All\Channel group,Group 1,Group 1,Group 1,Group 1,Group 1,Group 1,Group 1,Group 1,Group 1,Group 1,Group 1,Group 1,Group 1,Group 1,Group 1,Group 1,Group 1,Group 1,Group 1,Group 1
Standard\All\Channel id,6,12,3,9,6,12,3,9,6,12,3,9,6,12,3,9,6,12,3,9
Standard\All\Channel name,C4,C10,C1,C7,C4,C10,C1,C7,C4,C10,C1,C7,C4,C10,C1,C7,C4,C10,C1,C7
Standard\All\Channelgroup,Vibration,Vibration,Vibration,Vibration,Vibration,Vibration,Vibration,Vibration,Vibration,Vibration,Vibration,Vibration,Vibration,Vibration,Vibration,Vibration,Vibration,Vibration,Vibration,Vibration
Standard\All\Created,금 9 18 2026 14:15:05,금 9 18 2026 14:15:04,금 9 18 2026 14:15:05,금 9 18 2026 14:15:04,금 9 18 2026 14:15:04,금 9 18 2026 14:15:05,금 9 18 2026 14:15:05,금 9 18 2026 14:15:05,금 9 18 2026 14:15:05,금 9 18 2026 14:15:05,금 9 18 2026 14:15:05,금 9 18 2026 14:15:05,금 9 18 2026 14:15:05,금 9 18 2026 14:15:05,금 9 18 2026 14:15:05,금 9 18 2026 14:15:05,금 9 18 2026 14:15:05,금 9 18 2026 14:15:05,금 9 18 2026 14:15:05,금 9 18 2026 14:15:05
Standard\All\CreationTimeStamp,금 9 18 2026 14:15:05,금 9 18 2026 14:15:05,금 9 18 2026 14:15:05,금 9 18 2026 14:15:05,금 9 18 2026 14:15:07,금 9 18 2026 14:15:07,금 9 18 2026 14:15:07,금 9 18 2026 14:15:07,금 9 18 2026 14:15:08,금 9 18 2026 14:15:08,금 9 18 2026 14:15:08,금 9 18 2026 14:15:08,금 9 18 2026 14:15:08,금 9 18 2026 14:15:08,금 9 18 2026 14:15:08,금 9 18 2026 14:15:08,금 9 18 2026 14:15:06,금 9 18 2026 14:15:06,금 9 18 2026 14:15:06,금 9 18 2026 14:15:06
Standard\All\Creator,Input,Input,Input,Input,Input,Input,Input,Input,Input,Input,Input,Input,Input,Input,Input,Input,Input,Input,Input,Input
Standard\All\DOF id,LL:+X,LR:+X,UL:+X,UR:+X,LL:+X,LR:+X,UL:+X,UR:+X,LL:+X,LR:+X,UL:+X,UR:+X,LL:+X,LR:+X,UL:+X,UR:+X,LL:+X,LR:+X,UL:+X,UR:+X
Standard\All\Dataset name,rpm  2000,rpm  2000,rpm  2000,rpm  2000,rpm  2100,rpm  2100,rpm  2100,rpm  2100,rpm  2200,rpm  2200,rpm  2200,rpm  2200,rpm  2300,rpm  2300,rpm  2300,rpm  2300,rpm  2400,rpm  2400,rpm  2400,rpm  2400
Standard\All\Domain,TestLab,TestLab,TestLab,TestLab,TestLab,TestLab,TestLab,TestLab,TestLab,TestLab,TestLab,TestLab,TestLab,TestLab,TestLab,TestLab,TestLab,TestLab,TestLab,TestLab
Standard\All\Formula,,,,,,,,,,,,,,,,,,,,
Standard\All\Frequency resolution,1 Hz,1 Hz,1 Hz,1 Hz,1 Hz,1 Hz,1 Hz,1 Hz,1 Hz,1 Hz,1 Hz,1 Hz,1 Hz,1 Hz,1 Hz,1 Hz,1 Hz,1 Hz,1 Hz,1 Hz
Standard\All\Function class,AutoPower,AutoPower,AutoPower,AutoPower,AutoPower,AutoPower,AutoPower,AutoPower,AutoPower,AutoPower,AutoPower,AutoPower,AutoPower,AutoPower,AutoPower,AutoPower,AutoPower,AutoPower,AutoPower,AutoPower
Standard\All\Location,My Computer\D:\42NVH\01Part\21.130B-X hyd. pump MNT\130b-x hyd mount\Section1\rpm  2002\rpm  2000,My Computer\D:\42NVH\01Part\21.130B-X hyd. pump MNT\130b-x hyd mount\Section1\rpm  2002\rpm  2000,My Computer\D:\42NVH\01Part\21.130B-X hyd. pump MNT\130b-x hyd mount\Section1\rpm  2002\rpm  2000,My Computer\D:\42NVH\01Part\21.130B-X hyd. pump MNT\130b-x hyd mount\Section1\rpm  2002\rpm  2000,My Computer\D:\42NVH\01Part\21.130B-X hyd. pump MNT\130b-x hyd mount\Section1\rpm  2102\rpm  2100,My Computer\D:\42NVH\01Part\21.130B-X hyd. pump MNT\130b-x hyd mount\Section1\rpm  2102\rpm  2100,My Computer\D:\42NVH\01Part\21.130B-X hyd. pump MNT\130b-x hyd mount\Section1\rpm  2102\rpm  2100,My Computer\D:\42NVH\01Part\21.130B-X hyd. pump MNT\130b-x hyd mount\Section1\rpm  2102\rpm  2100,My Computer\D:\42NVH\01Part\21.130B-X hyd. pump MNT\130b-x hyd mount\Section1\rpm  2203\rpm  2200,My Computer\D:\42NVH\01Part\21.130B-X hyd. pump MNT\130b-x hyd mount\Section1\rpm  2203\rpm  2200,My Computer\D:\42NVH\01Part\21.130B-X hyd. pump MNT\130b-x hyd mount\Section1\rpm  2203\rpm  2200,My Computer\D:\42NVH\01Part\21.130B-X hyd. pump MNT\130b-x hyd mount\Section1\rpm  2203\rpm  2200,My Computer\D:\42NVH\01Part\21.130B-X hyd. pump MNT\130b-x hyd mount\Section1\rpm  2303\rpm  2300,My Computer\D:\42NVH\01Part\21.130B-X hyd. pump MNT\130b-x hyd mount\Section1\rpm  2303\rpm  2300,My Computer\D:\42NVH\01Part\21.130B-X hyd. pump MNT\130b-x hyd mount\Section1\rpm  2303\rpm  2300,My Computer\D:\42NVH\01Part\21.130B-X hyd. pump MNT\130b-x hyd mount\Section1\rpm  2303\rpm  2300,My Computer\D:\42NVH\01Part\21.130B-X hyd. pump MNT\130b-x hyd mount\Section1\rpm  2403\rpm  2400,My Computer\D:\42NVH\01Part\21.130B-X hyd. pump MNT\130b-x hyd mount\Section1\rpm  2403\rpm  2400,My Computer\D:\42NVH\01Part\21.130B-X hyd. pump MNT\130b-x hyd mount\Section1\rpm  2403\rpm  2400,My Computer\D:\42NVH\01Part\21.130B-X hyd. pump MNT\130b-x hyd mount\Section1\rpm  2403\rpm  2400
Standard\All\Metatype,Block,Block,Block,Block,Block,Block,Block,Block,Block,Block,Block,Block,Block,Block,Block,Block,Block,Block,Block,Block
Standard\All\Number of averages,5,5,5,5,5,5,5,5,7,7,7,7,7,7,7,7,7,7,7,7
Standard\All\Number of lines,10241,10241,10241,10241,10241,10241,10241,10241,10241,10241,10241,10241,10241,10241,10241,10241,10241,10241,10241,10241
Standard\All\Original project,130b-x hyd mount,130b-x hyd mount,130b-x hyd mount,130b-x hyd mount,130b-x hyd mount,130b-x hyd mount,130b-x hyd mount,130b-x hyd mount,130b-x hyd mount,130b-x hyd mount,130b-x hyd mount,130b-x hyd mount,130b-x hyd mount,130b-x hyd mount,130b-x hyd mount,130b-x hyd mount,130b-x hyd mount,130b-x hyd mount,130b-x hyd mount,130b-x hyd mount
Standard\All\Original run,rpm  2002,rpm  2002,rpm  2002,rpm  2002,rpm  2102,rpm  2102,rpm  2102,rpm  2102,rpm  2203,rpm  2203,rpm  2203,rpm  2203,rpm  2303,rpm  2303,rpm  2303,rpm  2303,rpm  2403,rpm  2403,rpm  2403,rpm  2403
Standard\All\Original section,Section1,Section1,Section1,Section1,Section1,Section1,Section1,Section1,Section1,Section1,Section1,Section1,Section1,Section1,Section1,Section1,Section1,Section1,Section1,Section1
Standard\All\Outer run slope,Time Tracking,Time Tracking,Time Tracking,Time Tracking,Time Tracking,Time Tracking,Time Tracking,Time Tracking,Time Tracking,Time Tracking,Time Tracking,Time Tracking,Time Tracking,Time Tracking,Time Tracking,Time Tracking,Time Tracking,Time Tracking,Time Tracking,Time Tracking
Standard\All\Point direction, +X, +X, +X, +X, +X, +X, +X, +X, +X, +X, +X, +X, +X, +X, +X, +X, +X, +X, +X, +X
Standard\All\Point direction absolute,X,X,X,X,X,X,X,X,X,X,X,X,X,X,X,X,X,X,X,X
Standard\All\Point direction sign, +, +, +, +, +, +, +, +, +, +, +, +, +, +, +, +, +, +, +, +
Standard\All\Point id,LL,LR,UL,UR,LL,LR,UL,UR,LL,LR,UL,UR,LL,LR,UL,UR,LL,LR,UL,UR
Standard\All\Point id component,,,,,,,,,,,,,,,,,,,,
Standard\All\Point id node,LL,LR,UL,UR,LL,LR,UL,UR,LL,LR,UL,UR,LL,LR,UL,UR,LL,LR,UL,UR
Standard\All\Polarity, +, +, +, +, +, +, +, +, +, +, +, +, +, +, +, +, +, +, +, +
Standard\All\Position ID,,,,,,,,,,,,,,,,,,,,
Standard\All\Resolution,1 Hz,1 Hz,1 Hz,1 Hz,1 Hz,1 Hz,1 Hz,1 Hz,1 Hz,1 Hz,1 Hz,1 Hz,1 Hz,1 Hz,1 Hz,1 Hz,1 Hz,1 Hz,1 Hz,1 Hz
Standard\All\Sample frequency,20480 Hz,20480 Hz,20480 Hz,20480 Hz,20480 Hz,20480 Hz,20480 Hz,20480 Hz,20480 Hz,20480 Hz,20480 Hz,20480 Hz,20480 Hz,20480 Hz,20480 Hz,20480 Hz,20480 Hz,20480 Hz,20480 Hz,20480 Hz
Standard\All\Source data Dir,D:\42NVH\01Part\21.130B-X hyd. pump MNT,D:\42NVH\01Part\21.130B-X hyd. pump MNT,D:\42NVH\01Part\21.130B-X hyd. pump MNT,D:\42NVH\01Part\21.130B-X hyd. pump MNT,D:\42NVH\01Part\21.130B-X hyd. pump MNT,D:\42NVH\01Part\21.130B-X hyd. pump MNT,D:\42NVH\01Part\21.130B-X hyd. pump MNT,D:\42NVH\01Part\21.130B-X hyd. pump MNT,D:\42NVH\01Part\21.130B-X hyd. pump MNT,D:\42NVH\01Part\21.130B-X hyd. pump MNT,D:\42NVH\01Part\21.130B-X hyd. pump MNT,D:\42NVH\01Part\21.130B-X hyd. pump MNT,D:\42NVH\01Part\21.130B-X hyd. pump MNT,D:\42NVH\01Part\21.130B-X hyd. pump MNT,D:\42NVH\01Part\21.130B-X hyd. pump MNT,D:\42NVH\01Part\21.130B-X hyd. pump MNT,D:\42NVH\01Part\21.130B-X hyd. pump MNT,D:\42NVH\01Part\21.130B-X hyd. pump MNT,D:\42NVH\01Part\21.130B-X hyd. pump MNT,D:\42NVH\01Part\21.130B-X hyd. pump MNT
Standard\All\Source data Name,130b-x hyd mount.lms,130b-x hyd mount.lms,130b-x hyd mount.lms,130b-x hyd mount.lms,130b-x hyd mount.lms,130b-x hyd mount.lms,130b-x hyd mount.lms,130b-x hyd mount.lms,130b-x hyd mount.lms,130b-x hyd mount.lms,130b-x hyd mount.lms,130b-x hyd mount.lms,130b-x hyd mount.lms,130b-x hyd mount.lms,130b-x hyd mount.lms,130b-x hyd mount.lms,130b-x hyd mount.lms,130b-x hyd mount.lms,130b-x hyd mount.lms,130b-x hyd mount.lms
Standard\All\Span,8000 Hz,8000 Hz,8000 Hz,8000 Hz,8000 Hz,8000 Hz,8000 Hz,8000 Hz,8000 Hz,8000 Hz,8000 Hz,8000 Hz,8000 Hz,8000 Hz,8000 Hz,8000 Hz,8000 Hz,8000 Hz,8000 Hz,8000 Hz
Standard\All\Spectrum format,linear,linear,linear,linear,linear,linear,linear,linear,linear,linear,linear,linear,linear,linear,linear,linear,linear,linear,linear,linear
Standard\All\Spectrum scaling,RMS,RMS,RMS,RMS,RMS,RMS,RMS,RMS,RMS,RMS,RMS,RMS,RMS,RMS,RMS,RMS,RMS,RMS,RMS,RMS
Standard\All\Standard metatype,Function,Function,Function,Function,Function,Function,Function,Function,Function,Function,Function,Function,Function,Function,Function,Function,Function,Function,Function,Function
Standard\All\User channel ID 3,,,,,,,,,,,,,,,,,,,,
Standard\All\User channel id,,,,,,,,,,,,,,,,,,,,
Standard\All\User comment,,,,,,,,,,,,,,,,,,,,
Standard\All\Value type,Complex,Complex,Complex,Complex,Complex,Complex,Complex,Complex,Complex,Complex,Complex,Complex,Complex,Complex,Complex,Complex,Complex,Complex,Complex,Complex
Standard\All\Weighting,Linear,Linear,Linear,Linear,Linear,Linear,Linear,Linear,Linear,Linear,Linear,Linear,Linear,Linear,Linear,Linear,Linear,Linear,Linear,Linear
Standard\All\Window correction mode,amplitude,amplitude,amplitude,amplitude,amplitude,amplitude,amplitude,amplitude,amplitude,amplitude,amplitude,amplitude,amplitude,amplitude,amplitude,amplitude,amplitude,amplitude,amplitude,amplitude
Standard\All\Window type,Hanning,Hanning,Hanning,Hanning,Hanning,Hanning,Hanning,Hanning,Hanning,Hanning,Hanning,Hanning,Hanning,Hanning,Hanning,Hanning,Hanning,Hanning,Hanning,Hanning
Standard\All\X axis,0-10240 Hz,0-10240 Hz,0-10240 Hz,0-10240 Hz,0-10240 Hz,0-10240 Hz,0-10240 Hz,0-10240 Hz,0-10240 Hz,0-10240 Hz,0-10240 Hz,0-10240 Hz,0-10240 Hz,0-10240 Hz,0-10240 Hz,0-10240 Hz,0-10240 Hz,0-10240 Hz,0-10240 Hz,0-10240 Hz
Standard\All\X axis increment,1 Hz,1 Hz,1 Hz,1 Hz,1 Hz,1 Hz,1 Hz,1 Hz,1 Hz,1 Hz,1 Hz,1 Hz,1 Hz,1 Hz,1 Hz,1 Hz,1 Hz,1 Hz,1 Hz,1 Hz
Standard\All\X axis quantity,Frequency,Frequency,Frequency,Frequency,Frequency,Frequency,Frequency,Frequency,Frequency,Frequency,Frequency,Frequency,Frequency,Frequency,Frequency,Frequency,Frequency,Frequency,Frequency,Frequency
Standard\All\X axis unit,Hz,Hz,Hz,Hz,Hz,Hz,Hz,Hz,Hz,Hz,Hz,Hz,Hz,Hz,Hz,Hz,Hz,Hz,Hz,Hz
Standard\All\Y axis quantity,Acceleration,Acceleration,Acceleration,Acceleration,Acceleration,Acceleration,Acceleration,Acceleration,Acceleration,Acceleration,Acceleration,Acceleration,Acceleration,Acceleration,Acceleration,Acceleration,Acceleration,Acceleration,Acceleration,Acceleration
Standard\All\Y axis unit,g,g,g,g,g,g,g,g,g,g,g,g,g,g,g,g,g,g,g,g
Standard\All\Zero compensation,0 g,0 g,0 g,0 g,0 g,0 g,0 g,0 g,0 g,0 g,0 g,0 g,0 g,0 g,0 g,0 g,0 g,0 g,0 g,0 g
Standard\All\label,AutoPower LL:+X,AutoPower LR:+X,AutoPower UL:+X,AutoPower UR:+X,AutoPower LL:+X,AutoPower LR:+X,AutoPower UL:+X,AutoPower UR:+X,AutoPower LL:+X,AutoPower LR:+X,AutoPower UL:+X,AutoPower UR:+X,AutoPower LL:+X,AutoPower LR:+X,AutoPower UL:+X,AutoPower UR:+X,AutoPower LL:+X,AutoPower LR:+X,AutoPower UL:+X,AutoPower UR:+X
,,,,,,,,,,,,,,,,,,,,
Hz,g,g,g,g,g,g,g,g,g,g,g,g,g,g,g,g,g,g,g,g
Linear,Log (RMS),Log (RMS),Log (RMS),Log (RMS),Log (RMS),Log (RMS),Log (RMS),Log (RMS),Log (RMS),Log (RMS),Log (RMS),Log (RMS),Log (RMS),Log (RMS),Log (RMS),Log (RMS),Log (RMS),Log (RMS),Log (RMS),Log (RMS)
1000,0.00047429,0.000183884,0.002827716,0.017820497,0.000334836,0.000197208,0.002614393,0.025189138,0.000544206,0.000313863,0.005372872,0.039668842,0.001281747,0.000904596,0.012712851,0.079442899,0.000542863,0.000487762,0.004866379,0.043996295
1001,0.000295456,0.000218374,0.003332792,0.019080829,0.000349434,0.000308502,0.00390007,0.038694748,0.000438699,0.000226254,0.005012725,0.03178947,0.001436373,0.00103945,0.008731624,0.065872169,0.000496283,0.000531976,0.006474294,0.053307527
1002,0.000273835,0.000273315,0.00331187,0.021994756,0.000311354,0.000241036,0.004107497,0.031942128,0.000491559,0.00021447,0.005579345,0.034516202,0.000876489,0.000868649,0.008739686,0.066611312,0.000366742,0.000419422,0.003962917,0.026192758
1003,0.000327296,0.000231174,0.001798859,0.012378921,0.000251131,0.000156103,0.004060372,0.028843952,0.000459209,0.000313502,0.006680535,0.041412311,0.000533606,0.000617037,0.008433999,0.062967465,0.000515991,0.000273998,0.002724476,0.020316112
1004,0.000348683,0.000199526,0.001276793,0.013223254,0.000233643,7.05E-05,0.002520576,0.016445498,0.000617992,0.000500172,0.008052759,0.050834928,0.000657129,0.000414909,0.007221887,0.059442654,0.000480223,0.000377907,0.003057241,0.030803439
1005,0.000301791,0.000177535,0.001199427,0.012678046,0.000197502,9.34E-05,0.002317911,0.015959157,0.000596434,0.000705726,0.012381242,0.075932208,0.000774735,0.000621384,0.00912477,0.061017168,0.000567924,0.000315122,0.00360616,0.03286651
1006,0.000304305,0.000217992,0.001500949,0.013396458,0.000165782,7.93E-05,0.001768101,0.014628239,0.000572665,0.000842,0.013724643,0.085707688,0.000737335,0.000681018,0.00830603,0.050179141,0.000486951,0.000245956,0.003991822,0.037528416
1007,0.000267332,0.000180685,0.001568055,0.010253715,0.000134662,9.07E-05,0.001045417,0.010809905,0.001001667,0.000840929,0.011229084,0.075758232,0.000681999,0.000681586,0.006096256,0.042200805,0.000389131,0.000312325,0.004853259,0.044241466
1008,0.00030623,0.000240497,0.002898492,0.017477873,0.000176446,8.58E-05,0.000790189,0.009037242,0.000997583,0.000657034,0.013410538,0.081654221,0.000765451,0.000623398,0.006531533,0.052896127,0.000383009,0.000365653,0.005926664,0.041026803
1009,0.000404094,0.000245997,0.002804923,0.018591334,0.000155778,0.00010725,0.001734895,0.01647548,0.000705734,0.000462692,0.009852962,0.056909497,0.000874853,0.000664143,0.008084086,0.069319297,0.000393951,0.000463002,0.00478838,0.029904256
1010,0.000488918,0.00018698,0.001801333,0.013693696,0.000233039,0.000172067,0.001992094,0.01970067,0.000729012,0.000311655,0.007534233,0.047309914,0.000887172,0.000698374,0.011201904,0.086638033,0.000308857,0.000407504,0.004940769,0.032285874
1011,0.000577859,0.000221016,0.002276068,0.017491831,0.000284553,0.000130785,0.001459587,0.011575025,0.000677409,0.000281843,0.003872532,0.029215797,0.000796645,0.000959296,0.018238566,0.126537914,0.000556201,0.000325871,0.005089204,0.036283995
1012,0.000417978,0.000189507,0.002389727,0.014816705,0.000222381,0.000174417,0.002182764,0.016953632,0.000502283,0.000578434,0.006923357,0.044213364,0.00105605,0.000926795,0.016952201,0.120985349,0.000845519,0.000438633,0.007567555,0.058692285
1013,0.000469139,0.000203455,0.003774987,0.021579519,0.000368656,0.000256136,0.002368377,0.020868198,0.000512347,0.000585443,0.006264979,0.03588435,0.001292453,0.001021185,0.018108481,0.124322805,0.000893495,0.000518696,0.008358691,0.068382321
1014,0.00034287,0.00014373,0.004147345,0.023566939,0.000822908,0.000237463,0.005201636,0.037227651,0.00048728,0.000393189,0.004022978,0.022314314,0.001332422,0.000962227,0.019109141,0.125129013,0.000990001,0.000564519,0.009752704,0.079839676
1015,0.000148345,0.000183881,0.002879082,0.017562871,0.000748797,0.000231066,0.007715905,0.049787834,0.000449212,0.000312109,0.003624201,0.02410789,0.00143916,0.001117853,0.01689086,0.111598003,0.000824795,0.000518752,0.009015722,0.065157714
1016,0.000169629,0.000180875,0.001720426,0.011948942,0.00043395,0.000146809,0.005359025,0.030232653,0.000544821,0.000277027,0.005248633,0.031040432,0.001491776,0.001123819,0.020406534,0.138459317,0.000538773,0.000455916,0.007668262,0.054618153
1017,0.000188504,0.000120877,0.001564937,0.009437192,0.000359489,0.000123018,0.003580946,0.017840457,0.000552325,0.000282014,0.004854748,0.037955823,0.002854288,0.002031058,0.038001937,0.272567479,0.000435127,0.000340788,0.006593152,0.05571673
1018,0.000317613,0.000124451,0.002807793,0.015704844,0.000186178,0.000128547,0.001964492,0.013886802,0.000445564,0.000299908,0.004633385,0.033926306,0.002676509,0.001857728,0.033050019,0.237917851,0.000614713,0.000352798,0.008797939,0.064922551
1019,0.000310122,0.000112704,0.002561096,0.014692462,0.000105254,0.000115808,0.001378469,0.009332273,0.000408537,0.000262827,0.003931959,0.022536231,0.001630106,0.001283505,0.022011781,0.149805512,0.000878125,0.000712578,0.012602217,0.09408998
1020,0.000332456,0.000164069,0.00266746,0.013004063,0.000116066,0.000134642,0.001577077,0.008398256,0.000462613,0.000380749,0.006625128,0.041542933,0.001404066,0.001030788,0.019011964,0.131111012,0.001446655,0.001260256,0.020443506,0.153154626
1021,0.000286948,0.000150289,0.002228759,0.010729534,0.000166758,0.000192408,0.002842649,0.018926922,0.000416289,0.000385752,0.004935486,0.031869262,0.001418504,0.000851809,0.018087597,0.114556582,0.00133912,0.001150328,0.018287872,0.135253461
1022,0.000311961,0.000175388,0.001903512,0.010555056,0.000252764,0.000178589,0.002669618,0.019518735,0.000552617,0.0005092,0.004275735,0.028075537,0.00086711,0.000546275,0.010081515,0.066834241,0.001310021,0.001074866,0.01948308,0.144544447
1023,0.000367983,0.000119916,0.002663479,0.015093809,0.000135291,0.000105828,0.001331297,0.009443286,0.001077159,0.000768724,0.009381113,0.057159169,0.000512982,0.00033535,0.005495305,0.040405056,0.001417791,0.001034909,0.02106634,0.158208505
1024,0.000259145,0.000158589,0.002431841,0.015202511,7.11E-05,8.60E-05,0.001499365,0.011933219,0.00106693,0.000746298,0.012238232,0.072613946,0.000330013,0.00031479,0.004705801,0.032191565,0.000937637,0.000769369,0.015519584,0.107948101
1025,0.000186128,0.000151497,0.002230702,0.012001528,0.000176247,0.000131259,0.001912826,0.014464593,0.001040753,0.000574781,0.016852698,0.094695189,0.000710386,0.000505568,0.008366295,0.046760799,0.000950633,0.000824826,0.012730076,0.081493003
1026,0.000246145,0.000156008,0.002171672,0.013872899,0.000199238,0.000118587,0.002026252,0.014629523,0.001038453,0.000624171,0.012811887,0.076178117,0.000784442,0.000368364,0.008600586,0.043145426,0.000878731,0.000595474,0.009556675,0.058799938
1027,0.000207043,0.000189652,0.002011197,0.013001831,0.000217146,7.61E-05,0.001606968,0.01108504,0.000605797,0.000399089,0.007172151,0.047275473,0.00068382,0.000462888,0.009092267,0.051722766,0.001097634,0.000698152,0.01140248,0.077959458
1028,0.000332787,0.000162072,0.002489285,0.014605817,0.00014306,0.000106308,0.001579358,0.012405841,0.00065632,0.000334255,0.005315632,0.038595391,0.000802171,0.00059209,0.00970063,0.058854482,0.001239953,0.000775214,0.015212483,0.10183077
1029,0.000330215,0.000204093,0.003867269,0.020551798,0.000218871,0.000154413,0.001626263,0.015054146,0.000696564,0.00041938,0.005737138,0.036828242,0.00076891,0.000453027,0.009134573,0.050255824,0.000967581,0.000666743,0.012103052,0.078978864
1030,0.00033867,0.000376457,0.005205077,0.034088452,0.000221124,0.000155642,0.0025418,0.019231017,0.000484404,0.000232165,0.003703804,0.023032796,0.000763083,0.00046701,0.012091351,0.066393648,0.000893956,0.000761644,0.012988609,0.081104042
1031,0.000553731,0.000617541,0.008278208,0.053078509,0.000170988,9.11E-05,0.00244891,0.016951002,0.000491741,0.000138809,0.004306527,0.024103322,0.001007045,0.001032085,0.019650835,0.108669922,0.000883877,0.000776027,0.013033894,0.08072519
1032,0.000320747,0.000357177,0.005159291,0.029145824,0.000213686,0.00013574,0.003296658,0.020482738,0.000273833,0.000187225,0.00396433,0.019899964,0.009571544,0.013143015,0.199685494,1.06023535,0.000929045,0.000586754,0.01047595,0.062561377
1033,0.000197235,9.68E-05,0.00147914,0.00885268,0.000165933,0.00015302,0.002665738,0.016869947,0.000399898,0.000260158,0.003888092,0.021607572,0.014770912,0.02064684,0.31646556,1.65398857,0.000876041,0.000572104,0.010573114,0.060901893
1034,0.000252497,8.84E-05,0.002205083,0.011604075,0.000221711,8.85E-05,0.002335699,0.014911539,0.000496489,0.000225926,0.003295374,0.02140007,0.005717173,0.00811225,0.127773167,0.660629215,0.000790845,0.000504973,0.009990429,0.058457572
1035,0.000180669,0.000113566,0.002515062,0.012291398,0.00014237,0.000156539,0.00291702,0.019687144,0.000374167,0.000187008,0.002725909,0.01726102,0.001872836,0.001300006,0.019598168,0.119814973,0.000818776,0.000532926,0.009754019,0.06109245
1036,0.000234202,0.000143661,0.002414914,0.012912579,0.000143791,0.000130106,0.002566341,0.017895277,0.00041726,0.000269451,0.004483731,0.028416357,0.001085203,0.000880311,0.012310677,0.073198958,0.001587882,0.000799928,0.016301241,0.097286652
1037,0.000153549,9.68E-05,0.001477995,0.009773818,0.00015191,0.000112975,0.001998259,0.014557274,0.000334691,0.000262653,0.004332101,0.02980173,0.000799928,0.000732723,0.008096426,0.04297293,0.002589953,0.000996067,0.03070882,0.179985794
1038,0.000251104,4.88E-05,0.001434874,0.009157077,0.000203126,0.000133865,0.002552168,0.020894819,0.00041156,0.000243223,0.004252526,0.027003956,0.000732653,0.000544168,0.009362655,0.049740627,0.001539399,0.000508004,0.019048375,0.113174838
1039,0.000327839,9.10E-05,0.002441136,0.013929549,0.000120115,7.71E-05,0.001420033,0.010494508,0.000447175,0.00028956,0.004584033,0.028877873,0.000999284,0.000556124,0.012176572,0.065305531,0.000750642,0.000551641,0.011009929,0.060864519
1040,0.000232471,0.0001592,0.002697598,0.015060175,0.000194859,9.79E-05,0.001506115,0.010989127,0.000497717,0.000369654,0.006258478,0.036623034,0.001265991,0.000758267,0.014922079,0.079429005,0.000986431,0.000712171,0.014033,0.073371621
1041,0.00020788,0.000144618,0.002196866,0.011489199,0.000188837,0.000122425,0.0013035,0.010249014,0.000373763,0.000339102,0.006220621,0.034553879,0.000684913,0.000400645,0.008005148,0.040845794,0.001588287,0.001172496,0.018252697,0.098463829
1042,0.000211302,0.000147519,0.002543927,0.014557076,0.000118476,7.89E-05,0.000855982,0.008388217,0.000454493,0.000277696,0.004451055,0.025926126,0.000623637,0.00024089,0.005888631,0.029346936,0.002511868,0.001970764,0.029216311,0.157323879
1043,0.000327192,0.000170854,0.003356554,0.018364052,0.000192699,0.000115557,0.00226309,0.016871025,0.000559654,0.000381094,0.005507298,0.031549809,0.000742242,0.000375533,0.008744236,0.039895359,0.002114351,0.001611892,0.021576497,0.115619864
1044,0.000365223,0.000150741,0.002502648,0.013892564,0.000212269,0.000161384,0.00340861,0.020341293,0.000667743,0.000470949,0.00908455,0.051479039,0.000618273,0.000381181,0.007292053,0.039154407,0.001641288,0.001148358,0.017847662,0.098550489
1045,0.000227496,0.000123905,0.002591082,0.012620187,0.000184326,0.000119719,0.002203013,0.014017631,0.000484777,0.000341927,0.007124972,0.041458428,0.000757944,0.000489963,0.01140529,0.06310273,0.001278315,0.00092925,0.015664026,0.086635109
1046,0.00024995,0.000109557,0.001951874,0.008950444,0.000124229,9.54E-05,0.001452791,0.011590512,0.00030848,0.000281926,0.004762527,0.026271726,0.000815294,0.000512338,0.012264957,0.061876497,0.001261538,0.000899087,0.013975899,0.079827465
1047,0.000768123,0.000321459,0.002386509,0.013025943,0.000234911,0.000139834,0.002503245,0.018340175,0.000281636,0.000256664,0.004968841,0.023378752,0.000807485,0.000422356,0.013362017,0.064299132,0.001355749,0.000972148,0.016616281,0.095802633
1048,0.000985136,0.00040431,0.00211066,0.011011768,0.000268188,0.000156049,0.002804367,0.020200888,0.000269172,0.000162834,0.003292382,0.0163775,0.001074949,0.000720065,0.017967391,0.09306432,0.001380081,0.000959927,0.016449585,0.093068441
1049,0.000424871,0.000147152,0.00206345,0.009513502,0.000511299,0.000160591,0.002511394,0.015927457,0.000221138,0.000118128,0.001970252,0.010016915,0.00092539,0.000609828,0.015549405,0.077562262,0.001204926,0.000735513,0.014194126,0.081221524
1050,0.000137399,5.79E-05,0.001581054,0.006689021,0.000663793,0.000189478,0.002336353,0.011713542,0.000219295,0.000153189,0.002125143,0.011088593,0.001013429,0.000690424,0.014584544,0.062414399,0.000966494,0.000667421,0.012467394,0.069298279
1051,0.000174834,0.000103701,0.001954137,0.009316396,0.000371145,0.000165705,0.001820753,0.009631413,0.000181916,0.000144305,0.001761138,0.011046188,0.001136935,0.000783293,0.016994622,0.078524486,0.001137506,0.000823683,0.014879616,0.081425057
1052,0.000149741,6.74E-05,0.001619204,0.008015467,0.000180231,0.000146314,0.001772731,0.010868855,0.000335765,0.000243167,0.003021619,0.022786854,0.000542164,0.000381004,0.008131693,0.04419562,0.001078354,0.00085353,0.014751565,0.083268533
1053,0.000150366,8.76E-05,0.00182788,0.009245417,0.000168033,0.000133673,0.001718063,0.011379519,0.000335224,0.000235487,0.003376243,0.024455742,0.000748784,0.000389754,0.012705138,0.052338192,0.000964699,0.000742143,0.011343801,0.06628428
1054,0.000130257,0.00011086,0.001909621,0.008709056,0.000192421,0.000160012,0.002727761,0.016179122,0.000273354,0.000122913,0.003544688,0.019313544,0.000725706,0.000440874,0.010899886,0.044036246,0.000953805,0.000753204,0.011250549,0.060937048
1055,0.000189964,9.27E-05,0.002258261,0.00962244,0.000340607,0.000238744,0.003900251,0.025065298,0.000205733,0.00015194,0.003152002,0.018673435,0.000784896,0.000486069,0.010172063,0.04356853,0.001231789,0.000923008,0.017214355,0.086012627
1056,0.000207646,8.01E-05,0.001988473,0.009160578,0.000363852,0.000254399,0.004021253,0.024980607,0.000249667,0.000251783,0.003636841,0.019328933,0.000463722,0.00023265,0.006435058,0.028583119,0.001850981,0.001214674,0.02451162,0.123236293
1057,0.000233048,0.000187919,0.002617609,0.01420976,0.000266409,0.000161814,0.003398138,0.020401117,0.000355277,0.000315948,0.003951617,0.019939187,0.000430626,0.000225583,0.004293283,0.021904693,0.002680544,0.00173332,0.034747967,0.178265567
1058,0.000263969,0.000209962,0.003089731,0.015920864,0.000252074,0.000151063,0.00307351,0.020321652,0.000377165,0.000285112,0.004167819,0.024102053,0.000433572,0.000255292,0.005034056,0.020971171,0.002508529,0.001588935,0.029943857,0.15392501
1059,0.00023186,0.000146795,0.002764282,0.014035032,0.000300211,0.000155635,0.003451614,0.02069625,0.000511144,0.000290565,0.005463809,0.031713507,0.000607507,0.000362179,0.006275005,0.031442499,0.002700041,0.001707206,0.028744504,0.145606064
1060,0.000167334,0.000128094,0.002467987,0.01289139,0.000250067,0.000109951,0.003006554,0.017148597,0.000640666,0.000337162,0.006244166,0.032204615,0.000659398,0.000400797,0.007298309,0.037113552,0.001994922,0.001345342,0.022546553,0.109923895
1061,0.000155333,0.000125921,0.001987746,0.009591661,0.000236047,0.000162483,0.002301232,0.014947313,0.000492545,0.00045529,0.00348799,0.020141643,0.00064659,0.000442694,0.008393292,0.040803124,0.00239136,0.001507946,0.031264168,0.155395481
1062,0.000253754,0.000165579,0.003126918,0.015563455,0.000232183,0.000169994,0.002815048,0.017678144,0.000722626,0.00072878,0.004077152,0.031378878,0.000703061,0.000465869,0.008673954,0.041922296,0.002035948,0.00140231,0.026565633,0.130348882
1063,0.000300842,0.000229322,0.003637839,0.017865405,0.000150599,0.000110661,0.002049055,0.012024419,0.000519468,0.000503282,0.004371163,0.02784758,0.000844387,0.000521786,0.009313848,0.042385141,0.00195405,0.001390713,0.02345149,0.117642884
1064,0.000611127,0.000412104,0.007417181,0.035340929,0.000136032,0.000111724,0.002000164,0.011400602,0.000602245,0.00040002,0.006339288,0.033645437,0.001046295,0.000551256,0.011308398,0.052870362,0.002025437,0.001318409,0.022060638,0.110449313
1065,0.000543513,0.000305954,0.006083652,0.028939726,0.000222178,0.000124382,0.00150404,0.009115813,0.00050793,0.000308441,0.00551922,0.029276474,0.000662707,0.00045971,0.006880239,0.033043692,0.001379795,0.000879898,0.017083734,0.081058901
1066,0.000245956,0.000201884,0.002951417,0.012975109,0.000227715,0.000116612,0.002021781,0.011233052,0.000404821,0.000258521,0.003664485,0.016317153,0.000486,0.000556608,0.006285,0.037514805,0.000736559,0.000530346,0.01035819,0.045598233
1067,0.000251,0.000178891,0.002199969,0.010293614,0.00012766,9.15E-05,0.001970371,0.010751167,0.000351029,0.000248638,0.003523159,0.016677044,0.000453106,0.000423733,0.005468082,0.030795681,0.000851118,0.000632402,0.010441564,0.046063994
1068,0.000229224,0.00012402,0.002263064,0.010482129,0.000207144,8.90E-05,0.002197454,0.011342294,0.000407892,0.000197,0.003310023,0.017207765,0.000739285,0.000541332,0.008036244,0.043465876,0.000783942,0.000515881,0.009554628,0.045240461
1069,0.000225536,0.000133065,0.002524738,0.012212866,0.000173846,0.000106947,0.002175365,0.011141459,0.000366386,0.00034126,0.005188873,0.02686339,0.000888211,0.000586627,0.009392321,0.048733186,0.000755174,0.000428302,0.008527474,0.038688263
1070,0.000193191,0.000174869,0.002518528,0.012159876,1.00E-04,0.000147649,0.001768392,0.008598265,0.00034591,0.000396808,0.005667095,0.031814056,0.001579725,0.000939701,0.01791147,0.071624037,0.000756514,0.000487308,0.009184568,0.040808378
1071,0.000148687,0.000155904,0.002319749,0.009753492,0.00014737,0.000134062,0.001967087,0.01095122,0.000210987,0.000266624,0.00354918,0.020896124,0.003184082,0.001774679,0.03623053,0.136904326,0.00093131,0.000629911,0.010461349,0.045837653
1072,0.000159225,8.79E-05,0.001401411,0.006294323,0.000182901,0.000142828,0.002611209,0.013796164,0.000182413,0.000173793,0.002970646,0.014269413,0.001804223,0.000971825,0.020378631,0.074407984,0.001128688,0.000693839,0.010929679,0.04985822
1073,0.000235839,0.000165256,0.002966345,0.012653299,0.000198284,0.000140676,0.002804141,0.0150985,0.000219002,0.000196849,0.002658869,0.013487933,0.000510114,0.000374759,0.005640454,0.026842078,0.000711532,0.000542,0.008883562,0.037830796
1074,0.000336557,0.000224515,0.00412552,0.017658107,0.000167807,0.000107553,0.001824121,0.00928256,0.000299718,0.000157103,0.002284845,0.011428701,0.000612538,0.000446783,0.006614597,0.032751818,0.000660175,0.000483197,0.008816071,0.036968564
1075,0.000188386,0.000125232,0.00204014,0.008743117,0.00023307,0.00010209,0.001687933,0.009046932,0.000326057,0.000193143,0.003555241,0.016708724,0.000451621,0.000298445,0.004387275,0.023579938,0.000809555,0.00054605,0.008267037,0.034271499
1076,0.000230711,0.000121304,0.002097933,0.009609946,0.000258469,7.65E-05,0.001932051,0.00934046,0.000360131,0.000183701,0.003610072,0.017809682,0.00038515,0.000319002,0.004484163,0.024405495,0.015700715,0.008134812,0.090859641,0.464105098
1077,0.000327223,0.000183997,0.003080967,0.01365693,0.000177686,0.000162011,0.002240109,0.011312376,0.000329605,0.000176361,0.003116339,0.017062771,0.000280536,0.000183253,0.003228479,0.015615028,0.029841449,0.016648434,0.177999606,0.909161119
1078,0.000256494,0.000177984,0.002797331,0.011278132,0.000217882,0.000167706,0.002625259,0.01462958,0.000295461,0.000139855,0.002714988,0.012830332,0.000362804,0.000211599,0.003707416,0.017903625,0.014585781,0.008947021,0.092455343,0.46540141
1079,0.000283362,0.000208527,0.003112845,0.012103849,0.000108781,6.99E-05,0.001298569,0.007441817,0.000390632,0.0001649,0.00313113,0.013638732,0.000433831,0.000215633,0.003989401,0.020472135,0.001749062,0.000685111,0.011361831,0.052348385
1080,0.000176397,0.000174932,0.00267838,0.010753864,0.000125155,6.52E-05,0.001446933,0.007618767,0.000410819,0.000233476,0.003504381,0.017642924,0.000564651,0.000300093,0.00521733,0.023988526,0.001058806,0.000681648,0.009577967,0.040468376
1081,0.000198206,0.00011735,0.002274523,0.008633954,0.000201984,9.24E-05,0.002085568,0.011645517,0.000335815,0.00019618,0.002640257,0.013065446,0.000450963,0.00027599,0.00433445,0.020798706,0.00057074,0.000486505,0.006899993,0.025300569
1082,0.000273639,0.000108819,0.002699806,0.010107763,0.000236097,0.000127913,0.002169768,0.012206343,0.000356279,0.000157227,0.002055229,0.009574118,0.000335176,0.000232107,0.003501717,0.017822817,0.000746832,0.000501925,0.007183098,0.026571723
1083,0.000249834,0.000146226,0.001943244,0.008305473,0.000281659,0.000115147,0.002214415,0.011838668,0.000363047,0.000188909,0.002649011,0.012694215,0.000370283,0.000254695,0.003826335,0.016751161,0.000700868,0.000361768,0.00670031,0.02667386
1084,0.000182863,0.000179667,0.002732512,0.011008504,0.000466794,0.000176379,0.001983687,0.015017982,0.000350617,0.000138345,0.002579231,0.012405543,0.000341793,0.000247393,0.004053369,0.013201858,0.000521316,0.00034948,0.007134733,0.024976948
1085,0.000202839,0.000143036,0.003558706,0.013159227,0.000543152,0.000224555,0.002224931,0.016616646,0.000281931,0.000100419,0.002083039,0.01026555,0.00029326,0.000274995,0.004346352,0.015796156,0.000515196,0.000428171,0.008951015,0.030045837
1086,0.000138725,0.000111179,0.001794755,0.0074034,0.000333814,0.000151893,0.002424396,0.009074583,0.000204117,0.000104464,0.002148902,0.00992558,0.000270844,0.000269907,0.004621096,0.015604783,0.000304439,0.000380799,0.006376085,0.02573731
1087,0.000108618,0.000110451,0.001376705,0.006179163,0.000240218,0.000169261,0.002941273,0.012400512,0.000169639,0.000103342,0.001872237,0.008426358,0.000254527,0.000196624,0.003639063,0.011275445,0.000446147,0.000330693,0.004932803,0.022905527
1088,0.000184709,0.000125958,0.00178138,0.00894208,0.000186982,0.000118395,0.002044236,0.009261349,0.000133828,0.000124349,0.00212008,0.009535371,0.000334487,0.000169468,0.003163536,0.014075198,0.000550413,0.000316633,0.006017251,0.025072871
1089,0.000187481,0.000185495,0.002937014,0.012619527,0.000145055,0.000131273,0.002056449,0.008810196,0.00016496,0.000129135,0.001892581,0.009073671,0.000433942,0.000214024,0.003612437,0.018320175,0.00028857,0.000220004,0.004891767,0.016265117
1090,0.000172928,0.000179309,0.00308309,0.012065691,0.000149701,0.000108322,0.001933774,0.00889374,0.000120183,0.000167858,0.002001769,0.009963489,0.000351225,0.00015991,0.002786222,0.014531129,0.000477319,0.000241346,0.006572064,0.023623336
1091,0.000259912,0.000150328,0.002949642,0.012483811,0.000186664,5.98E-05,0.001691641,0.006238471,0.000114298,0.000168591,0.002400858,0.011145464,0.000223607,0.000147768,0.002268101,0.01091257,0.000749138,0.000402508,0.009923791,0.038975168
1092,0.000174529,0.000120053,0.002328986,0.009490359,0.000118476,6.71E-05,0.001617342,0.006632839,0.000119193,0.000140652,0.00239177,0.010288832,0.000244548,0.000156633,0.002747866,0.01181517,0.000697972,0.000584237,0.01031619,0.041287259
1093,0.000154119,0.000121193,0.002618782,0.009719285,0.000136221,9.24E-05,0.001842937,0.00862036,0.000162251,0.000112142,0.001862508,0.008352484,0.000223735,0.00013083,0.002888885,0.013459131,0.000866455,0.000755911,0.013073729,0.046531516
1094,0.000188934,0.00013977,0.00280033,0.01038979,8.31E-05,6.65E-05,0.001287213,0.005677312,0.00028974,0.000176841,0.003575272,0.015413091,0.000171967,9.16E-05,0.002407679,0.012004067,0.001376658,0.00051474,0.010226438,0.039264021
1095,0.000319943,0.000150931,0.0027995,0.010509928,8.65E-05,7.69E-05,0.001311065,0.005554709,0.000239668,0.000181644,0.003320954,0.013521901,0.000166794,0.000131684,0.002400325,0.010156413,0.001561393,0.000887636,0.017166972,0.06144394
1096,0.000280413,0.000209711,0.002494421,0.0092519,0.000119217,0.00010276,0.001617191,0.007358698,0.000188202,0.000155395,0.002113708,0.007830473,0.000215325,0.000139975,0.002709974,0.009505136,0.001625242,0.001243292,0.02302161,0.080850244
1097,0.000536794,0.000601368,0.004226442,0.023030686,0.000174269,0.00010446,0.001832092,0.007927569,0.000270282,0.000127321,0.001436767,0.007023475,0.000215735,0.000161202,0.002544027,0.009189643,0.001480495,0.000969013,0.01941927,0.068646908
1098,0.000571559,0.000584883,0.005454609,0.027051352,0.00016718,0.000117418,0.002371032,0.009590288,0.000387118,0.00015396,0.002763423,0.007623282,0.000217044,0.000157872,0.002878356,0.011116793,0.001166533,0.000755203,0.015208493,0.052691833
1099,0.000196723,0.000178749,0.002484926,0.009490873,0.000128713,9.31E-05,0.00201782,0.008428524,0.000325039,0.000200892,0.003603548,0.012403245,0.000233376,0.000177953,0.00302914,0.011975014,0.000448618,0.000442997,0.007445246,0.027795415
1100,0.00019068,9.12E-05,0.000972699,0.003485711,9.14E-05,6.04E-05,0.001439031,0.006635057,0.000236318,0.000176404,0.002486436,0.012150475,0.000175071,0.00012555,0.002009066,0.008733462,0.000415291,0.000362929,0.006065212,0.024751572
1101,0.000226864,0.000101302,0.001295929,0.003789628,0.000143246,7.38E-05,0.00189796,0.008250216,0.000178869,0.000136034,0.002448607,0.009956392,0.000231378,0.00011304,0.002480724,0.008012498,0.000498865,0.000387021,0.007213071,0.028813696
1102,0.000219105,0.000141804,0.00254663,0.007271836,0.000142304,9.73E-05,0.001972402,0.008319231,0.000184159,0.00016642,0.002831306,0.010317412,0.000272626,0.000218994,0.003671816,0.014714321,0.000372918,0.000358143,0.005924846,0.026501194
1103,0.0003177,0.000245264,0.002238158,0.006696207,0.000147473,4.87E-05,0.001581572,0.005970601,0.000228364,0.000144697,0.00284725,0.008482614,0.00018784,0.000171912,0.002668944,0.01021408,0.000443202,0.00023917,0.004293435,0.018108139
1104,0.000206876,0.000147661,0.001274666,0.004331294,9.94E-05,4.54E-05,0.001161249,0.003535971,0.000161536,0.000134596,0.002392617,0.008132161,0.000193046,0.000130232,0.002543268,0.006995459,0.000352565,0.000199705,0.004061676,0.013979543
1105,8.86E-05,0.000105026,0.001632856,0.005404458,0.000148544,6.68E-05,0.001546003,0.006300965,0.000317065,0.000148659,0.002922711,0.01079222,0.000177069,0.00010218,0.002604576,0.007416615,0.000216462,0.000164209,0.002422992,0.012592168
1106,8.26E-05,0.000110802,0.00176224,0.004906825,0.000104887,8.43E-05,0.001504535,0.006491448,0.000490853,0.000148294,0.003095069,0.01188312,0.000127509,7.81E-05,0.001643754,0.006103222,0.000326646,0.000273054,0.0040681,0.018508012
1107,0.000129238,8.96E-05,0.002051554,0.005914431,0.000145128,7.56E-05,0.0014586,0.006285393,0.000377854,7.28E-05,0.002042796,0.006532985,0.000133576,0.00013573,0.001886998,0.008878783,0.000389696,0.00033688,0.005917268,0.021031516
1108,0.000139783,7.45E-05,0.001393234,0.004026169,0.000149856,5.78E-05,0.00125541,0.005278589,0.000195643,0.000111102,0.001842796,0.006741402,0.000162571,0.000184315,0.0031648,0.010991011,0.00036821,0.000230385,0.004112446,0.017371545
1109,0.000157625,7.65E-05,0.001218216,0.003781772,0.000136685,8.65E-05,0.001350237,0.006010207,0.000121076,0.000102028,0.001723376,0.00586484,0.000188863,0.000354123,0.004890333,0.020245815,0.00034056,0.000245775,0.003088706,0.014589554
1110,0.000157269,7.68E-05,0.001974259,0.005629972,0.000151319,0.000106072,0.001580492,0.006927112,0.000169391,9.43E-05,0.001498068,0.005074117,0.000202235,0.000342178,0.00403983,0.020373201,0.000523719,0.000288001,0.005409084,0.017522173
1111,0.000155864,5.63E-05,0.001690219,0.00431455,8.88E-05,0.000101333,0.001730198,0.006710141,0.000177962,8.64E-05,0.001115313,0.004474102,0.000164149,0.000151755,0.002001987,0.008189658,0.000639947,0.000353091,0.007070233,0.02273062
1112,0.000130157,9.07E-05,0.00206069,0.006483154,0.000102796,8.87E-05,0.001741414,0.006060177,0.000189525,8.10E-05,0.001184045,0.004440313,0.000202074,0.000113226,0.001629073,0.006624291,0.000383474,0.000289468,0.005019839,0.019841392
1113,0.000170619,0.000171787,0.003098236,0.010741866,0.000106023,5.40E-05,0.000974703,0.003732615,0.000161136,7.71E-05,0.001544427,0.006039169,0.000193619,0.000104214,0.001782072,0.004388556,0.000310141,0.000185268,0.003560529,0.014729789
1114,0.0002148,0.000129049,0.002358283,0.008376633,0.000129809,7.81E-05,0.001665305,0.006697884,0.000121749,6.53E-05,0.001563056,0.00430237,0.000118886,6.85E-05,0.001836728,0.004500959,0.000253023,0.000257265,0.005201664,0.016354572
1115,0.000196875,9.10E-05,0.001622736,0.004589216,9.77E-05,5.61E-05,0.001332445,0.005422337,0.000144504,0.000100932,0.001999683,0.005915953,6.97E-05,5.76E-05,0.001426356,0.003800309,0.000420319,0.000266419,0.005184601,0.016986541
1116,0.000161005,0.000117705,0.002201206,0.005566438,8.07E-05,5.92E-05,0.001032525,0.003265892,0.000189947,0.000119496,0.002113939,0.006428009,0.000137677,6.92E-05,0.001294422,0.004215587,0.000584725,0.000725174,0.007454929,0.02486833
1117,0.000238531,8.30E-05,0.002474836,0.0054893,0.000142211,9.19E-05,0.001833942,0.006470892,0.000268169,9.26E-05,0.001451817,0.004520922,0.00015933,8.30E-05,0.001084045,0.004838163,0.000560099,0.001116268,0.011540889,0.035817996
1118,0.000235229,8.64E-05,0.001440493,0.00461056,0.000137607,8.72E-05,0.002284775,0.007637746,0.000286043,9.58E-05,0.001565119,0.005556428,0.000179973,0.000120108,0.002245925,0.004559144,0.00031759,0.000518983,0.005553396,0.016509599
1119,0.000201974,0.000104627,0.001566892,0.005065837,0.000431912,0.000196712,0.002092128,0.009620544,0.000258975,6.23E-05,0.001131295,0.004148859,0.000227378,0.000130735,0.00288613,0.006101944,0.000257054,0.000199188,0.002124629,0.009059356
1120,0.000179009,0.000158751,0.002661302,0.007279235,0.000482109,0.000233123,0.001842779,0.009810266,0.000176505,6.75E-05,0.001184817,0.004953436,0.000187507,9.65E-05,0.00201815,0.005005032,0.000359043,0.000106674,0.002056079,0.006321127
1121,0.000157467,0.00011224,0.002279769,0.005624619,0.000229944,0.00011161,0.001390974,0.006941054,0.000133008,0.000112271,0.001373581,0.005048888,0.000157895,0.00011263,0.001707598,0.005166478,0.000448101,0.000126915,0.002724638,0.007324702
1122,0.000112153,9.85E-05,0.002246065,0.006065076,0.000160239,9.03E-05,0.001760939,0.006314936,0.00020704,0.000107063,0.001299012,0.005179339,0.000166219,0.000146557,0.00196387,0.005324298,0.000353233,0.000155871,0.002863308,0.009117962
1123,0.000139511,0.000112755,0.002340681,0.006751319,0.000138009,0.000104339,0.001164303,0.004925214,0.000276423,0.000100057,0.001518252,0.006050772,0.000168158,0.000139715,0.00243914,0.006821886,0.000294798,0.000133757,0.003124572,0.0115129
1124,0.000174465,9.43E-05,0.00222451,0.006050994,0.00015614,0.000118181,0.00118335,0.005823912,0.000181237,7.65E-05,0.00156916,0.004704233,0.000154846,9.29E-05,0.001847254,0.00472749,0.000219007,0.000150942,0.00320572,0.01019135
1125,0.000189014,9.81E-05,0.001728692,0.006496524,0.00011803,4.76E-05,0.000888569,0.004118,0.000161311,6.03E-05,0.002111654,0.003934763,0.000175564,8.37E-05,0.002229685,0.007754591,0.000252153,0.000171707,0.003120277,0.008173473
1126,0.000163678,0.000117978,0.001511573,0.006510362,0.000146024,5.67E-05,0.001304181,0.004759935,0.000159829,5.57E-05,0.001599335,0.003421536,0.000170045,6.57E-05,0.002128155,0.008009053,0.000272455,0.000200885,0.003287148,0.006362914
1127,0.00021907,9.48E-05,0.001444225,0.006210908,0.000147023,7.73E-05,0.001696309,0.005436032,0.000167108,6.03E-05,0.001096909,0.003640682,9.84E-05,4.64E-05,0.001347967,0.004120224,0.000248569,0.000159374,0.002615482,0.007306848
1128,0.000201053,0.00011352,0.001409443,0.005469166,0.000183611,7.63E-05,0.001752856,0.005568949,0.000194173,8.90E-05,0.001292006,0.00399105,0.00010375,6.74E-05,0.001379022,0.005234679,0.000272891,0.000189785,0.002381016,0.007114445
1129,0.000186628,0.000123881,0.00126575,0.004568496,0.000139292,9.20E-05,0.001644597,0.005453775,0.000227591,9.95E-05,0.001753575,0.005610799,0.00014815,0.000103291,0.001881727,0.006145164,0.000240349,0.000199463,0.002441533,0.006623091
1130,0.00024181,0.000129698,0.003161418,0.004820915,0.000110534,6.16E-05,0.001056288,0.003503534,0.000173375,6.92E-05,0.001444867,0.00441852,0.000130862,9.57E-05,0.001634882,0.004873858,0.000180351,0.000129312,0.003577654,0.009669633
1131,0.000316795,0.000134183,0.003896238,0.006003089,0.000166864,5.69E-05,0.001144656,0.003274323,0.000126489,5.31E-05,0.001252516,0.002793883,0.000153464,0.000112182,0.001602357,0.005976723,0.00015839,0.000163697,0.003684527,0.01002974
1132,0.000255695,9.54E-05,0.001849323,0.005112247,0.000164482,7.84E-05,0.001800692,0.004240916,0.000160048,4.73E-05,0.001710106,0.003840493,0.00013337,0.00010093,0.001576956,0.006283499,0.000136075,0.000102245,0.002598566,0.006706447
1133,0.00017221,0.000144565,0.001178431,0.00382259,9.19E-05,7.77E-05,0.001443958,0.003505807,0.000208091,6.51E-05,0.001762293,0.005654466,0.000149788,7.10E-05,0.001728815,0.005312153,0.000163459,7.68E-05,0.00207547,0.006269028
1134,0.000236799,0.0001772,0.00218077,0.006663485,9.56E-05,5.09E-05,0.001009874,0.002309391,0.000234564,0.000103593,0.00277325,0.005957889,0.000145106,6.66E-05,0.00131752,0.004319741,0.000157663,9.59E-05,0.001743774,0.006914544
1135,0.000379621,0.000227886,0.00443688,0.010386801,8.60E-05,3.12E-05,0.000966687,0.002810534,0.000342607,0.000175118,0.004976695,0.007292382,0.00016978,1.00E-04,0.001575876,0.004435842,0.000166128,0.000141978,0.00184051,0.007212522
1136,0.000392814,0.000174212,0.003917387,0.008086164,4.38E-05,6.49E-05,0.000951339,0.002737887,0.000296366,0.000173771,0.003439102,0.00613642,0.000106461,0.000118404,0.001810997,0.005142785,0.000206958,0.000114246,0.002170076,0.005048726
1137,0.000207627,0.000129258,0.001727459,0.002749482,5.57E-05,6.55E-05,0.000850155,0.002591736,0.00020407,0.000163783,0.001775681,0.004009681,9.08E-05,9.13E-05,0.001547348,0.003156743,0.000111906,0.000101655,0.002084774,0.004470375
1138,0.00018873,0.000105106,0.001638746,0.002967941,5.88E-05,4.50E-05,0.000966665,0.001783341,0.000191575,0.00012212,0.001921529,0.003764475,8.80E-05,0.000114648,0.002108182,0.002964014,0.000122101,0.000104276,0.001376751,0.003512166
1139,0.000127253,0.000132627,0.001656823,0.00422765,9.36E-05,4.98E-05,0.000878959,0.002311586,0.000174676,0.000155086,0.002503926,0.00503921,7.30E-05,0.000140464,0.0021641,0.004431533,0.000227713,0.000106306,0.001377408,0.007638727
1140,0.000138167,0.000158404,0.00227616,0.00330149,9.30E-05,7.69E-05,0.001118688,0.003564474,0.000169626,0.000107556,0.001393912,0.003108612,0.000127312,0.000108293,0.0014436,0.004583053,0.000212055,0.00014733,0.002227459,0.009804019
1141,0.000317178,0.00016792,0.001823327,0.00328798,7.03E-05,5.03E-05,0.000989368,0.001771771,0.000147532,6.52E-05,0.001055156,0.002176975,0.000158679,7.56E-05,0.001105963,0.003587435,0.000252867,0.00015253,0.003086357,0.007398283
1142,0.00031488,0.00017525,0.001550851,0.003729503,0.000119297,8.93E-05,0.001590711,0.003592869,0.000150041,5.07E-05,0.001279862,0.002742355,0.000142803,0.000100067,0.001262294,0.004014032,0.000308898,0.000113925,0.002039085,0.006939435
1143,0.000246543,0.000299775,0.005532056,0.00984282,0.000125445,0.000106328,0.001560602,0.004136688,0.000180403,9.23E-05,0.002003883,0.003273291,0.00019946,9.69E-05,0.001884773,0.004288009,0.000202747,0.000151645,0.002251091,0.007944854
1144,0.000330738,0.000387881,0.007751473,0.013463053,8.51E-05,0.00011696,0.001499723,0.00424713,0.000131032,9.14E-05,0.001575071,0.002808074,0.000162226,8.50E-05,0.001854748,0.002255848,0.000213924,0.000163597,0.002388522,0.005666723
1145,0.000346519,0.000325113,0.005731502,0.009515354,0.000106476,0.000105072,0.001467789,0.004085661,0.000126367,8.97E-05,0.001073412,0.002586563,0.000138922,0.000169996,0.002058818,0.003223978,0.000285336,0.000135341,0.002156413,0.003875111
1146,0.000337437,0.000390886,0.006909475,0.011482294,0.000213431,8.09E-05,0.001690949,0.003889811,0.000131875,0.000114654,0.001310954,0.002896403,0.000135296,0.000174359,0.001558185,0.005108482,0.000373323,0.000133312,0.00183945,0.007182753
1147,0.00030515,0.000317376,0.0052165,0.009152953,0.000253199,0.000123213,0.002434204,0.004608072,0.000159865,0.000146838,0.001446315,0.004753765,0.000343374,0.000207775,0.0023713,0.017139377,0.000433666,0.000120251,0.001519291,0.011342908
1148,0.000402275,0.000347691,0.005574978,0.010203816,0.000150488,7.72E-05,0.001039482,0.002491401,0.000140549,0.000102999,0.00096233,0.003694639,0.000412294,0.000169792,0.0022638,0.020625721,0.000346299,0.000128792,0.001750908,0.008487158
1149,0.000577819,0.000491997,0.006482221,0.012360604,0.000162691,0.000100606,0.001898474,0.002566625,0.000229061,7.34E-05,0.001145116,0.00266784,0.000319478,0.000140715,0.001332638,0.008300366,0.000233437,0.000124711,0.002330409,0.005162247
1150,0.000587042,0.000399776,0.004592285,0.009301958,0.000168695,0.00012231,0.002347448,0.003155547,0.000259795,8.68E-05,0.001742141,0.00358014,0.000254706,0.000104399,0.001042104,0.004324188,0.000224679,0.000105857,0.002265651,0.004008804
1151,0.00038117,0.000214718,0.002346072,0.004125578,0.000182654,0.000103863,0.001600268,0.002308844,0.000263954,0.00010259,0.001682501,0.003191668,0.000243507,0.000101187,0.000925523,0.001990558,0.000222614,0.000153765,0.00154417,0.004277837
1152,0.000393512,0.000240622,0.001966483,0.003492959,0.000252522,0.000179149,0.00137769,0.003382081,0.000219155,0.00012893,0.001564157,0.003491703,0.00019222,0.000110482,0.000857228,0.002756418,0.000167143,0.000180435,0.001875677,0.00426176
1153,0.000393911,0.000260763,0.002190692,0.002919779,0.000471784,0.000271128,0.000919639,0.002811981,0.000260148,0.00013677,0.001390027,0.00370831,0.000202174,0.000145295,0.001035752,0.003332152,0.000263465,0.000151008,0.002426384,0.004570197
1154,0.000500102,0.000306831,0.003348141,0.004271487,0.002268676,0.000989926,0.002684657,0.007477327,0.000330775,8.75E-05,0.001202864,0.002488933,0.000200952,0.000151321,0.001477545,0.002348077,0.000342659,0.000198774,0.001931813,0.008227284
1155,0.000343919,0.000260948,0.002519865,0.004128194,0.002896035,0.001138769,0.00238764,0.007357439,0.000287215,0.000112323,0.001534019,0.002730838,0.000173553,0.000108845,0.001763776,0.001987391,0.000287109,0.000237035,0.002002601,0.008250331
1156,0.000333837,0.000130014,0.00238592,0.00316506,0.001625822,0.000564557,0.000702565,0.004231804,0.000346423,0.000167901,0.00253103,0.00411056,0.000211666,0.000110524,0.001424811,0.002605941,0.000876594,0.000528268,0.008474174,0.029081614
1157,0.000300108,0.000205962,0.002482777,0.002607376,0.000915745,0.000354935,0.00094873,0.002733404,0.000184218,0.000150334,0.001753499,0.002820508,0.00021035,0.000167156,0.001748137,0.003479943,0.001266026,0.000669234,0.011108772,0.037376038
1158,0.000241756,0.00023098,0.00292384,0.00359044,0.000495446,0.000223683,0.001300431,0.00134946,0.000155638,0.000140455,0.001411753,0.002159599,0.000168732,0.000186877,0.001665124,0.00417262,0.00062633,0.000272154,0.004209786,0.012911788
1159,0.000207571,0.000107776,0.002766149,0.00365129,0.000373019,0.000173445,0.000841062,0.001285369,0.000113736,8.97E-05,0.001471599,0.003498211,0.000216592,0.00019611,0.002558083,0.003009011,0.000322014,0.000207002,0.00176388,0.00587282
1160,0.00031973,0.000260949,0.005029655,0.006476765,0.000288853,0.000144753,0.000877684,0.0016318,0.000134879,0.000140361,0.001165869,0.003784797,0.000328621,0.000212615,0.002167366,0.002724618,0.000262512,0.000144301,0.001633659,0.004484357
1161,0.000650515,0.000548629,0.008123578,0.008849933,0.000278329,0.000127472,0.001488094,0.002241278,0.000200483,0.00016147,0.001711645,0.00358086,0.000327616,0.000241744,0.00256509,0.003333622,0.000326965,0.00012508,0.002049861,0.005380603
1162,0.001223077,0.00101475,0.012647532,0.012461347,0.000233754,0.000137321,0.00172886,0.002076259,0.000169859,0.000151418,0.001509633,0.003202345,0.000219324,0.000239771,0.003005081,0.002979031,0.000270926,0.000184273,0.002238606,0.007262345
1163,0.001782891,0.001257522,0.011654039,0.016644298,0.00030753,0.000151827,0.001743671,0.002625566,0.000145106,0.000129383,0.00131516,0.002716696,0.000174896,0.000189637,0.002347054,0.004774653,0.000217808,0.000207332,0.002135062,0.004420236
1164,0.001537828,0.001143558,0.011777763,0.016459196,0.000234807,0.00015518,0.00221494,0.00228872,0.000204912,0.000130691,0.001192821,0.001697884,0.000195811,0.000122405,0.001830348,0.004796941,0.000224467,0.000146186,0.002584381,0.003884283
1165,0.001347553,0.001144895,0.008320791,0.009142867,0.000291193,0.000177571,0.002993957,0.002547495,0.000235145,0.0001605,0.001277385,0.001998357,0.000200546,0.000165927,0.002353316,0.003495097,0.000260887,0.000157921,0.002135826,0.002913632
1166,0.000704667,0.000586324,0.003042084,0.003759947,0.000387216,0.000235184,0.003261815,0.00243947,0.000245665,0.000178831,0.001790293,0.002698959,0.0002017,0.000237789,0.002591428,0.002941751,0.000202182,0.000148995,0.00200842,0.002310321
1167,0.000298328,0.000230534,0.002170381,0.003371379,0.000279455,0.000189032,0.002494824,0.001960605,0.000258793,0.000236671,0.00211975,0.003399001,0.000217788,0.000289947,0.003088221,0.003302935,0.000151047,0.000169259,0.001516829,0.004460851
1168,0.000346978,0.00015782,0.003661726,0.004748451,0.000135657,0.000116254,0.001652954,0.001592107,0.000233302,0.000235405,0.002174981,0.003677452,0.000158903,0.000210747,0.003150346,0.002664524,0.000271187,0.000234987,0.001434119,0.004264807
1169,0.000402908,0.000299894,0.004006846,0.004739518,0.000178267,0.000117237,0.001565247,0.001422448,0.000236561,0.000150483,0.001584558,0.003031846,0.000242081,0.000177141,0.002169331,0.002100879,0.000471686,0.000285875,0.002054229,0.00502718
1170,0.00068356,0.000548539,0.00561071,0.00477328,0.000269873,0.000122957,0.002105282,0.002138698,0.000257125,0.000172744,0.001649259,0.002800451,0.000230763,0.00018624,0.002243658,0.004439767,0.000421036,0.000251758,0.00219181,0.006297285
1171,0.000518481,0.000420072,0.004093917,0.003031238,0.000327608,0.000138476,0.00145454,0.002047559,0.000573276,0.000383664,0.002130843,0.004428747,0.000173179,0.000171377,0.002058667,0.004532919,0.000273117,0.000196007,0.002168424,0.00332651
1172,0.000466829,0.000498245,0.003306838,0.003209919,0.000327296,0.000147838,0.001845843,0.002035897,0.000933701,0.000659869,0.003521911,0.005437548,0.000219279,0.000174764,0.001749113,0.002256552,0.000275908,0.000155731,0.001988162,0.003955027
1173,0.000421477,0.000409354,0.002895614,0.003502654,0.000304335,0.00012277,0.001846129,0.001753396,0.000734017,0.000495967,0.002286085,0.004604054,0.000186189,0.000148253,0.00160759,0.001836663,0.000290228,0.000270464,0.002130312,0.003092502
1174,0.000477749,0.000430878,0.003680931,0.004143108,0.000242015,0.000150212,0.001077866,0.001277135,0.000335181,0.000259408,0.001159881,0.003090197,0.000206009,0.000179989,0.001550208,0.001777549,0.000281277,0.000334203,0.002250921,0.003805434
1175,0.000354055,0.000359621,0.003796842,0.003972016,0.000370224,0.000236396,0.001307415,0.00173706,0.000249661,0.00022373,0.002116741,0.002516216,0.000172136,0.000218248,0.001317114,0.003415798,0.000282689,0.000272725,0.003044354,0.007117443
1176,0.000705588,0.000616566,0.004135284,0.00591405,0.000385884,0.00025126,0.001969728,0.002132275,0.000315324,0.000293711,0.003270932,0.002991964,0.000229202,0.00023034,0.001550973,0.003984643,0.000270142,0.000162919,0.002073248,0.006685837
1177,0.00102312,0.000943046,0.004795857,0.007409506,0.000322297,0.00015805,0.001886427,0.001890609,0.000334471,0.000275653,0.002559539,0.002401679,0.000212721,0.000197896,0.002185051,0.00263836,0.00028833,0.000204479,0.001598529,0.004230372
1178,0.000824001,0.000767629,0.003467477,0.00706573,0.000317761,0.000201619,0.00169121,0.002069753,0.00056737,0.00034705,0.003484797,0.001797099,0.000241201,0.000279292,0.002564377,0.002672113,0.00044612,0.000336586,0.002219466,0.00637882
1179,0.001376402,0.001286504,0.013267808,0.019578365,0.000299232,0.000240477,0.001645609,0.002422376,0.000594106,0.000380198,0.003242809,0.001950306,0.000351632,0.000319628,0.003142135,0.00333849,0.000352418,0.000277777,0.00171958,0.00620357
1180,0.001872081,0.001702226,0.014879022,0.019328684,0.000281016,0.000208972,0.001396866,0.002173829,0.000398306,0.000292142,0.002323908,0.002215418,0.000333664,0.000286375,0.003288871,0.003992965,0.000270466,0.000207678,0.000913201,0.006075098
1181,0.001155676,0.001204514,0.009434913,0.01730208,0.000299943,0.000223305,0.001451345,0.001545388,0.000371399,0.000292648,0.002172876,0.002538173,0.000245898,0.000230634,0.002377892,0.003724266,0.000387072,0.000286094,0.001600272,0.006669608
1182,0.000779361,0.001042356,0.008748563,0.016902155,0.000386066,0.000266402,0.002341961,0.001883238,0.00033218,0.000259834,0.002748311,0.003787117,0.000315643,0.000237016,0.001948495,0.002554691,0.000441277,0.000351481,0.001714686,0.007124084
1183,0.000988793,0.000798394,0.00571649,0.01333831,0.000395929,0.000215224,0.003561312,0.004087848,0.000389758,0.000239252,0.003042492,0.002777828,0.000401893,0.000252219,0.002429602,0.001909944,0.000380378,0.00037499,0.001731598,0.006493362
1184,0.001319486,0.000963116,0.00480933,0.006795536,0.000364543,0.000285476,0.003640752,0.003937189,0.000358577,0.000214286,0.002950559,0.001723759,0.000402456,0.000278546,0.002042621,0.002622292,0.000439173,0.000426539,0.001641599,0.004559305
1185,0.000988927,0.000768938,0.004351453,0.002484038,0.000305437,0.000219762,0.002244305,0.002651982,0.000440673,0.000223495,0.001898279,0.002093216,0.0008067,0.000422746,0.002959114,0.011774932,0.000467756,0.000370784,0.0012016,0.003499573
1186,0.001204942,0.000920037,0.003598286,0.004913625,0.000320577,0.000288052,0.002213345,0.003534793,0.000366404,0.000215531,0.001812254,0.002093757,0.001332029,0.000689202,0.004738263,0.017876809,0.000539146,0.00032357,0.00220454,0.004085797
1187,0.001013198,0.000657763,0.003839326,0.006265739,0.000386291,0.000277892,0.003249486,0.003438848,0.000257322,0.000181336,0.002348888,0.002297381,0.00075676,0.000475007,0.002616769,0.00787296,0.000490931,0.000297485,0.002525668,0.005018217
1188,0.000585344,0.000345955,0.002909257,0.002779361,0.000315815,0.00028408,0.002632919,0.003089162,0.000234423,0.000122858,0.00222678,0.002660198,0.000335696,0.000295266,0.002029195,0.005409845,0.000461255,0.000358727,0.001647462,0.004581502
1189,0.000552428,0.000357127,0.004131867,0.003701041,0.000540253,0.000615705,0.006753391,0.006945075,0.000355144,0.000198863,0.002432173,0.002639057,0.000371274,0.00029805,0.002633683,0.003129311,0.000619311,0.000506529,0.002194356,0.003153826
1190,0.00070537,0.000444191,0.004384083,0.004018355,0.001302874,0.00071311,0.009579485,0.007495614,0.000475568,0.000223402,0.004056552,0.002387893,0.000328309,0.000304293,0.001743068,0.002101715,0.000597756,0.000416975,0.003162922,0.003789637
1191,0.000950484,0.000522074,0.004705204,0.006203742,0.001284992,0.000550499,0.007040204,0.005239307,0.000514044,0.000258718,0.003823034,0.002352765,0.000385254,0.000312442,0.002327593,0.00222542,0.000495567,0.000310211,0.002792757,0.003690235
1192,0.000766647,0.000390099,0.004853957,0.007931834,0.000776919,0.00034663,0.003613041,0.004967419,0.000410271,0.00018498,0.002696853,0.001860927,0.000351791,0.000225654,0.002416012,0.002589277,0.000340625,0.000259287,0.003215273,0.00287319
1193,0.000886701,0.00037123,0.004087724,0.006332252,0.000508119,0.000345278,0.003104506,0.003416397,0.000364531,0.000238673,0.002109496,0.002166995,0.000499055,0.000215865,0.002898442,0.001551919,0.000537612,0.000347151,0.003686652,0.002203192
1194,0.001850882,0.000908455,0.007835982,0.011667579,0.000624086,0.000354082,0.002778749,0.002498598,0.000523215,0.00037106,0.002138681,0.003003553,0.000656511,0.00031398,0.003323467,0.002301709,0.000751618,0.00042527,0.00310051,0.003296114
1195,0.002776731,0.001607536,0.01429376,0.010815957,0.000904182,0.000335957,0.002662387,0.002685214,0.000735965,0.0004664,0.003339915,0.003204718,0.000820212,0.000441008,0.002985993,0.002449314,0.000674086,0.000345557,0.003075663,0.007196992
1196,0.007159875,0.008181643,0.07744878,0.024994728,0.000698322,0.000284949,0.003334612,0.002911819,0.000832779,0.000468711,0.002772389,0.003546735,0.000869996,0.000557887,0.003534557,0.001603555,0.001708759,0.000946965,0.006281045,0.029490312
1197,0.025034606,0.017636276,0.259562396,0.069100441,0.000533758,0.00034031,0.003797861,0.002578853,0.000991417,0.000468399,0.003679633,0.003152022,0.000474607,0.000340928,0.002481275,0.001561783,0.002240421,0.001267032,0.008354816,0.032142765
1198,0.022764054,0.010602988,0.203926273,0.061250988,0.000725071,0.000444688,0.004491628,0.002407204,0.000870782,0.000392862,0.002968023,0.003822301,0.000646519,0.000394847,0.002909488,0.002165287,0.000746648,0.000414813,0.003300153,0.008287395
1199,0.004894912,0.001753068,0.028354769,0.015793494,0.000857384,0.000529182,0.00317375,0.001811866,0.000830768,0.000383111,0.003921012,0.003740746,0.000779986,0.000487481,0.002676388,0.002510576,0.000342202,0.000192724,0.001953468,0.00442032
1200,0.00245442,0.001135996,0.011357748,0.008904511,0.001129858,0.000560234,0.005288767,0.003778935,0.000868688,0.000456316,0.003675505,0.002682768,0.000978416,0.000376272,0.00283614,0.002711893,0.000549291,0.000220359,0.002200196,0.003362894
1201,0.001794767,0.000746728,0.005644997,0.009154813,0.001647388,0.000700092,0.008561374,0.004898333,0.000779755,0.000449289,0.002167682,0.002301366,0.000978996,0.000315637,0.003469944,0.003907138,0.000741764,0.000339978,0.00274282,0.00353662
1202,0.001270022,0.000554214,0.003381486,0.007271529,0.003351979,0.001429295,0.014202233,0.01048249,0.000692886,0.000416082,0.002414504,0.00333703,0.001119117,0.000476674,0.003271947,0.004934563,0.000505298,0.000315339,0.002026442,0.004683681
1203,0.000817005,0.000542742,0.003881011,0.004643418,0.005453617,0.002116929,0.022829514,0.018325534,0.000467765,0.000274814,0.002216135,0.003795166,0.000968336,0.000354313,0.003352781,0.00281312,0.000256425,0.000179468,0.002095388,0.006010631
1204,0.000782299,0.000630211,0.003503009,0.004075846,0.003858323,0.001449891,0.015867316,0.014396605,0.000482847,0.000222787,0.002674525,0.00325649,0.00083872,0.000224287,0.002572326,0.003528298,0.000367276,0.00036915,0.003519614,0.007314936
1205,0.000943706,0.0004177,0.00436438,0.00317573,0.002339327,0.001002573,0.008073665,0.009135575,0.000777683,0.000381604,0.002571957,0.00316666,0.000669593,0.000152285,0.002549634,0.00379982,0.000734125,0.000491958,0.003518214,0.006096663
1206,0.000924266,0.000272963,0.004466817,0.003225914,0.002734932,0.001220623,0.008538168,0.007671795,0.000680723,0.000387308,0.003171537,0.003509746,0.000615435,0.000138501,0.002624343,0.003354796,0.000838703,0.00045993,0.003150009,0.004606925
1207,0.001545309,0.000587407,0.004517247,0.004540574,0.001608158,0.000755054,0.005006706,0.004801748,0.000857832,0.000496859,0.00547312,0.006241542,0.000700442,0.000242276,0.002274126,0.003931039,0.001006544,0.000356075,0.003463414,0.005492493
1208,0.001812625,0.000795279,0.006219469,0.005458774,0.001677346,0.000731202,0.004539533,0.00344913,0.001322327,0.000722159,0.012933155,0.010471907,0.000890208,0.000383604,0.00363768,0.003515302,0.000664499,0.000269754,0.002924955,0.004449235
1209,0.001667944,0.000786332,0.004120111,0.005431838,0.001554232,0.000613931,0.004011727,0.004629038,0.001498598,0.000605533,0.011212985,0.007822504,0.000912049,0.000401433,0.004476513,0.003037791,0.000565846,0.000370139,0.001410634,0.003906636
1210,0.003128963,0.001704406,0.005177289,0.00441435,0.001542624,0.000473344,0.004447222,0.003674951,0.001496019,0.00045285,0.002610443,0.003143009,0.000703942,0.00034342,0.003496958,0.002276407,0.000590175,0.000267797,0.002010986,0.002910573
1211,0.005071277,0.002638562,0.00745895,0.007516519,0.001714776,0.00050528,0.005073622,0.004501987,0.000916897,0.000368715,0.002344781,0.003695865,0.000641798,0.000359594,0.002397515,0.003514851,0.000871442,0.000389908,0.00223526,0.002805463
1212,0.003576997,0.001482914,0.009718954,0.018316145,0.00173011,0.000393502,0.00551241,0.005421339,0.000993637,0.000314276,0.002727421,0.005707404,0.000658378,0.000228022,0.002149949,0.002674169,0.000712456,0.000362341,0.00211925,0.004779217
1213,0.004639784,0.00102587,0.014274728,0.020842431,0.001098508,0.000152703,0.003783259,0.004839615,0.001489576,0.000282989,0.003607144,0.006458057,0.000883841,0.000325791,0.002886048,0.003892562,0.000636321,0.000209304,0.002537242,0.004163085
1214,0.006164136,0.001416248,0.016280005,0.025537111,0.001067367,0.000225089,0.003984471,0.004004489,0.001234338,0.000293726,0.002637636,0.003870194,0.000989339,0.000413609,0.002426607,0.004639918,0.000508057,0.000198277,0.00227126,0.002946618
1215,0.005954685,0.001618168,0.01172349,0.032134736,0.001877822,0.000282776,0.00626589,0.004840782,0.001287736,0.000368523,0.001872742,0.005471526,0.001219915,0.000316933,0.002497989,0.003553909,0.000690897,0.00027537,0.002785851,0.004017839
1216,0.004808159,0.001159422,0.005527116,0.023883822,0.001556482,0.000353151,0.004643153,0.00439725,0.001291234,0.000310812,0.00217207,0.004010013,0.001240058,0.000384394,0.002430335,0.005030883,0.001063529,0.000304821,0.003555519,0.005988257
1217,0.003630044,0.000937548,0.005965777,0.010459873,0.001271165,0.000241433,0.003955955,0.003612116,0.001481822,0.00034687,0.002878801,0.001818556,0.001063693,0.000414431,0.001971606,0.004958902,0.001692387,0.000337097,0.003886766,0.006227956
1218,0.003663104,0.000828658,0.006811722,0.010671613,0.0011813,0.000211295,0.003916021,0.003392108,0.001357895,0.00034331,0.003538578,0.003733755,0.001233933,0.000439386,0.001894012,0.005622219,0.001420072,0.000229937,0.004185506,0.005057151
1219,0.001754005,0.00035314,0.003274161,0.006997325,0.001541377,0.000294982,0.003006597,0.005849308,0.000978963,0.000273649,0.002633253,0.004059649,0.000932144,0.000247768,0.001336981,0.004361849,0.001275648,0.000290849,0.003713081,0.004979692
1220,0.001108125,0.000292979,0.00316264,0.006226735,0.002470752,0.000505839,0.004323014,0.010395485,0.001319185,0.000301854,0.002702833,0.003985947,0.000621675,0.000121364,0.001714763,0.002124649,0.001314543,0.000274265,0.004118385,0.004771092
1221,0.001843204,0.000533821,0.003985387,0.006512961,0.003577165,0.000757773,0.008383693,0.014658508,0.001282677,0.000299505,0.00306352,0.004056501,0.001450731,0.000164453,0.003230638,0.00342404,0.001338424,0.000248688,0.003423981,0.004512036
1222,0.002317392,0.000407223,0.004259146,0.007307939,0.006513401,0.001260387,0.015125965,0.025760823,0.000897542,0.000217202,0.002859044,0.002603907,0.001405477,0.00026712,0.00275166,0.00397717,0.000943727,0.000301984,0.002340003,0.002766587
1223,0.001665155,0.000355133,0.003690755,0.006251934,0.005776027,0.001146403,0.014706253,0.024758094,0.000792151,0.000315186,0.001990493,0.003812993,0.001324324,0.00059629,0.00239337,0.007155678,0.001173403,0.000333783,0.002659395,0.003586112
1224,0.00237806,0.000330678,0.004881475,0.007651724,0.007828016,0.000904915,0.020997464,0.022794163,0.001235278,0.000393733,0.003191125,0.006367913,0.002099463,0.001073784,0.002629131,0.01182838,0.00152007,0.000301613,0.004483976,0.004133092
1225,0.002640866,0.000352121,0.005453909,0.008466907,0.007428696,0.001036668,0.016795092,0.020269886,0.001162236,0.000273357,0.00294245,0.006166116,0.001547812,0.00073801,0.002582223,0.008230261,0.001193293,0.000266924,0.0034055,0.004163845
1226,0.002200845,0.000478217,0.004150635,0.00734655,0.003963597,0.000896552,0.007087933,0.013029843,0.000545661,0.000261588,0.001214253,0.004832594,0.001038275,0.000273524,0.002251464,0.006098217,0.000865009,0.000195584,0.00205433,0.0045559
1227,0.003100919,0.000580475,0.00577897,0.011107712,0.001869237,0.000545353,0.006891119,0.009743879,0.000587101,0.000269567,0.001565593,0.004496765,0.000783908,0.000226686,0.002022986,0.003576394,0.00070199,0.000163345,0.002141779,0.003822038
1228,0.002885833,0.000470635,0.004023866,0.010456081,0.002123896,0.000356837,0.006687,0.009325428,0.000803072,0.000197962,0.003165169,0.003229709,0.000646393,0.000304067,0.002442979,0.004436732,0.000880413,0.000210372,0.00226932,0.003486905
1229,0.002266203,0.000866818,0.003497084,0.011186216,0.001355685,0.000210395,0.003535532,0.006590207,0.000896619,0.00024442,0.003475252,0.003800849,0.00068883,0.000221488,0.003133474,0.003492533,0.000993163,0.000211765,0.002351379,0.00428162
1230,0.007499315,0.001667483,0.009094783,0.046538758,0.001170473,0.000200617,0.004059164,0.006241064,0.00093809,0.000215321,0.003137307,0.003550832,0.001205475,0.000191158,0.003563624,0.003312312,0.000767293,0.000198645,0.002377835,0.004118626
1231,0.007958749,0.001564728,0.009771494,0.050054378,0.000831442,0.000293826,0.003837822,0.005710109,0.001197227,0.000256996,0.003551778,0.004606524,0.001122696,0.000186447,0.002557269,0.003378172,0.000736141,0.00017002,0.002060699,0.004080172
1232,0.00258031,0.000567126,0.0060093,0.013643028,0.000924412,0.000297776,0.002721953,0.003894489,0.001260291,0.000171415,0.002544882,0.006298547,0.000891796,0.000115919,0.002828682,0.002717382,0.000796716,0.000157542,0.002081566,0.005492284
1233,0.001897177,0.00038281,0.006841225,0.006161702,0.001759903,0.000379642,0.005379007,0.008405207,0.000925461,0.000230343,0.002565667,0.004704494,0.001467291,0.000153909,0.004157143,0.00459189,0.001013662,0.000138808,0.00255526,0.005047365
1234,0.001336067,0.000333125,0.004948933,0.008654289,0.001999125,0.000377124,0.005935471,0.01066142,0.000750788,0.000228629,0.00259717,0.002643907,0.001511787,0.000212547,0.00391967,0.00612828,0.001212869,0.000185826,0.001825863,0.00556138
1235,0.001625695,0.000390333,0.003721402,0.007694783,0.001202484,0.000211879,0.003380954,0.008390517,0.000597488,0.000175335,0.002259087,0.001897783,0.001022077,0.000185393,0.002186301,0.005268047,0.000990303,0.000178595,0.001573218,0.006810162
1236,0.001260266,0.000451569,0.003183931,0.006835589,0.001222051,0.000239788,0.002948255,0.009397811,0.000703255,0.000234924,0.001725619,0.003673771,0.000962965,0.000184168,0.001537657,0.005424643,0.001701095,0.000348288,0.004542468,0.020376694
1237,0.001289637,0.000342033,0.002256786,0.004691576,0.001309143,0.000294447,0.003918485,0.008317508,0.000822237,0.000228434,0.001550685,0.004460361,0.000888881,0.000198373,0.001329,0.005215588,0.001803569,0.000422373,0.005013696,0.019506654
1238,0.001009731,0.000283265,0.00183989,0.003566526,0.00083734,0.000299389,0.00352259,0.006450715,0.00100382,0.000234123,0.001737629,0.005167917,0.001114308,0.000195152,0.00189402,0.004906507,0.001433422,0.000302094,0.003536274,0.008685566
1239,0.001247839,0.000406811,0.002146178,0.008531143,0.000905668,0.000247935,0.004763453,0.004930956,0.000723575,0.000167134,0.001382071,0.003878793,0.001472923,0.000261646,0.003561556,0.006418867,0.000847263,0.000262155,0.002778369,0.006503384
1240,0.000946269,0.000449342,0.00196317,0.008584706,0.001740276,0.000111354,0.005126274,0.008357602,0.000547597,0.000176663,0.001591836,0.003237529,0.000843168,0.000223597,0.002972755,0.003980894,0.00046394,0.000142516,0.002081916,0.003863706
1241,0.001019925,0.000335821,0.002569494,0.005975196,0.002211282,0.000360935,0.006592566,0.013404251,0.000796664,0.000228159,0.003093426,0.005000968,0.000751563,0.000203839,0.002361447,0.004080518,0.000569241,7.98E-05,0.002280973,0.002500436
1242,0.002047302,0.00031118,0.003676689,0.010304414,0.002652383,0.000556094,0.006931861,0.017635942,0.00106547,0.000236147,0.002907853,0.006443332,0.000865751,0.000183084,0.002660235,0.004467486,0.00112207,0.000121544,0.003046268,0.004303336
1243,0.002103933,0.000524041,0.002967233,0.010132606,0.002138293,0.000457898,0.004391577,0.017653904,0.001009636,0.000204537,0.002473085,0.005661356,0.00080661,0.000243253,0.002852506,0.004289569,0.00122642,0.000187917,0.003300566,0.005401022
1244,0.002727161,0.000503474,0.001720322,0.007253382,0.001385648,0.000418353,0.004317905,0.009133145,0.002249286,0.000441712,0.005774564,0.010970458,0.000870324,0.00034529,0.002639107,0.005713381,0.000962961,0.000230922,0.002076067,0.005627834
1245,0.002855367,0.000545297,0.002272877,0.012125749,0.001102669,0.000349291,0.002511471,0.006505407,0.003817019,0.000670643,0.006675434,0.016129993,0.001020214,0.000304493,0.0025533,0.006087782,0.001174101,0.000309733,0.001901184,0.008944584
1246,0.002853589,0.000668473,0.003148503,0.016474166,0.000859761,0.000427527,0.002744705,0.007367449,0.002668536,0.000429809,0.003507454,0.009665808,0.00106473,0.000225804,0.002019444,0.005787343,0.000992992,0.000275337,0.002067837,0.007485983
1247,0.002360196,0.000619431,0.004432471,0.011770231,0.001046582,0.000392476,0.003622637,0.007940649,0.001010328,0.000330615,0.002732073,0.006965827,0.001312122,0.000192401,0.002340021,0.007165804,0.00089603,0.000204183,0.002323508,0.004761982
1248,0.001941081,0.000587078,0.004478799,0.011093078,0.001044761,0.000299832,0.002817527,0.007937922,0.001349928,0.000267406,0.002406382,0.006485587,0.001700415,0.000252715,0.00366338,0.008447038,0.000771844,0.000189979,0.001794963,0.003419739
1249,0.002258512,0.000507102,0.002476554,0.014121918,0.000686501,0.000170996,0.002852789,0.002841724,0.001380451,0.000287373,0.003358717,0.007020512,0.001797091,0.000340836,0.004461996,0.008678772,0.000812945,0.000255641,0.001635157,0.003534865
1250,0.003721285,0.000490893,0.003863447,0.021077174,0.000920226,0.000203355,0.002785174,0.00344443,0.00118298,0.000239906,0.002778088,0.006667726,0.001188852,0.00022662,0.002893004,0.004766957,0.0008549,0.000213631,0.001927471,0.00458179
1251,0.003615517,0.000563797,0.003192476,0.022769293,0.0009395,0.000233076,0.0023706,0.005407542,0.001370976,0.000344035,0.003573824,0.010138581,0.000767175,0.000200394,0.001897322,0.003928334,0.000844916,0.000104402,0.001378148,0.004039911
1252,0.002296293,0.000509163,0.002068188,0.014712706,0.001699119,0.000305827,0.003297096,0.011159323,0.001240885,0.000359087,0.004006062,0.008229282,0.001027412,0.000218619,0.002002545,0.005694493,0.001289938,0.000193329,0.002242219,0.007290066
1253,0.001467809,0.000412216,0.002396462,0.007970275,0.001856332,0.000324067,0.004960492,0.012781957,0.001487095,0.00033118,0.003517089,0.010146269,0.00127194,0.000353152,0.003281881,0.007647021,0.000997891,0.000214774,0.002528357,0.007104764
1254,0.001177843,0.000327517,0.002807432,0.007801437,0.001642928,0.000410675,0.007600733,0.012097129,0.001237903,0.000305742,0.003043442,0.008831457,0.001106168,0.000275401,0.002513774,0.006631503,0.000867044,0.000111305,0.002353704,0.004863409
1255,0.000825641,0.000359529,0.003298747,0.008540177,0.001354477,0.000380084,0.005153068,0.010645012,0.000877349,0.000306168,0.003384984,0.006651536,0.000815359,0.000237429,0.002809596,0.006950234,0.001153716,0.000114706,0.00258909,0.005775451
1256,0.001278975,0.000243502,0.003402794,0.006966988,0.002072294,0.000423013,0.006507455,0.015832304,0.001061322,0.000309274,0.003837905,0.008771667,0.000720773,0.000193035,0.002038688,0.005054252,0.000768047,0.000147492,0.001659946,0.005554004
1257,0.000942313,0.000195616,0.002456083,0.004912544,0.003438779,0.000808913,0.010025148,0.029775136,0.001524175,0.000403093,0.005338801,0.012347518,0.001131134,0.000236593,0.002492496,0.00723379,0.00098583,0.000281262,0.001452337,0.007566005
1258,0.000570705,0.000275606,0.001581505,0.005011216,0.010344186,0.003642707,0.065217485,0.145542136,0.001489386,0.000427703,0.00599299,0.013065785,0.000911074,0.000251208,0.002708034,0.006996476,0.001053534,0.000296449,0.001666023,0.007123
1259,0.000840057,0.000349419,0.002366943,0.006821568,0.040277315,0.011593398,0.197968015,0.498886862,0.001558658,0.00048386,0.004748173,0.015358022,0.000790156,0.000257699,0.002369025,0.005053274,0.000822538,0.000299691,0.001952832,0.0060561
1260,0.001159796,0.000419658,0.00279903,0.01118424,0.050215451,0.010412771,0.175282991,0.502220368,0.00122989,0.000321397,0.004595497,0.011435859,0.001245463,0.000278266,0.004070017,0.007938366,0.000859667,0.000268763,0.00232591,0.006513734
1261,0.000804268,0.000524809,0.003140535,0.010746986,0.026253705,0.003362183,0.05652845,0.223069972,0.001492639,0.000338848,0.007010254,0.012353627,0.001435437,0.000414297,0.005624166,0.010747554,0.000651138,0.000241153,0.001835606,0.003455827
1262,0.000823104,0.000533285,0.003981661,0.00888804,0.014432093,0.001416883,0.015572889,0.1063727,0.001737197,0.000459071,0.007546833,0.016497849,0.002404176,0.00121918,0.007772218,0.017198851,0.000509189,0.000218813,0.001319163,0.00396296
1263,0.001770155,0.001015555,0.004151524,0.008048164,0.008821903,0.000671042,0.007833443,0.053309314,0.00130729,0.000544123,0.00685957,0.015915715,0.002325426,0.000973242,0.007131485,0.012959966,0.000624669,0.000169676,0.002081778,0.006989396
1264,0.002220298,0.001161745,0.003920074,0.010465641,0.006292465,0.000634323,0.008543983,0.037113169,0.00154532,0.000537787,0.007068953,0.01728693,0.001058938,0.000239972,0.004098936,0.007562667,0.000719271,0.000245563,0.00258549,0.007766927
1265,0.001244105,0.000417448,0.003257429,0.006086433,0.004973873,0.000527883,0.012254984,0.028071939,0.001220924,0.000530875,0.007299222,0.016071986,0.000584845,0.000205185,0.003905307,0.005732096,0.000730818,0.000217304,0.001973098,0.006402493
1266,0.000492062,0.000357101,0.004275035,0.006992662,0.002935861,0.000534615,0.0088496,0.018776939,0.000735447,0.000364474,0.004995521,0.009956808,0.000378894,0.000300217,0.004111269,0.005220327,0.000544336,0.000170672,0.002421827,0.005248874
1267,0.000431099,0.000325635,0.003534583,0.007555239,0.002607343,0.000302821,0.008086997,0.016196238,0.000565263,0.000292582,0.004184729,0.009745344,0.000408322,0.000215971,0.003937842,0.005022468,0.000726796,0.000145155,0.004355941,0.007060047
1268,0.000540155,0.000229983,0.002040083,0.007498646,0.001759925,0.000242306,0.007982656,0.008176366,0.00064195,0.000292516,0.004478363,0.010243975,0.000635107,0.000214928,0.003391639,0.00557677,0.00059267,0.000164476,0.003241496,0.005145034
1269,0.000534485,0.000245311,0.003570055,0.006739366,0.001148038,0.000172788,0.005652316,0.007586515,0.000760325,0.000246705,0.003872507,0.008046078,0.001033799,0.000240338,0.006213762,0.009224289,0.000580837,0.000208935,0.001975175,0.004840186
1270,0.00064282,0.000262323,0.005196187,0.010135784,0.000976774,0.000374058,0.00689298,0.012823787,0.000758943,0.000292765,0.004335669,0.01024586,0.000887533,0.000220918,0.006123077,0.008641653,0.000520086,0.000125279,0.002702613,0.0047467
1271,0.000594547,0.000244626,0.005328281,0.008221777,0.001364979,0.000469328,0.013527715,0.019261717,0.000464082,0.00020509,0.00323414,0.006501944,0.000509738,0.00011684,0.004117138,0.004202038,0.000565218,0.000153241,0.003906425,0.006037315
1272,0.000498159,0.000319055,0.005529523,0.008446803,0.000802989,0.000315936,0.007595847,0.012214765,0.000827187,0.000362778,0.00563762,0.009012857,0.000528668,0.000163845,0.00374938,0.004345967,0.000607697,0.000179654,0.004220096,0.006620454
1273,0.00038433,0.000376803,0.005743128,0.008782605,0.000993478,0.000366493,0.007923059,0.014560094,0.001163075,0.000442314,0.007774417,0.012825509,0.000452049,0.000177358,0.003180346,0.004220274,0.000484874,0.000134491,0.002987187,0.004274242
1274,0.000349591,0.000161982,0.002878271,0.004095805,0.001381993,0.000379344,0.008994178,0.01493809,0.001159684,0.000419062,0.008763375,0.013361339,0.000505076,0.000172431,0.003535827,0.005329989,0.000418579,0.000132214,0.003973441,0.003949678
1275,0.000449014,0.000116211,0.002830783,0.003575044,0.001161086,0.000493488,0.008711024,0.012742989,0.000772616,0.000255071,0.005070651,0.008062451,0.000652719,0.000302768,0.004540129,0.006453407,0.000480952,0.000151729,0.004522858,0.005489994
1276,0.0005475,7.26E-05,0.003438549,0.005653302,0.001931765,0.000571129,0.011840889,0.018994099,0.000772634,0.000282751,0.006368946,0.008542714,0.000708638,0.000328845,0.00549686,0.006625612,0.001337825,0.000236246,0.007310859,0.013533637
1277,0.000576308,7.67E-05,0.00278035,0.00438042,0.001610896,0.000689527,0.015919816,0.022792408,0.001242705,0.000490798,0.012119141,0.014972834,0.000804371,0.000332876,0.004689669,0.005869104,0.00131148,0.000238875,0.00776576,0.013696575
1278,0.000691154,0.000136687,0.004894995,0.005222879,0.00245958,0.000799505,0.018542272,0.027181895,0.001847152,0.000569939,0.014822445,0.017436041,0.000796376,0.000282207,0.005018103,0.00664738,0.000613069,0.000149668,0.003761492,0.005419463
1279,0.000833471,0.000177114,0.005157609,0.00625191,0.002729413,0.000641719,0.014823983,0.026397531,0.001894329,0.000612128,0.015760214,0.018125154,0.000781914,0.000263176,0.006024825,0.007328332,0.000584557,0.000156257,0.003335566,0.004221235
1280,0.000671159,0.000209624,0.004800007,0.005239524,0.00198459,0.000355535,0.010398106,0.016141393,0.00208322,0.000578061,0.013697377,0.016764853,0.000899475,0.000242178,0.005283168,0.006339287,0.000732646,0.000198933,0.004306283,0.005303608
1281,0.000715397,0.000143233,0.004273865,0.00453587,0.001334272,0.000224124,0.008631049,0.009574216,0.005373707,0.001054064,0.021572269,0.035647953,0.00121109,0.000209979,0.007983092,0.008158342,0.000672935,0.000163646,0.003589311,0.005288564
1282,0.000508741,0.0001424,0.003415706,0.004095999,0.001135295,0.000403699,0.010646985,0.012337607,0.005929408,0.00113738,0.021111346,0.035237968,0.000942977,0.000157095,0.006811969,0.006143643,0.000544914,0.000134191,0.003313182,0.00426076
1283,0.000601402,0.000133487,0.004380052,0.003830307,0.000685059,0.000250632,0.006960333,0.007560508,0.002476022,0.000664268,0.012980795,0.017151373,0.000474243,0.000187106,0.003612147,0.00350203,0.000767042,0.000156118,0.005161737,0.005896455
1284,0.000641594,0.000113141,0.00360169,0.003201229,0.000558008,0.000147503,0.00386226,0.004298147,0.002269488,0.000405892,0.011880055,0.013948638,0.000922395,0.000304577,0.006749985,0.006727899,0.00073803,0.000169971,0.006293367,0.005761681
1285,0.000641629,0.00014934,0.003280241,0.004011022,0.000905334,0.000237258,0.006137798,0.007381625,0.001533744,0.000507165,0.009812207,0.012169403,0.000982029,0.000201962,0.006371181,0.00570602,0.000391904,0.000110288,0.004173089,0.00338242
1286,0.000906914,0.00018988,0.003297538,0.00396024,0.000951492,0.000273546,0.006798027,0.007529126,0.000934237,0.000367738,0.007819315,0.009178604,0.000836263,0.000130422,0.003707938,0.003881389,0.000531635,0.000127439,0.003014671,0.003683639
1287,0.000805479,0.000149824,0.003033498,0.003075007,0.000860612,0.000230921,0.005420582,0.00625657,0.000910951,0.00029449,0.007696979,0.007857955,0.00090657,0.000163649,0.004735441,0.003910129,0.0006701,9.23E-05,0.002144947,0.003762916
1288,0.000837821,0.000190648,0.002719939,0.002657904,0.001118036,0.000232682,0.004332789,0.005999307,0.001329102,0.000294934,0.007302381,0.007485436,0.001132035,0.000199533,0.005673669,0.005492063,0.000948018,0.00014523,0.003762361,0.003842391
1289,0.000785076,0.000214636,0.002989303,0.003525309,0.00110472,0.000217784,0.003956026,0.004374671,0.001248274,0.000259833,0.006531897,0.006779903,0.001386677,0.000272223,0.007887587,0.006794246,0.001006418,0.000176474,0.003685495,0.00329703
1290,0.000708578,0.000256613,0.003800693,0.004005124,0.001403244,0.000214275,0.005286666,0.005172816,0.001512709,0.000201226,0.007244017,0.007067029,0.00119827,0.000303188,0.007192936,0.006096759,0.00070568,0.000122114,0.003285407,0.003589505
1291,0.001186965,0.000169614,0.003134743,0.003737822,0.001575529,0.000282944,0.006117264,0.007834739,0.001511809,0.000232116,0.010127269,0.009760551,0.000805256,0.000215044,0.005313867,0.005025388,0.000886175,0.000119576,0.003911336,0.004185818
1292,0.001145387,0.000199743,0.002866791,0.002636449,0.001413885,0.000292628,0.006488232,0.007662286,0.000930953,0.000239263,0.009730183,0.008490744,0.000957172,0.000269935,0.005565886,0.004783816,0.000780078,0.000190533,0.004285655,0.004735165
1293,0.000526599,0.000261036,0.003430659,0.003395273,0.002040323,0.000319305,0.011324718,0.009399954,0.001321327,0.000279695,0.008535699,0.006321766,0.000701447,0.000355728,0.0062548,0.006271152,0.000779801,0.000175608,0.004837717,0.005125733
1294,0.000504673,0.00017659,0.003632772,0.004021119,0.004499298,0.000544237,0.02482996,0.015908994,0.001343957,0.000296837,0.006657673,0.005302693,0.000832801,0.000292667,0.006456797,0.005246124,0.000902835,9.15E-05,0.00352686,0.002366845
1295,0.000687651,0.00020637,0.003771208,0.002623163,0.004383213,0.000713747,0.023894516,0.019463287,0.000882616,0.000269389,0.004333806,0.004296571,0.000895684,0.000314331,0.00719382,0.004645046,0.00095908,0.000109393,0.003762036,0.00296663
1296,0.000761511,0.000529358,0.010270081,0.006192895,0.002687937,0.000523481,0.015847957,0.011318476,0.001383147,0.00029434,0.007308016,0.005755079,0.000759082,0.000315437,0.006854653,0.004940123,0.000658043,0.000136135,0.003553401,0.005170435
1297,0.001071478,0.000823119,0.017947808,0.010002754,0.001428817,0.000254385,0.009842867,0.004701734,0.00212594,0.000441746,0.009713651,0.008817612,0.000785279,0.000385305,0.010625802,0.007064593,0.000947743,0.000169858,0.002508906,0.004431683
1298,0.000826619,0.000422928,0.008537143,0.004668277,0.001906406,0.000458667,0.009779527,0.005954817,0.002128179,0.000292732,0.006658567,0.006208711,0.000773212,0.000405082,0.011074806,0.007018715,0.000887432,0.000206353,0.003350408,0.002273174
1299,0.000804415,0.00026948,0.006864552,0.003666553,0.002072666,0.000410496,0.007278503,0.005352716,0.002557311,0.000325686,0.007904663,0.005946572,0.000709932,0.000455511,0.009010126,0.007736722,0.000923055,0.000270215,0.005145705,0.004427505
1300,0.000707305,0.000248111,0.005518795,0.003391337,0.001183801,0.000232063,0.003228563,0.003586715,0.00277412,0.000494306,0.009600878,0.009381118,0.002318938,0.000685262,0.01367741,0.017381069,0.001034286,0.000248416,0.006427343,0.007190961
1301,0.001051581,0.000215424,0.002211406,0.002874928,0.001300044,0.000181627,0.004940386,0.004818978,0.002577034,0.000659578,0.014572137,0.01485797,0.002942038,0.000892857,0.014183779,0.019139976,0.000835734,0.000225744,0.006352389,0.007195504
1302,0.000999773,0.000217281,0.002205403,0.003612131,0.001018141,0.000160072,0.00518778,0.004416029,0.00297642,0.000542004,0.014847745,0.012999339,0.001571606,0.0005502,0.011025506,0.009378463,0.000714894,0.000240749,0.003688925,0.004407681
1303,0.000848329,0.000192462,0.003433134,0.004622687,0.000915628,0.000101566,0.004394325,0.003751937,0.003192713,0.000545471,0.017568809,0.012697154,0.000887443,0.000225901,0.007353543,0.004956191,0.000537258,0.000224883,0.003383462,0.004542919
1304,0.001305218,0.000239987,0.004642521,0.005170649,0.000781984,7.46E-05,0.005820338,0.001987329,0.00189877,0.000337825,0.009845377,0.007672125,0.000858839,0.00016403,0.005710119,0.004236059,0.000682393,0.00014446,0.003730925,0.004018904
1305,0.001406735,0.000167178,0.003922512,0.003929464,0.000485962,0.000107408,0.004088624,0.001303699,0.001466778,0.000291487,0.007307926,0.005954567,0.000949417,0.000195415,0.006700179,0.004975511,0.00091336,0.000120251,0.003672806,0.003319143
1306,0.001247817,0.000122965,0.001877823,0.002743508,0.000511345,0.000171693,0.005601927,0.002760477,0.001332704,0.000424971,0.007394952,0.005436387,0.000975293,0.000280873,0.008095876,0.005694002,0.000959882,0.000177716,0.004518756,0.003496954
1307,0.000768785,0.000157964,0.001168453,0.001608291,0.001003355,0.000254261,0.004916346,0.003799129,0.001086423,0.000311355,0.007385874,0.004635399,0.000640117,0.000278863,0.008782582,0.005637228,0.000813314,0.000214187,0.004968024,0.002831315
1308,0.000665756,0.000204808,0.001577848,0.001995257,0.001221846,0.000192885,0.004524483,0.0028335,0.000754677,0.000281877,0.007591782,0.00529937,0.000837787,0.000318786,0.009498258,0.006533381,0.000514348,0.000198854,0.004983583,0.002526141
1309,0.000487698,0.000158515,0.002926155,0.001690719,0.000823367,0.0002102,0.006122641,0.004419262,0.000900185,0.000288662,0.007411945,0.007655164,0.000724266,0.000322786,0.007336756,0.004904486,0.000711191,0.000175221,0.005856664,0.00235418
1310,0.000911565,0.000195238,0.003544364,0.001375787,0.001033653,0.000199561,0.005335287,0.005322266,0.000880089,0.000272343,0.005675721,0.005341865,0.000571788,0.000506394,0.007727301,0.006535987,0.000797754,0.000150294,0.003364912,0.001820413
1311,0.000714182,0.00019789,0.002734127,0.00170097,0.001331885,0.000268239,0.003993596,0.003579185,0.001392595,0.000292853,0.006704568,0.003690821,0.000640119,0.00036736,0.006169878,0.005411381,0.000882313,0.000177481,0.001546747,0.001694712
1312,0.000313368,0.00013455,0.002659983,0.002450284,0.001281005,0.000255083,0.006796796,0.004261485,0.001553025,0.000344952,0.011169348,0.007575609,0.001069831,0.000244201,0.003455989,0.00309248,0.000783943,0.00016666,0.003241702,0.002502799
1313,0.000637535,0.000196098,0.00328845,0.001790235,0.001681589,0.000276191,0.006535252,0.00334312,0.001535149,0.000451024,0.010882276,0.01397861,0.001247448,0.000246041,0.004959969,0.002750304,0.000776201,0.000110854,0.004928234,0.003224619
1314,0.000510607,0.000173994,0.004247772,0.001769691,0.002260798,0.000391049,0.005747609,0.006542861,0.002133607,0.00079482,0.009806998,0.017902238,0.000800623,0.000110041,0.006402284,0.002885087,0.000603417,0.000152798,0.005105721,0.003168825
1315,0.000529829,0.000192377,0.005076539,0.001859152,0.003705507,0.000273747,0.010536547,0.010645905,0.002799908,0.000852838,0.013529882,0.026546882,0.000808638,0.00013695,0.003808776,0.001592559,0.001322506,0.000325834,0.004961366,0.015120681
1316,0.000850073,0.000195982,0.004080064,0.001556439,0.003066802,0.000267797,0.010421933,0.009336545,0.003692681,0.002016254,0.026238358,0.044796082,0.001117596,0.000194578,0.005573498,0.003543342,0.0036024,0.000620661,0.007380047,0.045541932
1317,0.000721394,0.000190168,0.002780861,0.001401826,0.002007429,0.00022011,0.009185166,0.007662653,0.021062111,0.007272173,0.079272728,0.134370464,0.001218043,0.000243698,0.006881207,0.004660604,0.003034122,0.000525042,0.007083259,0.034870837
1318,0.00065995,0.000167979,0.002825804,0.001270949,0.001768556,0.000222892,0.006309739,0.006265265,0.06596326,0.02087812,0.182772172,0.308193621,0.001191043,0.000245738,0.004560259,0.003853354,0.00114371,0.000246828,0.004182753,0.005092736
1319,0.000613018,0.000150027,0.00266285,0.001422769,0.001081221,0.000233841,0.002593409,0.002810491,0.061301557,0.017238126,0.13214275,0.209634179,0.001010421,0.000292152,0.005490272,0.004102874,0.000736108,0.000246486,0.002970047,0.003024938
1320,0.000866893,0.000174768,0.003806742,0.001956076,0.000984742,0.000271636,0.001540561,0.00190718,0.022513971,0.00364433,0.020067305,0.039873351,0.001553762,0.000320769,0.00991214,0.005264116,0.000449351,0.000141507,0.001551151,0.002730947
1321,0.001093929,0.000177672,0.00437679,0.002232406,0.00062963,0.000147345,0.002530523,0.001379447,0.010108705,0.002432944,0.01573372,0.019648573,0.001308882,0.000291862,0.009688886,0.006085505,0.000504841,0.000147856,0.00222026,0.003128497
1322,0.001452374,0.000124847,0.002857749,0.002588015,0.000548764,0.000146357,0.004341556,0.002330813,0.004443935,0.000999247,0.010228825,0.009650953,0.001711903,0.000243605,0.005318895,0.003726902,0.000779015,0.000141688,0.002684466,0.0028292
1323,0.001366003,0.000209601,0.002793392,0.002478434,0.000734097,0.000153799,0.003046744,0.002831721,0.003921218,0.000630425,0.007280564,0.005368394,0.002331323,0.000299158,0.005938977,0.003022446,0.0010943,0.000210337,0.002815278,0.004079455
1324,0.001201005,0.000208364,0.002331687,0.002137043,0.000835101,0.000139429,0.001631408,0.00175237,0.00282212,0.000368769,0.006680256,0.004714989,0.002038139,0.000259927,0.006145748,0.003747061,0.000998273,0.000217122,0.002457103,0.002685636
1325,0.001161765,0.000140448,0.001491882,0.001496507,0.001112314,0.000139324,0.001477698,0.001797814,0.001714791,0.000268539,0.004237017,0.005703272,0.001845739,0.000242167,0.005925651,0.004533889,0.00064058,0.000230847,0.003701228,0.002368762
1326,0.001524832,0.000184276,0.001342566,0.000952798,0.000661292,0.000130651,0.00297688,0.001913399,0.00206536,0.000310751,0.003746885,0.004289137,0.001236678,0.000139303,0.004600222,0.003508789,0.000865051,0.000175712,0.003625652,0.002615396
1327,0.001184948,0.000144318,0.002362467,0.001576089,0.000641415,0.000131263,0.003687299,0.002218186,0.002100742,0.000201617,0.004812587,0.005495167,0.001202538,0.000203398,0.00402972,0.002607716,0.001054918,0.000152594,0.003195659,0.001929614
1328,0.000865245,0.000110551,0.002439961,0.00202108,0.001035797,0.000164403,0.003643458,0.002981097,0.001929808,0.000210615,0.006562385,0.006025941,0.001170189,0.0002276,0.007031583,0.003552284,0.000744184,0.000106633,0.00402598,0.002371139
1329,0.000836987,0.000170979,0.00260576,0.002484753,0.001682739,0.000262346,0.004455724,0.007960752,0.001751942,0.000130718,0.005898838,0.003817793,0.000955467,0.000182296,0.007473362,0.004016349,0.000883869,0.000131838,0.003734436,0.002277293
1330,0.000878382,0.000154135,0.005194824,0.003846558,0.002177183,0.000383677,0.00441512,0.00786684,0.002404582,0.000142862,0.004271211,0.00309557,0.001311309,0.000211348,0.006643197,0.003764089,0.001211485,0.00019791,0.002977624,0.002234221
1331,0.001244502,0.000134913,0.004973833,0.003433859,0.00135823,0.000223909,0.00435298,0.003849052,0.003034052,0.000154102,0.004728488,0.003194829,0.001320454,0.000286424,0.010182515,0.005304009,0.001274878,0.000145262,0.003428159,0.002230461
1332,0.001587515,0.000117466,0.003931183,0.001842518,0.001230083,9.49E-05,0.004203339,0.002210816,0.002443201,0.000161415,0.006391022,0.003562067,0.002072007,0.000309101,0.009535427,0.005351361,0.001344187,0.000190697,0.004088906,0.002594528
1333,0.001301743,0.000113582,0.004081448,0.001029639,0.001538299,9.45E-05,0.003194202,0.00358847,0.002654027,0.000278586,0.006505339,0.004692466,0.002526835,0.000231773,0.007453793,0.004423922,0.001148134,0.00017543,0.00502425,0.003047229
1334,0.000849722,0.000130312,0.002981562,0.00176804,0.001919146,0.000136976,0.004432241,0.00478814,0.002672504,0.000212339,0.008321016,0.005783465,0.002262998,0.000181445,0.00954254,0.004392355,0.001016485,0.000137837,0.003602433,0.003711801
1335,0.00124566,9.31E-05,0.003403212,0.001777331,0.00215051,0.000142573,0.00466097,0.004008697,0.003545041,0.000117515,0.010911682,0.007283653,0.002009886,0.000250927,0.009602268,0.004716738,0.000878828,0.000132069,0.002825651,0.00297423
1336,0.002015294,9.23E-05,0.003667345,0.002569695,0.001437122,0.000119876,0.005584175,0.004260988,0.003330136,0.000233681,0.00869599,0.005952939,0.002252844,0.000281255,0.007762573,0.004413366,0.001192952,0.000128724,0.002252904,0.003105649
1337,0.00147324,0.00012739,0.002065583,0.001997677,0.001015555,0.000176864,0.004142078,0.003354666,0.003353512,0.000361969,0.01346202,0.007387002,0.002475201,0.000331295,0.010085258,0.006445804,0.001458029,0.000102056,0.003104059,0.003156628
1338,0.000912925,8.19E-05,0.002268973,0.00247475,0.000800321,0.000189956,0.003104362,0.003018981,0.004046496,0.000384919,0.014707643,0.008614775,0.005046315,0.001155972,0.034465341,0.019908864,0.001823631,8.38E-05,0.005847121,0.003678761
1339,0.001029988,9.02E-05,0.001947945,0.001787031,0.000719818,0.000145173,0.002709319,0.003121426,0.003502104,0.000409031,0.011001843,0.007311515,0.007654372,0.001749502,0.048458774,0.029715966,0.001800207,9.99E-05,0.005066796,0.003311921
1340,0.000883952,0.000149276,0.001724184,0.001694973,0.001266028,0.00012368,0.002490105,0.002303944,0.002461012,0.000377761,0.006153513,0.004754393,0.003757235,0.000753475,0.020403926,0.012317336,0.001898054,0.000245205,0.003912519,0.003174613
1341,0.001765764,0.000124553,0.003543049,0.002904719,0.001859222,6.09E-05,0.003284488,0.002664102,0.001787576,0.00031062,0.005652182,0.005793893,0.001837352,0.000432878,0.018946466,0.009524172,0.001534867,0.000245874,0.005056642,0.003262784
1342,0.001807488,7.11E-05,0.005183989,0.003926155,0.00131103,5.73E-05,0.002746434,0.001774338,0.001819169,0.000288112,0.007174102,0.003886162,0.002294715,0.000488725,0.018763724,0.010106366,0.000954967,0.000286543,0.004660897,0.003017048
1343,0.001547177,0.000126944,0.004669665,0.003598438,0.001488842,8.65E-05,0.003147502,0.001928485,0.002094437,0.000292789,0.005820592,0.002879876,0.002285114,0.000330212,0.008842611,0.004656427,0.001309735,0.000201434,0.004675049,0.003563529
1344,0.001020319,0.000115493,0.0031218,0.002559147,0.001367156,0.000106289,0.002852698,0.001980801,0.002147816,0.000324612,0.006386501,0.003553644,0.003625314,0.000533962,0.008500352,0.003709664,0.001427856,0.000165211,0.006024357,0.003475347
1345,0.000901,0.000102587,0.002029665,0.002102457,0.001264219,0.000147008,0.002884307,0.001976953,0.002367532,0.000250904,0.004716703,0.003117939,0.003452676,0.000547539,0.009914697,0.006332091,0.00150814,0.000262538,0.006072311,0.002611379
1346,0.002477829,0.000465721,0.003311429,0.002048571,0.001333773,0.000217455,0.002434109,0.001853857,0.002790274,0.000185879,0.004358666,0.003196303,0.00254945,0.000380065,0.010241994,0.00702265,0.000986558,0.000233906,0.006495629,0.003164399
1347,0.002572301,0.000701394,0.003707513,0.002133557,0.001015201,0.000140276,0.002880493,0.001390504,0.002281438,0.000350582,0.004553668,0.004055022,0.002104273,0.000337663,0.007934206,0.005021848,0.000923764,0.000157023,0.003765198,0.003150952
1348,0.00094701,0.000313326,0.003596761,0.001831962,0.000777036,9.63E-05,0.003870213,0.0016717,0.002559929,0.000345481,0.006487293,0.005031183,0.002670603,0.000300849,0.006357607,0.0033083,0.000734408,0.000126549,0.00241841,0.001815983
1349,0.000512231,0.000235053,0.005711478,0.002959982,0.000863018,6.11E-05,0.003820076,0.001777232,0.003303208,0.000224153,0.007626815,0.006024649,0.002684027,0.000281952,0.009428187,0.003914159,0.001193028,0.000153735,0.002784191,0.00198458
1350,0.000605173,0.000225153,0.005972392,0.003292533,0.000795483,0.000107159,0.003933732,0.001362765,0.00261874,0.000352955,0.006555617,0.005267757,0.001769266,0.000257819,0.010065285,0.004693678,0.001140535,0.000168407,0.004075416,0.001928915
1351,0.000658222,0.0001463,0.003660899,0.002428892,0.001021862,0.000117994,0.003410599,0.001455215,0.001797891,0.000489645,0.009574255,0.005748204,0.001833681,0.000163318,0.005997883,0.003101606,0.001093231,0.000205647,0.00395541,0.002232672
1352,0.000801432,0.000123815,0.004865555,0.002651734,0.000933312,9.51E-05,0.002718906,0.001804208,0.004044288,0.00051994,0.01403769,0.00679182,0.002607561,0.000140803,0.006037676,0.003474849,0.000963596,0.000210167,0.00572929,0.003561811
1353,0.001178797,0.000210972,0.005918208,0.004141149,0.001229039,0.000147901,0.002738019,0.001051591,0.005905896,0.000565666,0.019418622,0.010173415,0.001633022,0.000166055,0.006384184,0.002606307,0.001070917,0.000202962,0.004851728,0.003531016
1354,0.000704556,0.000242686,0.005447182,0.003963445,0.001458582,0.000187156,0.005408625,0.001665037,0.005347074,0.001114876,0.032899717,0.017865788,0.001283809,0.000199877,0.004579201,0.003107106,0.001629816,0.00019698,0.004628091,0.002828547
1355,0.000962598,0.00027276,0.003879028,0.002813314,0.000707766,0.000117924,0.007475779,0.002851421,0.003950429,0.001429576,0.041410564,0.018742621,0.001976109,0.000362736,0.006351771,0.005567276,0.00218852,0.0004395,0.009688551,0.009570662
1356,0.001258405,0.000283417,0.002562644,0.003080149,0.000439396,6.29E-05,0.005622133,0.002103176,0.002637977,0.000843852,0.019511022,0.009506896,0.001891121,0.000332611,0.008347628,0.005800861,0.002300734,0.000947064,0.027915404,0.02587632
1357,0.00086911,0.000159973,0.002027832,0.001934331,0.000775498,7.34E-05,0.003392558,0.001289585,0.002762221,0.000595797,0.011281124,0.005669783,0.001258817,0.000310262,0.010290754,0.00614858,0.002153978,0.000701692,0.022416994,0.018709082
1358,0.000780653,0.000102371,0.001822975,0.001997119,0.000957036,0.000176247,0.002208319,0.001973783,0.001698461,0.00034962,0.00797759,0.003714038,0.002105875,0.000431738,0.012061716,0.005623549,0.001865009,0.000268872,0.007361583,0.00448098
1359,0.001190388,0.000142472,0.0024699,0.003134049,0.000966471,0.000239845,0.003430753,0.002301759,0.001326905,0.000186977,0.004377607,0.004675891,0.003584916,0.000640738,0.013723048,0.006330783,0.001234206,0.000246278,0.008728372,0.004482446
1360,0.001227719,0.0002621,0.00397923,0.004211261,0.00076527,0.000129166,0.003633877,0.002376564,0.001646923,0.000218742,0.005183905,0.005557879,0.003715931,0.000732111,0.011992688,0.007529299,0.001229752,0.000325023,0.008314279,0.004099688
1361,0.000876776,0.000221377,0.004163503,0.002627125,0.000686899,9.71E-05,0.003871499,0.002177496,0.001779306,0.000113562,0.006141131,0.004814419,0.00231525,0.000565424,0.016423864,0.010157216,0.001516196,0.000351128,0.007634216,0.004059125
1362,0.000578928,0.000155532,0.005445077,0.004453036,0.000583776,0.000161967,0.002492571,0.002254553,0.001187352,0.000186628,0.005222042,0.002768082,0.00237601,0.000245695,0.017634627,0.010729622,0.001156449,0.000221913,0.004565474,0.003807336
1363,0.000624895,0.000486786,0.009285628,0.010539866,0.001006905,0.00021082,0.006185196,0.00505026,0.001542948,0.000358115,0.003478572,0.003535528,0.002139514,0.00019462,0.013631334,0.007967515,0.000716224,0.000165399,0.003920754,0.002425136
1364,0.000975723,0.000464789,0.006611312,0.00792104,0.002049026,0.000443087,0.014606282,0.011331357,0.001449697,0.000295553,0.004377532,0.002867511,0.001792557,0.000210038,0.018069325,0.009691326,0.001075211,0.000226311,0.006328888,0.003319136
1365,0.00092007,0.000238046,0.002642122,0.002208765,0.001848933,0.00046077,0.012852839,0.010264404,0.001653366,0.000233103,0.004082662,0.002961612,0.001515186,0.000165585,0.015830913,0.008009073,0.000761374,0.000230868,0.005670273,0.003482756
1366,0.000881391,0.000137632,0.003529693,0.001915273,0.001344312,0.000275464,0.007530994,0.005164394,0.001688012,0.000261254,0.005597179,0.004253452,0.001054862,0.000219277,0.01027242,0.003673217,0.000668825,0.000267444,0.007213658,0.003080038
1367,0.001116351,0.000175727,0.004888583,0.001863771,0.00078366,0.000165268,0.004639632,0.002925109,0.001134749,0.000258676,0.003971599,0.003577555,0.001485255,0.000352988,0.009306546,0.00510958,0.000832519,0.00026426,0.007086698,0.003402311
1368,0.001071819,0.00018037,0.004419478,0.001927642,0.000600347,0.000158583,0.004428638,0.002694698,0.001456766,0.000230704,0.003861943,0.003150849,0.001809761,0.000413618,0.012415529,0.006482625,0.000860873,0.000162,0.005037941,0.002703524
1369,0.000776875,0.000191609,0.003046793,0.00196774,0.000566182,0.000115722,0.004193904,0.003190284,0.001198224,0.000352624,0.006887882,0.006046061,0.001824608,0.00042861,0.010798659,0.005410956,0.000760034,0.000218935,0.006764294,0.003783854
1370,0.000371727,0.00017159,0.00365027,0.001928146,0.000367501,9.94E-05,0.004119702,0.002603605,0.001595076,0.000358572,0.007606391,0.006584351,0.001472182,0.000311118,0.010152529,0.003840563,0.000929311,0.00028701,0.007810435,0.003855358
1371,0.000406395,0.000102644,0.003622557,0.001749715,0.000612289,0.000101682,0.005993586,0.003019429,0.001033138,0.000246096,0.005899239,0.004887774,0.001480353,0.000288369,0.009184094,0.005061096,0.001330062,0.000290161,0.006044796,0.003148534
1372,0.000539465,0.000100506,0.005088871,0.002032712,0.000784155,8.71E-05,0.005277528,0.002855234,0.001141483,0.000260999,0.004355438,0.004982654,0.002372808,0.000393234,0.010067655,0.005323977,0.001619629,0.000233106,0.005547745,0.003572225
1373,0.000344414,0.000116242,0.004660173,0.002336134,0.00053909,4.82E-05,0.003064222,0.001447494,0.001188475,0.000305284,0.007109761,0.005818982,0.003443813,0.000476579,0.011341648,0.006919694,0.001222256,0.000149423,0.004774258,0.004090271
1374,0.000163466,0.000101973,0.004801351,0.001705964,0.000404492,9.34E-05,0.002225237,0.000733912,0.001623622,0.000335873,0.010335299,0.005724562,0.004251747,0.000718507,0.013913339,0.009503601,0.000815893,0.000122524,0.004507403,0.003346066
1375,0.000456993,0.000119542,0.004036085,0.001890952,0.000442912,0.000102157,0.002665287,0.000874389,0.002014798,0.000361978,0.011456491,0.00573239,0.006078707,0.001215963,0.028175979,0.014761263,0.000853338,0.000195521,0.003079832,0.002690184
1376,0.000864135,0.000160207,0.002384214,0.001871306,0.000657474,0.000129714,0.002552863,0.001728092,0.001469186,0.000333116,0.007650624,0.004208786,0.020988099,0.006469451,0.186616702,0.083992342,0.001460783,0.000229477,0.004182542,0.003364362
1377,0.000850396,0.000130722,0.003103991,0.00230896,0.000579971,0.000101219,0.002964759,0.001911449,0.001295394,0.000329435,0.00936015,0.002559884,0.046722899,0.014215474,0.414604601,0.212020468,0.001172674,0.000164418,0.005710808,0.004622554
1378,0.000576267,6.22E-05,0.00492428,0.002552387,0.000418355,6.87E-05,0.002223114,0.001226555,0.00114769,0.000305721,0.008626397,0.003320715,0.030284303,0.008379515,0.252671837,0.140368107,0.000795306,0.000240499,0.004069475,0.00435677
1379,0.000427209,9.00E-05,0.005840172,0.003129591,0.000527083,6.50E-05,0.002175361,0.000618781,0.001388573,0.000359404,0.008649809,0.004369677,0.005063351,0.001342936,0.033571331,0.019885181,0.000790623,0.000238091,0.005798492,0.005001812
1380,0.000436899,7.03E-05,0.003130926,0.001695989,0.00053745,6.09E-05,0.002361385,0.000709603,0.001324756,0.000264303,0.008342179,0.003314652,0.002709057,0.000648518,0.014773618,0.007397252,0.000561632,0.000152889,0.00572889,0.005694208
1381,0.000617832,9.90E-05,0.00319926,0.002095733,0.000333464,4.78E-05,0.003020994,0.001035727,0.000702189,0.000177243,0.005273974,0.00238107,0.002328041,0.000433202,0.019224363,0.006325653,0.000666757,0.000202038,0.004572427,0.005531232
1382,0.00070923,0.000172134,0.005430013,0.00253237,0.000522899,0.000108381,0.00370007,0.001372987,0.000776209,0.00020069,0.006155375,0.002905711,0.001683422,0.000335508,0.012390268,0.006299715,0.000775515,0.000175766,0.006423624,0.006173748
1383,0.001181582,0.000258849,0.004973162,0.002876411,0.000551209,8.74E-05,0.003180666,0.00161409,0.001158885,0.00022818,0.00806519,0.002243678,0.001459974,0.000275943,0.008503537,0.003826841,0.001278992,0.000207185,0.006448918,0.005868263
1384,0.000845247,0.000209694,0.004408486,0.002208422,0.000502985,9.94E-05,0.003216934,0.002023606,0.000857291,0.000194892,0.007009062,0.003203721,0.000990123,0.000176303,0.007411874,0.002093212,0.001344143,0.000172359,0.00788347,0.005842314
1385,0.000448547,0.000107017,0.003278749,0.001335789,0.000654921,0.000151723,0.004428147,0.003341853,0.000681083,0.000130949,0.005164754,0.002662857,0.00070388,0.000171128,0.009179885,0.002851731,0.00108445,0.000179702,0.006266903,0.003986718
1386,0.000382377,8.77E-05,0.003277367,0.001224907,0.000531775,0.000152834,0.006214833,0.002979161,0.000765979,9.95E-05,0.004017981,0.001831962,0.001003831,0.000213063,0.009163968,0.003592265,0.001359509,0.000177344,0.007063688,0.004162284
1387,0.000665145,0.000145829,0.003525491,0.00136153,0.000270579,0.00012705,0.004715305,0.001747777,0.000843534,0.000154565,0.004888993,0.002979513,0.001232329,0.000216033,0.008892182,0.004322596,0.001445609,0.000154882,0.005956258,0.004159154
1388,0.000833806,0.000132097,0.007043513,0.002144142,0.000373904,8.03E-05,0.003027372,0.001992853,0.000707025,0.000250541,0.005394576,0.004277661,0.001325533,0.000210053,0.010607125,0.005187689,0.00072283,0.000104957,0.00477164,0.002809847
1389,0.000648164,0.000118498,0.007773396,0.002508325,0.000520156,9.60E-05,0.002474516,0.001742281,0.000595543,0.000258371,0.00541396,0.005013431,0.001109005,0.000210556,0.00972114,0.004136835,0.000803951,0.000125574,0.007263283,0.004682883
1390,0.000470599,0.000144202,0.006703243,0.002694554,0.000564223,7.24E-05,0.002781417,0.001121625,0.000782222,0.00022976,0.006102754,0.004959811,0.00112794,0.000263297,0.008695962,0.004014326,0.000854486,0.000168091,0.00674268,0.004605603
1391,0.00055231,0.000158895,0.006155837,0.002884826,0.000372152,6.46E-05,0.002416795,0.001310651,0.0009666,0.000466414,0.014250648,0.008029566,0.000869062,0.000389401,0.008881104,0.003566919,0.001086869,0.000225216,0.010339777,0.004524127
1392,0.000605447,0.00016051,0.004841776,0.002941382,0.000442001,9.13E-05,0.003863572,0.0009435,0.000940416,0.000434975,0.014306925,0.006834354,0.0009945,0.000385594,0.009707253,0.004656763,0.001045299,0.000241132,0.011734986,0.004200277
1393,0.00070684,0.000123936,0.006066105,0.003857908,0.000539682,0.000139997,0.004908319,0.001783831,0.000682854,0.000219217,0.007204186,0.003688069,0.001442214,0.000441185,0.011458056,0.005291381,0.001026969,0.000242098,0.008061756,0.003278991
1394,0.000733246,0.000209193,0.008733593,0.004645633,0.000561525,7.06E-05,0.003905655,0.002041002,0.000623018,0.000178657,0.007533771,0.004705124,0.001334605,0.00034431,0.010342474,0.003309414,0.001268756,0.000302753,0.014134548,0.006727451
1395,0.001059294,0.000228664,0.006951565,0.003795013,0.000346928,8.28E-05,0.002945324,0.001553617,0.000607272,0.00017545,0.004508155,0.003399684,0.00122571,0.000434946,0.017627113,0.00731217,0.001999958,0.000954815,0.045788224,0.016701805
1396,0.004247276,0.000617873,0.023272106,0.010683011,0.000247654,6.22E-05,0.003329403,0.001600039,0.000663711,0.000198088,0.006622723,0.00340326,0.000808055,0.000405645,0.019525324,0.008648193,0.002026689,0.001896452,0.096605109,0.036610504
1397,0.005202656,0.000905569,0.032108096,0.014603126,0.000548095,7.99E-05,0.005155634,0.00216297,0.000702248,0.000175413,0.006722905,0.002525696,0.000894134,0.000285218,0.013009333,0.006032849,0.001463727,0.001060606,0.058211261,0.023149725
1398,0.002128057,0.000455222,0.016202439,0.006902749,0.000525109,0.000117805,0.003704136,0.00217891,0.000500848,0.000148845,0.005271213,0.002122623,0.000982822,0.000260987,0.008427841,0.004920195,0.000877285,0.000167876,0.013759295,0.005631197
1399,0.000601162,0.000159625,0.006184303,0.002714291,0.000663951,0.000183731,0.004042323,0.002361616,0.000448487,9.16E-05,0.004519135,0.001801822,0.00057343,0.000193073,0.007535602,0.003977718,0.000939225,0.000146459,0.010307919,0.005146817
1400,0.00047322,9.70E-05,0.004831199,0.002630589,0.000692724,0.000218192,0.007060699,0.003138828,0.000437965,9.59E-05,0.003923663,0.002051031,0.000499395,0.000181365,0.009708651,0.004143623,0.001228674,0.000242703,0.011610765,0.00610044
1401,0.000619305,0.000170254,0.005886759,0.00309715,0.000426902,0.000156524,0.007404649,0.003037834,0.000510525,0.000166666,0.002990892,0.001840401,0.000474104,0.000144006,0.008829934,0.003268714,0.001173846,0.000348913,0.015614513,0.008721261
1402,0.000782133,0.000260421,0.004380683,0.003072079,0.000441207,7.09E-05,0.006889266,0.002590061,0.000436877,0.000172041,0.003409848,0.001661647,0.000756488,0.000212009,0.011284633,0.005389293,0.000890296,0.000267304,0.011975148,0.005691285
1403,0.000577415,0.000146476,0.004498796,0.002437841,0.000535446,9.55E-05,0.006448677,0.002906507,0.000455625,0.000139471,0.004649661,0.001508897,0.000916928,0.000261688,0.007871804,0.003724986,0.000871619,0.000144789,0.011650223,0.003829097
1404,0.000709224,0.000119419,0.006580854,0.002459118,0.000378786,9.47E-05,0.006213319,0.002198225,0.000514849,8.90E-05,0.005000391,0.001585505,0.000997954,0.00018981,0.008266754,0.002652165,0.000600171,0.000110392,0.011129771,0.004825617
1405,0.000766936,7.60E-05,0.006332481,0.002262552,0.000489407,6.34E-05,0.005213769,0.001920227,0.000592135,0.000109598,0.00612503,0.001343959,0.001033547,0.00016986,0.010049068,0.003175723,0.000638041,0.000147593,0.010394064,0.005145399
1406,0.000619425,9.38E-05,0.004273656,0.001657932,0.000549309,6.34E-05,0.005217615,0.001785024,0.000558462,0.000153103,0.004922764,0.001522555,0.000778543,0.00015277,0.009088029,0.002328132,0.000692053,0.000119715,0.012474076,0.005062425
1407,0.000414235,9.84E-05,0.005935589,0.002055099,0.000387783,6.16E-05,0.004676715,0.001703115,0.00063405,0.000133839,0.003976697,0.002263829,0.00097697,0.000198649,0.012328845,0.004082999,0.000607815,0.000171586,0.010191011,0.004132592
1408,0.00027412,9.90E-05,0.007570052,0.002826733,0.00024899,9.29E-05,0.003292022,0.00163557,0.000715477,0.000161427,0.0040307,0.002260918,0.000961635,0.000289277,0.01282583,0.004420825,0.00084232,0.000231463,0.010366883,0.003991918
1409,0.000448951,9.70E-05,0.006762476,0.002502792,0.000231137,6.40E-05,0.002123465,0.001286511,0.000592813,0.000165744,0.004030948,0.002128985,0.002162496,0.0005048,0.015546491,0.003651324,0.000913221,0.000193819,0.008428279,0.002849737
1410,0.000611852,0.000101802,0.007037819,0.001826316,0.000264307,6.11E-05,0.002637695,0.001714022,0.000324338,0.000124312,0.005401708,0.002128114,0.002507757,0.000438895,0.011425542,0.002858935,0.000771135,0.0001463,0.006219037,0.002724739
1411,0.000497376,0.000122999,0.005043462,0.001912102,0.000282402,8.98E-05,0.003013266,0.001493745,0.000348518,0.000130746,0.004893297,0.001724476,0.001365913,0.000184534,0.008569457,0.002091149,0.000952728,0.00016577,0.009081129,0.00272631
1412,0.000488198,0.000130131,0.006157448,0.001961793,0.000359717,7.87E-05,0.003951566,0.000924774,0.000453742,0.000135467,0.004919734,0.00170406,0.000940145,0.000240135,0.01143887,0.003476545,0.000922994,0.000176372,0.009493109,0.002649142
1413,0.000554639,0.000164279,0.005509912,0.001541144,0.000411281,4.00E-05,0.00409203,0.000825469,0.000539954,7.64E-05,0.003282993,0.001646715,0.000661463,0.000287492,0.015432152,0.005635034,0.001057081,0.000221612,0.009373217,0.002603136
1414,0.000416168,0.000146027,0.004061488,0.001589532,0.000498643,6.31E-05,0.005882478,0.001604249,0.000559174,6.86E-05,0.003073661,0.001353771,0.001822287,0.000379883,0.018639635,0.004913263,0.001174159,0.000288452,0.009891935,0.004252484
1415,0.000331961,0.000168445,0.005372756,0.002539661,0.000542595,7.81E-05,0.004200954,0.001592553,0.000615338,4.78E-05,0.004571804,0.001707817,0.006107357,0.001046344,0.047836434,0.005110725,0.000728811,0.000228083,0.010838704,0.00554498
1416,0.000461118,0.000185328,0.00777817,0.003153576,0.000521513,7.63E-05,0.005094866,0.002172538,0.000560596,7.42E-05,0.006052307,0.002544352,0.00522297,0.000897873,0.03917558,0.004187695,0.00119022,0.00027114,0.014836186,0.006891331
1417,0.00057355,0.000147107,0.005735078,0.002288112,0.000324616,7.57E-05,0.006118452,0.002301001,0.000344465,8.36E-05,0.00496006,0.001946613,0.00107414,0.000268164,0.009438272,0.00342794,0.001420839,0.000275492,0.016675374,0.007001463
1418,0.000627219,7.63E-05,0.005701399,0.00152263,0.000330509,7.48E-05,0.005329458,0.001774309,0.000553355,0.000115182,0.004926721,0.001575788,0.000616275,0.000161949,0.004466553,0.002917895,0.001248059,0.00033143,0.011498571,0.005976089
1419,0.00089111,0.000110933,0.007515057,0.001727289,0.000346909,9.28E-05,0.004151932,0.001253292,0.000465088,9.28E-05,0.005146353,0.00203274,0.000553488,0.000148635,0.003273984,0.00190967,0.001184904,0.000464787,0.009678233,0.004146735
1420,0.00086103,0.000132495,0.007769921,0.002161524,0.000356305,7.54E-05,0.003473769,0.001407041,0.000508923,7.69E-05,0.004237474,0.001537837,0.000467295,0.000132854,0.004672198,0.001671147,0.00100978,0.000421362,0.015662808,0.007599121
1421,0.000577828,0.000134379,0.007037858,0.002275462,0.000339886,5.69E-05,0.003315754,0.000978669,0.000522463,6.65E-05,0.004670606,0.001415948,0.000511131,0.000129752,0.0081932,0.002203095,0.000768712,0.000375493,0.013672008,0.00711891
1422,0.000603999,0.0001078,0.007146995,0.002649088,0.000253016,4.48E-05,0.004075906,0.001005061,0.000396405,5.29E-05,0.004971207,0.001564155,0.000382232,0.000140505,0.007366086,0.001564662,0.000990806,0.000277205,0.009844123,0.005684761
1423,0.000338694,0.000112589,0.008960085,0.002888278,0.00020668,7.25E-05,0.003702755,0.001245843,0.000325438,6.69E-05,0.003718319,0.001426173,0.000639494,0.000141808,0.009703563,0.002631913,0.001061022,0.000232648,0.007556363,0.005107269
1424,0.000770317,0.000106426,0.022117489,0.005365493,0.000386873,4.49E-05,0.00417269,0.001576061,0.000414687,8.32E-05,0.004300909,0.001811845,0.000669467,0.000177282,0.008981611,0.002765324,0.000971656,0.000273752,0.008933032,0.004066171
1425,0.001018923,0.000126832,0.031494904,0.006925363,0.000505654,4.34E-05,0.00475833,0.001420182,0.00052868,0.000119337,0.006466544,0.002485437,0.000563819,0.000246971,0.008201287,0.003202221,0.000881613,0.000198831,0.010075597,0.003229022
1426,0.00106159,0.000193512,0.029628489,0.006499472,0.000412675,4.92E-05,0.00586036,0.00117967,0.00063893,0.000175244,0.010487651,0.003569394,0.000364889,0.000197114,0.006478906,0.002706367,0.000940777,0.000224171,0.010193452,0.003466838
1427,0.000928976,0.000184327,0.01403701,0.0033413,0.000392389,5.78E-05,0.006374613,0.001545434,0.000675619,0.000157788,0.016804091,0.004748983,0.000595725,0.000227527,0.006046279,0.002175294,0.001140286,0.000264727,0.009821905,0.002877474
1428,0.000837955,9.15E-05,0.016606809,0.004201585,0.00032966,6.37E-05,0.005064748,0.001431038,0.001341858,0.000223385,0.018400389,0.004731792,0.000713031,0.000254667,0.008297935,0.002267696,0.001476776,0.000358389,0.019778879,0.005555417
1429,0.00443537,0.000196678,0.089294391,0.021488974,0.0002257,8.36E-05,0.00221808,0.000988633,0.000995342,0.000174655,0.011537135,0.002572499,0.000673844,0.000241108,0.009757486,0.003314419,0.001481686,0.000462107,0.018209194,0.006126292
1430,0.007601666,0.000274498,0.167128004,0.039567248,0.000341428,0.000109048,0.003461212,0.001609972,0.000575784,0.000162268,0.006025973,0.002093548,0.001033082,0.000173498,0.009001282,0.002717191,0.001123839,0.000327674,0.013526334,0.003793403
1431,0.003892703,0.000153694,0.092799436,0.02120849,0.000321145,5.13E-05,0.004728847,0.001455527,0.000589762,0.000121472,0.003469982,0.001435279,0.000897544,0.000325886,0.008720884,0.003172017,0.000983781,0.000246515,0.011554023,0.00288805
1432,0.000821746,0.000200872,0.023637834,0.005614215,0.000312433,6.59E-05,0.004315527,0.001621579,0.000375151,0.000107953,0.004449102,0.001631355,0.000673001,0.000454354,0.007143712,0.003970622,0.00099179,0.000293305,0.014111639,0.003578685
1433,0.000833127,0.000197032,0.017539157,0.004515878,0.000406035,0.000105248,0.007683699,0.001825009,0.000402532,0.000129538,0.005669086,0.001926105,0.000464582,0.000244568,0.007517509,0.003078202,0.001298089,0.000363488,0.021906949,0.005248205
1434,0.000757846,0.000131289,0.017880225,0.004447987,0.000495105,0.000157622,0.015350867,0.0031367,0.000314362,0.000110758,0.006895541,0.002117515,0.000578634,0.000217424,0.006944323,0.003382153,0.003558972,0.000833897,0.047464282,0.007681532
1435,0.000497434,0.00010591,0.013877693,0.003244914,0.000294972,0.000298268,0.011541056,0.003503374,0.000374163,0.000117681,0.006940883,0.001862829,0.000601046,0.000201631,0.006336327,0.00233773,0.021417763,0.005157378,0.289163775,0.047556446
1436,0.000508622,0.000141186,0.008134508,0.001977224,0.000354858,0.000268935,0.009382682,0.003653303,0.000521625,0.000155685,0.005829063,0.001861956,0.000677319,0.000161088,0.007466026,0.001793912,0.03933448,0.010220904,0.477690701,0.079329891
1437,0.000450338,0.000165501,0.007841244,0.001766214,0.000367658,0.000142648,0.007531163,0.002810994,0.00046103,0.000160937,0.004135916,0.001483612,0.000624391,0.000172893,0.005993168,0.0019783,0.019939799,0.005524699,0.221853792,0.038507601
1438,0.000676661,0.000119857,0.008086331,0.001967952,0.000458754,7.30E-05,0.009243376,0.003101877,0.000325947,0.000112203,0.005197808,0.001147552,0.000702254,0.00014072,0.008404969,0.002633291,0.002113906,0.000637356,0.042754566,0.00996097
1439,0.000740324,0.000172905,0.00988654,0.002571364,0.000314708,7.37E-05,0.008273237,0.002724808,0.00048398,8.55E-05,0.007850764,0.001764979,0.000930266,0.000192762,0.008182762,0.001964967,0.000976015,0.000450498,0.026575145,0.006181034
1440,0.000559133,0.000161634,0.013495493,0.002814897,0.00032804,9.39E-05,0.006545731,0.001827213,0.000536087,9.95E-05,0.009649473,0.002556525,0.000553557,0.000192207,0.005178547,0.001423464,0.00131712,0.000356906,0.017528694,0.003698136
1441,0.000590276,0.000239565,0.010642007,0.002070208,0.000366011,0.000126844,0.004832369,0.001445743,0.000377641,0.000158628,0.005293966,0.001590852,0.000335657,0.00020619,0.005413043,0.001740224,0.000983783,0.000296302,0.014935529,0.003622653
1442,0.000886743,0.000381408,0.013209475,0.003986401,0.000278584,0.000100134,0.005601981,0.001328447,0.000503981,0.000151119,0.004848679,0.001096044,0.000460174,0.000162417,0.00537519,0.001932718,0.000861435,0.00035716,0.009591264,0.002537306
1443,0.000844804,0.000286509,0.022154809,0.006448129,0.000256957,7.37E-05,0.006592122,0.001682469,0.000409344,0.000105842,0.005407649,0.001669057,0.000598057,0.000136417,0.006482334,0.002188046,0.000853363,0.000386752,0.011961342,0.003205437
1444,0.000905047,0.000226366,0.01982652,0.004805088,0.000250675,8.17E-05,0.00604015,0.001227853,0.00050514,0.000109009,0.004152182,0.001246393,0.000545028,0.000158083,0.005510461,0.001684349,0.000554489,0.00033716,0.012821994,0.003250333
1445,0.001153184,0.00033175,0.027426953,0.006148787,0.0001866,0.000142261,0.005229173,0.001071584,0.000534544,0.0001196,0.005240091,0.001331116,0.000522654,0.000121833,0.003978773,0.001734781,0.000774553,0.00039685,0.013305764,0.003065643
1446,0.001242075,0.000584007,0.030115016,0.006340558,0.000226579,9.79E-05,0.003801761,0.000856746,0.000502142,0.000117079,0.005625889,0.001571818,0.000447886,0.000127268,0.006677236,0.002308582,0.000566778,0.000318475,0.013337795,0.003454976
1447,0.001205778,0.00055442,0.033486048,0.006652167,0.000359988,5.66E-05,0.004127851,0.000628014,0.00038616,6.94E-05,0.005180043,0.001611645,0.00046807,0.000185715,0.010311574,0.002759518,0.000664635,0.000338561,0.015047434,0.004377217
1448,0.00130847,0.000525603,0.030268066,0.006436252,0.00035729,3.13E-05,0.004755141,0.000739219,0.00032895,8.08E-05,0.004326254,0.001132284,0.000506908,0.00018961,0.009083935,0.002455951,0.000573166,0.000355084,0.013910515,0.004222468
1449,0.001351029,0.000541087,0.016992156,0.004179145,0.000307687,4.19E-05,0.007187428,0.001103926,0.000419227,0.00018252,0.004701886,0.000968917,0.000620457,0.000229529,0.009433821,0.002464865,0.00117279,0.000402387,0.009485579,0.002274518
1450,0.001007184,0.000380646,0.009808373,0.001914377,0.000378374,7.10E-05,0.007634984,0.001116294,0.00045272,0.000165492,0.005729605,0.001130645,0.000784949,0.000231919,0.01401766,0.003452565,0.001595626,0.000400831,0.009991341,0.001938946
1451,0.000851108,0.000234885,0.012926454,0.002115932,0.000708056,0.000109173,0.006422621,0.000807851,0.000395117,0.000106942,0.005704285,0.001007057,0.000551706,0.000242691,0.011480185,0.003658632,0.001952773,0.000470159,0.013452476,0.002824998
1452,0.000699037,0.000184737,0.013385268,0.002149346,0.000623308,0.000103638,0.004749964,0.000610065,0.000377027,9.40E-05,0.005366651,0.001008455,0.000519831,0.000294249,0.01462654,0.00452174,0.003062925,0.000638397,0.015230495,0.002669373
1453,0.000875567,0.000225774,0.012871276,0.001855333,0.000341384,0.00014294,0.005992414,0.001212937,0.000311612,0.000150847,0.006148217,0.001139316,0.000944736,0.000574809,0.042182941,0.010535322,0.003778167,0.000893847,0.020049385,0.003533306
1454,0.000799464,0.000232206,0.018753201,0.00298425,0.000299307,0.00017678,0.007890234,0.0019715,0.000354094,0.000161619,0.008364573,0.001587382,0.000965094,0.000695735,0.05009136,0.012998121,0.002972323,0.000786838,0.017765214,0.005057414
1455,0.000745798,0.000234308,0.016678436,0.002612721,0.000482509,0.000119328,0.007009308,0.001543263,0.000400744,0.000129331,0.006726286,0.001456151,0.000657619,0.000278465,0.017808006,0.004659577,0.001969209,0.000493249,0.019008491,0.004374961
1456,0.000828457,0.000354823,0.010851153,0.001650451,0.000419052,6.54E-05,0.004993222,0.000889812,0.0003922,0.000142534,0.003708633,0.000819652,0.000480777,0.000227925,0.013005518,0.002744422,0.001547868,0.00049683,0.019267778,0.004314729
1457,0.000712294,0.000317633,0.007078142,0.00096511,0.000250665,0.000129211,0.00405227,0.000754122,0.000376906,0.000153827,0.005909324,0.001082316,0.000606752,0.000193009,0.015214155,0.002808725,0.001399627,0.000309322,0.015391604,0.003443076
1458,0.000539276,0.000182172,0.013195856,0.002053935,0.000243386,0.000142446,0.005688762,0.000724803,0.00049535,0.000103731,0.00697022,0.001444966,0.000503966,0.000156608,0.018289249,0.003945158,0.001048025,0.000208807,0.015160065,0.002552654
1459,0.000800117,0.000238975,0.024064965,0.003592881,0.000201304,0.000142482,0.00539977,0.000780673,0.000460264,0.000119376,0.004796683,0.000966986,0.000569771,0.000124729,0.014440041,0.003061685,0.000963422,0.000313071,0.015953927,0.002913518
1460,0.001109811,0.00033585,0.025860411,0.004488137,0.00034641,0.000142246,0.007258361,0.001402917,0.000640092,9.43E-05,0.006483409,0.001208835,0.000795113,0.000163092,0.009963893,0.001695103,0.00114871,0.000355048,0.013375475,0.002654692
1461,0.001140537,0.000371887,0.047609443,0.007609141,0.000496683,0.00011899,0.010970744,0.001829877,0.000562839,0.000110887,0.008879362,0.001451405,0.000626604,0.00023193,0.00534871,0.001271302,0.001517464,0.000475331,0.013560556,0.002677652
1462,0.001830344,0.000791817,0.052221142,0.010121572,0.000452552,0.000164044,0.013951317,0.00167367,0.000458367,0.000201828,0.008201372,0.00136847,0.00034907,0.000159676,0.008602427,0.001612143,0.002608263,0.000338871,0.0105459,0.00270427
1463,0.002913333,0.00130809,0.059558087,0.017409142,0.000376073,0.000192011,0.012730335,0.001763441,0.000523618,0.000283712,0.01060035,0.001706779,0.000276766,0.00018808,0.009059102,0.001247903,0.001950142,0.000367232,0.008673368,0.001955308
1464,0.002350553,0.001029422,0.055247376,0.012816688,0.000444935,0.000181723,0.007187039,0.001187405,0.001010254,0.000395733,0.015632283,0.002855022,0.000507881,0.000207115,0.006971675,0.001337792,0.000964974,0.000368622,0.011169614,0.002039272
1465,0.001333206,0.000516917,0.03475507,0.005239079,0.000319408,0.000126831,0.008025493,0.00160535,0.001257158,0.000324376,0.013347747,0.002517886,0.000722897,0.000199622,0.008091526,0.001796346,0.00086774,0.000349513,0.012620593,0.002267196
1466,0.000780972,0.000124118,0.027082003,0.003691285,0.00025326,8.28E-05,0.009733872,0.001859014,0.000918914,0.000194869,0.011766841,0.002061209,0.000496928,0.000133896,0.008874104,0.001870441,0.000954969,0.000246353,0.010967285,0.002290994
1467,0.001217041,0.000294744,0.016949482,0.003383452,0.000463391,9.09E-05,0.008081953,0.001409279,0.000536813,0.000257571,0.009276852,0.002238344,0.000354188,0.000131401,0.012335243,0.001576249,0.001716847,0.000296843,0.011383337,0.002390857
1468,0.00108123,0.000362579,0.038655344,0.004702549,0.000654355,0.000205822,0.017831858,0.002564831,0.000473214,0.000243845,0.011039918,0.002319824,0.000224966,0.00014384,0.011201587,0.001576852,0.002066478,0.000306553,0.008142601,0.002637707
1469,0.000912007,0.00031382,0.041687987,0.004748998,0.001356563,0.000372884,0.037078606,0.004270999,0.000387532,0.000119416,0.010565329,0.001376196,0.000293928,0.00012083,0.009802508,0.001676974,0.001886126,0.000332569,0.007809284,0.002448324
1470,0.001022981,0.000448027,0.017330388,0.002213941,0.001975893,0.000277885,0.026788023,0.003296548,0.000410865,0.000113744,0.009707591,0.001419191,0.000384152,9.69E-05,0.007897242,0.001314994,0.001664502,0.000586409,0.008393688,0.00225271
1471,0.001005512,0.000394099,0.019454264,0.001769958,0.001102982,0.000285005,0.013879706,0.002154915,0.000490144,0.000141229,0.009275655,0.001567552,0.000425157,0.000154596,0.007229067,0.000716044,0.001578546,0.000681876,0.013021858,0.001892417
1472,0.000541844,0.000231662,0.022665773,0.001679469,0.000341158,0.000296884,0.010996913,0.00194459,0.000297699,9.97E-05,0.007335469,0.001345104,0.000409145,0.000146903,0.009239158,0.00102906,0.001194059,0.000433356,0.018150899,0.00183909
1473,0.000722961,0.000290717,0.018651694,0.001341029,0.000322851,0.000224942,0.008575908,0.001455458,0.000324755,0.00013281,0.005313226,0.000886919,0.000364737,0.0001254,0.010256167,0.001102392,0.001073821,0.000524244,0.017915081,0.002481578
1474,0.00042622,0.000220439,0.017276694,0.001157783,0.000490568,0.000188077,0.013420278,0.002223984,0.000437538,0.000205598,0.006009117,0.000582016,0.000466162,0.000150684,0.007797023,0.001253584,0.001059418,0.000547211,0.035147014,0.004598301
1475,0.000519985,0.000228769,0.019344742,0.001685748,0.000295197,0.000117806,0.01661037,0.002423735,0.000483315,0.000232964,0.009600365,0.000933604,0.000542598,0.000179322,0.006544268,0.000982276,0.002007363,0.001447486,0.104927283,0.012392252
1476,0.00075733,0.000317367,0.01829469,0.00180142,0.000161151,8.05E-05,0.012120437,0.001215177,0.000341279,0.000149034,0.00960458,0.000889628,0.000513592,0.000180496,0.006721757,0.000825777,0.003091637,0.002239883,0.122346902,0.015255962
1477,0.000664355,0.000266544,0.015586182,0.001428912,0.000357014,0.000115325,0.010398828,0.000904187,0.000358799,0.000152095,0.011091727,0.000879914,0.000379212,0.000154617,0.008780035,0.000768443,0.001802777,0.001216241,0.056897986,0.006553526
1478,0.001120609,0.000459102,0.030512434,0.002552938,0.000504938,0.000137846,0.011018912,0.001191414,0.000489225,0.000225287,0.011313413,0.001163275,0.000362432,0.000223375,0.010880252,0.000879808,0.000959663,0.000483804,0.021204751,0.002788594
1479,0.001490633,0.000868731,0.041621293,0.003401319,0.00046249,0.000139838,0.012722893,0.00117878,0.000558168,0.000197136,0.009529513,0.0012972,0.000244308,0.000214176,0.010938984,0.001262242,0.001240229,0.000494412,0.014921059,0.002903652
1480,0.001795845,0.00109485,0.031046519,0.003473539,0.000661646,0.000255426,0.012347368,0.001745651,0.000580255,0.00015547,0.008862991,0.001387362,0.000209977,0.000140637,0.007327844,0.00102358,0.001007049,0.000373404,0.012013613,0.001885399
1481,0.002276626,0.001329397,0.037968578,0.00512213,0.000505998,0.000292366,0.013943098,0.002055047,0.000671993,0.00020209,0.010542331,0.001352542,0.00031063,0.000100937,0.008823334,0.001207309,0.000540282,0.000218944,0.008878359,0.001590987
1482,0.002670976,0.001783949,0.029386646,0.004245041,0.00014697,0.000172269,0.014295705,0.001660897,0.000520314,0.000182663,0.008515929,0.001139573,0.000460709,0.000102488,0.009126106,0.001587614,0.00054214,0.000332187,0.008513873,0.001740248
1483,0.00305721,0.002078049,0.023326491,0.002881316,0.000193634,0.000197599,0.014792387,0.001874597,0.000505591,0.000172218,0.00646875,0.001008974,0.00045191,0.000162572,0.009367019,0.001707577,0.000409289,0.00028521,0.009768355,0.001830208
1484,0.001547047,0.001109699,0.023190427,0.001920693,0.000245346,0.000181907,0.011374545,0.001191871,0.000576499,0.000182555,0.010200513,0.00116051,0.000284987,0.000145063,0.012604729,0.001262954,0.000434655,0.000345997,0.010656981,0.001355455
1485,0.001148643,0.000815257,0.024054473,0.002868966,0.000280602,0.00016259,0.010641811,0.00133381,0.000493339,0.000318357,0.01291075,0.001181356,0.000393042,0.000121386,0.010072697,0.000457459,0.000575308,0.000345902,0.011303569,0.001485337
1486,0.001346271,0.00089302,0.027876499,0.003414247,0.00016228,0.000193519,0.010275867,0.001204229,0.000423884,0.000337255,0.011697193,0.001272822,0.000601579,0.000201407,0.008014592,0.000814951,0.000799511,0.000418012,0.008820585,0.001268454
1487,0.000899107,0.000687931,0.029340034,0.002633756,0.000245097,0.000262699,0.013959556,0.0017015,0.000594861,0.000299932,0.011132147,0.001559175,0.000621634,0.000234061,0.0090909,0.00146823,0.000817042,0.00051579,0.012941561,0.00139754
1488,0.000616119,0.00054863,0.02826311,0.002976023,0.000302304,0.000198865,0.013700152,0.001477515,0.000567308,0.000299107,0.007978112,0.000761661,0.000492719,0.00017122,0.012872796,0.001819404,0.000993417,0.00044376,0.013532111,0.001544538
1489,0.000612675,0.000508097,0.029972023,0.003228647,0.000443786,0.000165971,0.014256239,0.000990065,0.000473638,0.000212856,0.011502573,0.000971888,0.000653448,0.000259066,0.013030079,0.00176032,0.001093529,0.000484388,0.01741138,0.001827162
1490,0.001010953,0.000572035,0.033944091,0.002302535,0.000305003,0.000188269,0.014499355,0.001271774,0.000352349,0.000164324,0.011723377,0.001168763,0.000640966,0.000370751,0.013912438,0.001934076,0.001121654,0.000512568,0.020576588,0.001735645
1491,0.001099005,0.000537074,0.033681613,0.001705132,0.000342813,0.000173778,0.013723625,0.001172358,0.00024764,0.000186449,0.0085719,0.000983864,0.000730273,0.000415196,0.01629986,0.003570837,0.001111493,0.000500735,0.013142983,0.002180982
1492,0.000805969,0.000567327,0.024154064,0.003124788,0.000367607,0.00024205,0.01223426,0.001447232,0.000364947,0.00021735,0.008520967,0.000999291,0.001244477,0.000555101,0.023176337,0.005995271,0.001108438,0.000526505,0.011407565,0.001960152
1493,0.001841509,0.001042252,0.041431785,0.006590793,0.00045083,0.000167191,0.007651794,0.000959791,0.000445163,0.000204988,0.007903684,0.001050013,0.000727927,0.00026292,0.013038792,0.003267151,0.000950218,0.000467212,0.016826971,0.00182982
1494,0.004122957,0.002339051,0.086059895,0.014637817,0.000290626,0.000137635,0.006691996,0.000637496,0.0004131,0.000134776,0.005158934,0.000876114,0.000431874,0.000131528,0.006373999,0.00101098,0.000640661,0.000436702,0.014889308,0.001484679
1495,0.014853227,0.010931173,0.297609301,0.059817952,0.000631309,0.000213712,0.006907732,0.000493173,0.00029562,9.81E-05,0.00450465,0.000665374,0.00052,0.000216363,0.007439327,0.000925772,0.000711223,0.000384895,0.010216356,0.002041692
1496,0.073272568,0.04621158,1.54022557,0.289720882,0.000614749,0.00014032,0.006064271,0.000568482,0.00025856,0.000158982,0.004583859,0.000824978,0.000578624,0.000315266,0.009205513,0.000990871,0.000578603,0.00027785,0.009861693,0.002221944
1497,0.077278609,0.045372417,1.65701142,0.302739507,0.000481335,0.000137266,0.006610088,0.000700482,0.000504466,0.000226817,0.004839094,0.001112428,0.000479569,0.000305314,0.011291589,0.001173586,0.000390952,0.000275683,0.008847976,0.001242721
1498,0.019443322,0.010208742,0.411907873,0.07082026,0.000536381,0.000200474,0.012159927,0.001151492,0.000711871,0.000252464,0.005027238,0.001236726,0.000584286,0.000221006,0.006109396,0.001045261,0.000664855,0.000326792,0.007701026,0.001153118
1499,0.003604647,0.001908841,0.091347831,0.014936061,0.000424273,0.00027399,0.016195627,0.001652744,0.000679537,0.000262006,0.005220727,0.001354449,0.000675267,0.000166948,0.005769084,0.000892019,0.000741368,0.000374693,0.008344916,0.001616648
1500,0.002064411,0.001174434,0.045128356,0.008065999,0.000358628,0.000223158,0.011620235,0.001307152,0.000955078,0.000219144,0.005700978,0.00128876,0.00066747,0.000208562,0.00812456,0.001099676,0.000563282,0.00045537,0.013160511,0.001258835
1501,0.001078158,0.000447535,0.025179493,0.002793252,0.000370169,0.000269116,0.007649542,0.00095788,0.00116339,0.000585648,0.009043218,0.002059603,0.000640289,0.000297613,0.007291204,0.00153606,0.000619072,0.000487474,0.013247862,0.001178142
1502,0.000885287,0.000846425,0.020678367,0.002824538,0.000520689,0.000304599,0.011017353,0.001284807,0.000666299,0.000578896,0.008377973,0.001507881,0.000554278,0.000287853,0.005458597,0.001280226,0.000677063,0.000528436,0.008826833,0.001623611
1503,0.001277486,0.001183412,0.016962404,0.002275876,0.001105929,0.000747819,0.026368724,0.002051679,0.000555898,0.000302285,0.007020616,0.001294393,0.000475117,0.000236897,0.004054818,0.000771456,0.000969177,0.000600482,0.011388359,0.002094867
1504,0.000608927,0.000713599,0.014806416,0.002057786,0.001567617,0.000981082,0.046608715,0.001976152,0.000673705,0.000315391,0.00680028,0.001741434,0.000453618,0.000164052,0.003969123,0.001158354,0.000682707,0.000517494,0.008988192,0.001767626
1505,0.00075813,0.00069592,0.01097375,0.001204269,0.001104782,0.000528841,0.039883823,0.001848224,0.000643378,0.000296355,0.004377927,0.001349968,0.000545704,0.000190824,0.00689567,0.001336174,0.000704876,0.000480996,0.007507976,0.001866834
1506,0.001008325,0.000660133,0.006979358,0.001386986,0.000765226,0.000576521,0.020709324,0.002025522,0.000643579,0.000230445,0.003318479,0.000864497,0.00048102,0.00025587,0.006944015,0.001502641,0.000939343,0.000812893,0.010681215,0.001813571
1507,0.000900923,0.000532573,0.019724353,0.002330356,0.000689439,0.000608674,0.009583534,0.001846268,0.000649699,0.000276697,0.003863652,0.000729012,0.000600573,0.000262159,0.004227224,0.001205124,0.000932238,0.000767324,0.010135016,0.001848911
1508,0.001366041,0.001402062,0.018170502,0.001987188,0.000443848,0.000403678,0.008054184,0.001782831,0.000596225,0.000314576,0.005235071,0.001183616,0.000960942,0.000365387,0.004223568,0.001109865,0.000747108,0.000669223,0.005575721,0.001039911
1509,0.001892564,0.002381397,0.010121769,0.001499884,0.000718635,0.000363942,0.009567702,0.00139754,0.000570953,0.0002514,0.00577991,0.001199658,0.000716479,0.000426759,0.004992904,0.001378856,0.000520976,0.000533733,0.007689343,0.001052714
1510,0.003005654,0.004055464,0.010910306,0.001989809,0.000867685,0.000369017,0.01049363,0.001329989,0.000632143,0.000349525,0.00475862,0.000834944,0.000512081,0.000280193,0.006446236,0.001891101,0.000395973,0.000407431,0.008877091,0.001281401
1511,0.003417366,0.004083326,0.009502677,0.00197836,0.000653705,0.000407962,0.011123929,0.001383156,0.000615345,0.000377215,0.004146729,0.000872254,0.000493094,0.000299906,0.007905384,0.002053382,0.000508729,0.000559074,0.008361995,0.001704593
1512,0.002671023,0.002940888,0.019111364,0.002184728,0.000861884,0.000484212,0.009098433,0.001139955,0.00054369,0.000335084,0.005532571,0.001167784,0.000411911,0.000294982,0.005828233,0.002087498,0.000851287,0.000671392,0.009472236,0.001836285
1513,0.001874414,0.002056613,0.019046152,0.003091234,0.000597881,0.000397364,0.007311783,0.001191799,0.000502885,0.000416347,0.004590161,0.001418666,0.000519812,0.000344921,0.00386216,0.001368767,0.00091118,0.00064584,0.012374121,0.002272898
1514,0.002188327,0.00177373,0.022541638,0.003241617,0.00061257,0.000450968,0.00642852,0.001580225,0.000404748,0.000410024,0.00540482,0.001529804,0.000581633,0.000378365,0.004708464,0.001362749,0.000922614,0.000713466,0.011047842,0.002639012
1515,0.002513567,0.001715704,0.018948392,0.002767993,0.000671334,0.000432225,0.00698322,0.001387337,0.000613894,0.000438591,0.005451818,0.001256512,0.000567682,0.00036438,0.005388071,0.001426057,0.001098342,0.000850827,0.018557751,0.003285004
1516,0.00208898,0.001650366,0.015555388,0.002762029,0.000610014,0.000415593,0.007520824,0.001001452,0.000769058,0.000440785,0.00417108,0.000854298,0.000421419,0.000320212,0.005037198,0.001256377,0.001482438,0.001191625,0.025130633,0.002754916
1517,0.000915475,0.000893937,0.016040886,0.002776215,0.000519351,0.000619842,0.008514404,0.001987746,0.000784219,0.000402737,0.003088278,0.001253667,0.000527086,0.000290929,0.00403478,0.001416674,0.001472062,0.00122496,0.012751958,0.001394715
1518,0.001141334,0.001170911,0.010131794,0.001427574,0.000562661,0.000527115,0.011308306,0.002925984,0.000869076,0.000596711,0.004204241,0.001765067,0.000505547,0.000285207,0.0038329,0.001127829,0.001125578,0.00097962,0.008912598,0.002575199
1519,0.001327387,0.00137308,0.009168861,0.001033103,0.000667781,0.000695193,0.008712829,0.002216443,0.000595484,0.000393588,0.003815544,0.00137383,0.000352553,0.000342644,0.006444969,0.001082426,0.000737328,0.000487116,0.007312322,0.001857453
1520,0.001194656,0.001103711,0.008130593,0.001655846,0.000627451,0.000606846,0.007336043,0.001820461,0.00048767,0.000335377,0.004701915,0.001105233,0.000434949,0.000349032,0.006389036,0.001379753,0.000783166,0.000602403,0.003652269,0.001328262
1521,0.000910661,0.000908209,0.01018729,0.001743886,0.001137721,0.001172902,0.008706846,0.001002772,0.000377743,0.000353604,0.005931112,0.000780282,0.000435826,0.000354188,0.005616864,0.001257162,0.000855087,0.000691601,0.002978414,0.001262908
1522,0.001286123,0.001387296,0.011136822,0.00146428,0.000898889,0.00096121,0.007801874,0.001122219,0.000362337,0.000330713,0.005944691,0.000865827,0.000517222,0.00046498,0.005630108,0.001309723,0.000975314,0.000808778,0.00253434,0.001543638
1523,0.001922829,0.001999949,0.008884371,0.00152736,0.000537995,0.000507062,0.007229563,0.001312526,0.000498722,0.000327385,0.005253787,0.001162814,0.000676971,0.000527495,0.005029759,0.00146568,0.000996747,0.000926243,0.003086331,0.001570658
1524,0.002159873,0.002098898,0.013981869,0.001927597,0.000891495,0.000934081,0.004221279,0.001656474,0.000572768,0.000445279,0.00433527,0.001428492,0.000657256,0.000506321,0.004102872,0.001042175,0.00084886,0.000755268,0.005435434,0.001259642
1525,0.002075073,0.002140166,0.01250165,0.001975713,0.000816466,0.00096359,0.00488627,0.001427739,0.000449864,0.000456063,0.003760083,0.001180374,0.000451876,0.000384027,0.003933366,0.001189608,0.000842354,0.000744089,0.004555717,0.00099469
1526,0.002073323,0.00235695,0.014261954,0.003490546,0.000536691,0.000724297,0.005197295,0.000899665,0.000609428,0.000786744,0.003558718,0.001514449,0.000367297,0.000411278,0.004191015,0.001449552,0.000861927,0.000737775,0.002335318,0.001347942
1527,0.001533245,0.001974402,0.015781846,0.005425891,0.000697207,0.000739803,0.003769365,0.001147956,0.000682023,0.000851595,0.002334882,0.00122722,0.000549599,0.00053464,0.004072272,0.001480729,0.000550949,0.000593982,0.003636126,0.000975194
1528,0.00198046,0.00235618,0.017251904,0.004431225,0.001193597,0.00125082,0.002740002,0.001357516,0.000759224,0.000812012,0.00230806,0.00070867,0.000431905,0.00045245,0.005540099,0.00168759,0.000398819,0.000659174,0.004441266,0.001376258
1529,0.003601167,0.003270756,0.029169064,0.004661916,0.00081156,0.000995333,0.004657167,0.000894434,0.000830507,0.000834223,0.003456368,0.000761322,0.000866797,0.001363966,0.011350639,0.001926399,0.000466326,0.000649654,0.004814206,0.001748461
1530,0.004733999,0.003701383,0.050778646,0.006857136,0.000509606,0.000606231,0.007919556,0.001195577,0.000897701,0.000968502,0.00439079,0.001082289,0.001632538,0.002871267,0.021549272,0.002249567,0.000618508,0.000673701,0.005974496,0.001896898
1531,0.002862327,0.002560979,0.032835816,0.004450537,0.000732411,0.00070523,0.006222003,0.00106102,0.000853564,0.00096955,0.004437518,0.000906132,0.001129185,0.002004088,0.014351339,0.002037841,0.000730697,0.000789005,0.005453378,0.001888013
1532,0.002128649,0.002372114,0.015362696,0.002495307,0.001172798,0.001169035,0.006420359,0.001390207,0.000791986,0.001053203,0.004864448,0.001124113,0.000567948,0.00074693,0.006477724,0.001695697,0.000669653,0.000905897,0.00545396,0.002177357
1533,0.002921942,0.003163853,0.015933677,0.003038656,0.00132609,0.001407347,0.005126406,0.001480358,0.000924382,0.000911558,0.00496774,0.001435865,0.000631565,0.000790401,0.005415587,0.002104483,0.000674299,0.00076658,0.004947254,0.001874376
1534,0.002076972,0.002260447,0.013185268,0.003094264,0.001435559,0.001498052,0.006586579,0.001452139,0.001080928,0.000890222,0.00568371,0.001468215,0.000531777,0.000629597,0.005797711,0.002095695,0.000441334,0.00046345,0.006376708,0.001735736
1535,0.001942912,0.002282276,0.008524034,0.002474803,0.001758698,0.001832598,0.007911994,0.00199069,0.00134747,0.001184706,0.005308031,0.001854935,0.000826946,0.000819275,0.005827155,0.002204593,0.000918722,0.001015038,0.004652145,0.001597555
1536,0.002328444,0.002419939,0.010937292,0.003197793,0.002373156,0.0026957,0.005790787,0.001901194,0.00162942,0.000954997,0.009598821,0.002476531,0.001145813,0.00105043,0.004129062,0.00178211,0.001238972,0.001541236,0.005046431,0.001452043
1537,0.002650512,0.002752532,0.013066138,0.002662016,0.001953023,0.002031563,0.011264768,0.001328738,0.003117425,0.000961585,0.009861287,0.003699239,0.000771927,0.000640927,0.004603715,0.002087652,0.000886065,0.001248341,0.006207781,0.00145893
1538,0.002684131,0.003431938,0.011491014,0.001789035,0.001808388,0.001694249,0.018216435,0.003535894,0.004912963,0.001910603,0.00759879,0.004090471,0.001003501,0.000896661,0.005476231,0.001981671,0.0008047,0.000931982,0.005123159,0.001304392
1539,0.002985735,0.003693264,0.00894372,0.001616699,0.002438265,0.00257565,0.027537587,0.007709679,0.003700212,0.002218731,0.0056286,0.002926939,0.00076905,0.000763293,0.004278956,0.001289482,0.001159759,0.001089652,0.003342676,0.001105002
1540,0.003133495,0.00349229,0.006973273,0.001668304,0.002882766,0.003563199,0.020971648,0.005883514,0.002387361,0.00245883,0.005496616,0.001539657,0.000657888,0.000650125,0.003677517,0.001550694,0.001205079,0.001311783,0.003094,0.000947744
1541,0.002985559,0.003281981,0.008158396,0.001479587,0.002997915,0.003155624,0.015909461,0.003402519,0.001518914,0.002019179,0.005766238,0.001590233,0.000830276,0.000660699,0.004811331,0.002157541,0.001132936,0.00119278,0.003710133,0.001546932
1542,0.004800275,0.004936941,0.010974465,0.002372649,0.002664564,0.002452054,0.012804017,0.002521101,0.001321448,0.001463503,0.005062772,0.001353365,0.000737446,0.000503416,0.003858454,0.001611189,0.001123484,0.00093811,0.003998217,0.00164172
1543,0.005544552,0.005690174,0.011836594,0.002060963,0.002016095,0.001856052,0.01523562,0.001859614,0.001500456,0.001637621,0.003781078,0.001318884,0.000926656,0.00089991,0.0049455,0.001703592,0.001339901,0.000962766,0.00454553,0.001357685
1544,0.005609143,0.005705582,0.012200711,0.001763758,0.002625449,0.002275392,0.015383188,0.002600345,0.001404069,0.001223352,0.002936111,0.001293196,0.001268972,0.00126332,0.005701818,0.002147439,0.001720686,0.001438133,0.003149706,0.001019306
1545,0.006283036,0.005998558,0.011481026,0.001743925,0.002681361,0.002317542,0.010430671,0.002166772,0.001132001,0.000906862,0.003007492,0.001282762,0.001185078,0.001092494,0.004949144,0.002286781,0.001284878,0.001238466,0.003046911,0.001297367
1546,0.005506057,0.004970815,0.01071032,0.002050477,0.001629627,0.001479622,0.008565751,0.00189402,0.001248172,0.001061922,0.003700863,0.001631246,0.001466323,0.001109845,0.003676046,0.001934205,0.001741495,0.001428733,0.003440682,0.001083092
1547,0.007467542,0.006669622,0.015872295,0.001636148,0.001459059,0.001450018,0.009518388,0.001805223,0.001043989,0.000900567,0.002993568,0.001893911,0.001545494,0.001130221,0.004210095,0.002474124,0.001780543,0.001410871,0.002638103,0.001032156
1548,0.006093341,0.005361452,0.013654532,0.00188857,0.001480679,0.00144132,0.004916359,0.001409955,0.000831562,0.000689666,0.002595281,0.00197576,0.001147035,0.000856258,0.003681105,0.002173267,0.001729084,0.001515234,0.002732097,0.00114007
1549,0.002686561,0.002585719,0.012328581,0.002702702,0.001325518,0.001227123,0.003487723,0.001427584,0.000805252,0.00071443,0.003613539,0.001856299,0.000653234,0.000711401,0.003066989,0.000971457,0.001341632,0.001182372,0.004119926,0.001620996
1550,0.002451959,0.002092329,0.014450745,0.002424213,0.001243131,0.001103529,0.003868853,0.001572696,0.00123123,0.001041387,0.002976416,0.001440023,0.000523226,0.000594037,0.003624916,0.00090993,0.001223815,0.001215276,0.004555778,0.001995285
1551,0.003274178,0.002669667,0.006640676,0.001503837,0.001160995,0.000901864,0.007659686,0.00229862,0.00119311,0.000975714,0.003684026,0.001738806,0.001083776,0.000720373,0.005416697,0.001638379,0.001366702,0.001171139,0.004166566,0.00211812
1552,0.00383956,0.003016666,0.004253979,0.00144471,0.001254623,0.001140833,0.008072455,0.001911706,0.000802656,0.000612926,0.003063185,0.001566323,0.001165175,0.000878738,0.007165611,0.002519668,0.001567201,0.001427606,0.003581827,0.001722592
1553,0.002974593,0.002485796,0.004962005,0.001957166,0.0012003,0.001200636,0.006251248,0.001429088,0.000929409,0.000620177,0.002939725,0.00162923,0.000839898,0.000854361,0.005235616,0.001993425,0.001715454,0.001352536,0.003259169,0.002255104
1554,0.002288357,0.001890222,0.005993581,0.001544962,0.002469355,0.00200506,0.003891671,0.001776427,0.001480691,0.001109645,0.002937607,0.001537866,0.001388142,0.001104108,0.003139586,0.001634406,0.002174762,0.001461192,0.003648024,0.002945749
1555,0.002780866,0.002317756,0.007613285,0.002212721,0.002418011,0.001877795,0.006975596,0.001841785,0.001352396,0.001111721,0.003054185,0.001371446,0.00132018,0.000917166,0.003547094,0.001728092,0.002416532,0.002101736,0.007002027,0.005148024
1556,0.002641961,0.002396974,0.006053366,0.002264496,0.001928156,0.001426925,0.008904073,0.0012723,0.001593265,0.001235395,0.002314286,0.000923981,0.000862995,0.000486599,0.003405072,0.001856275,0.002544226,0.002277214,0.009143793,0.007403482
1557,0.003115732,0.002453351,0.005682111,0.002129918,0.002525888,0.001834638,0.006580246,0.0031449,0.001813259,0.001430804,0.003028871,0.001471769,0.000758554,0.000715253,0.003919718,0.002343023,0.001491621,0.001293328,0.005195825,0.004136445
1558,0.002844435,0.002142718,0.00366347,0.002659163,0.003139251,0.002551668,0.007484965,0.003934604,0.001127016,0.000975468,0.00354424,0.001649013,0.000754786,0.000641196,0.005067121,0.002974244,0.001287135,0.00111038,0.003710216,0.00242329
1559,0.001186949,0.000961193,0.003991471,0.002442864,0.004430046,0.003500768,0.008880905,0.004300963,0.000747833,0.000538952,0.003720115,0.001486697,0.000669344,0.000585733,0.005609892,0.003133589,0.001521146,0.001221996,0.002646908,0.001420074
1560,0.000787953,0.000739736,0.00842466,0.002351013,0.003054714,0.002346174,0.008637626,0.003967575,0.000835701,0.000591912,0.004106583,0.001656153,0.000776446,0.000636537,0.00372048,0.002187389,0.001244476,0.000964489,0.003890014,0.002221717
1561,0.001513207,0.001010474,0.016870971,0.004497959,0.002129865,0.001600147,0.006769169,0.003059188,0.001409931,0.001064805,0.003270255,0.002015591,0.000798868,0.000702956,0.003014454,0.001913606,0.000926168,0.00072835,0.003728331,0.002106131
1562,0.006063122,0.003799705,0.055489972,0.012353137,0.002217519,0.001722191,0.005851354,0.004017623,0.001147809,0.000929117,0.002966894,0.00156267,0.000726722,0.000603224,0.003597091,0.0016511,0.000818487,0.000719061,0.002793881,0.001845638
1563,0.008668984,0.005318248,0.081861736,0.021334066,0.001686355,0.00125622,0.004679107,0.002099149,0.000757469,0.000626047,0.003512556,0.001025218,0.000637512,0.00043967,0.003719776,0.001610019,0.00114568,0.000752629,0.004005165,0.002118543
1564,0.004030106,0.002555948,0.035667934,0.010926491,0.000822062,0.00059498,0.005032151,0.001570104,0.000660372,0.00058292,0.00247093,0.001026534,0.000631866,0.000355544,0.003442714,0.001907033,0.001143052,0.000871182,0.003629381,0.002306224
1565,0.001437431,0.000966074,0.007637874,0.002450112,0.001341182,0.001037787,0.006776489,0.001595857,0.000860929,0.000649335,0.002187801,0.001382476,0.000875438,0.0005431,0.004454622,0.002340819,0.000918787,0.000786668,0.004919286,0.003209374
1566,0.001078157,0.000661804,0.009928658,0.002627053,0.00172017,0.001233487,0.010135562,0.004434318,0.001043916,0.000667856,0.002663869,0.001588591,0.000868236,0.000516606,0.003819325,0.002118026,0.000937078,0.00058836,0.004570842,0.002978257
1567,0.001100781,0.000703673,0.012834878,0.003291591,0.000996012,0.000743116,0.00670646,0.004247424,0.001096178,0.000647906,0.002992309,0.001720484,0.001019527,0.000483285,0.00540232,0.002577858,0.000797097,0.000497542,0.003219952,0.001438589
1568,0.00089534,0.000659303,0.011003031,0.003546618,0.001121279,0.000675683,0.004397991,0.004173183,0.00082041,0.000504861,0.002541244,0.001988421,0.002294438,0.001269981,0.007094508,0.004353647,0.000724971,0.000530311,0.004922674,0.001909782
1569,0.000884714,0.000576305,0.010064058,0.002782883,0.001636807,0.000934164,0.008717073,0.005705954,0.000437457,0.000267043,0.002032922,0.002027898,0.002232819,0.001282475,0.005812578,0.004477077,0.000728539,0.000509702,0.004856785,0.001994897
1570,0.00072735,0.000399949,0.007513194,0.002096065,0.001630499,0.001190082,0.010681632,0.003972809,0.000688705,0.000466429,0.001722201,0.001773447,0.000958435,0.000620283,0.004565121,0.002768792,0.000542501,0.000520098,0.003739813,0.00181848
1571,0.000841489,0.000511012,0.006827878,0.002882191,0.00217964,0.001663309,0.007899809,0.003362985,0.00065448,0.000422664,0.002408064,0.002219167,0.000639529,0.00041063,0.003664218,0.002175786,0.000416034,0.000397547,0.002097756,0.001675065
1572,0.000855393,0.000663065,0.006443361,0.002669559,0.002428422,0.001494416,0.021644974,0.009968645,0.00078545,0.000398204,0.005683367,0.003141394,0.0006496,0.000375737,0.003233179,0.001986478,0.000546923,0.000363457,0.00192962,0.001341239
1573,0.00070066,0.000597722,0.004887399,0.00217518,0.011374818,0.005451544,0.119485157,0.057460375,0.000903518,0.000576802,0.011277496,0.003866722,0.000510787,0.000348717,0.003698051,0.00225079,0.000463548,0.00037539,0.002512671,0.001109391
1574,0.000594959,0.000521819,0.004455222,0.001868243,0.032643114,0.019105789,0.32211682,0.158115281,0.001222107,0.001046893,0.018456127,0.006124246,0.0007326,0.000493242,0.00365428,0.002181299,0.000479281,0.000359953,0.003746658,0.001955141
1575,0.000699258,0.000600094,0.003502005,0.001616456,0.04441557,0.030509809,0.436494138,0.230068598,0.001396424,0.000934127,0.013758437,0.005169488,0.000659853,0.000487242,0.003382014,0.002450583,0.000504026,0.000499473,0.003605791,0.001593822
1576,0.000709433,0.000653061,0.005108435,0.002428112,0.038817377,0.027489252,0.337073445,0.179044691,0.001054087,0.000518352,0.004551515,0.00262789,0.000465652,0.000305479,0.00365543,0.002418613,0.000513242,0.000417269,0.002439254,0.001183649
1577,0.0004066,0.000317438,0.006443027,0.002348106,0.028578013,0.02027619,0.215216368,0.118599753,0.000631989,0.00036519,0.003920757,0.0023078,0.00043677,0.000224442,0.00492166,0.003188733,0.000509592,0.000252512,0.002497931,0.001610336
1578,0.000484938,0.000312828,0.00612297,0.002465644,0.021854352,0.014425027,0.145075808,0.080777339,0.000625518,0.000453713,0.003835097,0.002657902,0.000478157,0.000307138,0.005477706,0.003881345,0.000381892,0.000209612,0.003316924,0.001962254
1579,0.000544709,0.000317823,0.004308178,0.002389993,0.016439679,0.009702989,0.112963822,0.06170525,0.000660755,0.000577921,0.004237429,0.002637441,0.000511653,0.000340463,0.003588901,0.002776675,0.000384092,0.000284455,0.003798739,0.00261569
1580,0.000455347,0.000371471,0.003864596,0.002570255,0.014613066,0.008750849,0.101568967,0.05595038,0.001097593,0.000597354,0.005207619,0.002575425,0.000606805,0.00040132,0.002125952,0.001726484,0.000486945,0.000281473,0.003520232,0.002691549
1581,0.000625285,0.000462274,0.003646453,0.001901031,0.011789413,0.006327281,0.081780923,0.042699919,0.001346114,0.000607057,0.005808187,0.003490779,0.000848948,0.000370056,0.001839274,0.001971062,0.00066533,0.000359007,0.003477236,0.002550629
1582,0.000768406,0.000516809,0.00663775,0.002403511,0.008574428,0.004588499,0.069274137,0.036001877,0.000759032,0.000313608,0.004956636,0.003232353,0.000818615,0.000303827,0.001338446,0.001799984,0.00058537,0.000455407,0.002680083,0.001957913
1583,0.000830344,0.00064094,0.008146949,0.004420747,0.006608893,0.003232613,0.049554643,0.024949148,0.000563474,0.000567203,0.003740961,0.002541462,0.000691045,0.000357322,0.002958449,0.003058674,0.000542858,0.000363728,0.00368781,0.00242771
1584,0.000570444,0.000537737,0.00507723,0.004565766,0.004484639,0.001928448,0.044737575,0.020096035,0.000562969,0.000613994,0.003266298,0.003163667,0.000650783,0.000447969,0.004107422,0.003870381,0.000313359,0.000247739,0.004230702,0.002374174
1585,0.000756426,0.000532093,0.003858147,0.002747248,0.003558167,0.001814653,0.034266391,0.017398171,0.000555103,0.000365426,0.002278657,0.002052446,0.000579185,0.000493346,0.003655987,0.003108383,0.000374318,0.000278646,0.00301595,0.001903189
1586,0.000683795,0.000533112,0.004238425,0.002923225,0.003503513,0.001614285,0.024017396,0.011714206,0.000819285,0.000493768,0.003286486,0.002843438,0.000728498,0.000562382,0.002245365,0.002069184,0.000581185,0.000371252,0.003369966,0.00217274
1587,0.000700486,0.000563303,0.005667862,0.00327876,0.002152451,0.000434147,0.024313063,0.010571255,0.000837375,0.000647758,0.005687065,0.004660041,0.000816796,0.000510602,0.003672845,0.003535049,0.000555467,0.000400504,0.003498053,0.002379297
1588,0.000578615,0.000602521,0.006698058,0.004167096,0.001543552,0.000788778,0.023787091,0.01073525,0.000808726,0.000666024,0.007066752,0.006121766,0.000603754,0.00032239,0.003143984,0.002570503,0.000566528,0.000553796,0.003234124,0.002890643
1589,0.000404285,0.000563706,0.006697981,0.003745613,0.002025799,0.001044036,0.01518459,0.007121087,0.000765197,0.000649661,0.005639541,0.004337263,0.000400152,0.000335476,0.002820351,0.002028467,0.000659828,0.00052726,0.003945951,0.003282842
1590,0.000486073,0.000549753,0.005229205,0.003482476,0.001680676,0.001224604,0.01780952,0.008925955,0.000463343,0.000456378,0.003490208,0.003089565,0.000642206,0.000542085,0.002859997,0.002928278,0.00058324,0.000463984,0.003602925,0.00377267
1591,0.000530002,0.000500707,0.003164505,0.003752817,0.00168485,0.000655949,0.014741718,0.007222325,0.00034724,0.000555289,0.004192386,0.005597757,0.000774334,0.000528265,0.002698244,0.003386271,0.000622854,0.000336291,0.002975205,0.003073832
1592,0.000736616,0.000671708,0.003356062,0.003012232,0.001214908,0.000689621,0.010031633,0.004801418,0.000523419,0.000531024,0.004690536,0.005401871,0.000625269,0.000346932,0.003361777,0.003373738,0.000579727,0.000453083,0.003065907,0.002496927
1593,0.000794218,0.000925506,0.008447406,0.005246956,0.001070747,0.001128046,0.013655041,0.005913837,0.000603786,0.000447637,0.00395626,0.003501785,0.000553531,0.000396554,0.004251958,0.003207822,0.00058958,0.000504528,0.002784721,0.002470831
1594,0.001438725,0.001514754,0.016185608,0.011094249,0.001031932,0.001174905,0.013360447,0.005362611,0.000783814,0.000532258,0.003826314,0.003609727,0.000622966,0.000428885,0.00375053,0.003277677,0.000465535,0.000444821,0.003222722,0.002390685
1595,0.003045467,0.002653677,0.041058615,0.025446991,0.000515346,0.000671765,0.005358222,0.004041573,0.000675692,0.000575495,0.00315804,0.003536251,0.001029363,0.000653156,0.003767702,0.00386191,0.001120794,0.00070871,0.005152028,0.005095637
1596,0.007552835,0.005977425,0.122515432,0.05910605,0.000424598,0.000561532,0.007026369,0.004205772,0.000518956,0.000530438,0.004365463,0.00364721,0.000756621,0.000531163,0.002203902,0.002390119,0.001115595,0.000608997,0.003698933,0.005009089
1597,0.00754656,0.005832264,0.103730419,0.050217687,0.000972028,0.000517789,0.004424295,0.003399741,0.000639725,0.000412835,0.004984755,0.003441303,0.000541108,0.000418229,0.002336237,0.002516709,0.000655198,0.000604899,0.004100629,0.003660924
1598,0.004767637,0.002946706,0.02881982,0.021434855,0.000660382,0.000543696,0.004983225,0.00290912,0.000767203,0.000261562,0.002880747,0.003154517,0.000661294,0.000463378,0.002999361,0.002949399,0.000520236,0.000472854,0.002592923,0.002456983
1599,0.002281408,0.001802646,0.014621949,0.011745941,0.00071726,0.000609518,0.006844284,0.003697714,0.00073902,0.000378405,0.003215612,0.003113158,0.0006551,0.000473119,0.003757369,0.002822567,0.000652725,0.000583184,0.003206355,0.002821205
1600,0.002118209,0.001912833,0.013606635,0.013098652,0.000838532,0.000659744,0.006189623,0.003960503,0.000903099,0.000502374,0.004779429,0.003542318,0.000408559,0.000362881,0.003540753,0.002824582,0.000479317,0.000437595,0.002739473,0.001984116
1601,0.002231539,0.001880237,0.010391399,0.011868853,0.000864523,0.00078505,0.004986987,0.003388306,0.000714407,0.000552795,0.004686361,0.003755202,0.000741232,0.000481589,0.003889249,0.003286883,0.00056016,0.000389535,0.002365516,0.001894402
1602,0.001451306,0.001288744,0.008014298,0.008305807,0.000685988,0.000646227,0.003691287,0.002921525,0.00085852,0.000628299,0.004150833,0.003823439,0.000882101,0.000489195,0.00487346,0.003614044,0.000562772,0.000280803,0.002068985,0.001640095
1603,0.00067909,0.000791593,0.005876164,0.004896642,0.001055968,0.000964143,0.004316864,0.003394068,0.000954653,0.000600949,0.004312199,0.003055026,0.000653209,0.000411707,0.003488532,0.002856293,0.000625667,0.00030982,0.001776315,0.001856182
1604,0.000825704,0.000913021,0.004995946,0.003947683,0.0011311,0.001178698,0.006592361,0.004326424,0.001063028,0.000563129,0.003464316,0.003283963,0.000604626,0.000495438,0.001494196,0.002319963,0.000589837,0.000390608,0.003290093,0.002715518
1605,0.001035311,0.001055929,0.005614133,0.004155373,0.000797218,0.00069299,0.008143204,0.003789966,0.001009818,0.000702514,0.004116684,0.00346077,0.001028174,0.000684909,0.002742118,0.004226403,0.000585271,0.000484303,0.003441608,0.003254373
1606,0.00074882,0.000786916,0.004014478,0.003867882,0.00080734,0.000517779,0.004850327,0.003259204,0.000809901,0.000490925,0.002986485,0.001830921,0.002328171,0.002603405,0.00527962,0.014346088,0.000590394,0.000439414,0.002559352,0.002280659
1607,0.000762876,0.000776703,0.003073328,0.004310325,0.001019415,0.001072724,0.008041247,0.004824746,0.000548104,0.000469332,0.005449641,0.002338641,0.002328443,0.003344551,0.007047188,0.018918814,0.000563431,0.000386289,0.002617301,0.002213421
1608,0.000791828,0.000571838,0.003437126,0.00292525,0.00182298,0.001930785,0.01318884,0.008493496,0.000828536,0.00097955,0.008235387,0.00473184,0.000968499,0.001201733,0.004753537,0.008107952,0.000481419,0.000421985,0.003380715,0.002863899
1609,0.000606955,0.00037554,0.003999134,0.002016028,0.002315979,0.002103072,0.008997922,0.008204981,0.000978553,0.001145336,0.008622903,0.004741571,0.000627786,0.000690936,0.004080331,0.002761557,0.000626353,0.000528203,0.003428525,0.003019537
1610,0.000558914,0.000440203,0.002893808,0.002385331,0.002283053,0.001546969,0.005955544,0.006649028,0.001536033,0.001270043,0.013498214,0.007107948,0.000673193,0.000509147,0.002683421,0.001968828,0.000605091,0.000511906,0.002479442,0.003412552
1611,0.000506937,0.000477043,0.002790471,0.002695974,0.001508879,0.001079998,0.004989493,0.006407987,0.003573951,0.002709076,0.027840693,0.015261212,0.00082965,0.000564636,0.001615502,0.002544774,0.000558036,0.000451793,0.002126379,0.002746867
1612,0.000519596,0.000479152,0.002475222,0.002526104,0.001108082,0.000814778,0.0058931,0.006336565,0.003487876,0.002420021,0.019584373,0.014352754,0.000813472,0.000777192,0.00148078,0.002591262,0.000399117,0.000292628,0.001732553,0.001622808
1613,0.000566778,0.000481274,0.003695971,0.001965876,0.001282306,0.001134858,0.005321221,0.006599699,0.002189842,0.001242726,0.006355071,0.008270703,0.000790851,0.000859613,0.00296093,0.003615269,0.000391772,0.000270233,0.001178427,0.001859889
1614,0.001025953,0.00081672,0.00408347,0.003604051,0.001040158,0.001165201,0.003665665,0.005413175,0.001316152,0.001071865,0.006060494,0.005833045,0.000943854,0.001037674,0.003549833,0.004481369,0.000647188,0.000458548,0.002434876,0.002751918
1615,0.00109075,0.000817827,0.003666765,0.004504426,0.0005696,0.000703912,0.003919505,0.004580654,0.001304692,0.001196868,0.007179566,0.006796065,0.000771782,0.000776115,0.00291434,0.003771519,0.000668757,0.000588225,0.0037402,0.003159091
1616,0.000939559,0.000724299,0.001869881,0.004299446,0.000714464,0.000586968,0.003804679,0.003313286,0.00161236,0.000933018,0.007672969,0.00670713,0.000725794,0.000413402,0.003336985,0.003119035,0.000868061,0.000707235,0.004448032,0.004085914
1617,0.001287044,0.000954586,0.003067704,0.005123271,0.000933915,0.000661632,0.003903883,0.003561759,0.001084633,0.000655342,0.005232492,0.004795976,0.000988451,0.000605721,0.002700535,0.003662112,0.00061325,0.000500718,0.002911579,0.002968346
1618,0.001474873,0.001032974,0.005105663,0.005597544,0.000796033,0.000665437,0.003259791,0.004295815,0.001110257,0.000771874,0.004733044,0.004819457,0.000886045,0.000519999,0.002331886,0.00317538,0.000603144,0.000658918,0.002532365,0.003213401
1619,0.000938618,0.000725418,0.004023542,0.003481741,0.000883447,0.000620905,0.003955177,0.004580852,0.001180309,0.000795103,0.00506965,0.005139067,0.000753298,0.000466742,0.002822846,0.003395519,0.000647211,0.000732317,0.003415741,0.004027891
1620,0.000924246,0.000637921,0.002148002,0.003421982,0.001135283,0.000704308,0.003885275,0.005709579,0.000871307,0.000576165,0.003379033,0.003014928,0.000625221,0.000576067,0.002484975,0.003121586,0.00060013,0.000571472,0.003044456,0.003240252
1621,0.001086497,0.000615756,0.002874208,0.004489258,0.001111938,0.000767404,0.003193784,0.004866294,0.000831649,0.000539335,0.003659111,0.003071762,0.000629596,0.000536753,0.002383239,0.002615555,0.000621752,0.000406927,0.003399686,0.002391269
1622,0.001068254,0.00071954,0.003429019,0.005401974,0.000855309,0.000871025,0.002580493,0.003496656,0.000742129,0.000438012,0.003558575,0.003077764,0.000457868,0.000622652,0.00272253,0.002228839,0.000470289,0.000439687,0.003010679,0.002291567
1623,0.001160783,0.000871536,0.004764891,0.006499702,0.000679703,0.000708696,0.002909154,0.003622882,0.000878499,0.000591597,0.004449384,0.003495257,0.000603213,0.000583983,0.002142286,0.002640645,0.000499114,0.000450554,0.00210053,0.002246337
1624,0.000702096,0.000625655,0.002920824,0.003569664,0.000798677,0.000779211,0.003737127,0.00414088,0.001030345,0.001048851,0.004392679,0.005029387,0.0007781,0.000511323,0.002604871,0.003708217,0.000651684,0.000804127,0.003266531,0.003902405
1625,0.000779482,0.000671478,0.001815611,0.003828875,0.000895243,0.000932742,0.003689826,0.003459373,0.001172205,0.001026746,0.002785169,0.005501054,0.000699664,0.00070862,0.002102013,0.003816996,0.0006598,0.000780042,0.003096665,0.003529106
1626,0.000934599,0.000904588,0.001913654,0.004837242,0.001230368,0.000941774,0.003831397,0.003266526,0.001197177,0.000964121,0.003475473,0.005457139,0.000767584,0.000792215,0.003076384,0.004221832,0.000686791,0.000775311,0.002341259,0.00348319
1627,0.00094463,0.000945774,0.003095232,0.004945634,0.001164368,0.001193821,0.004968572,0.003770186,0.001076872,0.001077635,0.004528019,0.005546028,0.000712792,0.00061585,0.00364594,0.0041494,0.001014139,0.001075767,0.002918579,0.005091237
1628,0.001214269,0.001247741,0.004075477,0.006379253,0.000962276,0.001408516,0.005711019,0.005047471,0.001149162,0.001405278,0.005453809,0.006495646,0.000565464,0.000580909,0.002410576,0.002953236,0.000860386,0.000887716,0.002606788,0.004583803
1629,0.002950277,0.002809937,0.00876444,0.013275208,0.00103992,0.001563791,0.005493475,0.005284624,0.001534203,0.001576033,0.006914427,0.007592416,0.000492543,0.000795413,0.001837751,0.002205443,0.000566376,0.000590972,0.002488264,0.00294583
1630,0.003243118,0.003148215,0.008106238,0.015167041,0.000972087,0.001337441,0.006594994,0.007531132,0.002001511,0.001669223,0.007870738,0.010913176,0.000418904,0.000732927,0.001688693,0.002898869,0.000604898,0.000642045,0.001978217,0.002913179
1631,0.001191944,0.00099528,0.004377661,0.00557688,0.001317801,0.001542739,0.006825314,0.009057383,0.001716666,0.001485842,0.005666454,0.011520392,0.000390222,0.000609598,0.002107648,0.002938058,0.000694211,0.000651764,0.00252884,0.003823482
1632,0.000963819,0.000804734,0.003388562,0.004382471,0.001046909,0.001261756,0.004733439,0.006718715,0.001745336,0.001494007,0.004965178,0.008909328,0.000529485,0.000668895,0.002524568,0.003549534,0.000886321,0.000838732,0.00284096,0.004741432
1633,0.000874224,0.000977785,0.003854194,0.004788982,0.000568415,0.000745466,0.002952558,0.003868799,0.001512661,0.001419724,0.00283003,0.00617414,0.000444728,0.000559043,0.001849196,0.002937461,0.001043138,0.000917861,0.003422292,0.00531468
1634,0.000820779,0.001190873,0.002867381,0.005327342,0.00051732,0.000730702,0.002282784,0.003627036,0.001483921,0.001639439,0.00304321,0.00725104,0.000720805,0.000772233,0.001886228,0.003765613,0.001234151,0.001156173,0.003505821,0.00735394
1635,0.000595757,0.0008455,0.002577758,0.003278526,0.000617314,0.000931903,0.002852483,0.004485606,0.001924097,0.002176095,0.004944693,0.009259456,0.000741396,0.000775583,0.00308282,0.003825596,0.001695513,0.00164135,0.009523967,0.016153271
1636,0.000783221,0.000982046,0.002909049,0.00410729,0.000586837,0.000810285,0.002607769,0.00404282,0.001572459,0.001957189,0.005132347,0.008107905,0.000656746,0.000629432,0.003208112,0.003289034,0.001521971,0.001469797,0.009483712,0.015428555
1637,0.000683595,0.000690565,0.002271523,0.003228433,0.000562536,0.000736055,0.002960676,0.003013107,0.001610598,0.002420334,0.00676208,0.011777138,0.000801193,0.000861958,0.004200688,0.003977099,0.000852116,0.000793596,0.003109555,0.00467356
1638,0.000658122,0.000839653,0.002165891,0.00370867,0.000432754,0.00040434,0.002949399,0.00162337,0.001317346,0.002068264,0.005277991,0.010511123,0.000770212,0.000841679,0.003640979,0.003812331,0.000932533,0.001083244,0.002609849,0.004731296
1639,0.000488924,0.000712823,0.003139665,0.003178983,0.000581484,0.000583098,0.003139652,0.002328628,0.001653369,0.002455995,0.005688245,0.009931453,0.000766391,0.000860401,0.003253819,0.003735262,0.000854068,0.001129863,0.002213482,0.004643308
1640,0.000332771,0.000429649,0.003707852,0.002743804,0.000720697,0.000795323,0.002464381,0.003586511,0.001759242,0.00265729,0.005725663,0.00940295,0.000586162,0.000673358,0.002366998,0.002814496,0.000562472,0.000757071,0.001403469,0.003412902
1641,0.000408185,0.000604024,0.001914346,0.003049622,0.000737516,0.000767298,0.001226123,0.003320978,0.002679195,0.004098047,0.008181918,0.0139845,0.000792663,0.001029397,0.003002148,0.003851561,0.000907956,0.001049769,0.001921083,0.004095825
1642,0.000365797,0.000632637,0.002089816,0.003016504,0.000859025,0.001245761,0.002326693,0.0050497,0.005486313,0.008166277,0.016060672,0.030763516,0.000594568,0.00098605,0.002441759,0.003506333,0.000988075,0.001269013,0.003073171,0.004464657
1643,0.000272444,0.000419335,0.002011482,0.00152377,0.002304842,0.003314564,0.009816676,0.014771206,0.01190338,0.018526764,0.037696485,0.072334413,0.001112722,0.00167899,0.0030156,0.00540066,0.000644045,0.000968359,0.001857285,0.003345013
1644,0.000467317,0.000772756,0.00227559,0.001800044,0.004874777,0.007392761,0.018444602,0.032134484,0.026452996,0.041639816,0.083157659,0.162855997,0.002430657,0.003348706,0.008440678,0.010993924,0.000328999,0.000594403,0.000736041,0.001915597
1645,0.000799719,0.001115195,0.002946204,0.0025859,0.003751582,0.005858674,0.013164999,0.02391769,0.048618665,0.077542193,0.146598465,0.29732101,0.002968927,0.004005619,0.01274736,0.013549995,0.000528428,0.000861753,0.001621247,0.003174025
1646,0.000950272,0.00101884,0.00204694,0.002188244,0.001527992,0.002480334,0.006283533,0.008034864,0.075442122,0.122717221,0.22782874,0.458046225,0.001514217,0.002272224,0.005999865,0.009079876,0.00069529,0.001021025,0.002826739,0.005119699
1647,0.000599684,0.000646649,0.001071488,0.002396321,0.001114572,0.001706943,0.004253043,0.007382697,0.108884791,0.173773464,0.318557626,0.638471518,0.000993416,0.00147838,0.002630176,0.005241405,0.000562409,0.000936635,0.002821176,0.004000018
1648,0.000670337,0.001059653,0.001531467,0.004058755,0.001265755,0.001949741,0.003355523,0.006600376,0.088758629,0.131939903,0.250593045,0.471495487,0.000727488,0.000940178,0.001328699,0.003520945,0.000723817,0.001021505,0.00332144,0.003806811
1649,0.00078939,0.00154672,0.001478508,0.004628132,0.001351022,0.002217992,0.003254429,0.007099184,0.056976112,0.082165823,0.144232914,0.279954732,0.000529351,0.000821767,0.00170434,0.002604127,0.000764237,0.000994219,0.002449943,0.003760495
1650,0.000448601,0.001046356,0.001120627,0.002399999,0.000752081,0.001031722,0.00370156,0.00479153,0.024325542,0.033864274,0.04202685,0.088492109,0.000570409,0.001225101,0.002670503,0.003525868,0.000414245,0.000624562,0.001426911,0.003009808
1651,0.000260323,0.000415926,0.001758878,0.001347769,0.000539685,0.000798395,0.003316783,0.003941855,0.007639983,0.021347553,0.024194569,0.042350563,0.000778098,0.001288438,0.003225709,0.004636816,0.000268461,0.000470281,0.001199616,0.002252079
1652,0.000446126,0.000813074,0.00169975,0.002337686,0.00075326,0.001485265,0.00384577,0.005164303,0.003886791,0.006633999,0.009701921,0.02034402,0.000630929,0.001107145,0.002548911,0.003574175,0.000367088,0.000684439,0.001567333,0.002757261
1653,0.000719766,0.001176315,0.002492373,0.003312353,0.00080076,0.001423319,0.002603355,0.005829444,0.003412807,0.002860467,0.006482323,0.012679845,0.000633527,0.001210785,0.002380634,0.003818648,0.000571505,0.00114487,0.001720033,0.003527664
1654,0.000531313,0.000802082,0.001767839,0.002374122,0.000646107,0.001172069,0.00218937,0.004726516,0.002162573,0.00299768,0.0052134,0.010823163,0.000666274,0.001083222,0.002616646,0.004306646,0.00055219,0.001019263,0.001445221,0.00329611
1655,0.00055021,0.000832529,0.001158422,0.002652297,0.00058405,0.000870117,0.002608495,0.003311763,0.002339562,0.002516603,0.005715458,0.010701694,0.000651546,0.000811638,0.002562402,0.003657101,0.000372663,0.00066304,0.001369625,0.002306558
1656,0.000839593,0.001406819,0.001959747,0.004354338,0.000651813,0.001005216,0.00250163,0.00301057,0.001134266,0.001908103,0.00502329,0.007904613,0.000475838,0.000621509,0.002489299,0.003302151,0.00058605,0.000832935,0.001282686,0.003120665
1657,0.00075004,0.001335241,0.002098111,0.00418936,0.000588749,0.000945211,0.001955235,0.002577143,0.000764646,0.001329053,0.003315831,0.004669221,0.000736213,0.001325002,0.002701389,0.004757517,0.000687066,0.001021788,0.001561014,0.003080885
1658,0.000431564,0.000666529,0.002953365,0.002346764,0.00036045,0.000563826,0.00237583,0.002264834,0.000756279,0.001443087,0.003759361,0.005362937,0.000744051,0.001428315,0.002398702,0.003925218,0.000758301,0.001137227,0.002576747,0.00356779
1659,0.000358152,0.000514596,0.002882867,0.001539693,0.000377438,0.000765984,0.001593502,0.002444321,0.000800295,0.001314103,0.003752752,0.00557545,0.000663233,0.000992827,0.002239284,0.003714584,0.000732581,0.001211687,0.002576358,0.00389078
1660,0.000666996,0.001178852,0.002559579,0.002919295,0.000666941,0.001257005,0.001798764,0.003099711,0.000782568,0.001249674,0.002615538,0.003913178,0.000548549,0.000963361,0.003216609,0.00297823,0.000497139,0.000889423,0.001661521,0.002785329
1661,0.000667333,0.001115347,0.001684743,0.00317321,0.000508001,0.00106848,0.002111845,0.002064986,0.000832579,0.001409531,0.003192859,0.004241268,0.000701079,0.001202363,0.00354676,0.003854862,0.000615683,0.001135339,0.00217961,0.003423585
1662,0.000932924,0.001413517,0.006777566,0.00478747,0.000666894,0.001310105,0.002627524,0.003194225,0.001078822,0.001717764,0.003439724,0.004903398,0.000812917,0.001381542,0.003632723,0.004400986,0.000659073,0.001338996,0.002453989,0.003571979
1663,0.001080791,0.001836596,0.009909077,0.006871149,0.000883891,0.001711124,0.003141603,0.004548436,0.001213742,0.001848333,0.004278495,0.006575439,0.000734791,0.001405278,0.002812591,0.004156973,0.000750453,0.001253629,0.003077421,0.003996644
1664,0.000836004,0.00163004,0.004271248,0.005727387,0.000997834,0.001897726,0.00264836,0.005273583,0.001086863,0.001903165,0.00500627,0.008767967,0.001013238,0.001972993,0.00310077,0.005890133,0.000469983,0.000850347,0.002141781,0.00279112
1665,0.000482563,0.001121654,0.002926774,0.003089024,0.000657006,0.001259817,0.002667072,0.004310663,0.000952128,0.001755451,0.005598682,0.009096437,0.00100078,0.001708138,0.003604346,0.005412243,0.000625221,0.001194952,0.003073591,0.003503742
1666,0.000600729,0.001226576,0.002895868,0.003431156,0.000622581,0.001142984,0.003004646,0.00439312,0.000965836,0.001723796,0.004914655,0.008771757,0.000666419,0.001070898,0.002530021,0.003561851,0.000813598,0.001398732,0.003301585,0.003607255
1667,0.000457697,0.000845021,0.001967648,0.002149344,0.000729798,0.001493693,0.00253946,0.004886002,0.000963979,0.001860211,0.003709447,0.005955866,0.000711199,0.001323968,0.00338894,0.004851948,0.00067859,0.001159532,0.002382921,0.003041746
1668,0.000414096,0.000839534,0.001467221,0.001479677,0.000949442,0.002204682,0.002702409,0.005787465,0.001000103,0.001735221,0.003320434,0.005087807,0.000716959,0.001428749,0.003979634,0.004757009,0.000685991,0.001416978,0.003242957,0.003396461
1669,0.000534115,0.000984214,0.002015049,0.002286334,0.000944146,0.002357679,0.002867819,0.005783202,0.000742381,0.001412743,0.00357154,0.004634068,0.000522247,0.001064226,0.002760912,0.003294853,0.000579294,0.001444313,0.003073729,0.003124832
1670,0.000452957,0.000853923,0.001215448,0.002253345,0.000833274,0.002085875,0.002494499,0.005374133,0.000656116,0.001293182,0.002959293,0.003829705,0.000605986,0.001379644,0.0029996,0.004320308,0.000479373,0.00101623,0.002029113,0.003263148
1671,0.000575238,0.00120931,0.001804715,0.002852993,0.000914061,0.002096668,0.002947691,0.005743115,0.000723982,0.001437308,0.003548401,0.003821498,0.000467742,0.001177567,0.00267409,0.003928439,0.000648609,0.001152435,0.002150649,0.00338386
1672,0.000662563,0.0013521,0.002294813,0.003168186,0.000754546,0.001549089,0.003738673,0.004697125,0.000577744,0.001213821,0.00343503,0.003201025,0.000779441,0.001872524,0.003853331,0.004838211,0.000510112,0.000950596,0.001889292,0.002082127
1673,0.000504645,0.000910826,0.00244016,0.002769602,0.001046222,0.002286089,0.004067367,0.006461411,0.000465606,0.001012334,0.003070832,0.003569469,0.000845543,0.0018782,0.005271297,0.005154624,0.000825036,0.001777897,0.004021057,0.004592047
1674,0.000575254,0.001207263,0.003532345,0.003252179,0.001172771,0.002765308,0.004312488,0.007943215,0.000610238,0.001524678,0.004001431,0.005575818,0.000498801,0.00144038,0.003497632,0.004666277,0.001067644,0.002613364,0.00530247,0.010702594
1675,0.000589478,0.001293061,0.00279807,0.0030166,0.000910965,0.002216185,0.00349778,0.006572861,0.000788506,0.001744608,0.004106712,0.004597245,0.000560419,0.001431694,0.003439903,0.004272302,0.0022078,0.004221023,0.009823951,0.030525545
1676,0.00049848,0.001150658,0.002715438,0.002570764,0.001003171,0.002554426,0.003844408,0.005775914,0.000804969,0.001909066,0.004267679,0.004507034,0.000593039,0.001473204,0.002944742,0.003705472,0.002078756,0.004063363,0.009379202,0.025525462
1677,0.000439815,0.000900009,0.002957837,0.002294901,0.001153513,0.00262966,0.007895488,0.008848356,0.000498623,0.001410039,0.003767726,0.004232249,0.000787388,0.001931648,0.003651008,0.004625509,0.000839021,0.002247434,0.004344478,0.007147862
1678,0.000510771,0.001423212,0.003856413,0.003146784,0.004325367,0.010390713,0.031602454,0.031410611,0.000577838,0.001319573,0.00351882,0.003522708,0.000593631,0.001573456,0.003596822,0.004177791,0.000370553,0.001013611,0.00237423,0.002925452
1679,0.000424421,0.001409714,0.002076302,0.002667527,0.011940072,0.026425201,0.071226452,0.065218488,0.000547023,0.001297584,0.003450732,0.003628789,0.000358883,0.000812624,0.002098404,0.002386627,0.000512548,0.000972183,0.003455733,0.003469141
1680,0.000723811,0.00193539,0.002500759,0.003386282,0.011924381,0.026059033,0.056254382,0.048852339,0.000527494,0.001630582,0.005159429,0.00463634,0.000474726,0.001029645,0.002401476,0.00264153,0.000491027,0.000882495,0.002754614,0.002960131
1681,0.000653483,0.001910337,0.003710386,0.003543312,0.003781398,0.008108335,0.026452172,0.020542466,0.000689315,0.002525137,0.007741277,0.005908573,0.000628491,0.001562148,0.00492637,0.003151812,0.000415825,0.001275059,0.002148631,0.002336828
1682,0.000346274,0.001001557,0.00316774,0.001802072,0.001509296,0.003566433,0.017238668,0.014805243,0.000952295,0.003253758,0.012002422,0.007725896,0.001260053,0.003704302,0.011116864,0.005235916,0.00031965,0.000793793,0.002125951,0.001773242
1683,0.000374022,0.001255624,0.00231706,0.002268647,0.001508045,0.00414627,0.01173271,0.009588787,0.001103506,0.003363244,0.014719802,0.009858014,0.001868184,0.00601542,0.023490169,0.007527444,0.000269726,0.000614968,0.002258661,0.001762987
1684,0.00060904,0.001983106,0.002906723,0.003673776,0.001792807,0.005177014,0.01121948,0.010842601,0.001596076,0.004407029,0.021092533,0.013894536,0.001132131,0.003680346,0.014715312,0.004213455,0.000394611,0.001113886,0.003004278,0.002310681
1685,0.000423386,0.001494358,0.002547777,0.002820431,0.001134708,0.003359341,0.00738534,0.006955179,0.001418128,0.003994216,0.017970843,0.013141944,0.000558284,0.002111612,0.005656185,0.00408581,0.000365407,0.001312188,0.003764138,0.00260816
1686,0.000414996,0.001448304,0.002696109,0.002668245,0.000865402,0.002407627,0.005918782,0.003505408,0.000617558,0.001934334,0.008185886,0.00555295,0.000597157,0.00159501,0.003485602,0.005641795,0.000216992,0.000776944,0.002045273,0.001778964
1687,0.000360964,0.001286309,0.002818007,0.00242778,0.00073155,0.002202383,0.004818967,0.003337723,0.000501753,0.001518273,0.002503381,0.002786162,0.000603224,0.001658927,0.003793458,0.005875638,0.000254927,0.000857422,0.001944312,0.001831568
1688,0.000302448,0.001179697,0.004127227,0.002714874,0.000696503,0.00241575,0.00415819,0.004386757,0.000408725,0.001308307,0.003109449,0.002374581,0.000487002,0.002361617,0.004647977,0.004784291,0.000265777,0.000829968,0.002612013,0.001347629
1689,0.000227281,0.000981384,0.003368542,0.002703434,0.000532749,0.001693105,0.002577271,0.003414172,0.000423175,0.001455603,0.00404101,0.003292325,0.000431115,0.002065059,0.00503584,0.003204438,0.000257766,0.000783567,0.002674242,0.00154812
1690,0.000231626,0.000784968,0.003193582,0.002127443,0.000333829,0.000988685,0.00257598,0.002436182,0.000253859,0.000879948,0.002433954,0.002424037,0.000411966,0.001323856,0.004123372,0.002997117,0.000225797,0.000825409,0.002660109,0.002341869
1691,0.000277263,0.000937354,0.002970656,0.002057892,0.000320753,0.001000654,0.002591719,0.002459639,0.000242605,0.001000037,0.001718213,0.002835889,0.000413451,0.00122469,0.003228427,0.003936035,0.000199004,0.0008433,0.002661603,0.003260676
1692,0.000404623,0.001148599,0.001863078,0.001214168,0.000445141,0.001588163,0.004997766,0.003443276,0.000295562,0.001117931,0.002584448,0.002846927,0.000300737,0.000908414,0.002447564,0.002974641,0.000285782,0.001018649,0.003466375,0.002928474
1693,0.000402422,0.00131718,0.00228912,0.001656555,0.000364556,0.001527868,0.003689919,0.003934077,0.000360878,0.001253477,0.002765257,0.002579652,0.000399061,0.001341827,0.003651374,0.004065403,0.000316441,0.001131238,0.003972599,0.003495345
1694,0.000258014,0.00103264,0.00224121,0.00209526,0.000209776,0.000919942,0.003076884,0.002480647,0.000309328,0.001211055,0.003190057,0.002602039,0.000406775,0.001129,0.003838764,0.003744555,0.000325649,0.000870273,0.003222588,0.004188044
1695,0.000514629,0.001960022,0.00482543,0.003661595,0.000231859,0.000982576,0.002615289,0.002338707,0.000305999,0.001316032,0.002202544,0.001872105,0.000385461,0.000928692,0.003047539,0.003095085,0.000318538,0.000821401,0.002728731,0.004551353
1696,0.000717517,0.002721386,0.005013741,0.004164054,0.000255836,0.001166286,0.002648803,0.002516712,0.000287176,0.001024276,0.00221728,0.001314396,0.000307506,0.000883969,0.003810692,0.002924345,0.000283729,0.000965896,0.002423084,0.003979358
1697,0.000474194,0.001670086,0.003448709,0.003112106,0.000256679,0.000890892,0.002429905,0.002057816,0.000511438,0.001381989,0.003847433,0.002171682,0.000314894,0.000722055,0.004936125,0.00394706,0.00028954,0.000951439,0.002360715,0.003535627
1698,0.000268966,0.001083315,0.002566391,0.002727242,0.000241633,0.000748972,0.00183865,0.001341423,0.000427228,0.001351916,0.003502141,0.002307333,0.000317669,0.00076765,0.00464415,0.005261526,0.000186759,0.000739917,0.002844649,0.002678443
1699,0.000201263,0.000674621,0.001536581,0.001709833,0.000166032,0.000510584,0.001602314,0.001308805,0.000438728,0.001433683,0.004154467,0.003078409,0.000226824,0.000849181,0.00317932,0.006518916,0.000205232,0.000698118,0.003968771,0.0019056
1700,0.000243894,0.000751817,0.002423263,0.001807186,0.000107225,0.000293582,0.001602611,0.00111081,0.000385582,0.001275513,0.004254436,0.004033348,0.000300653,0.000865262,0.003454061,0.006868243,0.000159276,0.000549349,0.002332576,0.001787727
1701,0.000503378,0.001157773,0.002360662,0.001450627,0.000209847,0.000491719,0.002332243,0.001895057,0.000285517,0.000938228,0.00273442,0.003543301,0.000460966,0.001109046,0.004383581,0.005624495,0.000109071,0.000637088,0.002093286,0.00216141
1702,0.000469914,0.001048806,0.002687277,0.001823038,0.000164696,0.000478672,0.002077558,0.001370323,0.000358413,0.000914142,0.00240046,0.002147292,0.000495404,0.001150413,0.003739799,0.004974053,0.000267494,0.000620441,0.003269473,0.002450305
1703,0.000235891,0.000662446,0.002746854,0.002474231,0.000152993,0.000538007,0.001955494,0.001563868,0.000295834,0.000845286,0.003507283,0.002694391,0.000522628,0.001374793,0.005116312,0.004334408,0.000368728,0.000531826,0.002916253,0.002357436
1704,0.000215073,0.000573658,0.002770947,0.002403496,0.000146586,0.000632554,0.002913781,0.001941297,0.000294357,0.001072285,0.003949668,0.003478785,0.000238734,0.000863122,0.005546927,0.006200587,0.000320219,0.000598561,0.002298666,0.00179987
1705,0.000167673,0.000595172,0.002106963,0.001549771,0.000156725,0.000480558,0.002899469,0.001578495,0.000393204,0.00138702,0.004467841,0.003919529,0.000269607,0.001062441,0.00580915,0.009346895,0.000176984,0.000468398,0.00342087,0.001567988
1706,0.000108388,0.00040886,0.001828268,0.001172151,0.000272224,0.000709707,0.004391838,0.003095508,0.000455027,0.001158587,0.004516291,0.003572314,0.000533663,0.001456961,0.007165436,0.011973021,0.000156491,0.000457067,0.002502726,0.002075726
1707,0.000137844,0.000540674,0.002345805,0.001408945,0.000299342,0.000795504,0.004010428,0.003132962,0.000363962,0.000821781,0.003829328,0.003197928,0.00057872,0.001177345,0.004500673,0.008255921,0.000150988,0.000647255,0.002380393,0.002703651
1708,0.000259916,0.000970746,0.004336409,0.003127902,0.000232774,0.0004614,0.00320903,0.001668262,0.000219473,0.00054652,0.003108975,0.002269352,0.000540247,0.000895343,0.003263629,0.006732375,0.000304581,0.000876493,0.002783651,0.002768992
1709,0.000265546,0.000790722,0.003445,0.002681914,0.000226239,0.000509614,0.001657303,0.001770049,0.000287378,0.000611373,0.003720412,0.002167622,0.00050782,0.00083898,0.004199958,0.006879365,0.000299215,0.000953051,0.003577788,0.002825701
1710,0.000244804,0.000428531,0.002722694,0.001820208,0.000170423,0.000610867,0.002895887,0.002048384,0.000229393,0.0005794,0.002572068,0.001779949,0.000703652,0.001338777,0.007637779,0.006353563,0.000282606,0.000615039,0.003888373,0.002323756
1711,0.000228963,0.00042045,0.002674711,0.001951441,1.00E-04,0.0004553,0.00229946,0.001736761,0.000184017,0.000531703,0.002340422,0.001772913,0.000570852,0.001261982,0.008734623,0.004313965,0.00045251,0.000846393,0.00435993,0.003736667
1712,0.000165829,0.000539509,0.002815609,0.001780112,0.000143348,0.000466344,0.002425968,0.002264964,0.000295688,0.00061947,0.003427518,0.002265939,0.000389367,0.000966157,0.006035695,0.002817446,0.000327343,0.000716433,0.003082859,0.003083829
1713,0.000187733,0.000314688,0.002273979,0.001093934,0.000200801,0.00068676,0.003432946,0.00362179,0.000276071,0.000562442,0.003516276,0.002017515,0.000372545,0.001409667,0.008661977,0.004993098,0.000345372,0.000729677,0.003867471,0.003410351
1714,0.000198883,0.000445768,0.003429756,0.001946635,0.000391829,0.001513136,0.008177231,0.008203811,0.000214033,0.000601827,0.003420559,0.002049963,0.000581471,0.001545701,0.010651383,0.006643465,0.000753624,0.00147928,0.009571839,0.005077934
1715,0.000128701,0.000468593,0.002624732,0.001593766,0.000576499,0.001405322,0.007515177,0.006896884,0.000280213,0.000538169,0.00313417,0.001570858,0.000800054,0.001820742,0.012422992,0.008164329,0.001496412,0.00353155,0.019927718,0.013056047
1716,0.000162938,0.000328625,0.001987072,0.000788881,0.000603288,0.000866251,0.005727876,0.004585533,0.000349793,0.000727414,0.004043259,0.002581579,0.000676186,0.00270271,0.019327751,0.012570753,0.001066407,0.002985142,0.013896033,0.010711917
1717,0.00017564,0.000360695,0.002000722,0.000894341,0.000399656,0.000650395,0.003545274,0.003024656,0.000317545,0.000791228,0.005400808,0.003972968,0.001554264,0.004966151,0.036801544,0.023147569,0.000282825,0.001057194,0.00576163,0.003791844
1718,0.000189919,0.000445473,0.002251798,0.001396343,0.00025513,0.000450977,0.002850392,0.002419231,0.000388203,0.001146262,0.009364359,0.005821164,0.002952827,0.008340223,0.06005847,0.03833068,0.00022167,0.000665404,0.004288532,0.003317012
1719,0.000273431,0.000542051,0.004127685,0.002376566,0.000144947,0.000414641,0.003533961,0.002333461,0.000405569,0.00155189,0.012996509,0.007653294,0.003852166,0.010249263,0.076055895,0.044921145,0.000237012,0.000691753,0.003491265,0.002943243
1720,0.000285144,0.000454436,0.00300155,0.001982302,0.000180696,0.000311171,0.003080524,0.001405441,0.000689564,0.002003409,0.015136835,0.010196681,0.014017921,0.038466672,0.300192346,0.17374063,0.00024946,0.000541353,0.003544303,0.002756867
1721,0.000223793,0.000488833,0.002599941,0.002496255,0.000255842,0.000528673,0.003322347,0.002016794,0.001083515,0.002797146,0.017231437,0.015673746,0.052816985,0.150964729,1.18123242,0.683326929,0.000255767,0.000403597,0.002759249,0.002463927
1722,0.000208269,0.000491757,0.003236834,0.002327415,0.000279728,0.000518281,0.002959184,0.002205144,0.000772237,0.002095872,0.013751935,0.011069651,0.047827618,0.140467458,1.09889978,0.635827401,0.000219308,0.000402893,0.002152219,0.002445822
1723,0.000217453,0.000528601,0.003246772,0.00261524,0.000327941,0.000422345,0.002200333,0.001757601,0.000590545,0.000953112,0.005770996,0.004195928,0.010662945,0.03180251,0.247368189,0.143595905,0.000154278,0.00038903,0.002636059,0.00195926
1724,0.000167416,0.000636507,0.004777595,0.003064993,0.000229254,0.000397275,0.003261467,0.00135821,0.000647483,0.000580122,0.004143729,0.003781207,0.002502413,0.005899649,0.051874515,0.031366813,0.000126588,0.000430368,0.00273332,0.001897147
1725,0.000347506,0.001241104,0.0080351,0.005340956,0.000230872,0.0004108,0.003143659,0.001398491,0.000373551,0.000507774,0.003015558,0.002831072,0.002674277,0.007406654,0.066989235,0.037285549,0.000135512,0.000372627,0.00284668,0.002324252
1726,0.000395029,0.000967659,0.008020041,0.00475223,0.000349103,0.000245699,0.00212619,0.00108735,0.000300422,0.000525003,0.003399851,0.001827821,0.002025067,0.004501362,0.03887568,0.021554853,0.000191409,0.000327756,0.002553622,0.002717487
1727,0.000376074,0.0005687,0.00635004,0.003517437,0.000316322,0.000517181,0.004276044,0.002672883,0.000291028,0.000588449,0.003736627,0.002002354,0.001176909,0.002278062,0.022119792,0.010645809,0.000209594,0.0002972,0.003150042,0.002383777
1728,0.001131044,0.001719951,0.015321715,0.010586427,0.000281487,0.000414789,0.004569661,0.002922338,0.000332591,0.000570274,0.003378845,0.002084709,0.00083593,0.001570953,0.016276524,0.008475711,0.00024598,0.00042939,0.00303858,0.002209924
1729,0.003142085,0.005205297,0.049822622,0.030611907,0.000176101,0.00018962,0.002332746,0.001573272,0.000363005,0.000402722,0.002702544,0.001284067,0.000438586,0.001018452,0.009182912,0.005839428,0.000253127,0.000273267,0.003064053,0.002463519
1730,0.002705082,0.00466318,0.045753531,0.026255267,0.00022763,0.000275806,0.002665983,0.001697394,0.000412677,0.000370424,0.004119199,0.002137957,0.000486059,0.001148687,0.011121573,0.006910465,0.000227318,0.000335905,0.003712969,0.003092519
1731,0.000809504,0.001159056,0.011570093,0.006527375,0.000214058,0.00028749,0.002824862,0.001746467,0.000496734,0.000498665,0.005029349,0.003126648,0.000458919,0.000877312,0.008844146,0.005553037,0.000172609,0.000391591,0.003863696,0.003742824
1732,0.000416059,0.000401967,0.003792338,0.002608553,0.000204434,0.00027241,0.002243032,0.001463122,0.000380081,0.000366272,0.003473172,0.002338696,0.000599846,0.000788651,0.00818275,0.005396011,0.000189208,0.000341459,0.00412074,0.003916015
1733,0.000217777,0.000277235,0.003253651,0.00185171,0.000206771,0.000294457,0.001843597,0.001627253,0.000338925,0.000460857,0.003604213,0.002100814,0.000582776,0.000760512,0.008490359,0.005604972,0.000332864,0.000387392,0.004157929,0.00352795
1734,0.000222292,0.000234343,0.003164876,0.001721944,0.000126989,0.000204806,0.002117572,0.001003425,0.000434532,0.000387927,0.003352763,0.00194865,0.000333581,0.000436931,0.004516063,0.005508312,0.000299085,0.000411104,0.002980582,0.00268499
1735,0.000372993,0.000403798,0.004965152,0.002749437,0.00012124,0.000108915,0.001160507,0.000608487,0.000367741,0.000404109,0.003246628,0.001850337,0.000287662,0.000572769,0.004817383,0.006429961,0.000341088,0.000300272,0.002392516,0.002596786
1736,0.000409186,0.000417272,0.004757138,0.002493566,0.000223908,0.00015854,0.002374629,0.001189039,0.000211004,0.000417829,0.003033197,0.001765593,0.000514306,0.00046601,0.006557942,0.007722487,0.000367752,0.000313688,0.002623641,0.002679214
1737,0.000222183,0.00029466,0.003255033,0.001255426,0.00024158,0.000197308,0.00324659,0.00158327,0.000222377,0.000325445,0.002748688,0.001492118,0.000535421,0.000348687,0.006385143,0.009369459,0.000357406,0.000390293,0.00401029,0.003675436
1738,0.000187273,0.000316874,0.003348184,0.00107472,0.000224337,0.000295084,0.003634243,0.002044172,0.000335221,0.000415168,0.004244472,0.002139516,0.000534783,0.000549551,0.006805419,0.006901404,0.000409061,0.000452933,0.006499675,0.005557502
1739,0.000162706,0.000301408,0.003115241,0.001548384,0.00031185,0.000328684,0.0041213,0.001970898,0.00022084,0.000395957,0.003685908,0.001868796,0.000625791,0.000662002,0.010632809,0.009007731,0.000359951,0.000411441,0.006130287,0.005278307
1740,0.000198474,0.000417872,0.00449074,0.002026964,0.000339427,0.00027964,0.003458608,0.001538719,0.000150236,0.000246629,0.003527293,0.001416632,0.000543354,0.000650172,0.011337541,0.007119995,0.000264056,0.00026386,0.002874749,0.004716807
1741,0.000322099,0.000452171,0.005386727,0.002122308,0.000387909,0.000390036,0.003934932,0.001844992,0.000267893,0.00029624,0.004432419,0.002092062,0.000646991,0.000642162,0.007487931,0.005696859,0.000427056,0.000361495,0.004701534,0.005481214
1742,0.000335711,0.000353524,0.005054566,0.001860742,0.000424951,0.000475067,0.004430558,0.00216109,0.000446418,0.000312066,0.004417798,0.002137308,0.000475432,0.000439692,0.004399508,0.00594262,0.000357475,0.000285542,0.00428512,0.00379418
1743,0.000363308,0.000396474,0.006568481,0.002248364,0.000305937,0.000306663,0.003597289,0.001508339,0.000405672,0.000471934,0.00533784,0.002895661,0.000209773,0.000281352,0.004184383,0.00484077,0.000328904,0.000200865,0.003413736,0.002288717
1744,0.000334626,0.000401536,0.005712776,0.002349063,0.000268067,0.000202214,0.002290354,0.000698938,0.000318185,0.000473033,0.005151302,0.00304471,0.000270842,0.000244012,0.005065197,0.004301117,0.00039834,0.000361626,0.004737859,0.002455716
1745,0.00022358,0.000423412,0.004468254,0.002310423,0.000373224,0.000341642,0.003336512,0.001264394,0.000361277,0.00037184,0.003804097,0.002003419,0.000430267,0.000239086,0.003197201,0.002774055,0.000393781,0.000455308,0.004145159,0.002936826
1746,0.000259314,0.000420331,0.004800838,0.001824432,0.000285894,0.00032125,0.004499892,0.00186214,0.000281895,0.000302446,0.003805074,0.001663886,0.000394495,0.000201805,0.002894632,0.002291461,0.000246275,0.000320203,0.003491359,0.003625449
1747,0.000221814,0.000316413,0.002706884,0.001062585,0.000302583,0.000295453,0.004162407,0.001924053,0.000287753,0.000343372,0.004501395,0.00167299,0.000388483,0.000325953,0.00365879,0.002259636,0.000297247,0.000305145,0.003303506,0.002522456
1748,0.000363246,0.00033381,0.001657857,0.001263642,0.00044589,0.000429774,0.00489477,0.002196326,0.000454889,0.000504488,0.004704818,0.001776975,0.000324492,0.000333495,0.004123451,0.002809271,0.000368041,0.000343353,0.003776371,0.003362401
1749,0.000409579,0.000379167,0.002790839,0.00141323,0.000616962,0.000715903,0.009076123,0.003622696,0.000355497,0.000488034,0.002978011,0.00157489,0.000311895,0.000432078,0.004518572,0.002638633,0.000433253,0.000511195,0.003475562,0.003192947
1750,0.000392587,0.000425727,0.004807,0.001939433,0.000558823,0.000659266,0.008372007,0.003665687,0.000169752,0.000475666,0.002589588,0.001660108,0.000376294,0.00047642,0.004424107,0.001966906,0.000517383,0.000568991,0.003531466,0.001975483
1751,0.000352116,0.000621111,0.005117368,0.002241892,0.000460808,0.000496404,0.005354889,0.002440926,0.000254042,0.000640368,0.004755661,0.001917322,0.000394406,0.000497897,0.003308418,0.002429121,0.000524862,0.000767835,0.006138651,0.003198609
1752,0.00028551,0.000469213,0.003234359,0.001437118,0.000463964,0.000488539,0.004369556,0.002157302,0.000552829,0.001250019,0.007283928,0.003331413,0.000458707,0.000530563,0.002447442,0.002623735,0.000487388,0.000689342,0.006154953,0.003733244
1753,0.000393304,0.000538353,0.005241855,0.001998202,0.000289795,0.000345458,0.002990704,0.001162553,0.000593303,0.00132364,0.008777821,0.003922054,0.000556932,0.000807911,0.004601832,0.003615419,0.000512486,0.000778435,0.00530123,0.002983188
1754,0.0004709,0.000772182,0.006385046,0.001847922,0.000171262,0.000253498,0.002434313,0.000687485,0.000697215,0.00146482,0.012945678,0.00622088,0.000390668,0.000828877,0.008358855,0.005085619,0.00100276,0.001603462,0.011221155,0.007706464
1755,0.000402558,0.000712088,0.006489408,0.001825879,0.000237855,0.000357439,0.002249164,0.000851624,0.001590935,0.002900855,0.019460122,0.009359976,0.000301167,0.000774739,0.007892381,0.004174575,0.00164023,0.003078714,0.024945541,0.012877771
1756,0.000463242,0.000828126,0.00727901,0.002436962,0.000214798,0.000232404,0.001568419,0.000648464,0.002659353,0.004375027,0.029818906,0.012656746,0.000486585,0.000611698,0.004433898,0.003281709,0.001055525,0.002122089,0.016246972,0.00743249
1757,0.000589128,0.001171808,0.006342642,0.002969803,0.000371102,0.00040141,0.002656579,0.00090647,0.005044185,0.005901015,0.040243396,0.01477583,0.000428112,0.000680649,0.007348013,0.004065254,0.000562029,0.001089946,0.006755284,0.003790303
1758,0.000517715,0.000957628,0.00514656,0.002521562,0.000261559,0.000321217,0.003067478,0.001258738,0.00730102,0.007392839,0.045254568,0.016753056,0.001048067,0.002286766,0.014940986,0.005647823,0.000497331,0.001086681,0.006584056,0.003711263
1759,0.000345999,0.000618332,0.005000851,0.001943038,0.000257724,0.00041823,0.003612457,0.001330223,0.004187421,0.005124413,0.036454796,0.015501433,0.001694555,0.004346089,0.026494299,0.015675896,0.000319209,0.000602585,0.003966437,0.004018855
1760,0.000243615,0.000629093,0.007699206,0.002191004,0.000230332,0.000471501,0.003329094,0.001309756,0.003590328,0.003461139,0.013119158,0.006246168,0.001248367,0.00398514,0.029943611,0.018792831,0.000351015,0.00089206,0.005835803,0.005215379
1761,0.000422064,0.000731747,0.009663434,0.002468847,0.000333372,0.000692149,0.004225859,0.001761541,0.002469396,0.002179018,0.006370662,0.003676361,0.000725782,0.001722376,0.014051096,0.008124285,0.000296425,0.000668195,0.004993031,0.003892143
1762,0.001508012,0.001811733,0.021434732,0.006176996,0.000246818,0.000469535,0.004022517,0.001638102,0.000950585,0.001019136,0.007663687,0.003177405,0.00054443,0.001038915,0.008054351,0.003043141,0.000373175,0.000595246,0.003554648,0.003244363
1763,0.001611548,0.001882413,0.025242523,0.00644837,8.56E-05,0.000381506,0.003159791,0.0014419,0.000613194,0.000943734,0.00829029,0.003411431,0.000386876,0.000786519,0.005951431,0.002423197,0.000417797,0.00088361,0.00641862,0.002864569
1764,0.000489496,0.00082512,0.009244962,0.002980996,0.000132844,0.000411808,0.003441101,0.001264329,0.000299755,0.000582882,0.006136532,0.002395889,0.000358072,0.000845328,0.006027603,0.002395833,0.000418188,0.00084899,0.007496702,0.003352281
1765,0.000184823,0.000572411,0.006528397,0.002127431,0.000181992,0.000266362,0.002708467,0.000867591,0.000338744,0.000742115,0.006242493,0.002253671,0.000330287,0.000752005,0.006610491,0.002853428,0.000364938,0.000746845,0.00817022,0.004476716
1766,0.000189986,0.000879428,0.010317744,0.002378786,0.000156093,0.000231532,0.003083783,0.000913949,0.000234067,0.000715468,0.005569792,0.002470882,0.000243533,0.000515902,0.00575433,0.001789279,0.000309008,0.00057649,0.00463208,0.003135451
1767,0.000223544,0.000850847,0.009023135,0.002409294,0.000169382,0.000232886,0.002807499,0.000916126,0.000238086,0.000697408,0.005724795,0.001894846,0.000261313,0.000410906,0.004824367,0.001092901,0.000236972,0.000528873,0.00419697,0.002341626
1768,0.000215996,0.000671761,0.007584612,0.002316987,0.00016064,0.000308151,0.003879132,0.00126888,0.000324393,0.00070599,0.005992559,0.001936305,0.000321742,0.000458919,0.00499837,0.001198074,0.000182028,0.000604899,0.005499444,0.002456659
1769,0.000256246,0.000410162,0.004945767,0.001477665,0.000153533,0.000197894,0.002432306,0.000827753,0.000213108,0.000541277,0.005438245,0.002060608,0.000269715,0.000432702,0.005260323,0.001780447,0.000216289,0.000569942,0.004481368,0.00224156
1770,0.000286386,0.00029901,0.003573451,0.00105393,0.000148906,0.000242957,0.001832622,0.000522653,0.000213012,0.000362939,0.003462727,0.001488355,0.000215346,0.000380831,0.004926964,0.001292029,0.000233163,0.000452558,0.004760662,0.003683017
1771,0.000230666,0.000426213,0.005105593,0.001359845,0.000133878,0.00031156,0.002205735,0.000911477,0.00029101,0.000350223,0.003212063,0.001530877,0.000314024,0.000484129,0.003078011,0.001222918,0.000286039,0.00043357,0.005025691,0.003428212
1772,0.000238891,0.000516309,0.005373771,0.001408325,0.000179849,0.000299037,0.002605454,0.001081205,0.000206062,0.000332362,0.004234715,0.001779951,0.000473979,0.000524192,0.003258772,0.001608482,0.000360053,0.000377211,0.002983806,0.002458801
1773,0.000283757,0.000495509,0.004861392,0.001647865,0.00015159,0.000256298,0.002275701,0.000703189,0.000217045,0.000340874,0.003350752,0.00155166,0.000284753,0.000346315,0.002879629,0.001476387,0.00036396,0.00046603,0.004533162,0.002907241
1774,0.000293363,0.000502131,0.005920631,0.001790987,0.000139761,0.000237304,0.002691698,0.000966064,0.000263775,0.000488372,0.003585994,0.001359651,0.000263428,0.000323502,0.002957472,0.001418806,0.000443005,0.000732207,0.008344484,0.004547333
1775,0.000291708,0.000567241,0.005729894,0.00182796,0.000157406,0.000167325,0.002729732,0.000658692,0.000212691,0.000348796,0.002793761,0.00087944,0.000289931,0.000350349,0.002117153,0.001160934,0.000421865,0.000877349,0.008868847,0.00579297
1776,0.00034107,0.000537935,0.006239549,0.001779217,0.00011037,0.00029161,0.003292235,0.001059764,0.000136605,0.000255282,0.003400734,0.001273137,0.000313378,0.000290933,0.003007553,0.001623735,0.00042648,0.001012427,0.007835936,0.004635437
1777,0.000374484,0.000727501,0.007789414,0.002049508,0.000163242,0.000248554,0.002938784,0.001074343,0.000197654,0.000422085,0.004554066,0.001579431,0.000357029,0.00040536,0.005813464,0.002147864,0.000424263,0.000972442,0.008306234,0.004049418
1778,0.000312461,0.001083598,0.011321836,0.002906155,0.000154994,0.000165802,0.003107786,0.000817427,0.000280702,0.000322815,0.003756598,0.001303147,0.000389563,0.000614691,0.006965948,0.001683662,0.000453226,0.00077029,0.007337809,0.004005876
1779,0.000245717,0.000691948,0.007963047,0.002308219,0.000107186,0.000360791,0.005552461,0.001646765,0.000222853,0.000441159,0.005913277,0.00179774,0.000387758,0.000496253,0.005686332,0.001622461,0.000322146,0.000855703,0.008438117,0.004474201
1780,0.000336496,0.00037656,0.00506138,0.001251682,0.000140974,0.000265607,0.003917638,0.001261233,0.000134364,0.000483548,0.00787948,0.002133931,0.000244766,0.000284297,0.004285051,0.001482393,0.000259899,0.000514463,0.005206606,0.003365763
1781,0.000487025,0.000362772,0.007771052,0.001761339,0.000245469,0.000115921,0.002589083,0.000803669,0.000103659,0.000285077,0.005716847,0.001457667,0.000350121,0.000366544,0.004924991,0.001386076,0.000242625,0.000292134,0.003950915,0.003583173
1782,0.000531013,0.000337135,0.006431415,0.001882146,0.000241479,0.000191538,0.003335132,0.001120421,0.000218798,0.000135617,0.003007253,0.000961565,0.000260653,0.000254511,0.003818404,0.00125293,0.000294514,0.000447973,0.006600358,0.003689645
1783,0.000303403,0.000278489,0.00456158,0.001078371,0.000587783,0.000353846,0.006404504,0.00215931,0.000237412,0.000251242,0.002043519,0.001039254,0.000184127,0.000251755,0.00230022,0.000988521,0.000266491,0.00052433,0.007096756,0.002554778
1784,0.000328772,0.000352695,0.005066455,0.000889414,0.001594124,0.000548173,0.011847948,0.004081313,0.000200011,0.000270781,0.002552645,0.001040042,0.000190774,0.000281776,0.003734629,0.00141712,0.000296872,0.000636363,0.008607122,0.003627577
1785,0.000286774,0.000343497,0.006660008,0.001179211,0.001705509,0.000504665,0.008637289,0.003190556,0.000196323,0.000254771,0.002599711,0.001099881,0.000110309,0.000166851,0.003064993,0.001338719,0.000256874,0.000509026,0.008260845,0.002794794
1786,0.00032035,0.000371877,0.005411413,0.001245765,0.000729027,0.000183435,0.003572349,0.001572742,0.00022253,0.000157815,0.002557357,0.001098734,0.000181661,0.000127865,0.002408448,0.001107554,0.000370434,0.000503709,0.009817364,0.00257028
1787,0.000371394,0.000393861,0.003787577,0.000992122,0.00026168,0.000192743,0.003162817,0.000800565,0.000236837,0.00015517,0.002566016,0.000727611,0.000221454,0.000177841,0.002669896,0.001032063,0.000372173,0.000778565,0.013609125,0.002907295
1788,0.000263407,0.000322997,0.003226661,0.001252336,0.000305299,0.000315406,0.004465783,0.000874783,0.000212992,0.000141509,0.002242172,0.000533826,0.000204572,0.000165203,0.003075903,0.001329254,0.000456064,0.001270674,0.021461214,0.006748232
1789,0.000337569,0.000468966,0.005394284,0.002433451,0.000348052,0.000249333,0.002854693,0.000761698,0.000222316,0.000175349,0.002269051,0.000668682,0.000219967,0.000155175,0.003033117,0.001712777,0.000508149,0.001078465,0.020092867,0.006545924
1790,0.000418715,0.00044616,0.007211091,0.002086801,0.000253963,0.000172872,0.001139311,0.000754184,0.000331098,0.00017138,0.003836735,0.000828307,0.00025715,0.000190619,0.003072641,0.001339449,0.000699851,0.001151431,0.01838961,0.004908271
1791,0.000402983,0.000429835,0.0073247,0.001800814,0.000244218,0.000179959,0.001875521,0.000805223,0.000521383,0.000178836,0.006769174,0.001104025,0.000207009,0.000191417,0.00282393,0.000917157,0.00084149,0.001331989,0.017705453,0.005253955
1792,0.000483303,0.000680352,0.011796965,0.00329599,0.000256067,0.000178738,0.002256623,0.000621409,0.000723928,0.000356602,0.008666093,0.001675927,0.000197083,0.000189193,0.002500902,0.001117622,0.001063981,0.001876751,0.028212292,0.007988591
1793,0.001219515,0.001603643,0.031945419,0.008350389,0.00020523,0.000272197,0.003350381,0.000731081,0.000935912,0.000562876,0.010803538,0.002516724,0.000279792,0.000200629,0.001888068,0.001074557,0.004215611,0.004611305,0.085757358,0.023841022
1794,0.001616817,0.002130134,0.048444664,0.012916189,0.000297619,0.000203726,0.002858298,0.00073237,0.001154218,0.000864224,0.012798365,0.003299437,0.000397098,0.000222735,0.003010441,0.001324244,0.026975796,0.041560656,0.671657009,0.187629561
1795,0.010396095,0.012032464,0.290938959,0.071272547,0.000346869,0.000124001,0.002532139,0.000677665,0.000784967,0.000691219,0.011257568,0.003416623,0.000394044,0.000203215,0.003125607,0.001527759,0.045014919,0.077449194,1.20015604,0.336555042
1796,0.017022544,0.019696244,0.470825353,0.120306536,0.00028193,0.000126311,0.00236348,0.0004866,0.000486905,0.000383756,0.005621537,0.001604683,0.000425025,0.000226133,0.00505766,0.001612961,0.02103677,0.03871723,0.577660916,0.162354284
1797,0.007863735,0.008354104,0.20032237,0.054884253,0.000200756,0.000204159,0.003327934,0.00064728,0.000437285,0.000283686,0.003448941,0.001083178,0.000820252,0.000553203,0.021239143,0.005851323,0.003671349,0.003811227,0.06638836,0.020100004
1798,0.003159184,0.002052727,0.032672352,0.008346857,0.000136837,0.000247086,0.002881579,0.000626399,0.000488452,0.000195697,0.003779204,0.001272584,0.001396441,0.001074364,0.035870729,0.009772869,0.001421552,0.001673888,0.029195305,0.008956319
1799,0.001679884,0.001190179,0.02277574,0.006092736,0.000225951,0.000182891,0.00211095,0.000662765,0.000418754,0.000157682,0.004482477,0.001499213,0.000707575,0.000598889,0.016633085,0.004762932,0.000922749,0.000779116,0.016433705,0.004555526
1800,0.000589236,0.000352767,0.008821273,0.002938153,0.000262959,0.000110473,0.002297347,0.000652356,0.000281676,0.000154361,0.002607661,0.000718686,0.00047221,0.000189691,0.005942538,0.00202132,0.001129593,0.000787039,0.017891328,0.005079667
1801,0.000495492,0.000246083,0.010992813,0.003203657,0.000262415,0.000129708,0.001560368,0.000340055,0.000487506,0.000181338,0.001689156,0.000788495,0.00056606,0.000152494,0.003337395,0.001550492,0.001214982,0.001131331,0.01788097,0.005734303
1802,0.000524431,0.000181673,0.009173,0.002442929,0.00033928,0.000186584,0.001658702,0.000704998,0.000437616,0.000143766,0.002294585,0.001075769,0.000344159,0.000118694,0.003043508,0.001355897,0.001072143,0.000923444,0.01538365,0.005710176
1803,0.000290896,0.000149272,0.003374951,0.001768256,0.000324663,0.000149064,0.000877988,0.000651585,0.000282706,0.000134297,0.001719342,0.000846225,0.000473449,0.000145097,0.003899314,0.001369477,0.000445845,0.000264836,0.009967323,0.00302754
1804,0.000276068,0.000140766,0.002097346,0.000783291,0.000327149,0.000134756,0.000845788,0.000303654,0.000282611,0.000141077,0.002337963,0.000661019,0.000462624,0.000169124,0.005535041,0.001297196,0.000566929,0.000360275,0.007670217,0.001565312
1805,0.000312661,0.00017705,0.002790228,0.000484066,0.000392988,0.000151993,0.001739145,0.0004167,0.00037995,0.000123815,0.004169457,0.000916709,0.000304388,0.000175942,0.004402102,0.000980474,0.000611334,0.000393033,0.00570307,0.001525268
1806,0.000568539,0.000185512,0.003647458,0.000709992,0.000289101,0.000166916,0.00238965,0.000519121,0.000502517,0.000140578,0.004801706,0.001050846,0.00040765,0.000105827,0.002279988,0.001286644,0.000783932,0.000477339,0.006014764,0.002337372
1807,0.000660167,0.000108798,0.003098993,0.000687681,0.000231388,0.000145398,0.002720513,0.000561125,0.000491173,0.000180896,0.004221093,0.000928586,0.000594498,0.000102037,0.003788345,0.00132655,0.000652868,0.000360992,0.007625335,0.002058497
1808,0.000405949,0.000103477,0.002797937,0.000659983,0.000186757,0.000142807,0.002667449,0.000565966,0.000389447,0.000206952,0.002680114,0.000976957,0.000699636,0.000223528,0.004465831,0.001001543,0.000490478,0.000203684,0.006923775,0.001948593
1809,0.000469271,0.000135331,0.004851847,0.000947443,0.000231815,0.000143259,0.002275179,0.000369241,0.000365907,0.000177622,0.002300623,0.001078918,0.000626857,0.000165121,0.00416036,0.000981516,0.000316981,0.000161132,0.004042646,0.001695992
1810,0.000645399,0.000269916,0.007171273,0.001459138,0.000284483,0.000111405,0.002331491,0.000452937,0.000434013,0.000160872,0.002894242,0.000879132,0.000587643,0.0001039,0.003790242,0.000915849,0.000505433,0.0003306,0.005368941,0.001571415
1811,0.001078141,0.000323935,0.006756907,0.001997254,0.000356938,0.00011711,0.003085439,0.000578774,0.000348883,0.000109388,0.003081547,0.000547047,0.00062455,0.000124595,0.004137081,0.000896417,0.000901153,0.000441493,0.007006777,0.002946898
1812,0.000655321,0.000263151,0.004665657,0.001531699,0.000514598,0.000135326,0.002663867,0.000784301,0.000481482,0.000122044,0.003340938,0.00075527,0.000662006,0.000206244,0.00352145,0.000936792,0.001074779,0.000482786,0.007113139,0.003459069
1813,0.00044907,0.00023531,0.008132479,0.001901657,0.000288886,8.84E-05,0.002227125,0.00082949,0.000515859,0.00013951,0.002815604,0.000903212,0.000472752,0.00020376,0.002752865,0.00101335,0.000606564,0.000330624,0.004572346,0.004087271
1814,0.000547896,0.000158545,0.006002992,0.001179438,0.000203336,0.000102498,0.004135279,0.000691424,0.000456053,0.000132823,0.002543152,0.00083151,0.000410931,0.000130893,0.003762637,0.001312242,0.000533293,0.000176389,0.006295885,0.00405858
1815,0.000568269,0.000230193,0.005321143,0.001329253,0.000284931,0.000151734,0.003892826,0.000776267,0.000380524,0.000123356,0.003750869,0.000784198,0.000740396,0.000133273,0.004223742,0.0010488,0.000618586,0.000169973,0.006546456,0.003623092
1816,0.000597582,0.00021452,0.004228153,0.001411834,0.000425454,0.000205087,0.004468151,0.000718842,0.000437261,0.00014732,0.003279641,0.000823279,0.000702889,0.00018366,0.004907153,0.001113176,0.000413289,0.000156916,0.005297752,0.003338259
1817,0.000382122,0.000129948,0.004655067,0.00086356,0.000591124,0.000234156,0.006015352,0.000549276,0.000426924,0.000152571,0.002645778,0.000717677,0.000523187,0.000179418,0.003818117,0.001274392,0.000327588,0.000155532,0.004513612,0.002111233
1818,0.0005174,0.000230827,0.00286957,0.001163797,0.001036465,0.000403591,0.007133491,0.00179775,0.000410492,0.000105784,0.003188443,0.001139128,0.000496031,0.000162307,0.002980138,0.001240253,0.000351659,0.000138372,0.003696347,0.001541501
1819,0.000593544,0.000278198,0.004515422,0.001285951,0.001285907,0.000564517,0.008598022,0.002476837,0.000426044,0.000108727,0.003809239,0.001300469,0.000818218,0.000196832,0.002376309,0.00108931,0.000488967,0.000154458,0.002785665,0.001547014
1820,0.000442902,0.00018656,0.005525785,0.001147198,0.001087263,0.000478105,0.012358389,0.001909537,0.000283228,0.000164244,0.003398324,0.000933248,0.00109965,0.00015817,0.002471964,0.00117624,0.000525387,0.000212651,0.004462601,0.001190425
1821,0.000501053,0.000122938,0.003782349,0.001002943,0.000613222,0.000295234,0.007049142,0.000741918,0.00022641,0.000165446,0.003690621,0.000665628,0.000998325,0.000122071,0.003808959,0.001267223,0.000823896,0.000303502,0.005284176,0.001484169
1822,0.000565453,0.000144109,0.003119899,0.000908753,0.000511265,0.0001278,0.003849567,0.000694647,0.00046665,0.000136189,0.002907513,0.000747345,0.000649173,0.000110632,0.004417836,0.001390494,0.000615266,0.000228509,0.004297792,0.001308201
1823,0.000609194,0.000158298,0.008989162,0.001875498,0.000488408,8.44E-05,0.003655664,0.000853928,0.000452114,0.000175313,0.002770305,0.000661537,0.000870271,0.000136502,0.004310502,0.001209578,0.000576595,0.000150289,0.003360419,0.001562272
1824,0.000537071,0.000166653,0.013965635,0.002782539,0.000430472,0.000119819,0.003953046,0.001101746,0.000348027,0.000152337,0.003977081,0.000545779,0.001008356,0.000299323,0.007197,0.001627563,0.000854613,0.00017411,0.003289665,0.001958956
1825,0.00061556,0.000250466,0.010671666,0.002791681,0.000436991,0.000115742,0.00385776,0.000801616,0.000378014,6.83E-05,0.004094517,0.000734096,0.001002512,0.000294803,0.010991514,0.001758294,0.000646001,0.000168591,0.005997395,0.00204983
1826,0.000602781,0.000225495,0.011193926,0.002963148,0.000581178,0.000131051,0.005733693,0.000885666,0.000267752,7.23E-05,0.003685203,0.000693493,0.000911663,0.0002113,0.009315501,0.001458916,0.000633716,0.000174939,0.005799719,0.001714446
1827,0.00069721,0.000223339,0.008521558,0.001911229,0.000510429,0.000129418,0.005341123,0.001094981,0.000439817,0.000107866,0.005165792,0.000929422,0.000709874,0.000137502,0.004700153,0.00136632,0.000628341,0.000217978,0.005462269,0.001929939
1828,0.001079173,0.00034708,0.012232867,0.003251242,0.000495372,7.03E-05,0.002997825,0.0008251,0.000397473,0.000115586,0.004432293,0.001016118,0.000847485,0.000180365,0.00599743,0.002180764,0.00040543,0.000224519,0.006523024,0.00204949
1829,0.000941778,0.000294153,0.021263095,0.005690508,0.000565263,7.95E-05,0.002344778,0.000848718,0.000536141,0.000131357,0.004414894,0.001324795,0.001208767,0.000195044,0.010403891,0.002911001,0.000571373,0.000186471,0.007931749,0.002144711
1830,0.000525129,0.000229397,0.015665522,0.00362409,0.000624705,0.00011473,0.002953262,0.000817796,0.000679619,0.000126048,0.005917057,0.001638637,0.000795707,0.000220294,0.012686408,0.002448002,0.000633127,0.000129752,0.008571389,0.002102463
1831,0.000299776,0.000151109,0.004552795,0.001430995,0.000588107,8.19E-05,0.003360353,0.001223316,0.000593232,0.000143266,0.006912525,0.00153262,0.000621646,0.000258349,0.013502023,0.002549187,0.000562043,0.000138359,0.008578277,0.002318239
1832,0.000561427,0.000105365,0.002951396,0.000954598,0.000828969,0.000136456,0.003651764,0.001454402,0.000394157,0.000180707,0.005831514,0.00101098,0.000926432,0.000288441,0.012376558,0.002758799,0.000851677,0.000168194,0.010635655,0.002301211
1833,0.000565912,0.000141801,0.005940947,0.001172686,0.000744255,9.28E-05,0.002961918,0.00091444,0.000387129,0.000157614,0.004331232,0.000850866,0.00107965,0.000378117,0.015210666,0.003278309,0.000772232,0.00031366,0.020426436,0.003592247
1834,0.000581079,9.83E-05,0.010287982,0.001942136,0.000307491,8.72E-05,0.00515372,0.00099309,0.000454789,0.000147315,0.002754374,0.000663344,0.001905239,0.000377283,0.022416082,0.004970088,0.001384656,0.000763776,0.059432911,0.011438507
1835,0.0004298,0.000119333,0.005717761,0.001084523,0.000388996,9.89E-05,0.005698669,0.000855485,0.000455931,8.53E-05,0.004089156,0.000595802,0.006924718,0.000950892,0.036980018,0.007021901,0.001925308,0.0006759,0.074659807,0.014458844
1836,0.000341731,8.20E-05,0.002286441,0.000454536,0.000574623,8.96E-05,0.004797781,0.00060842,0.000336581,8.11E-05,0.00611381,0.001000914,0.013973262,0.002649714,0.10542332,0.016048428,0.000825356,0.000315025,0.030720487,0.00598049
1837,0.000322976,0.000132562,0.003039925,0.00064648,0.000571574,9.24E-05,0.003192112,0.000856003,0.00042735,9.74E-05,0.005711597,0.00101667,0.008147177,0.002136531,0.091998953,0.011747139,0.000386931,0.00014049,0.004242194,0.001676043
1838,0.00028933,0.000104504,0.00457896,0.001088565,0.000632939,9.40E-05,0.005037662,0.001032624,0.000348728,8.93E-05,0.003991582,0.000573971,0.002102187,0.000718719,0.029798034,0.004376847,0.000391307,0.000146614,0.004973975,0.001495484
1839,0.000264462,9.23E-05,0.005445373,0.001516137,0.000480091,0.000104896,0.006198824,0.000677655,0.000292155,9.93E-05,0.003114114,0.000674613,0.002491494,0.000495526,0.022060123,0.004122429,0.000437899,0.000155696,0.005631149,0.002237659
1840,0.000265993,6.44E-05,0.005672016,0.001264939,0.000367633,7.52E-05,0.004332874,0.000586646,0.000387662,8.79E-05,0.003169333,0.000671762,0.001657541,0.000269732,0.021630527,0.003301347,0.000446824,0.00011102,0.00381165,0.001813379
1841,0.000355968,4.48E-05,0.005589686,0.000743091,0.000357403,0.00011375,0.00339782,0.00069358,0.000413072,4.96E-05,0.003278479,0.000668152,0.000774881,0.00020469,0.018866014,0.002889496,0.000282249,0.000134963,0.00392672,0.001645473
1842,0.000313326,5.36E-05,0.005353129,0.000614419,0.000279185,0.000127163,0.003858066,0.000552317,0.000262502,6.97E-05,0.002981386,0.000503734,0.001069264,0.000352223,0.016398721,0.002364667,0.000301912,0.000114824,0.008007353,0.002131025
1843,0.000348081,7.32E-05,0.005995839,0.001356693,0.000263613,8.59E-05,0.00351673,0.000471646,0.000261386,7.24E-05,0.00279402,0.00050748,0.001105302,0.000280182,0.01159949,0.001391663,0.000280417,8.10E-05,0.007852493,0.001987999
1844,0.000323275,9.23E-05,0.007267934,0.001350735,0.000325584,8.74E-05,0.002281446,0.000414788,0.000208253,7.26E-05,0.004200674,0.001156889,0.000921577,0.000165141,0.011972018,0.001187944,0.000267053,0.00012602,0.004193542,0.001462939
1845,0.000626914,0.000171774,0.004283905,0.000962637,0.000263105,0.000124992,0.002925747,0.000272452,0.000229025,6.21E-05,0.006087984,0.001613846,0.000560423,0.000183828,0.009665121,0.0011728,0.000203643,0.000114056,0.006312903,0.00209522
1846,0.000634357,0.000193537,0.005170448,0.001008544,0.000259486,9.32E-05,0.005021774,0.000558014,0.000196323,4.43E-05,0.003987984,0.00092423,0.000813883,0.000228795,0.00705748,0.000920237,0.000251299,8.02E-05,0.006890637,0.001695511
1847,0.000251497,0.00014789,0.008704645,0.001251734,0.000409853,6.94E-05,0.006013114,0.000835802,0.000234795,6.04E-05,0.003360703,0.000910825,0.000728874,0.000195874,0.006208605,0.000787257,0.000415576,6.71E-05,0.006355451,0.001079724
1848,0.000256924,0.000146001,0.009538058,0.001365612,0.000291409,5.13E-05,0.005399912,0.001007256,0.000278424,9.67E-05,0.003923918,0.001037458,0.000440181,0.000106271,0.005145995,0.000695006,0.000320958,8.10E-05,0.009363459,0.001808558
1849,0.000346941,0.00013166,0.007152542,0.001085234,0.000367107,6.54E-05,0.005352196,0.001061613,0.00025098,9.67E-05,0.004364995,0.00097805,0.000604259,8.55E-05,0.007586825,0.001042173,0.000129639,9.40E-05,0.010364694,0.002874704
1850,0.000229748,0.00012812,0.00310857,0.000617553,0.000221279,9.95E-05,0.005728656,0.001161146,0.00037785,8.60E-05,0.003545884,0.000631799,0.000663651,7.92E-05,0.011165275,0.001748276,0.000169748,8.46E-05,0.005855359,0.001976353
1851,0.000415281,0.000144738,0.006323541,0.001078716,0.000238696,0.000108583,0.005457678,0.001368179,0.000312941,9.38E-05,0.004583972,0.000914649,0.00050966,7.08E-05,0.008899473,0.001602574,0.00016037,7.04E-05,0.005544185,0.002086225
1852,0.000478007,0.000133445,0.006764439,0.000989832,0.000305127,0.000122663,0.003812111,0.001563011,0.000236828,8.12E-05,0.003696039,0.000600791,0.000294956,9.13E-05,0.007503847,0.001318772,0.000162701,6.49E-05,0.006259472,0.002705074
1853,0.00029134,5.50E-05,0.006096999,0.000786465,0.000614855,0.00016354,0.010460733,0.003188588,0.000193047,8.45E-05,0.004518473,0.000724298,0.000338343,7.95E-05,0.007809746,0.001267901,0.000230299,0.000103254,0.005228941,0.001442783
1854,0.000224783,4.95E-05,0.007370423,0.000973826,0.000609164,0.00015383,0.030331867,0.005215313,0.000194374,7.75E-05,0.006564428,0.001161189,0.000501498,8.35E-05,0.007632573,0.00155307,0.000205452,9.92E-05,0.003244399,0.00089636
1855,0.000188418,5.70E-05,0.006156492,0.000890309,0.000417196,0.000188367,0.032493012,0.004715877,0.000232161,7.41E-05,0.004374077,0.001106477,0.000432617,9.80E-05,0.005111102,0.001481266,0.000155885,0.000124494,0.006070652,0.001163606
1856,0.000246556,5.51E-05,0.00665078,0.000813622,0.000400818,0.000147253,0.021942759,0.004005504,0.000147008,7.17E-05,0.002705935,0.000598671,0.000289731,6.83E-05,0.0058428,0.001702119,0.000178052,0.000120264,0.007583055,0.001275293
1857,0.000303309,6.28E-05,0.013974106,0.002003987,0.000280264,9.09E-05,0.013855309,0.002537665,0.000176578,5.32E-05,0.002106652,0.00045646,0.000245678,6.32E-05,0.008236048,0.001404161,0.000185365,8.76E-05,0.004812305,0.001671328
1858,0.000201765,8.38E-05,0.017512196,0.002317441,0.000231026,8.20E-05,0.01149918,0.001595282,0.000160652,7.25E-05,0.003618129,0.000491761,0.00019551,8.34E-05,0.007792522,0.000873303,0.000199666,8.79E-05,0.006113374,0.002120443
1859,0.000225012,9.27E-05,0.014638668,0.001834282,0.000259518,8.61E-05,0.012720131,0.002520088,0.000109635,6.02E-05,0.004112349,0.000817734,0.000221759,6.87E-05,0.003479047,0.000759069,0.000304057,6.98E-05,0.008879232,0.001708343
1860,0.000222615,9.70E-05,0.009492703,0.001348241,0.00029135,0.000111351,0.014452585,0.00254979,0.00018987,5.01E-05,0.003204049,0.000742652,0.000266427,8.74E-05,0.006704335,0.001508086,0.000267504,9.44E-05,0.008143383,0.002160125
1861,0.000341831,0.000213103,0.02720738,0.00460592,0.000219932,9.90E-05,0.00786726,0.001482671,0.000233299,7.37E-05,0.002988463,0.00063487,0.000258902,9.66E-05,0.010846214,0.002296373,0.000197969,0.0001035,0.007295239,0.001740049
1862,0.00031933,0.000432791,0.054363929,0.009164027,0.000261877,8.26E-05,0.010165476,0.002056318,0.000197172,0.000132613,0.005673731,0.00105006,0.000293834,0.000129892,0.008991299,0.001679253,0.000203703,0.000113949,0.007745202,0.000894662
1863,0.000171643,0.000268483,0.031412161,0.00518308,0.000207613,5.58E-05,0.011634492,0.002076675,0.000152484,0.000108446,0.006535673,0.001153316,0.000291976,0.000116159,0.00770629,0.001571695,0.000236999,8.29E-05,0.008113053,0.000885151
1864,0.00015715,9.45E-05,0.006695716,0.001452285,0.000229811,8.38E-05,0.007348485,0.001304375,0.000144474,7.07E-05,0.0060899,0.001226628,0.000258282,5.69E-05,0.006363458,0.001164047,0.000246446,9.63E-05,0.007179303,0.001217504
1865,0.000167323,9.49E-05,0.007991184,0.001866522,0.000220003,9.65E-05,0.006915301,0.001049542,0.000194984,7.92E-05,0.007511517,0.001491981,0.000209457,5.33E-05,0.004805013,0.000963122,0.000268671,9.19E-05,0.005246637,0.001454591
1866,0.00016559,6.63E-05,0.005792793,0.000970435,0.000183223,6.72E-05,0.008132409,0.001318784,0.000322008,0.00013742,0.008964566,0.001677467,0.000195951,5.25E-05,0.005548014,0.000604107,0.000282594,5.65E-05,0.004545212,0.001294472
1867,0.000181739,5.90E-05,0.006968942,0.00070863,0.000126064,8.03E-05,0.009828862,0.001504424,0.000636694,0.000303837,0.008229828,0.001797591,0.000289574,4.93E-05,0.003788574,0.000633,0.000206705,6.04E-05,0.004109597,0.001526744
1868,0.000252962,0.000109258,0.008635995,0.001320469,0.000217534,7.90E-05,0.007120864,0.001786015,0.000763928,0.000342052,0.006785944,0.001243134,0.000327911,4.85E-05,0.002921268,0.000879172,0.00018724,5.94E-05,0.004764403,0.001685353
1869,0.000275224,0.000103014,0.006460856,0.001336634,0.000245448,7.73E-05,0.00463603,0.001477218,0.000354575,0.000149408,0.0050947,0.001178364,0.000245965,6.11E-05,0.003951424,0.000804026,0.000225261,6.78E-05,0.004877457,0.001286081
1870,0.000338944,8.11E-05,0.003941307,0.001001606,0.000155198,6.90E-05,0.005170576,0.001411241,0.000327534,9.61E-05,0.002168596,0.000740913,0.000236876,7.48E-05,0.005179862,0.000689691,0.00029637,9.32E-05,0.006716448,0.001153043
1871,0.000287141,8.17E-05,0.005557188,0.000851851,0.000145523,6.29E-05,0.006477028,0.001456676,0.000300213,8.85E-05,0.003634262,0.000693981,0.000364726,8.67E-05,0.006090082,0.001210951,0.000358904,9.47E-05,0.006933688,0.001544663
1872,0.000221474,8.03E-05,0.004653565,0.000699781,0.000327279,5.82E-05,0.009327534,0.001922969,0.000193781,6.34E-05,0.004140383,0.000841259,0.000446874,8.50E-05,0.009344957,0.001842242,0.000375667,0.000115752,0.012276135,0.001949696
1873,0.000214046,7.17E-05,0.004781824,0.00072962,0.000301402,7.74E-05,0.007227309,0.002454991,0.000233138,6.66E-05,0.004495736,0.000746513,0.000663272,8.31E-05,0.011260939,0.002064007,0.000530456,9.88E-05,0.017223581,0.00251056
1874,0.000290257,6.57E-05,0.00719653,0.00078864,0.000312182,0.000103969,0.00819717,0.002551122,0.00025581,4.38E-05,0.003136323,0.000612575,0.001383203,0.000164044,0.017575239,0.005460267,0.00101399,0.000265637,0.031513323,0.009103666
1875,0.000217844,3.25E-05,0.00529569,0.000426076,0.000271953,8.19E-05,0.009040586,0.001444057,0.00026348,4.39E-05,0.002904914,0.000729338,0.001215375,0.000144437,0.016560256,0.00465864,0.001320232,0.000331172,0.036937892,0.012231578
1876,0.000283578,3.50E-05,0.005593961,0.000547331,0.000229283,5.87E-05,0.007190295,0.001240426,0.000265901,4.60E-05,0.003527501,0.000947544,0.000482744,4.79E-05,0.006120261,0.001040137,0.000697439,0.000175909,0.018722993,0.004659111
1877,0.000288985,4.71E-05,0.00493065,0.000553026,0.000285733,7.67E-05,0.004468343,0.001617939,0.000278847,4.09E-05,0.005399058,0.001145135,0.000424761,4.80E-05,0.005383933,0.000988393,0.000430626,0.00011768,0.010810941,0.001520379
1878,0.000192883,4.34E-05,0.004343629,0.000547784,0.000234909,7.71E-05,0.002881729,0.001027818,0.000295396,5.72E-05,0.003953703,0.000616979,0.0004045,5.79E-05,0.006172128,0.001512563,0.000503734,8.87E-05,0.005724904,0.0013303
1879,0.000280573,5.80E-05,0.006362102,0.000545327,0.000256948,6.47E-05,0.006749178,0.001153628,0.000387939,8.27E-05,0.003420773,0.000696708,0.000483292,5.98E-05,0.005467851,0.001005556,0.000497342,0.000108639,0.005444167,0.001422943
1880,0.000243428,6.04E-05,0.003521335,0.000399294,0.000316678,5.95E-05,0.007324481,0.001567967,0.00023172,7.96E-05,0.00474062,0.000900908,0.000524744,5.39E-05,0.004780241,0.000868116,0.000396903,0.000121455,0.006014078,0.001834915
1881,0.000314364,9.14E-05,0.006606081,0.000605902,0.000233221,0.000100018,0.007469795,0.001371923,0.000178056,7.51E-05,0.003249317,0.00070796,0.000338027,7.66E-05,0.005318311,0.0009697,0.000317096,9.92E-05,0.006538155,0.001846684
1882,0.000351327,8.59E-05,0.00840965,0.001001384,0.000210566,0.000108078,0.010944902,0.001276126,0.000336964,5.96E-05,0.003914643,0.000764477,0.000263897,7.75E-05,0.005468701,0.000732723,0.000423184,4.70E-05,0.00683961,0.001107756
1883,0.000301556,4.55E-05,0.004300376,0.000889225,0.000260413,0.000146123,0.014201684,0.00156465,0.000341811,5.14E-05,0.005431455,0.001061113,0.000306198,5.56E-05,0.00606801,0.000855257,0.000560801,9.53E-05,0.005831331,0.001152337
1884,0.000265379,4.38E-05,0.003515937,0.000562934,0.000256094,0.000167091,0.020122826,0.001962188,0.00041373,9.22E-05,0.004342958,0.000878508,0.000257458,6.38E-05,0.006418479,0.001345703,0.000368929,0.000134898,0.006924725,0.001197341
1885,0.000259515,5.32E-05,0.003554712,0.000805004,0.000340301,0.000105212,0.01346692,0.001707992,0.000404146,7.61E-05,0.003255697,0.000629714,0.000253933,7.19E-05,0.004554775,0.000827877,0.00040402,0.000110258,0.006676095,0.000982648
1886,0.000410853,5.51E-05,0.004799895,0.000923045,0.000279942,0.000139865,0.013439744,0.003175808,0.000314957,5.18E-05,0.005316316,0.000802999,0.000352638,6.64E-05,0.003419078,0.00065014,0.000612399,7.10E-05,0.005388797,0.001098263
1887,0.000300792,6.81E-05,0.004927924,0.000851395,0.00116329,0.000366961,0.036580792,0.008346914,0.000285062,7.91E-05,0.005626843,0.000816442,0.000412653,5.42E-05,0.005143646,0.00089654,0.000506167,4.51E-05,0.005124497,0.001501153
1888,0.000217228,6.22E-05,0.003633827,0.000719651,0.006220607,0.001439702,0.166627458,0.040501537,0.000367118,0.000105013,0.005741308,0.000722043,0.000392582,9.17E-05,0.004813668,0.000686016,0.000374016,8.00E-05,0.00595425,0.001381165
1889,0.000234683,0.000237035,0.003600117,0.00071368,0.012782118,0.003100644,0.278703324,0.081971449,0.000446233,9.77E-05,0.005346056,0.000776515,0.000248383,9.40E-05,0.003622585,0.000680138,0.00033945,0.000114287,0.006794855,0.001114109
1890,0.00022845,0.000349307,0.007983674,0.001170186,0.012888278,0.003755487,0.15562828,0.052446879,0.000394683,5.78E-05,0.00460063,0.000740438,0.000237994,6.30E-05,0.002363779,0.0004123,0.000259287,7.84E-05,0.006107531,0.001105647
1891,0.00029006,0.000190767,0.008946577,0.00123139,0.006943548,0.003206905,0.064251852,0.017773406,0.00043717,6.36E-05,0.002715139,0.000691498,0.000237161,6.38E-05,0.002628918,0.000517063,0.000343203,6.01E-05,0.006694309,0.001087779
1892,0.00024296,8.82E-05,0.004983561,0.000984882,0.002231004,0.001856918,0.051332067,0.013553589,0.000318775,3.27E-05,0.002934095,0.000884101,0.000357665,6.95E-05,0.003298108,0.000811388,0.000456074,7.23E-05,0.006122286,0.001398073
1893,0.000261106,0.000156738,0.005638017,0.001316478,0.000754672,0.000907085,0.040784003,0.009576434,0.000238117,4.01E-05,0.002956094,0.000793558,0.000235373,7.87E-05,0.005364081,0.000864476,0.000437312,8.45E-05,0.006867068,0.001944213
1894,0.000280456,0.000229951,0.010483918,0.001690986,0.000806685,0.000601584,0.024014921,0.007013503,0.000232708,6.97E-05,0.003311188,0.000505166,0.000237429,7.80E-05,0.006826143,0.000685263,0.000515427,7.18E-05,0.005190093,0.0021421
1895,0.000954621,0.000313522,0.033391414,0.004625254,0.001150569,0.000515966,0.023002191,0.006562571,0.000287822,8.16E-05,0.002211051,0.000401386,0.000258957,8.41E-05,0.004383013,0.000423424,0.000424313,8.01E-05,0.00583142,0.002322878
1896,0.000924394,0.000340616,0.035484519,0.004935495,0.00181853,0.000417194,0.022803909,0.005743274,0.00029786,0.000100824,0.002826671,0.000779511,0.000272977,7.34E-05,0.002502469,0.00056976,0.000562291,6.21E-05,0.007911083,0.001952343
1897,0.000474426,0.00012026,0.013972476,0.001666242,0.001458761,0.000277579,0.018800468,0.005455464,0.000302844,0.000100863,0.003236774,0.000751335,0.000286273,8.70E-05,0.00352423,0.000878047,0.000468894,7.63E-05,0.007602759,0.001264489
1898,0.000468647,0.000134532,0.006212286,0.000825218,0.001051599,0.000183121,0.013802391,0.004132583,0.000259929,0.00011015,0.003392887,0.000567623,0.000225236,7.31E-05,0.003749475,0.001002376,0.000404503,9.19E-05,0.006548082,0.00157097
1899,0.000279757,7.96E-05,0.007358658,0.000853868,0.001010611,9.17E-05,0.00903267,0.003950015,0.000228309,0.000102284,0.005820463,0.000903066,0.000235906,0.000106642,0.002386411,0.000713665,0.000561227,0.000119518,0.008763843,0.002169699
1900,0.000304518,9.86E-05,0.005671067,0.000632674,0.001100649,0.000167648,0.015469846,0.002958873,0.000337716,0.000111116,0.006119904,0.000862912,0.000213043,0.000111836,0.002823351,0.000518831,0.000562542,0.000113711,0.007893195,0.002216939
1901,0.000260499,0.000140769,0.005117557,0.000479664,0.000937862,0.000139353,0.013007665,0.00338099,0.000401494,0.000157376,0.006401325,0.000812221,0.000257591,8.82E-05,0.004406129,0.000767025,0.00046441,7.93E-05,0.004923121,0.00141953
1902,0.000297148,0.000105128,0.004670186,0.000340965,0.000920889,0.000194033,0.009547318,0.002198277,0.000420632,0.000189763,0.010345932,0.00118976,0.000215762,7.65E-05,0.004903775,0.00075688,0.000347619,6.81E-05,0.006058842,0.001215411
1903,0.000210345,6.07E-05,0.003473753,0.000486109,0.000620426,0.000176569,0.008813563,0.003048429,0.000511996,0.000200266,0.020382839,0.001880977,0.000190597,6.39E-05,0.003784315,0.000550545,0.000238367,6.10E-05,0.00790529,0.001483857
1904,0.000163613,6.13E-05,0.003876473,0.000577214,0.00064499,0.000203826,0.009328692,0.003012869,0.000798003,0.000290377,0.031165465,0.004167876,0.000292326,6.17E-05,0.004875326,0.000748429,0.000287948,9.37E-05,0.009011905,0.001422984
1905,0.000168974,5.31E-05,0.005363224,0.000577067,0.000360504,0.000166699,0.007783788,0.00258963,0.000604676,0.000242103,0.023285776,0.003337442,0.000268295,5.26E-05,0.004604042,0.000931736,0.000424674,9.55E-05,0.009700791,0.001054463
1906,0.000195745,5.80E-05,0.004060744,0.000677098,0.000451512,0.000220159,0.008206986,0.003000591,0.000295166,0.000109463,0.006781958,0.001704358,0.000216187,5.64E-05,0.003120726,0.000950689,0.000521987,8.96E-05,0.008906921,0.000822977
1907,0.000242313,7.74E-05,0.003675709,0.000649206,0.000521909,0.000222454,0.0086746,0.002961495,0.000225193,8.69E-05,0.005404065,0.000964976,0.000195004,3.73E-05,0.004608431,0.000829955,0.000528255,0.000117868,0.009307321,0.001412904
1908,0.000210623,4.81E-05,0.004088068,0.000480705,0.000444268,0.000141086,0.007091398,0.001591378,0.000260244,7.85E-05,0.003325621,0.000488273,0.000259372,3.54E-05,0.006136912,0.001185871,0.000360237,0.000118851,0.008731639,0.001393135
1909,0.000135653,5.30E-05,0.004032454,0.000624668,0.000531665,0.000103997,0.008690668,0.001456875,0.000257309,7.51E-05,0.00347551,0.00052982,0.000165489,4.16E-05,0.00455605,0.000976203,0.000425091,0.000109585,0.007064818,0.00137746
1910,0.000104104,5.14E-05,0.002979651,0.000586125,0.000428657,5.73E-05,0.006719794,0.001856493,0.000261023,9.50E-05,0.003696788,0.000549222,0.00011389,5.29E-05,0.00419849,0.000752482,0.00056463,0.00012221,0.007030357,0.001105499
1911,0.00011542,5.97E-05,0.00352157,0.000433032,0.00039661,7.18E-05,0.007424571,0.001411537,0.000156943,8.92E-05,0.004323911,0.00055905,0.000197698,5.55E-05,0.004402564,0.000750468,0.000428654,0.000131764,0.012792325,0.001489318
1912,0.000139737,4.74E-05,0.003591911,0.000620548,0.00022142,0.00010419,0.006247934,0.000978808,0.000186238,5.51E-05,0.004543607,0.000565094,0.000515373,0.000102232,0.011464425,0.001338833,0.00033797,0.000164192,0.013437463,0.001651308
1913,0.000160001,5.64E-05,0.004416336,0.000821505,0.000260994,9.51E-05,0.005768334,0.000921641,0.000150366,6.31E-05,0.004611815,0.000681704,0.000608175,0.000110674,0.012402292,0.001592696,0.000796243,0.000285819,0.030311873,0.005244662
1914,0.000157268,6.29E-05,0.004055577,0.000611043,0.00025745,7.94E-05,0.003914842,0.000802319,8.70E-05,6.35E-05,0.004723739,0.000606988,0.000241423,6.13E-05,0.004895142,0.000822168,0.003360499,0.001273617,0.121097548,0.023033629
1915,0.000179683,4.97E-05,0.005957105,0.000824915,0.000165007,5.43E-05,0.004315067,0.001112397,0.000146549,5.34E-05,0.004352637,0.000563606,0.000172777,5.57E-05,0.003139115,0.000815288,0.00420865,0.001517797,0.143082631,0.02499855
1916,0.000176064,4.26E-05,0.007850484,0.001039001,0.000162605,5.10E-05,0.005810174,0.001112368,0.000227441,6.57E-05,0.00411133,0.000984215,0.0001469,4.65E-05,0.004294318,0.000972221,0.001843553,0.000556553,0.052359234,0.007824793
1917,0.000129561,6.96E-05,0.006627863,0.000856722,0.000320255,0.000121421,0.015779463,0.002684677,0.000184042,9.13E-05,0.002776536,0.000974857,0.000151733,5.86E-05,0.003605553,0.000681727,0.000500039,0.000234153,0.023053433,0.002710275
1918,0.000163163,0.000107472,0.005337271,0.000606715,0.000401093,0.000121707,0.01820528,0.00279386,0.000204293,8.67E-05,0.00220355,0.000862653,0.000175633,5.18E-05,0.002756209,0.000579377,0.000470005,0.000181169,0.020667136,0.002700349
1919,9.78E-05,6.96E-05,0.004566205,0.000644815,0.000250226,9.41E-05,0.009553432,0.001508823,0.0001739,7.16E-05,0.003521623,0.000651488,7.94E-05,7.43E-05,0.003996899,0.000633127,0.000473552,8.44E-05,0.021315046,0.002367281
1920,0.000121362,6.46E-05,0.004686337,0.000547687,0.000194633,7.05E-05,0.007585263,0.001197752,0.000122541,9.03E-05,0.003735366,0.001149811,9.26E-05,8.64E-05,0.004723887,0.000565925,0.000331302,8.95E-05,0.019713837,0.001602296
1921,0.000153299,5.77E-05,0.005360724,0.000580527,0.000170742,7.25E-05,0.007549271,0.001575588,0.000118634,7.11E-05,0.005332375,0.001314123,0.000159785,4.87E-05,0.004093388,0.00089134,0.000250933,7.92E-05,0.012497005,0.001486642
1922,0.000182106,4.05E-05,0.005349746,0.000486832,0.000339115,5.89E-05,0.01392081,0.002560662,0.000157305,5.15E-05,0.006313347,0.001171543,0.000174089,6.55E-05,0.00449913,0.000983469,0.000175324,6.87E-05,0.013261679,0.001740118
1923,0.000179489,4.55E-05,0.008945739,0.001124126,0.00051349,0.000149537,0.0394718,0.003826008,0.000192165,6.72E-05,0.005909025,0.001058892,0.000123257,5.66E-05,0.00382902,0.00077795,0.00013203,0.000103751,0.016187417,0.001405242
1924,0.000133292,4.42E-05,0.008866288,0.00125994,0.000748297,0.000366147,0.082489919,0.005259408,0.000190758,7.59E-05,0.005074653,0.000796505,0.000121013,7.42E-05,0.00573344,0.000763093,0.000141939,8.72E-05,0.012608068,0.001539897
1925,9.63E-05,3.39E-05,0.007760494,0.000884051,0.000597169,0.000270404,0.065256725,0.00367457,0.000136356,5.01E-05,0.004138215,0.00101344,0.000192306,5.35E-05,0.005367013,0.000429676,0.000198517,6.62E-05,0.0070383,0.001463614
1926,7.64E-05,4.40E-05,0.008604232,0.000656477,0.000399427,0.000102203,0.030239223,0.001573424,7.86E-05,5.80E-05,0.003102112,0.001546711,0.000137723,3.38E-05,0.003896752,0.000834264,0.000152959,4.57E-05,0.005448517,0.001032709
1927,8.30E-05,4.66E-05,0.008616126,0.000969419,0.000186773,7.18E-05,0.014838444,0.001249546,0.000122506,8.09E-05,0.00405123,0.001140676,0.000114561,3.46E-05,0.004860437,0.000990669,0.000208623,8.92E-05,0.007725735,0.001080162
1928,0.000363574,4.26E-05,0.011865963,0.001527703,0.00020514,5.62E-05,0.005981993,0.000832339,0.000119341,7.42E-05,0.004177225,0.000872024,0.00011759,4.21E-05,0.004753044,0.000919739,0.000293352,9.56E-05,0.009482517,0.001121534
1929,0.000486018,4.69E-05,0.015419678,0.001823936,0.00027299,5.60E-05,0.008714846,0.000699832,9.54E-05,7.24E-05,0.004587084,0.000869838,0.000152869,5.02E-05,0.00392261,0.0008863,0.000205364,8.46E-05,0.009392459,0.001307973
1930,0.000189402,4.61E-05,0.006934322,0.001223396,0.000220473,5.12E-05,0.008431288,0.000961808,8.58E-05,5.79E-05,0.004537094,0.000750089,0.000148625,7.37E-05,0.003653699,0.00091482,0.000128101,8.83E-05,0.01175604,0.001164231
1931,6.63E-05,6.20E-05,0.006108741,0.000999898,0.000161666,4.99E-05,0.007225835,0.000858898,0.000108711,4.01E-05,0.00436704,0.000862613,0.000139103,8.04E-05,0.004414492,0.000871226,0.00018832,9.50E-05,0.014437293,0.001346156
1932,8.46E-05,5.56E-05,0.007420424,0.001133787,0.000168462,4.44E-05,0.005770256,0.000654039,0.000163975,6.70E-05,0.00616328,0.000858885,0.000154825,4.55E-05,0.005438495,0.000654478,0.000179121,0.00011811,0.014137659,0.001650508
1933,0.000119893,5.84E-05,0.007646793,0.001238477,0.000136702,4.98E-05,0.004964029,0.001049185,0.000170924,8.82E-05,0.006134056,0.000729294,0.000126038,5.06E-05,0.004457603,0.000887278,0.000185087,0.000120606,0.014306005,0.002362451
1934,8.35E-05,6.43E-05,0.00513184,0.000795368,9.70E-05,7.17E-05,0.003042801,0.000814932,0.000118387,5.82E-05,0.003702079,0.000944772,0.000133869,6.56E-05,0.002074636,0.001033291,0.000199371,0.000116384,0.012724928,0.002288491
1935,7.23E-05,2.89E-05,0.00375077,0.000735397,0.000102271,5.88E-05,0.006548148,0.001238757,9.83E-05,8.46E-05,0.00425213,0.000941221,0.000136616,4.68E-05,0.002933309,0.001371089,0.000186852,9.20E-05,0.011621681,0.001980891
1936,8.26E-05,4.20E-05,0.004632811,0.000581746,0.000146642,5.52E-05,0.006982638,0.001378262,9.44E-05,8.88E-05,0.008549601,0.000815664,0.000118064,5.64E-05,0.004521026,0.001135984,0.000200236,8.36E-05,0.010442987,0.001527639
1937,9.46E-05,5.28E-05,0.004784744,0.000405142,0.000119636,7.01E-05,0.003189307,0.000784968,0.000193387,0.000143947,0.016271851,0.000955561,0.000103965,6.20E-05,0.004570886,0.000720069,0.000172421,6.50E-05,0.008126408,0.001202299
1938,0.000130205,5.55E-05,0.004939564,0.000364807,5.02E-05,4.22E-05,0.003398479,0.000620962,0.000269061,0.000175654,0.023491868,0.001288734,0.000121122,6.04E-05,0.003442367,0.001393438,0.000216255,9.83E-05,0.00889728,0.000595509
1939,0.000102512,6.92E-05,0.003869391,0.000352512,6.22E-05,5.56E-05,0.004900335,0.00053753,0.000345303,0.000156702,0.028594469,0.002190791,0.000114666,8.25E-05,0.002606807,0.001228276,0.000163312,0.000106499,0.008183306,0.000686634
1940,8.26E-05,3.88E-05,0.004537801,0.000535402,0.000114519,4.58E-05,0.003143176,0.000860819,0.000815576,0.000287979,0.066868472,0.005163378,0.000100958,8.10E-05,0.003926534,0.000782958,7.23E-05,6.63E-05,0.00560738,0.001280822
1941,7.94E-05,5.04E-05,0.005226836,0.000757467,0.000143985,7.00E-05,0.005349381,0.001242623,0.001091874,0.000432597,0.090798619,0.007121161,0.000130372,9.49E-05,0.005640072,0.000723513,7.78E-05,5.41E-05,0.004517332,0.001204393
1942,8.26E-05,4.60E-05,0.005629872,0.000867446,0.000164631,6.86E-05,0.007075744,0.001512506,0.000588899,0.000319928,0.040713161,0.002956998,9.82E-05,6.72E-05,0.006030901,0.000783942,0.000118489,5.67E-05,0.005926546,0.001552967
1943,0.0002175,0.000108897,0.00490443,0.000836346,0.000171713,4.13E-05,0.007126948,0.001330854,0.000454702,0.000277712,0.009854129,0.002229675,0.000111756,5.26E-05,0.004523993,0.000737566,0.000137218,6.41E-05,0.00571934,0.001168673
1944,0.000432475,0.000239158,0.00517706,0.000813805,0.000173085,5.21E-05,0.007712248,0.002024773,0.00029975,0.000183061,0.009400995,0.001556942,0.000113229,6.18E-05,0.004360828,0.000621787,0.000139687,5.95E-05,0.005828858,0.000976207
1945,0.001463454,0.000716269,0.004517897,0.000434101,0.000193598,7.50E-05,0.011223344,0.003004571,0.000145443,0.000119611,0.008157815,0.001547463,0.000132256,6.55E-05,0.003947991,0.00071032,0.000119078,8.24E-05,0.00635521,0.000873767
1946,0.001626306,0.000776526,0.005044143,0.00035068,0.000236281,7.84E-05,0.012064806,0.00283761,0.000207576,0.000111338,0.008023255,0.001658388,0.000130564,8.70E-05,0.005119105,0.000633582,0.000122886,7.07E-05,0.005466487,0.000714368
1947,0.000816605,0.000338095,0.003446698,0.000578139,0.000163512,7.38E-05,0.009498434,0.002145326,0.000243667,0.000110708,0.006752703,0.001365925,0.000164793,8.10E-05,0.005328249,0.000872536,0.000122829,3.60E-05,0.006046541,0.000772057
1948,0.000317412,9.75E-05,0.003663778,0.000559539,0.000160777,4.69E-05,0.007633861,0.002039994,0.000255532,0.000105688,0.006770141,0.000999013,0.000258387,9.27E-05,0.005786818,0.001164167,0.000159182,4.55E-05,0.007267579,0.001088259
1949,0.000178675,6.53E-05,0.003348666,0.000522547,0.000136618,6.76E-05,0.004278063,0.00106589,0.000152642,0.000104087,0.008177347,0.001111624,0.000343737,0.000121339,0.006951633,0.001415854,0.000137439,5.83E-05,0.006963544,0.000593844
1950,0.00010772,3.61E-05,0.002437616,0.000413449,0.000135464,7.21E-05,0.005090317,0.001131101,0.000168713,0.000114147,0.006495658,0.001383791,0.002274919,0.000364066,0.019110969,0.0062643,0.00018723,5.97E-05,0.007149459,0.000751266
1951,0.000109562,4.97E-05,0.00301185,0.000447016,0.000169837,5.69E-05,0.00371026,0.000834937,0.000202651,0.000113157,0.006686237,0.001232511,0.003833103,0.000590777,0.02916449,0.010845432,0.00022235,4.92E-05,0.009352428,0.001575268
1952,0.0001275,6.43E-05,0.004382178,0.000502837,0.000182778,6.49E-05,0.005918532,0.001115224,0.000201944,0.000140523,0.007679041,0.001446734,0.001712609,0.000257091,0.015057843,0.005388114,0.000227114,6.46E-05,0.008012435,0.001271555
1953,0.000119067,7.59E-05,0.004012044,0.000425321,0.000198352,6.20E-05,0.007517553,0.001207424,0.00021539,9.36E-05,0.0074536,0.001366985,0.000247187,0.000104284,0.007755336,0.001459232,0.000213644,8.34E-05,0.009410473,0.001742758
1954,0.000143003,4.59E-05,0.002825499,0.000286094,0.000219119,4.86E-05,0.007815442,0.00092385,0.000184127,6.60E-05,0.005859911,0.00136551,0.000359703,0.000113868,0.004847161,0.001297725,0.000802337,0.000209965,0.037685857,0.006726147
1955,0.000194699,4.99E-05,0.004959103,0.000538156,0.000165793,4.83E-05,0.007449846,0.001234111,0.000186922,8.56E-05,0.003442335,0.001121297,0.000308452,0.000103049,0.004489209,0.000760249,0.000862337,0.000191044,0.040872328,0.006634815
1956,0.000145421,7.06E-05,0.007017413,0.000827693,0.000143692,5.68E-05,0.005601105,0.000775665,0.000235374,0.00011781,0.004968749,0.001825696,0.000237901,8.89E-05,0.005336467,0.00082138,0.000255601,9.00E-05,0.013030329,0.00188331
1957,8.71E-05,7.19E-05,0.007735888,0.001094722,0.000169537,5.25E-05,0.004695772,0.000561951,0.000319636,0.000155031,0.007797369,0.002715411,0.000223773,8.21E-05,0.004109362,0.001011189,0.000147223,5.59E-05,0.007208656,0.001339196
1958,0.000121858,5.26E-05,0.005262329,0.0008742,0.000229823,7.78E-05,0.007751692,0.000951405,0.000308607,0.000162226,0.006617912,0.002271677,0.000254638,0.000100151,0.004783406,0.0007943,0.000184162,6.08E-05,0.006781456,0.0011639
1959,0.000193773,5.93E-05,0.004490498,0.00035047,0.0004575,0.00011836,0.01869101,0.001043287,0.000286524,0.000146818,0.008000821,0.002427249,0.000135926,7.46E-05,0.00477659,0.0011419,0.000175715,5.84E-05,0.007301941,0.001203216
1960,0.000104823,6.33E-05,0.004297517,0.00070405,0.000592937,0.000150505,0.015521342,0.001351495,0.000292051,0.000150195,0.007073335,0.00341777,0.000106714,4.16E-05,0.002688127,0.001134656,0.000137882,6.78E-05,0.007584501,0.001180456
1961,0.000243622,7.88E-05,0.008153448,0.001216087,0.000491039,9.16E-05,0.009965528,0.001052318,0.000240769,0.000102729,0.007301798,0.002878502,0.000171312,4.46E-05,0.003213143,0.000918349,0.000224276,6.89E-05,0.006825484,0.001040147
1962,0.000523121,0.00010635,0.017628867,0.002025679,0.000396334,5.84E-05,0.009403236,0.00058639,0.00029253,0.000110505,0.006575824,0.001758763,0.000173746,2.78E-05,0.003301384,0.00043717,0.000227028,6.01E-05,0.005501646,0.00057231
1963,0.000361835,8.37E-05,0.013921097,0.001270695,0.00021664,4.80E-05,0.007112015,0.000867574,0.000231689,0.000104662,0.006312665,0.00134608,0.000142482,3.50E-05,0.005024811,0.000508339,0.000209821,5.07E-05,0.006259281,0.000755494
1964,0.000121024,5.59E-05,0.005231146,0.000455409,0.000191506,6.39E-05,0.005680909,0.001027038,9.50E-05,8.18E-05,0.003555381,0.001468383,0.000123653,5.34E-05,0.005081417,0.000834026,0.000202558,6.60E-05,0.005561859,0.000885899
1965,0.000191551,3.20E-05,0.004472285,0.000312296,0.000122936,6.09E-05,0.005031851,0.000907804,0.000140099,8.01E-05,0.005321272,0.001388528,0.000160615,9.31E-05,0.00278719,0.00079708,0.000263492,6.43E-05,0.006054626,0.001047518
1966,0.000146283,2.54E-05,0.00537673,0.000396991,0.000112459,5.15E-05,0.005123619,0.00065995,0.000148332,0.000123148,0.007698606,0.001691052,0.000219454,6.45E-05,0.00464721,0.000843839,0.000182262,7.00E-05,0.006573761,0.001451791
1967,0.000118605,3.60E-05,0.004529797,0.000558052,0.000129627,4.78E-05,0.00728876,0.001218631,0.000227668,0.000103304,0.006296035,0.001438463,0.000223765,4.28E-05,0.00637961,0.001268407,0.000150886,9.29E-05,0.003898898,0.00119738
1968,0.000113168,3.45E-05,0.00277208,0.000483092,9.12E-05,3.54E-05,0.004178914,0.000905493,0.000374068,0.000128992,0.006653891,0.001326483,0.000199678,5.39E-05,0.004944233,0.001219208,0.000211598,8.38E-05,0.003937013,0.000942398
1969,0.000156407,3.16E-05,0.005340647,0.000446897,0.000109133,4.66E-05,0.003449441,0.000328218,0.000469917,0.000121659,0.008232736,0.001294399,0.000162094,5.86E-05,0.004168492,0.001055978,0.00021135,6.84E-05,0.004724452,0.000619887
1970,0.000219536,4.59E-05,0.005613204,0.000517764,0.000113796,4.38E-05,0.003506733,0.000478524,0.00039773,0.00011143,0.010017577,0.001462449,0.000231451,7.58E-05,0.003813412,0.001014514,0.000155269,5.53E-05,0.004432186,0.001078693
1971,0.000198076,6.66E-05,0.005147197,0.000537319,0.000181098,3.88E-05,0.003307381,0.000573695,0.00050082,0.000173479,0.018134294,0.002812709,0.000163994,6.10E-05,0.002906859,0.000823414,0.000162396,7.26E-05,0.003874799,0.001207682
1972,0.000181835,6.90E-05,0.0023058,0.000446587,0.000167439,3.21E-05,0.002988883,0.000446704,0.000899843,0.000319993,0.039367258,0.005278323,0.000159139,6.90E-05,0.003496759,0.000689593,0.000182855,5.45E-05,0.006729246,0.001571069
1973,0.000174741,5.57E-05,0.001896361,0.000618388,0.000116354,4.57E-05,0.003457245,0.000557083,0.001597746,0.000589195,0.074484974,0.009830886,0.000168173,7.86E-05,0.004830737,0.001506775,0.000225012,4.33E-05,0.007739343,0.001465533
1974,0.000171871,4.84E-05,0.002322329,0.000393029,0.000183991,5.03E-05,0.00340728,0.000281512,0.002672617,0.000808173,0.129088673,0.016933234,0.000137361,7.82E-05,0.005758628,0.001594757,0.000218033,6.59E-05,0.008495011,0.001009159
1975,0.000188569,4.90E-05,0.003351899,0.000270723,0.000218444,3.09E-05,0.004718692,0.000688126,0.004333309,0.000973887,0.185040475,0.021077303,0.000132527,5.28E-05,0.005689299,0.001094555,0.000123621,6.56E-05,0.005029674,0.000701379
1976,0.000172265,5.77E-05,0.004495294,0.000561973,0.000247369,4.10E-05,0.003970405,0.000681011,0.006359286,0.001679579,0.230696235,0.024717516,0.000143049,5.38E-05,0.004854361,0.001433647,0.000115216,4.70E-05,0.003367196,0.001046903
1977,0.000226955,8.86E-05,0.007839475,0.000829715,0.000153229,4.12E-05,0.003495796,0.000479453,0.013433078,0.003109772,0.334186453,0.056302574,0.000189017,5.42E-05,0.003957054,0.001054421,0.000152097,5.03E-05,0.006229324,0.001933962
1978,0.000288742,9.92E-05,0.006612029,0.0006238,0.000196708,9.28E-05,0.005957449,0.000768636,0.015288614,0.003875336,0.336341948,0.060310025,0.000180541,6.60E-05,0.003064617,0.000900686,0.000208081,5.51E-05,0.007716217,0.002342936
1979,0.000198826,7.10E-05,0.004206911,0.000441922,0.000203677,6.20E-05,0.00498559,0.000600165,0.005206447,0.001788442,0.110432112,0.018302139,0.000202738,6.68E-05,0.005769609,0.000935265,0.000300444,5.82E-05,0.007752528,0.002609029
1980,0.000125408,4.56E-05,0.004959068,0.000643114,0.000197407,4.29E-05,0.005761903,0.00075942,0.004494694,0.001833383,0.062460786,0.010050925,0.000224321,5.07E-05,0.005669893,0.000981492,0.000292794,6.05E-05,0.007872998,0.002096673
1981,0.000128595,2.26E-05,0.004340701,0.000544848,0.000235887,5.50E-05,0.006503149,0.000793338,0.002769795,0.001585111,0.029203583,0.005683776,0.000239616,5.26E-05,0.004648228,0.000785353,0.000246571,8.92E-05,0.007497695,0.001145522
1982,0.000143401,3.84E-05,0.004562546,0.000722188,0.000225812,6.85E-05,0.006296734,0.000792535,0.000871084,0.000653689,0.017234221,0.002301841,0.00035427,6.41E-05,0.004618874,0.000695053,0.000209226,8.93E-05,0.006514886,0.001136058
1983,0.000250755,7.51E-05,0.004817893,0.000627897,0.000257729,5.79E-05,0.005092969,0.00073814,0.00076702,0.000408282,0.010466983,0.002330852,0.000330885,8.81E-05,0.003669988,0.000597943,0.000415571,9.61E-05,0.004962636,0.00148122
1984,0.000306647,7.15E-05,0.004681549,0.000502054,0.000212905,5.64E-05,0.005904911,0.000528718,0.000468243,0.000118417,0.010077549,0.001284396,0.000258621,8.44E-05,0.005042788,0.000559255,0.000535791,0.000104826,0.004346754,0.001412484
1985,0.000233829,3.95E-05,0.002933733,0.000563268,0.000189124,6.29E-05,0.00476372,0.000764053,0.000471019,0.000175625,0.00888054,0.001105296,0.000198261,5.97E-05,0.005716083,0.0009493,0.000448291,0.000114641,0.002750763,0.00174341
1986,0.000213059,4.10E-05,0.004350491,0.000950604,0.000233029,6.48E-05,0.002498141,0.000730056,0.000396559,0.000126021,0.005640811,0.001391523,0.000185735,6.81E-05,0.003861192,0.001105042,0.000469467,0.000130108,0.004488507,0.001368891
1987,0.000243217,3.72E-05,0.005230701,0.000753067,0.000347302,8.08E-05,0.002613715,0.000460568,0.000273776,7.78E-05,0.006574243,0.001751772,0.000340696,9.41E-05,0.004324521,0.001350641,0.000437524,0.000120187,0.004214111,0.001491084
1988,0.000174379,5.55E-05,0.0030433,0.000339981,0.000351594,9.14E-05,0.001862265,0.000408246,0.000457024,0.000136342,0.006625582,0.001582944,0.000629517,0.000122916,0.014361947,0.003085922,0.000263706,8.55E-05,0.003361218,0.001536459
1989,0.000179067,5.73E-05,0.003454127,0.000556181,0.000287012,6.61E-05,0.003351614,0.000484664,0.000594284,0.000165226,0.006110445,0.001587299,0.001498721,0.000272711,0.039458574,0.007220018,0.000200687,5.67E-05,0.005407727,0.001389788
1990,0.00025133,7.21E-05,0.002873902,0.000421437,0.000130548,6.35E-05,0.003308657,0.000440963,0.000407355,0.00014601,0.006364317,0.000760813,0.001073237,0.000234023,0.02805183,0.004940224,0.000263255,6.59E-05,0.005365304,0.001503668
1991,0.000246846,7.51E-05,0.003566438,0.000324302,0.00021319,7.12E-05,0.002349858,0.000380011,0.000238672,0.00010627,0.005330582,0.001035916,0.000375773,9.81E-05,0.004906506,0.001474802,0.000365902,6.46E-05,0.004777196,0.001632626
1992,0.000514509,0.000132148,0.003002575,0.000326648,0.000361208,7.56E-05,0.004109058,0.000244162,0.000405011,0.000100099,0.004792059,0.001053611,0.000332258,7.70E-05,0.004084658,0.000780778,0.000392396,9.02E-05,0.007266101,0.001324056
1993,0.000519091,0.000140253,0.003119165,0.000458928,0.000399099,8.03E-05,0.010079831,0.001530454,0.000446447,0.000121152,0.003860215,0.000968118,0.000252429,8.88E-05,0.004113595,0.000690282,0.000355895,0.000124423,0.009627943,0.001636505
1994,0.001775679,0.000495497,0.008113382,0.000641426,0.000701918,0.000243881,0.014671661,0.003114619,0.000392839,0.000134354,0.003085982,0.001495811,0.00020631,5.89E-05,0.004367955,0.000761898,0.0006163,0.000201031,0.016168844,0.004041723
1995,0.004758032,0.00144527,0.024727754,0.001541702,0.000582741,0.000233465,0.010977138,0.002210861,0.000504634,0.000149843,0.005228441,0.001913668,0.000405318,7.04E-05,0.003155995,0.000810026,0.00061758,0.000155804,0.013232918,0.003663504
1996,0.003866473,0.001199046,0.020295615,0.001789184,0.000406736,0.000115305,0.007983983,0.001380508,0.000486987,0.000101876,0.006939216,0.002216625,0.000457599,0.000111083,0.003143643,0.000888053,0.000344874,8.20E-05,0.006116013,0.001691647
1997,0.001030652,0.000278621,0.003397541,0.00096661,0.000274264,7.00E-05,0.006278382,0.000891373,0.000436663,7.45E-05,0.007584956,0.001944048,0.000308757,8.44E-05,0.003116604,0.000765932,0.000258567,9.43E-05,0.004809377,0.00125242
1998,0.000606389,0.000101425,0.002227524,0.000498666,0.000258565,6.71E-05,0.004472163,0.000532144,0.000379005,8.06E-05,0.007396203,0.001243391,0.000340827,6.50E-05,0.002953604,0.000942598,0.000293202,8.97E-05,0.00508887,0.000977146
1999,0.000520912,7.70E-05,0.003313379,0.000403004,0.000258666,5.52E-05,0.003447762,0.00098041,0.000402603,0.00011028,0.006684945,0.001298215,0.000342124,8.36E-05,0.00251934,0.00107359,0.000324831,0.000109315,0.005845449,0.00199227
2000,0.001072981,0.000138043,0.004209906,0.000305761,0.000263311,6.01E-05,0.004640804,0.001157972,0.000420033,8.05E-05,0.005477374,0.001079099,0.000391826,7.06E-05,0.001708866,0.000871436,0.000419971,9.77E-05,0.005179835,0.002020194
,,,,,,,,,,,,,,,,,,,,
,,,,,,,,,,,,,,,,,,,,
,,,,,,,,,,,,,,,,,,,,
,,,,,,,,,,,,,,,,,,,,
,,,,,,,,,,,,,,,,,,,,
,,,,,,,,,,,,,,,,,,,,
,,,,,,,,,,,,,,,,,,,,
,,,,,,,,,,,,,,,,,,,,
,,,,,,,,,,,,,,,,,,,,
,,,,,,,,,,,,,,,,,,,,
,,,,,,,,,,,,,,,,,,,,
,,,,,,,,,,,,,,,,,,,,
,,,,,,,,,,,,,,,,,,,,
,,,,,,,,,,,,,,,,,,,,
,,,,,,,,,,,,,,,,,,,,
,,,,,,,,,,,,,,,,,,,,
,,,,,,,,,,,,,,,,,,,,
,,,,,,,,,,,,,,,,,,,,
,,,,,,,,,,,,,,,,,,,,
,,,,,,,,,,,,,,,,,,,,
,,,,,,,,,,,,,,,,,,,,
,,,,,,,,,,,,,,,,,,,,
,,,,,,,,,,,,,,,,,,,,
,,,,,,,,,,,,,,,,,,,,
,,,,,,,,,,,,,,,,,,,,
,,,,,,,,,,,,,,,,,,,,
,,,,,,,,,,,,,,,,,,,,
,,,,,,,,,,,,,,,,,,,,
,,,,,,,,,,,,,,,,,,,,
,,,,,,,,,,,,,,,,,,,,
,,,,,,,,,,,,,,,,,,,,
,,,,,,,,,,,,,,,,,,,,
,,,,,,,,,,,,,,,,,,,,
,,,,,,,,,,,,,,,,,,,,
,,,,,,,,,,,,,,,,,,,,
,,,,,,,,,,,,,,,,,,,,
,,,,,,,,,,,,,,,,,,,,
,,,,,,,,,,,,,,,,,,,,
,,,,,,,,,,,,,,,,,,,,
,,,,,,,,,,,,,,,,,,,,
,,,,,,,,,,,,,,,,,,,,
,,,,,,,,,,,,,,,,,,,,
,,,,,,,,,,,,,,,,,,,,
,,,,,,,,,,,,,,,,,,,,
,,,,,,,,,,,,,,,,,,,,
,,,,,,,,,,,,,,,,,,,,
,,,,,,,,,,,,,,,,,,,,
,,,,,,,,,,,,,,,,,,,,
,,,,,,,,,,,,,,,,,,,,
,,,,,,,,,,,,,,,,,,,,
,,,,,,,,,,,,,,,,,,,,
,,,,,,,,,,,,,,,,,,,,
,,,,,,,,,,,,,,,,,,,,
,,,,,,,,,,,,,,,,,,,,
,,,,,,,,,,,,,,,,,,,,
,,,,,,,,,,,,,,,,,,,,
,,,,,,,,,,,,,,,,,,,,
,,,,,,,,,,,,,,,,,,,,
,,,,,,,,,,,,,,,,,,,,
,,,,,,,,,,,,,,,,,,,,
,,,,,,,,,,,,,,,,,,,,
,,,,,,,,,,,,,,,,,,,,
,,,,,,,,,,,,,,,,,,,,
,,,,,,,,,,,,,,,,,,,,
,,,,,,,,,,,,,,,,,,,,
,,,,,,,,,,,,,,,,,,,,
,,,,,,,,,,,,,,,,,,,,
,,,,,,,,,,,,,,,,,,,,
,,,,,,,,,,,,,,,,,,,,
,,,,,,,,,,,,,,,,,,,,
,,,,,,,,,,,,,,,,,,,,
,,,,,,,,,,,,,,,,,,,,
,,,,,,,,,,,,,,,,,,,,
,,,,,,,,,,,,,,,,,,,,
,,,,,,,,,,,,,,,,,,,,
,,,,,,,,,,,,,,,,,,,,
,,,,,,,,,,,,,,,,,,,,
,,,,,,,,,,,,,,,,,,,,
,,,,,,,,,,,,,,,,,,,,
,,,,,,,,,,,,,,,,,,,,
,,,,,,,,,,,,,,,,,,,,
,,,,,,,,,,,,,,,,,,,,
,,,,,,,,,,,,,,,,,,,,
,,,,,,,,,,,,,,,,,,,,
,,,,,,,,,,,,,,,,,,,,
,,,,,,,,,,,,,,,,,,,,
,,,,,,,,,,,,,,,,,,,,
,,,,,,,,,,,,,,,,,,,,
,,,,,,,,,,,,,,,,,,,,
,,,,,,,,,,,,,,,,,,,,
,,,,,,,,,,,,,,,,,,,,
,,,,,,,,,,,,,,,,,,,,
,,,,,,,,,,,,,,,,,,,,
,,,,,,,,,,,,,,,,,,,,
,,,,,,,,,,,,,,,,,,,,
,,,,,,,,,,,,,,,,,,,,
,,,,,,,,,,,,,,,,,,,,
,,,,,,,,,,,,,,,,,,,,
,,,,,,,,,,,,,,,,,,,,
,,,,,,,,,,,,,,,,,,,,
,,,,,,,,,,,,,,,,,,,,
,,,,,,,,,,,,,,,,,,,,
,,,,,,,,,,,,,,,,,,,,
,,,,,,,,,,,,,,,,,,,,
,,,,,,,,,,,,,,,,,,,,
,,,,,,,,,,,,,,,,,,,,
,,,,,,,,,,,,,,,,,,,,
,,,,,,,,,,,,,,,,,,,,
,,,,,,,,,,,,,,,,,,,,
,,,,,,,,,,,,,,,,,,,,
,,,,,,,,,,,,,,,,,,,,
,,,,,,,,,,,,,,,,,,,,
,,,,,,,,,,,,,,,,,,,,
,,,,,,,,,,,,,,,,,,,,
,,,,,,,,,,,,,,,,,,,,
,,,,,,,,,,,,,,,,,,,,
,,,,,,,,,,,,,,,,,,,,
,,,,,,,,,,,,,,,,,,,,
,,,,,,,,,,,,,,,,,,,,
,,,,,,,,,,,,,,,,,,,,
,,,,,,,,,,,,,,,,,,,,
,,,,,,,,,,,,,,,,,,,,
,,,,,,,,,,,,,,,,,,,,
,,,,,,,,,,,,,,,,,,,,
,,,,,,,,,,,,,,,,,,,,
,,,,,,,,,,,,,,,,,,,,
,,,,,,,,,,,,,,,,,,,,
,,,,,,,,,,,,,,,,,,,,
,,,,,,,,,,,,,,,,,,,,
,,,,,,,,,,,,,,,,,,,,
,,,,,,,,,,,,,,,,,,,,
,,,,,,,,,,,,,,,,,,,,
,,,,,,,,,,,,,,,,,,,,
,,,,,,,,,,,,,,,,,,,,
,,,,,,,,,,,,,,,,,,,,
,,,,,,,,,,,,,,,,,,,,
,,,,,,,,,,,,,,,,,,,,
,,,,,,,,,,,,,,,,,,,,
,,,,,,,,,,,,,,,,,,,,
,,,,,,,,,,,,,,,,,,,,
,,,,,,,,,,,,,,,,,,,,
,,,,,,,,,,,,,,,,,,,,
,,,,,,,,,,,,,,,,,,,,
,,,,,,,,,,,,,,,,,,,,
,,,,,,,,,,,,,,,,,,,,
,,,,,,,,,,,,,,,,,,,,
,,,,,,,,,,,,,,,,,,,,
,,,,,,,,,,,,,,,,,,,,
,,,,,,,,,,,,,,,,,,,,
,,,,,,,,,,,,,,,,,,,,
,,,,,,,,,,,,,,,,,,,,
,,,,,,,,,,,,,,,,,,,,
,,,,,,,,,,,,,,,,,,,,
,,,,,,,,,,,,,,,,,,,,
,,,,,,,,,,,,,,,,,,,,
,,,,,,,,,,,,,,,,,,,,
,,,,,,,,,,,,,,,,,,,,
,,,,,,,,,,,,,,,,,,,,
,,,,,,,,,,,,,,,,,,,,
,,,,,,,,,,,,,,,,,,,,
,,,,,,,,,,,,,,,,,,,,
,,,,,,,,,,,,,,,,,,,,
,,,,,,,,,,,,,,,,,,,,
,,,,,,,,,,,,,,,,,,,,
,,,,,,,,,,,,,,,,,,,,
,,,,,,,,,,,,,,,,,,,,
,,,,,,,,,,,,,,,,,,,,
,,,,,,,,,,,,,,,,,,,,
,,,,,,,,,,,,,,,,,,,,
,,,,,,,,,,,,,,,,,,,,
,,,,,,,,,,,,,,,,,,,,
,,,,,,,,,,,,,,,,,,,,
,,,,,,,,,,,,,,,,,,,,
,,,,,,,,,,,,,,,,,,,,
,,,,,,,,,,,,,,,,,,,,
,,,,,,,,,,,,,,,,,,,,
,,,,,,,,,,,,,,,,,,,,
,,,,,,,,,,,,,,,,,,,,
,,,,,,,,,,,,,,,,,,,,
,,,,,,,,,,,,,,,,,,,,
,,,,,,,,,,,,,,,,,,,,
,,,,,,,,,,,,,,,,,,,,
,,,,,,,,,,,,,,,,,,,,
,,,,,,,,,,,,,,,,,,,,
,,,,,,,,,,,,,,,,,,,,
,,,,,,,,,,,,,,,,,,,,
,,,,,,,,,,,,,,,,,,,,
,,,,,,,,,,,,,,,,,,,,
,,,,,,,,,,,,,,,,,,,,
,,,,,,,,,,,,,,,,,,,,
,,,,,,,,,,,,,,,,,,,,
,,,,,,,,,,,,,,,,,,,,
,,,,,,,,,,,,,,,,,,,,
,,,,,,,,,,,,,,,,,,,,
,,,,,,,,,,,,,,,,,,,,
,,,,,,,,,,,,,,,,,,,,
,,,,,,,,,,,,,,,,,,,,
,,,,,,,,,,,,,,,,,,,,
,,,,,,,,,,,,,,,,,,,,
,,,,,,,,,,,,,,,,,,,,
,,,,,,,,,,,,,,,,,,,,
,,,,,,,,,,,,,,,,,,,,
,,,,,,,,,,,,,,,,,,,,
,,,,,,,,,,,,,,,,,,,,
,,,,,,,,,,,,,,,,,,,,
,,,,,,,,,,,,,,,,,,,,
,,,,,,,,,,,,,,,,,,,,
,,,,,,,,,,,,,,,,,,,,
,,,,,,,,,,,,,,,,,,,,
,,,,,,,,,,,,,,,,,,,,
,,,,,,,,,,,,,,,,,,,,
,,,,,,,,,,,,,,,,,,,,
,,,,,,,,,,,,,,,,,,,,
,,,,,,,,,,,,,,,,,,,,
,,,,,,,,,,,,,,,,,,,,
,,,,,,,,,,,,,,,,,,,,
,,,,,,,,,,,,,,,,,,,,
,,,,,,,,,,,,,,,,,,,,
,,,,,,,,,,,,,,,,,,,,
,,,,,,,,,,,,,,,,,,,,
,,,,,,,,,,,,,,,,,,,,
,,,,,,,,,,,,,,,,,,,,
,,,,,,,,,,,,,,,,,,,,
,,,,,,,,,,,,,,,,,,,,
,,,,,,,,,,,,,,,,,,,,
,,,,,,,,,,,,,,,,,,,,
,,,,,,,,,,,,,,,,,,,,
,,,,,,,,,,,,,,,,,,,,
,,,,,,,,,,,,,,,,,,,,
,,,,,,,,,,,,,,,,,,,,
,,,,,,,,,,,,,,,,,,,,
,,,,,,,,,,,,,,,,,,,,
,,,,,,,,,,,,,,,,,,,,
,,,,,,,,,,,,,,,,,,,,
,,,,,,,,,,,,,,,,,,,,
,,,,,,,,,,,,,,,,,,,,
,,,,,,,,,,,,,,,,,,,,
,,,,,,,,,,,,,,,,,,,,
,,,,,,,,,,,,,,,,,,,,
,,,,,,,,,,,,,,,,,,,,
,,,,,,,,,,,,,,,,,,,,
,,,,,,,,,,,,,,,,,,,,
,,,,,,,,,,,,,,,,,,,,
,,,,,,,,,,,,,,,,,,,,
,,,,,,,,,,,,,,,,,,,,
,,,,,,,,,,,,,,,,,,,,
,,,,,,,,,,,,,,,,,,,,
,,,,,,,,,,,,,,,,,,,,
,,,,,,,,,,,,,,,,,,,,
,,,,,,,,,,,,,,,,,,,,
,,,,,,,,,,,,,,,,,,,,
,,,,,,,,,,,,,,,,,,,,
,,,,,,,,,,,,,,,,,,,,
,,,,,,,,,,,,,,,,,,,,
,,,,,,,,,,,,,,,,,,,,
,,,,,,,,,,,,,,,,,,,,
,,,,,,,,,,,,,,,,,,,,
,,,,,,,,,,,,,,,,,,,,
,,,,,,,,,,,,,,,,,,,,
,,,,,,,,,,,,,,,,,,,,
,,,,,,,,,,,,,,,,,,,,
,,,,,,,,,,,,,,,,,,,,
,,,,,,,,,,,,,,,,,,,,
,,,,,,,,,,,,,,,,,,,,
,,,,,,,,,,,,,,,,,,,,
,,,,,,,,,,,,,,,,,,,,
,,,,,,,,,,,,,,,,,,,,
,,,,,,,,,,,,,,,,,,,,
,,,,,,,,,,,,,,,,,,,,
,,,,,,,,,,,,,,,,,,,,
,,,,,,,,,,,,,,,,,,,,
,,,,,,,,,,,,,,,,,,,,
,,,,,,,,,,,,,,,,,,,,
,,,,,,,,,,,,,,,,,,,,
,,,,,,,,,,,,,,,,,,,,
,,,,,,,,,,,,,,,,,,,,
,,,,,,,,,,,,,,,,,,,,
,,,,,,,,,,,,,,,,,,,,
,,,,,,,,,,,,,,,,,,,,
,,,,,,,,,,,,,,,,,,,,
,,,,,,,,,,,,,,,,,,,,
,,,,,,,,,,,,,,,,,,,,
,,,,,,,,,,,,,,,,,,,,
,,,,,,,,,,,,,,,,,,,,
,,,,,,,,,,,,,,,,,,,,
,,,,,,,,,,,,,,,,,,,,
,,,,,,,,,,,,,,,,,,,,
,,,,,,,,,,,,,,,,,,,,
,,,,,,,,,,,,,,,,,,,,
,,,,,,,,,,,,,,,,,,,,
,,,,,,,,,,,,,,,,,,,,
,,,,,,,,,,,,,,,,,,,,
,,,,,,,,,,,,,,,,,,,,
,,,,,,,,,,,,,,,,,,,,
,,,,,,,,,,,,,,,,,,,,
,,,,,,,,,,,,,,,,,,,,
,,,,,,,,,,,,,,,,,,,,
,,,,,,,,,,,,,,,,,,,,
,,,,,,,,,,,,,,,,,,,,
,,,,,,,,,,,,,,,,,,,,
,,,,,,,,,,,,,,,,,,,,
,,,,,,,,,,,,,,,,,,,,
,,,,,,,,,,,,,,,,,,,,
,,,,,,,,,,,,,,,,,,,,
,,,,,,,,,,,,,,,,,,,,
,,,,,,,,,,,,,,,,,,,,
,,,,,,,,,,,,,,,,,,,,
,,,,,,,,,,,,,,,,,,,,
,,,,,,,,,,,,,,,,,,,,
,,,,,,,,,,,,,,,,,,,,
,,,,,,,,,,,,,,,,,,,,
,,,,,,,,,,,,,,,,,,,,
,,,,,,,,,,,,,,,,,,,,
,,,,,,,,,,,,,,,,,,,,
,,,,,,,,,,,,,,,,,,,,
,,,,,,,,,,,,,,,,,,,,
,,,,,,,,,,,,,,,,,,,,
,,,,,,,,,,,,,,,,,,,,
,,,,,,,,,,,,,,,,,,,,
,,,,,,,,,,,,,,,,,,,,
,,,,,,,,,,,,,,,,,,,,
,,,,,,,,,,,,,,,,,,,,
,,,,,,,,,,,,,,,,,,,,
,,,,,,,,,,,,,,,,,,,,
,,,,,,,,,,,,,,,,,,,,
,,,,,,,,,,,,,,,,,,,,
,,,,,,,,,,,,,,,,,,,,
,,,,,,,,,,,,,,,,,,,,
,,,,,,,,,,,,,,,,,,,,
,,,,,,,,,,,,,,,,,,,,
,,,,,,,,,,,,,,,,,,,,
,,,,,,,,,,,,,,,,,,,,
,,,,,,,,,,,,,,,,,,,,
,,,,,,,,,,,,,,,,,,,,
,,,,,,,,,,,,,,,,,,,,
,,,,,,,,,,,,,,,,,,,,
,,,,,,,,,,,,,,,,,,,,
,,,,,,,,,,,,,,,,,,,,
,,,,,,,,,,,,,,,,,,,,
,,,,,,,,,,,,,,,,,,,,
,,,,,,,,,,,,,,,,,,,,
,,,,,,,,,,,,,,,,,,,,
,,,,,,,,,,,,,,,,,,,,
,,,,,,,,,,,,,,,,,,,,
,,,,,,,,,,,,,,,,,,,,
,,,,,,,,,,,,,,,,,,,,
,,,,,,,,,,,,,,,,,,,,
,,,,,,,,,,,,,,,,,,,,
,,,,,,,,,,,,,,,,,,,,
,,,,,,,,,,,,,,,,,,,,
,,,,,,,,,,,,,,,,,,,,
,,,,,,,,,,,,,,,,,,,,
,,,,,,,,,,,,,,,,,,,,
,,,,,,,,,,,,,,,,,,,,
,,,,,,,,,,,,,,,,,,,,
,,,,,,,,,,,,,,,,,,,,
,,,,,,,,,,,,,,,,,,,,
,,,,,,,,,,,,,,,,,,,,
,,,,,,,,,,,,,,,,,,,,
,,,,,,,,,,,,,,,,,,,,
,,,,,,,,,,,,,,,,,,,,
,,,,,,,,,,,,,,,,,,,,
,,,,,,,,,,,,,,,,,,,,
,,,,,,,,,,,,,,,,,,,,
,,,,,,,,,,,,,,,,,,,,
,,,,,,,,,,,,,,,,,,,,
,,,,,,,,,,,,,,,,,,,,
,,,,,,,,,,,,,,,,,,,,
,,,,,,,,,,,,,,,,,,,,
,,,,,,,,,,,,,,,,,,,,
,,,,,,,,,,,,,,,,,,,,
,,,,,,,,,,,,,,,,,,,,
,,,,,,,,,,,,,,,,,,,,
,,,,,,,,,,,,,,,,,,,,
,,,,,,,,,,,,,,,,,,,,
,,,,,,,,,,,,,,,,,,,,
,,,,,,,,,,,,,,,,,,,,
,,,,,,,,,,,,,,,,,,,,
,,,,,,,,,,,,,,,,,,,,
,,,,,,,,,,,,,,,,,,,,
,,,,,,,,,,,,,,,,,,,,
,,,,,,,,,,,,,,,,,,,,
,,,,,,,,,,,,,,,,,,,,
,,,,,,,,,,,,,,,,,,,,
,,,,,,,,,,,,,,,,,,,,
,,,,,,,,,,,,,,,,,,,,
,,,,,,,,,,,,,,,,,,,,
,,,,,,,,,,,,,,,,,,,,
,,,,,,,,,,,,,,,,,,,,
,,,,,,,,,,,,,,,,,,,,
,,,,,,,,,,,,,,,,,,,,
,,,,,,,,,,,,,,,,,,,,
,,,,,,,,,,,,,,,,,,,,
,,,,,,,,,,,,,,,,,,,,
,,,,,,,,,,,,,,,,,,,,
,,,,,,,,,,,,,,,,,,,,
,,,,,,,,,,,,,,,,,,,,
,,,,,,,,,,,,,,,,,,,,
,,,,,,,,,,,,,,,,,,,,
,,,,,,,,,,,,,,,,,,,,
,,,,,,,,,,,,,,,,,,,,
,,,,,,,,,,,,,,,,,,,,
,,,,,,,,,,,,,,,,,,,,
,,,,,,,,,,,,,,,,,,,,
,,,,,,,,,,,,,,,,,,,,
,,,,,,,,,,,,,,,,,,,,
,,,,,,,,,,,,,,,,,,,,
,,,,,,,,,,,,,,,,,,,,
,,,,,,,,,,,,,,,,,,,,
,,,,,,,,,,,,,,,,,,,,
,,,,,,,,,,,,,,,,,,,,
,,,,,,,,,,,,,,,,,,,,
,,,,,,,,,,,,,,,,,,,,
,,,,,,,,,,,,,,,,,,,,
,,,,,,,,,,,,,,,,,,,,
,,,,,,,,,,,,,,,,,,,,
,,,,,,,,,,,,,,,,,,,,
,,,,,,,,,,,,,,,,,,,,
,,,,,,,,,,,,,,,,,,,,
,,,,,,,,,,,,,,,,,,,,
,,,,,,,,,,,,,,,,,,,,
,,,,,,,,,,,,,,,,,,,,
,,,,,,,,,,,,,,,,,,,,
,,,,,,,,,,,,,,,,,,,,
,,,,,,,,,,,,,,,,,,,,
,,,,,,,,,,,,,,,,,,,,
,,,,,,,,,,,,,,,,,,,,
,,,,,,,,,,,,,,,,,,,,
,,,,,,,,,,,,,,,,,,,,
,,,,,,,,,,,,,,,,,,,,
,,,,,,,,,,,,,,,,,,,,
,,,,,,,,,,,,,,,,,,,,
,,,,,,,,,,,,,,,,,,,,
,,,,,,,,,,,,,,,,,,,,
,,,,,,,,,,,,,,,,,,,,
,,,,,,,,,,,,,,,,,,,,
,,,,,,,,,,,,,,,,,,,,
,,,,,,,,,,,,,,,,,,,,
,,,,,,,,,,,,,,,,,,,,
,,,,,,,,,,,,,,,,,,,,
,,,,,,,,,,,,,,,,,,,,
,,,,,,,,,,,,,,,,,,,,
,,,,,,,,,,,,,,,,,,,,
,,,,,,,,,,,,,,,,,,,,
,,,,,,,,,,,,,,,,,,,,
,,,,,,,,,,,,,,,,,,,,
,,,,,,,,,,,,,,,,,,,,
,,,,,,,,,,,,,,,,,,,,
,,,,,,,,,,,,,,,,,,,,
,,,,,,,,,,,,,,,,,,,,
,,,,,,,,,,,,,,,,,,,,
,,,,,,,,,,,,,,,,,,,,
,,,,,,,,,,,,,,,,,,,,
,,,,,,,,,,,,,,,,,,,,
,,,,,,,,,,,,,,,,,,,,
,,,,,,,,,,,,,,,,,,,,
,,,,,,,,,,,,,,,,,,,,
,,,,,,,,,,,,,,,,,,,,
,,,,,,,,,,,,,,,,,,,,
,,,,,,,,,,,,,,,,,,,,
,,,,,,,,,,,,,,,,,,,,
,,,,,,,,,,,,,,,,,,,,
,,,,,,,,,,,,,,,,,,,,
,,,,,,,,,,,,,,,,,,,,
,,,,,,,,,,,,,,,,,,,,
,,,,,,,,,,,,,,,,,,,,
,,,,,,,,,,,,,,,,,,,,
,,,,,,,,,,,,,,,,,,,,
,,,,,,,,,,,,,,,,,,,,
,,,,,,,,,,,,,,,,,,,,
,,,,,,,,,,,,,,,,,,,,
,,,,,,,,,,,,,,,,,,,,
,,,,,,,,,,,,,,,,,,,,
,,,,,,,,,,,,,,,,,,,,
,,,,,,,,,,,,,,,,,,,,
,,,,,,,,,,,,,,,,,,,,
,,,,,,,,,,,,,,,,,,,,
,,,,,,,,,,,,,,,,,,,,
,,,,,,,,,,,,,,,,,,,,
,,,,,,,,,,,,,,,,,,,,
,,,,,,,,,,,,,,,,,,,,
,,,,,,,,,,,,,,,,,,,,
,,,,,,,,,,,,,,,,,,,,
,,,,,,,,,,,,,,,,,,,,
,,,,,,,,,,,,,,,,,,,,
,,,,,,,,,,,,,,,,,,,,
,,,,,,,,,,,,,,,,,,,,
,,,,,,,,,,,,,,,,,,,,
,,,,,,,,,,,,,,,,,,,,
,,,,,,,,,,,,,,,,,,,,
,,,,,,,,,,,,,,,,,,,,
,,,,,,,,,,,,,,,,,,,,
,,,,,,,,,,,,,,,,,,,,
,,,,,,,,,,,,,,,,,,,,
,,,,,,,,,,,,,,,,,,,,
,,,,,,,,,,,,,,,,,,,,
,,,,,,,,,,,,,,,,,,,,
,,,,,,,,,,,,,,,,,,,,
,,,,,,,,,,,,,,,,,,,,
,,,,,,,,,,,,,,,,,,,,
,,,,,,,,,,,,,,,,,,,,
,,,,,,,,,,,,,,,,,,,,
,,,,,,,,,,,,,,,,,,,,
,,,,,,,,,,,,,,,,,,,,
,,,,,,,,,,,,,,,,,,,,
,,,,,,,,,,,,,,,,,,,,
,,,,,,,,,,,,,,,,,,,,
,,,,,,,,,,,,,,,,,,,,
,,,,,,,,,,,,,,,,,,,,
,,,,,,,,,,,,,,,,,,,,
,,,,,,,,,,,,,,,,,,,,
,,,,,,,,,,,,,,,,,,,,
,,,,,,,,,,,,,,,,,,,,
,,,,,,,,,,,,,,,,,,,,
,,,,,,,,,,,,,,,,,,,,
,,,,,,,,,,,,,,,,,,,,
,,,,,,,,,,,,,,,,,,,,
,,,,,,,,,,,,,,,,,,,,
,,,,,,,,,,,,,,,,,,,,
,,,,,,,,,,,,,,,,,,,,
,,,,,,,,,,,,,,,,,,,,
,,,,,,,,,,,,,,,,,,,,
,,,,,,,,,,,,,,,,,,,,
,,,,,,,,,,,,,,,,,,,,
,,,,,,,,,,,,,,,,,,,,
,,,,,,,,,,,,,,,,,,,,
,,,,,,,,,,,,,,,,,,,,
,,,,,,,,,,,,,,,,,,,,
,,,,,,,,,,,,,,,,,,,,
,,,,,,,,,,,,,,,,,,,,
,,,,,,,,,,,,,,,,,,,,
,,,,,,,,,,,,,,,,,,,,
,,,,,,,,,,,,,,,,,,,,
,,,,,,,,,,,,,,,,,,,,
,,,,,,,,,,,,,,,,,,,,
,,,,,,,,,,,,,,,,,,,,
,,,,,,,,,,,,,,,,,,,,
,,,,,,,,,,,,,,,,,,,,
,,,,,,,,,,,,,,,,,,,,
,,,,,,,,,,,,,,,,,,,,
,,,,,,,,,,,,,,,,,,,,
,,,,,,,,,,,,,,,,,,,,
,,,,,,,,,,,,,,,,,,,,
,,,,,,,,,,,,,,,,,,,,
,,,,,,,,,,,,,,,,,,,,
,,,,,,,,,,,,,,,,,,,,
,,,,,,,,,,,,,,,,,,,,
,,,,,,,,,,,,,,,,,,,,
,,,,,,,,,,,,,,,,,,,,
,,,,,,,,,,,,,,,,,,,,
,,,,,,,,,,,,,,,,,,,,
,,,,,,,,,,,,,,,,,,,,
,,,,,,,,,,,,,,,,,,,,
,,,,,,,,,,,,,,,,,,,,
,,,,,,,,,,,,,,,,,,,,
,,,,,,,,,,,,,,,,,,,,
,,,,,,,,,,,,,,,,,,,,
,,,,,,,,,,,,,,,,,,,,
,,,,,,,,,,,,,,,,,,,,
,,,,,,,,,,,,,,,,,,,,
,,,,,,,,,,,,,,,,,,,,
,,,,,,,,,,,,,,,,,,,,
,,,,,,,,,,,,,,,,,,,,
,,,,,,,,,,,,,,,,,,,,
,,,,,,,,,,,,,,,,,,,,
,,,,,,,,,,,,,,,,,,,,
,,,,,,,,,,,,,,,,,,,,
,,,,,,,,,,,,,,,,,,,,
,,,,,,,,,,,,,,,,,,,,
,,,,,,,,,,,,,,,,,,,,
,,,,,,,,,,,,,,,,,,,,
,,,,,,,,,,,,,,,,,,,,
,,,,,,,,,,,,,,,,,,,,
,,,,,,,,,,,,,,,,,,,,
,,,,,,,,,,,,,,,,,,,,
,,,,,,,,,,,,,,,,,,,,
,,,,,,,,,,,,,,,,,,,,
,,,,,,,,,,,,,,,,,,,,
,,,,,,,,,,,,,,,,,,,,
,,,,,,,,,,,,,,,,,,,,
,,,,,,,,,,,,,,,,,,,,
,,,,,,,,,,,,,,,,,,,,
,,,,,,,,,,,,,,,,,,,,
,,,,,,,,,,,,,,,,,,,,
,,,,,,,,,,,,,,,,,,,,
,,,,,,,,,,,,,,,,,,,,
,,,,,,,,,,,,,,,,,,,,
,,,,,,,,,,,,,,,,,,,,
,,,,,,,,,,,,,,,,,,,,
,,,,,,,,,,,,,,,,,,,,
,,,,,,,,,,,,,,,,,,,,
,,,,,,,,,,,,,,,,,,,,
,,,,,,,,,,,,,,,,,,,,
,,,,,,,,,,,,,,,,,,,,
,,,,,,,,,,,,,,,,,,,,
,,,,,,,,,,,,,,,,,,,,
,,,,,,,,,,,,,,,,,,,,
,,,,,,,,,,,,,,,,,,,,
,,,,,,,,,,,,,,,,,,,,
,,,,,,,,,,,,,,,,,,,,
,,,,,,,,,,,,,,,,,,,,
,,,,,,,,,,,,,,,,,,,,
,,,,,,,,,,,,,,,,,,,,
,,,,,,,,,,,,,,,,,,,,
,,,,,,,,,,,,,,,,,,,,
,,,,,,,,,,,,,,,,,,,,
,,,,,,,,,,,,,,,,,,,,
,,,,,,,,,,,,,,,,,,,,
,,,,,,,,,,,,,,,,,,,,
,,,,,,,,,,,,,,,,,,,,
,,,,,,,,,,,,,,,,,,,,
,,,,,,,,,,,,,,,,,,,,
,,,,,,,,,,,,,,,,,,,,
,,,,,,,,,,,,,,,,,,,,
,,,,,,,,,,,,,,,,,,,,
,,,,,,,,,,,,,,,,,,,,
,,,,,,,,,,,,,,,,,,,,
,,,,,,,,,,,,,,,,,,,,
,,,,,,,,,,,,,,,,,,,,
,,,,,,,,,,,,,,,,,,,,
,,,,,,,,,,,,,,,,,,,,
,,,,,,,,,,,,,,,,,,,,
,,,,,,,,,,,,,,,,,,,,
,,,,,,,,,,,,,,,,,,,,
,,,,,,,,,,,,,,,,,,,,
,,,,,,,,,,,,,,,,,,,,
,,,,,,,,,,,,,,,,,,,,
,,,,,,,,,,,,,,,,,,,,
,,,,,,,,,,,,,,,,,,,,
,,,,,,,,,,,,,,,,,,,,
,,,,,,,,,,,,,,,,,,,,
,,,,,,,,,,,,,,,,,,,,
,,,,,,,,,,,,,,,,,,,,
,,,,,,,,,,,,,,,,,,,,
,,,,,,,,,,,,,,,,,,,,
,,,,,,,,,,,,,,,,,,,,
,,,,,,,,,,,,,,,,,,,,
,,,,,,,,,,,,,,,,,,,,
,,,,,,,,,,,,,,,,,,,,
,,,,,,,,,,,,,,,,,,,,
,,,,,,,,,,,,,,,,,,,,
,,,,,,,,,,,,,,,,,,,,
,,,,,,,,,,,,,,,,,,,,
,,,,,,,,,,,,,,,,,,,,
,,,,,,,,,,,,,,,,,,,,
,,,,,,,,,,,,,,,,,,,,
,,,,,,,,,,,,,,,,,,,,
,,,,,,,,,,,,,,,,,,,,
,,,,,,,,,,,,,,,,,,,,
,,,,,,,,,,,,,,,,,,,,
,,,,,,,,,,,,,,,,,,,,
,,,,,,,,,,,,,,,,,,,,
,,,,,,,,,,,,,,,,,,,,
,,,,,,,,,,,,,,,,,,,,
,,,,,,,,,,,,,,,,,,,,
,,,,,,,,,,,,,,,,,,,,
,,,,,,,,,,,,,,,,,,,,
,,,,,,,,,,,,,,,,,,,,
,,,,,,,,,,,,,,,,,,,,
,,,,,,,,,,,,,,,,,,,,
,,,,,,,,,,,,,,,,,,,,
,,,,,,,,,,,,,,,,,,,,
,,,,,,,,,,,,,,,,,,,,
,,,,,,,,,,,,,,,,,,,,
,,,,,,,,,,,,,,,,,,,,
,,,,,,,,,,,,,,,,,,,,
,,,,,,,,,,,,,,,,,,,,
,,,,,,,,,,,,,,,,,,,,
,,,,,,,,,,,,,,,,,,,,
,,,,,,,,,,,,,,,,,,,,
,,,,,,,,,,,,,,,,,,,,
,,,,,,,,,,,,,,,,,,,,
,,,,,,,,,,,,,,,,,,,,
,,,,,,,,,,,,,,,,,,,,
,,,,,,,,,,,,,,,,,,,,
,,,,,,,,,,,,,,,,,,,,
,,,,,,,,,,,,,,,,,,,,
,,,,,,,,,,,,,,,,,,,,
,,,,,,,,,,,,,,,,,,,,
,,,,,,,,,,,,,,,,,,,,
,,,,,,,,,,,,,,,,,,,,
,,,,,,,,,,,,,,,,,,,,
,,,,,,,,,,,,,,,,,,,,
,,,,,,,,,,,,,,,,,,,,
,,,,,,,,,,,,,,,,,,,,
,,,,,,,,,,,,,,,,,,,,
,,,,,,,,,,,,,,,,,,,,
,,,,,,,,,,,,,,,,,,,,
,,,,,,,,,,,,,,,,,,,,
,,,,,,,,,,,,,,,,,,,,
,,,,,,,,,,,,,,,,,,,,
,,,,,,,,,,,,,,,,,,,,
,,,,,,,,,,,,,,,,,,,,
,,,,,,,,,,,,,,,,,,,,
,,,,,,,,,,,,,,,,,,,,
,,,,,,,,,,,,,,,,,,,,
,,,,,,,,,,,,,,,,,,,,
,,,,,,,,,,,,,,,,,,,,
,,,,,,,,,,,,,,,,,,,,
,,,,,,,,,,,,,,,,,,,,
,,,,,,,,,,,,,,,,,,,,
,,,,,,,,,,,,,,,,,,,,
,,,,,,,,,,,,,,,,,,,,
,,,,,,,,,,,,,,,,,,,,
,,,,,,,,,,,,,,,,,,,,
,,,,,,,,,,,,,,,,,,,,
,,,,,,,,,,,,,,,,,,,,
,,,,,,,,,,,,,,,,,,,,
,,,,,,,,,,,,,,,,,,,,
,,,,,,,,,,,,,,,,,,,,
,,,,,,,,,,,,,,,,,,,,
,,,,,,,,,,,,,,,,,,,,
,,,,,,,,,,,,,,,,,,,,
,,,,,,,,,,,,,,,,,,,,
,,,,,,,,,,,,,,,,,,,,
,,,,,,,,,,,,,,,,,,,,
,,,,,,,,,,,,,,,,,,,,
,,,,,,,,,,,,,,,,,,,,
,,,,,,,,,,,,,,,,,,,,
,,,,,,,,,,,,,,,,,,,,
,,,,,,,,,,,,,,,,,,,,
,,,,,,,,,,,,,,,,,,,,
,,,,,,,,,,,,,,,,,,,,
,,,,,,,,,,,,,,,,,,,,
,,,,,,,,,,,,,,,,,,,,
,,,,,,,,,,,,,,,,,,,,
,,,,,,,,,,,,,,,,,,,,
,,,,,,,,,,,,,,,,,,,,
,,,,,,,,,,,,,,,,,,,,
,,,,,,,,,,,,,,,,,,,,
,,,,,,,,,,,,,,,,,,,,
,,,,,,,,,,,,,,,,,,,,
,,,,,,,,,,,,,,,,,,,,
,,,,,,,,,,,,,,,,,,,,
,,,,,,,,,,,,,,,,,,,,
,,,,,,,,,,,,,,,,,,,,
,,,,,,,,,,,,,,,,,,,,
,,,,,,,,,,,,,,,,,,,,
,,,,,,,,,,,,,,,,,,,,
,,,,,,,,,,,,,,,,,,,,
,,,,,,,,,,,,,,,,,,,,
,,,,,,,,,,,,,,,,,,,,
,,,,,,,,,,,,,,,,,,,,
,,,,,,,,,,,,,,,,,,,,
,,,,,,,,,,,,,,,,,,,,
,,,,,,,,,,,,,,,,,,,,
,,,,,,,,,,,,,,,,,,,,
,,,,,,,,,,,,,,,,,,,,
,,,,,,,,,,,,,,,,,,,,
,,,,,,,,,,,,,,,,,,,,
,,,,,,,,,,,,,,,,,,,,
,,,,,,,,,,,,,,,,,,,,
,,,,,,,,,,,,,,,,,,,,
,,,,,,,,,,,,,,,,,,,,
,,,,,,,,,,,,,,,,,,,,
,,,,,,,,,,,,,,,,,,,,
,,,,,,,,,,,,,,,,,,,,
,,,,,,,,,,,,,,,,,,,,
,,,,,,,,,,,,,,,,,,,,
,,,,,,,,,,,,,,,,,,,,
,,,,,,,,,,,,,,,,,,,,
,,,,,,,,,,,,,,,,,,,,
,,,,,,,,,,,,,,,,,,,,
,,,,,,,,,,,,,,,,,,,,
,,,,,,,,,,,,,,,,,,,,
,,,,,,,,,,,,,,,,,,,,
,,,,,,,,,,,,,,,,,,,,
,,,,,,,,,,,,,,,,,,,,
,,,,,,,,,,,,,,,,,,,,
,,,,,,,,,,,,,,,,,,,,
,,,,,,,,,,,,,,,,,,,,
,,,,,,,,,,,,,,,,,,,,
,,,,,,,,,,,,,,,,,,,,
,,,,,,,,,,,,,,,,,,,,
,,,,,,,,,,,,,,,,,,,,
,,,,,,,,,,,,,,,,,,,,
,,,,,,,,,,,,,,,,,,,,
,,,,,,,,,,,,,,,,,,,,
,,,,,,,,,,,,,,,,,,,,
,,,,,,,,,,,,,,,,,,,,
,,,,,,,,,,,,,,,,,,,,
,,,,,,,,,,,,,,,,,,,,
,,,,,,,,,,,,,,,,,,,,
,,,,,,,,,,,,,,,,,,,,
,,,,,,,,,,,,,,,,,,,,
,,,,,,,,,,,,,,,,,,,,
,,,,,,,,,,,,,,,,,,,,
,,,,,,,,,,,,,,,,,,,,
,,,,,,,,,,,,,,,,,,,,
,,,,,,,,,,,,,,,,,,,,
,,,,,,,,,,,,,,,,,,,,
,,,,,,,,,,,,,,,,,,,,
,,,,,,,,,,,,,,,,,,,,
,,,,,,,,,,,,,,,,,,,,
,,,,,,,,,,,,,,,,,,,,
,,,,,,,,,,,,,,,,,,,,
,,,,,,,,,,,,,,,,,,,,
,,,,,,,,,,,,,,,,,,,,
,,,,,,,,,,,,,,,,,,,,
,,,,,,,,,,,,,,,,,,,,
,,,,,,,,,,,,,,,,,,,,
,,,,,,,,,,,,,,,,,,,,
,,,,,,,,,,,,,,,,,,,,
,,,,,,,,,,,,,,,,,,,,
,,,,,,,,,,,,,,,,,,,,
,,,,,,,,,,,,,,,,,,,,
,,,,,,,,,,,,,,,,,,,,
,,,,,,,,,,,,,,,,,,,,
,,,,,,,,,,,,,,,,,,,,
,,,,,,,,,,,,,,,,,,,,
,,,,,,,,,,,,,,,,,,,,
,,,,,,,,,,,,,,,,,,,,
,,,,,,,,,,,,,,,,,,,,
,,,,,,,,,,,,,,,,,,,,
,,,,,,,,,,,,,,,,,,,,
,,,,,,,,,,,,,,,,,,,,
,,,,,,,,,,,,,,,,,,,,
,,,,,,,,,,,,,,,,,,,,
,,,,,,,,,,,,,,,,,,,,
,,,,,,,,,,,,,,,,,,,,
,,,,,,,,,,,,,,,,,,,,
,,,,,,,,,,,,,,,,,,,,
,,,,,,,,,,,,,,,,,,,,
,,,,,,,,,,,,,,,,,,,,
,,,,,,,,,,,,,,,,,,,,
,,,,,,,,,,,,,,,,,,,,
,,,,,,,,,,,,,,,,,,,,
,,,,,,,,,,,,,,,,,,,,
,,,,,,,,,,,,,,,,,,,,
,,,,,,,,,,,,,,,,,,,,
,,,,,,,,,,,,,,,,,,,,
,,,,,,,,,,,,,,,,,,,,
,,,,,,,,,,,,,,,,,,,,
,,,,,,,,,,,,,,,,,,,,
,,,,,,,,,,,,,,,,,,,,
,,,,,,,,,,,,,,,,,,,,
,,,,,,,,,,,,,,,,,,,,
,,,,,,,,,,,,,,,,,,,,
,,,,,,,,,,,,,,,,,,,,
,,,,,,,,,,,,,,,,,,,,
,,,,,,,,,,,,,,,,,,,,
,,,,,,,,,,,,,,,,,,,,
,,,,,,,,,,,,,,,,,,,,
,,,,,,,,,,,,,,,,,,,,
,,,,,,,,,,,,,,,,,,,,
,,,,,,,,,,,,,,,,,,,,
,,,,,,,,,,,,,,,,,,,,
,,,,,,,,,,,,,,,,,,,,
,,,,,,,,,,,,,,,,,,,,
,,,,,,,,,,,,,,,,,,,,
,,,,,,,,,,,,,,,,,,,,
,,,,,,,,,,,,,,,,,,,,
,,,,,,,,,,,,,,,,,,,,
,,,,,,,,,,,,,,,,,,,,
,,,,,,,,,,,,,,,,,,,,
,,,,,,,,,,,,,,,,,,,,
,,,,,,,,,,,,,,,,,,,,
,,,,,,,,,,,,,,,,,,,,
,,,,,,,,,,,,,,,,,,,,
,,,,,,,,,,,,,,,,,,,,
,,,,,,,,,,,,,,,,,,,,
,,,,,,,,,,,,,,,,,,,,
,,,,,,,,,,,,,,,,,,,,
,,,,,,,,,,,,,,,,,,,,
,,,,,,,,,,,,,,,,,,,,
,,,,,,,,,,,,,,,,,,,,
,,,,,,,,,,,,,,,,,,,,
,,,,,,,,,,,,,,,,,,,,
,,,,,,,,,,,,,,,,,,,,
,,,,,,,,,,,,,,,,,,,,
,,,,,,,,,,,,,,,,,,,,
,,,,,,,,,,,,,,,,,,,,
,,,,,,,,,,,,,,,,,,,,
,,,,,,,,,,,,,,,,,,,,
,,,,,,,,,,,,,,,,,,,,
,,,,,,,,,,,,,,,,,,,,
,,,,,,,,,,,,,,,,,,,,
,,,,,,,,,,,,,,,,,,,,
,,,,,,,,,,,,,,,,,,,,
,,,,,,,,,,,,,,,,,,,,
,,,,,,,,,,,,,,,,,,,,
,,,,,,,,,,,,,,,,,,,,
,,,,,,,,,,,,,,,,,,,,
,,,,,,,,,,,,,,,,,,,,
,,,,,,,,,,,,,,,,,,,,
,,,,,,,,,,,,,,,,,,,,
,,,,,,,,,,,,,,,,,,,,
,,,,,,,,,,,,,,,,,,,,
,,,,,,,,,,,,,,,,,,,,
,,,,,,,,,,,,,,,,,,,,
,,,,,,,,,,,,,,,,,,,,
,,,,,,,,,,,,,,,,,,,,
,,,,,,,,,,,,,,,,,,,,
,,,,,,,,,,,,,,,,,,,,
,,,,,,,,,,,,,,,,,,,,
,,,,,,,,,,,,,,,,,,,,
,,,,,,,,,,,,,,,,,,,,
,,,,,,,,,,,,,,,,,,,,
,,,,,,,,,,,,,,,,,,,,
,,,,,,,,,,,,,,,,,,,,
,,,,,,,,,,,,,,,,,,,,
,,,,,,,,,,,,,,,,,,,,
,,,,,,,,,,,,,,,,,,,,
,,,,,,,,,,,,,,,,,,,,
,,,,,,,,,,,,,,,,,,,,
,,,,,,,,,,,,,,,,,,,,
,,,,,,,,,,,,,,,,,,,,
,,,,,,,,,,,,,,,,,,,,
,,,,,,,,,,,,,,,,,,,,
,,,,,,,,,,,,,,,,,,,,
,,,,,,,,,,,,,,,,,,,,
,,,,,,,,,,,,,,,,,,,,
,,,,,,,,,,,,,,,,,,,,
,,,,,,,,,,,,,,,,,,,,
,,,,,,,,,,,,,,,,,,,,
,,,,,,,,,,,,,,,,,,,,
,,,,,,,,,,,,,,,,,,,,
,,,,,,,,,,,,,,,,,,,,
,,,,,,,,,,,,,,,,,,,,
,,,,,,,,,,,,,,,,,,,,
,,,,,,,,,,,,,,,,,,,,
,,,,,,,,,,,,,,,,,,,,
,,,,,,,,,,,,,,,,,,,,
,,,,,,,,,,,,,,,,,,,,
,,,,,,,,,,,,,,,,,,,,
,,,,,,,,,,,,,,,,,,,,
,,,,,,,,,,,,,,,,,,,,
,,,,,,,,,,,,,,,,,,,,
,,,,,,,,,,,,,,,,,,,,
,,,,,,,,,,,,,,,,,,,,
,,,,,,,,,,,,,,,,,,,,
,,,,,,,,,,,,,,,,,,,,
,,,,,,,,,,,,,,,,,,,,
,,,,,,,,,,,,,,,,,,,,
,,,,,,,,,,,,,,,,,,,,
,,,,,,,,,,,,,,,,,,,,
,,,,,,,,,,,,,,,,,,,,
,,,,,,,,,,,,,,,,,,,,
,,,,,,,,,,,,,,,,,,,,
,,,,,,,,,,,,,,,,,,,,
,,,,,,,,,,,,,,,,,,,,
,,,,,,,,,,,,,,,,,,,,
,,,,,,,,,,,,,,,,,,,,
,,,,,,,,,,,,,,,,,,,,
,,,,,,,,,,,,,,,,,,,,
,,,,,,,,,,,,,,,,,,,,
,,,,,,,,,,,,,,,,,,,,
,,,,,,,,,,,,,,,,,,,,
,,,,,,,,,,,,,,,,,,,,
,,,,,,,,,,,,,,,,,,,,
,,,,,,,,,,,,,,,,,,,,
,,,,,,,,,,,,,,,,,,,,
,,,,,,,,,,,,,,,,,,,,
,,,,,,,,,,,,,,,,,,,,
,,,,,,,,,,,,,,,,,,,,
,,,,,,,,,,,,,,,,,,,,
,,,,,,,,,,,,,,,,,,,,
,,,,,,,,,,,,,,,,,,,,
,,,,,,,,,,,,,,,,,,,,
,,,,,,,,,,,,,,,,,,,,
,,,,,,,,,,,,,,,,,,,,
,,,,,,,,,,,,,,,,,,,,
,,,,,,,,,,,,,,,,,,,,
,,,,,,,,,,,,,,,,,,,,
,,,,,,,,,,,,,,,,,,,,
,,,,,,,,,,,,,,,,,,,,
,,,,,,,,,,,,,,,,,,,,
,,,,,,,,,,,,,,,,,,,,
,,,,,,,,,,,,,,,,,,,,
,,,,,,,,,,,,,,,,,,,,
,,,,,,,,,,,,,,,,,,,,
,,,,,,,,,,,,,,,,,,,,
,,,,,,,,,,,,,,,,,,,,
,,,,,,,,,,,,,,,,,,,,
,,,,,,,,,,,,,,,,,,,,
,,,,,,,,,,,,,,,,,,,,
,,,,,,,,,,,,,,,,,,,,
,,,,,,,,,,,,,,,,,,,,
,,,,,,,,,,,,,,,,,,,,
,,,,,,,,,,,,,,,,,,,,
,,,,,,,,,,,,,,,,,,,,
,,,,,,,,,,,,,,,,,,,,
,,,,,,,,,,,,,,,,,,,,
,,,,,,,,,,,,,,,,,,,,
,,,,,,,,,,,,,,,,,,,,
,,,,,,,,,,,,,,,,,,,,
,,,,,,,,,,,,,,,,,,,,
,,,,,,,,,,,,,,,,,,,,
,,,,,,,,,,,,,,,,,,,,
,,,,,,,,,,,,,,,,,,,,
,,,,,,,,,,,,,,,,,,,,
,,,,,,,,,,,,,,,,,,,,
,,,,,,,,,,,,,,,,,,,,
,,,,,,,,,,,,,,,,,,,,
,,,,,,,,,,,,,,,,,,,,
,,,,,,,,,,,,,,,,,,,,
,,,,,,,,,,,,,,,,,,,,
,,,,,,,,,,,,,,,,,,,,
,,,,,,,,,,,,,,,,,,,,
,,,,,,,,,,,,,,,,,,,,
,,,,,,,,,,,,,,,,,,,,
,,,,,,,,,,,,,,,,,,,,
,,,,,,,,,,,,,,,,,,,,
,,,,,,,,,,,,,,,,,,,,
,,,,,,,,,,,,,,,,,,,,
,,,,,,,,,,,,,,,,,,,,
,,,,,,,,,,,,,,,,,,,,
,,,,,,,,,,,,,,,,,,,,
,,,,,,,,,,,,,,,,,,,,
,,,,,,,,,,,,,,,,,,,,
,,,,,,,,,,,,,,,,,,,,
,,,,,,,,,,,,,,,,,,,,
,,,,,,,,,,,,,,,,,,,,
,,,,,,,,,,,,,,,,,,,,
,,,,,,,,,,,,,,,,,,,,
,,,,,,,,,,,,,,,,,,,,
,,,,,,,,,,,,,,,,,,,,
,,,,,,,,,,,,,,,,,,,,
,,,,,,,,,,,,,,,,,,,,
,,,,,,,,,,,,,,,,,,,,
,,,,,,,,,,,,,,,,,,,,
,,,,,,,,,,,,,,,,,,,,
,,,,,,,,,,,,,,,,,,,,
,,,,,,,,,,,,,,,,,,,,
,,,,,,,,,,,,,,,,,,,,
,,,,,,,,,,,,,,,,,,,,
,,,,,,,,,,,,,,,,,,,,
,,,,,,,,,,,,,,,,,,,,
,,,,,,,,,,,,,,,,,,,,
,,,,,,,,,,,,,,,,,,,,
,,,,,,,,,,,,,,,,,,,,
,,,,,,,,,,,,,,,,,,,,
,,,,,,,,,,,,,,,,,,,,
,,,,,,,,,,,,,,,,,,,,
,,,,,,,,,,,,,,,,,,,,
,,,,,,,,,,,,,,,,,,,,
,,,,,,,,,,,,,,,,,,,,
,,,,,,,,,,,,,,,,,,,,
,,,,,,,,,,,,,,,,,,,,
,,,,,,,,,,,,,,,,,,,,
,,,,,,,,,,,,,,,,,,,,
,,,,,,,,,,,,,,,,,,,,
,,,,,,,,,,,,,,,,,,,,
,,,,,,,,,,,,,,,,,,,,
,,,,,,,,,,,,,,,,,,,,
,,,,,,,,,,,,,,,,,,,,
,,,,,,,,,,,,,,,,,,,,
,,,,,,,,,,,,,,,,,,,,
,,,,,,,,,,,,,,,,,,,,
,,,,,,,,,,,,,,,,,,,,
,,,,,,,,,,,,,,,,,,,,
,,,,,,,,,,,,,,,,,,,,
,,,,,,,,,,,,,,,,,,,,
,,,,,,,,,,,,,,,,,,,,
,,,,,,,,,,,,,,,,,,,,
,,,,,,,,,,,,,,,,,,,,
,,,,,,,,,,,,,,,,,,,,
,,,,,,,,,,,,,,,,,,,,
,,,,,,,,,,,,,,,,,,,,
,,,,,,,,,,,,,,,,,,,,
,,,,,,,,,,,,,,,,,,,,
,,,,,,,,,,,,,,,,,,,,
,,,,,,,,,,,,,,,,,,,,
,,,,,,,,,,,,,,,,,,,,
,,,,,,,,,,,,,,,,,,,,
,,,,,,,,,,,,,,,,,,,,
,,,,,,,,,,,,,,,,,,,,
,,,,,,,,,,,,,,,,,,,,
,,,,,,,,,,,,,,,,,,,,
,,,,,,,,,,,,,,,,,,,,
,,,,,,,,,,,,,,,,,,,,
,,,,,,,,,,,,,,,,,,,,
,,,,,,,,,,,,,,,,,,,,
,,,,,,,,,,,,,,,,,,,,
,,,,,,,,,,,,,,,,,,,,
,,,,,,,,,,,,,,,,,,,,
,,,,,,,,,,,,,,,,,,,,
,,,,,,,,,,,,,,,,,,,,
,,,,,,,,,,,,,,,,,,,,
,,,,,,,,,,,,,,,,,,,,
,,,,,,,,,,,,,,,,,,,,
,,,,,,,,,,,,,,,,,,,,
,,,,,,,,,,,,,,,,,,,,
,,,,,,,,,,,,,,,,,,,,
,,,,,,,,,,,,,,,,,,,,
,,,,,,,,,,,,,,,,,,,,
,,,,,,,,,,,,,,,,,,,,
,,,,,,,,,,,,,,,,,,,,
,,,,,,,,,,,,,,,,,,,,
,,,,,,,,,,,,,,,,,,,,
,,,,,,,,,,,,,,,,,,,,
,,,,,,,,,,,,,,,,,,,,
,,,,,,,,,,,,,,,,,,,,
,,,,,,,,,,,,,,,,,,,,
,,,,,,,,,,,,,,,,,,,,
,,,,,,,,,,,,,,,,,,,,
,,,,,,,,,,,,,,,,,,,,
,,,,,,,,,,,,,,,,,,,,
,,,,,,,,,,,,,,,,,,,,
,,,,,,,,,,,,,,,,,,,,
,,,,,,,,,,,,,,,,,,,,
,,,,,,,,,,,,,,,,,,,,
,,,,,,,,,,,,,,,,,,,,
,,,,,,,,,,,,,,,,,,,,
,,,,,,,,,,,,,,,,,,,,
,,,,,,,,,,,,,,,,,,,,
,,,,,,,,,,,,,,,,,,,,
,,,,,,,,,,,,,,,,,,,,
,,,,,,,,,,,,,,,,,,,,
,,,,,,,,,,,,,,,,,,,,
,,,,,,,,,,,,,,,,,,,,
,,,,,,,,,,,,,,,,,,,,
,,,,,,,,,,,,,,,,,,,,
,,,,,,,,,,,,,,,,,,,,
,,,,,,,,,,,,,,,,,,,,
,,,,,,,,,,,,,,,,,,,,
,,,,,,,,,,,,,,,,,,,,
,,,,,,,,,,,,,,,,,,,,
,,,,,,,,,,,,,,,,,,,,
,,,,,,,,,,,,,,,,,,,,
,,,,,,,,,,,,,,,,,,,,
,,,,,,,,,,,,,,,,,,,,
,,,,,,,,,,,,,,,,,,,,
,,,,,,,,,,,,,,,,,,,,
,,,,,,,,,,,,,,,,,,,,
,,,,,,,,,,,,,,,,,,,,
,,,,,,,,,,,,,,,,,,,,
,,,,,,,,,,,,,,,,,,,,
,,,,,,,,,,,,,,,,,,,,
,,,,,,,,,,,,,,,,,,,,
,,,,,,,,,,,,,,,,,,,,
,,,,,,,,,,,,,,,,,,,,
,,,,,,,,,,,,,,,,,,,,
,,,,,,,,,,,,,,,,,,,,
,,,,,,,,,,,,,,,,,,,,
,,,,,,,,,,,,,,,,,,,,
,,,,,,,,,,,,,,,,,,,,
,,,,,,,,,,,,,,,,,,,,
,,,,,,,,,,,,,,,,,,,,
,,,,,,,,,,,,,,,,,,,,
,,,,,,,,,,,,,,,,,,,,
,,,,,,,,,,,,,,,,,,,,
,,,,,,,,,,,,,,,,,,,,
,,,,,,,,,,,,,,,,,,,,
,,,,,,,,,,,,,,,,,,,,
,,,,,,,,,,,,,,,,,,,,
,,,,,,,,,,,,,,,,,,,,
,,,,,,,,,,,,,,,,,,,,
,,,,,,,,,,,,,,,,,,,,
,,,,,,,,,,,,,,,,,,,,
,,,,,,,,,,,,,,,,,,,,
,,,,,,,,,,,,,,,,,,,,
,,,,,,,,,,,,,,,,,,,,
,,,,,,,,,,,,,,,,,,,,
,,,,,,,,,,,,,,,,,,,,
,,,,,,,,,,,,,,,,,,,,
,,,,,,,,,,,,,,,,,,,,
,,,,,,,,,,,,,,,,,,,,
,,,,,,,,,,,,,,,,,,,,
,,,,,,,,,,,,,,,,,,,,
,,,,,,,,,,,,,,,,,,,,
,,,,,,,,,,,,,,,,,,,,
,,,,,,,,,,,,,,,,,,,,
,,,,,,,,,,,,,,,,,,,,
,,,,,,,,,,,,,,,,,,,,
,,,,,,,,,,,,,,,,,,,,
,,,,,,,,,,,,,,,,,,,,
,,,,,,,,,,,,,,,,,,,,
,,,,,,,,,,,,,,,,,,,,
,,,,,,,,,,,,,,,,,,,,
,,,,,,,,,,,,,,,,,,,,
,,,,,,,,,,,,,,,,,,,,
,,,,,,,,,,,,,,,,,,,,
,,,,,,,,,,,,,,,,,,,,
,,,,,,,,,,,,,,,,,,,,
,,,,,,,,,,,,,,,,,,,,
,,,,,,,,,,,,,,,,,,,,
,,,,,,,,,,,,,,,,,,,,
,,,,,,,,,,,,,,,,,,,,
,,,,,,,,,,,,,,,,,,,,
,,,,,,,,,,,,,,,,,,,,
,,,,,,,,,,,,,,,,,,,,
,,,,,,,,,,,,,,,,,,,,
,,,,,,,,,,,,,,,,,,,,
,,,,,,,,,,,,,,,,,,,,
,,,,,,,,,,,,,,,,,,,,
,,,,,,,,,,,,,,,,,,,,
,,,,,,,,,,,,,,,,,,,,
,,,,,,,,,,,,,,,,,,,,
,,,,,,,,,,,,,,,,,,,,
,,,,,,,,,,,,,,,,,,,,
,,,,,,,,,,,,,,,,,,,,
,,,,,,,,,,,,,,,,,,,,
,,,,,,,,,,,,,,,,,,,,
,,,,,,,,,,,,,,,,,,,,
,,,,,,,,,,,,,,,,,,,,
,,,,,,,,,,,,,,,,,,,,
,,,,,,,,,,,,,,,,,,,,
,,,,,,,,,,,,,,,,,,,,
,,,,,,,,,,,,,,,,,,,,
,,,,,,,,,,,,,,,,,,,,
,,,,,,,,,,,,,,,,,,,,
,,,,,,,,,,,,,,,,,,,,
,,,,,,,,,,,,,,,,,,,,
,,,,,,,,,,,,,,,,,,,,
,,,,,,,,,,,,,,,,,,,,
,,,,,,,,,,,,,,,,,,,,
,,,,,,,,,,,,,,,,,,,,
,,,,,,,,,,,,,,,,,,,,
,,,,,,,,,,,,,,,,,,,,
,,,,,,,,,,,,,,,,,,,,
,,,,,,,,,,,,,,,,,,,,
,,,,,,,,,,,,,,,,,,,,
,,,,,,,,,,,,,,,,,,,,
,,,,,,,,,,,,,,,,,,,,
,,,,,,,,,,,,,,,,,,,,
,,,,,,,,,,,,,,,,,,,,
,,,,,,,,,,,,,,,,,,,,
,,,,,,,,,,,,,,,,,,,,
,,,,,,,,,,,,,,,,,,,,
,,,,,,,,,,,,,,,,,,,,
,,,,,,,,,,,,,,,,,,,,
,,,,,,,,,,,,,,,,,,,,
,,,,,,,,,,,,,,,,,,,,
,,,,,,,,,,,,,,,,,,,,
,,,,,,,,,,,,,,,,,,,,
,,,,,,,,,,,,,,,,,,,,
,,,,,,,,,,,,,,,,,,,,
,,,,,,,,,,,,,,,,,,,,
,,,,,,,,,,,,,,,,,,,,
,,,,,,,,,,,,,,,,,,,,
,,,,,,,,,,,,,,,,,,,,
,,,,,,,,,,,,,,,,,,,,
,,,,,,,,,,,,,,,,,,,,
,,,,,,,,,,,,,,,,,,,,
,,,,,,,,,,,,,,,,,,,,
,,,,,,,,,,,,,,,,,,,,
,,,,,,,,,,,,,,,,,,,,
,,,,,,,,,,,,,,,,,,,,
,,,,,,,,,,,,,,,,,,,,
,,,,,,,,,,,,,,,,,,,,
,,,,,,,,,,,,,,,,,,,,
,,,,,,,,,,,,,,,,,,,,
,,,,,,,,,,,,,,,,,,,,
,,,,,,,,,,,,,,,,,,,,
,,,,,,,,,,,,,,,,,,,,
,,,,,,,,,,,,,,,,,,,,
,,,,,,,,,,,,,,,,,,,,
,,,,,,,,,,,,,,,,,,,,
,,,,,,,,,,,,,,,,,,,,
,,,,,,,,,,,,,,,,,,,,
,,,,,,,,,,,,,,,,,,,,
,,,,,,,,,,,,,,,,,,,,
,,,,,,,,,,,,,,,,,,,,
,,,,,,,,,,,,,,,,,,,,
,,,,,,,,,,,,,,,,,,,,
,,,,,,,,,,,,,,,,,,,,
,,,,,,,,,,,,,,,,,,,,
,,,,,,,,,,,,,,,,,,,,
,,,,,,,,,,,,,,,,,,,,
,,,,,,,,,,,,,,,,,,,,
,,,,,,,,,,,,,,,,,,,,
,,,,,,,,,,,,,,,,,,,,
,,,,,,,,,,,,,,,,,,,,
,,,,,,,,,,,,,,,,,,,,
,,,,,,,,,,,,,,,,,,,,
,,,,,,,,,,,,,,,,,,,,
,,,,,,,,,,,,,,,,,,,,
,,,,,,,,,,,,,,,,,,,,
,,,,,,,,,,,,,,,,,,,,
,,,,,,,,,,,,,,,,,,,,
,,,,,,,,,,,,,,,,,,,,
,,,,,,,,,,,,,,,,,,,,
,,,,,,,,,,,,,,,,,,,,
,,,,,,,,,,,,,,,,,,,,
,,,,,,,,,,,,,,,,,,,,
,,,,,,,,,,,,,,,,,,,,
,,,,,,,,,,,,,,,,,,,,
,,,,,,,,,,,,,,,,,,,,
,,,,,,,,,,,,,,,,,,,,
,,,,,,,,,,,,,,,,,,,,
,,,,,,,,,,,,,,,,,,,,
,,,,,,,,,,,,,,,,,,,,
,,,,,,,,,,,,,,,,,,,,
,,,,,,,,,,,,,,,,,,,,
,,,,,,,,,,,,,,,,,,,,
,,,,,,,,,,,,,,,,,,,,
,,,,,,,,,,,,,,,,,,,,
,,,,,,,,,,,,,,,,,,,,
,,,,,,,,,,,,,,,,,,,,
,,,,,,,,,,,,,,,,,,,,
,,,,,,,,,,,,,,,,,,,,
,,,,,,,,,,,,,,,,,,,,
,,,,,,,,,,,,,,,,,,,,
,,,,,,,,,,,,,,,,,,,,
,,,,,,,,,,,,,,,,,,,,
,,,,,,,,,,,,,,,,,,,,
,,,,,,,,,,,,,,,,,,,,
,,,,,,,,,,,,,,,,,,,,
,,,,,,,,,,,,,,,,,,,,
,,,,,,,,,,,,,,,,,,,,
,,,,,,,,,,,,,,,,,,,,
,,,,,,,,,,,,,,,,,,,,
,,,,,,,,,,,,,,,,,,,,
,,,,,,,,,,,,,,,,,,,,
,,,,,,,,,,,,,,,,,,,,
,,,,,,,,,,,,,,,,,,,,
,,,,,,,,,,,,,,,,,,,,
,,,,,,,,,,,,,,,,,,,,
,,,,,,,,,,,,,,,,,,,,
,,,,,,,,,,,,,,,,,,,,
,,,,,,,,,,,,,,,,,,,,
,,,,,,,,,,,,,,,,,,,,
,,,,,,,,,,,,,,,,,,,,
,,,,,,,,,,,,,,,,,,,,
,,,,,,,,,,,,,,,,,,,,
,,,,,,,,,,,,,,,,,,,,
,,,,,,,,,,,,,,,,,,,,
,,,,,,,,,,,,,,,,,,,,
,,,,,,,,,,,,,,,,,,,,
,,,,,,,,,,,,,,,,,,,,
,,,,,,,,,,,,,,,,,,,,
,,,,,,,,,,,,,,,,,,,,
,,,,,,,,,,,,,,,,,,,,
,,,,,,,,,,,,,,,,,,,,
,,,,,,,,,,,,,,,,,,,,
,,,,,,,,,,,,,,,,,,,,
,,,,,,,,,,,,,,,,,,,,
,,,,,,,,,,,,,,,,,,,,
,,,,,,,,,,,,,,,,,,,,
,,,,,,,,,,,,,,,,,,,,
,,,,,,,,,,,,,,,,,,,,
,,,,,,,,,,,,,,,,,,,,
,,,,,,,,,,,,,,,,,,,,
,,,,,,,,,,,,,,,,,,,,
,,,,,,,,,,,,,,,,,,,,
,,,,,,,,,,,,,,,,,,,,
,,,,,,,,,,,,,,,,,,,,
,,,,,,,,,,,,,,,,,,,,
,,,,,,,,,,,,,,,,,,,,
,,,,,,,,,,,,,,,,,,,,
,,,,,,,,,,,,,,,,,,,,
,,,,,,,,,,,,,,,,,,,,
,,,,,,,,,,,,,,,,,,,,
,,,,,,,,,,,,,,,,,,,,
,,,,,,,,,,,,,,,,,,,,
,,,,,,,,,,,,,,,,,,,,
,,,,,,,,,,,,,,,,,,,,
,,,,,,,,,,,,,,,,,,,,
,,,,,,,,,,,,,,,,,,,,
,,,,,,,,,,,,,,,,,,,,
,,,,,,,,,,,,,,,,,,,,
,,,,,,,,,,,,,,,,,,,,
,,,,,,,,,,,,,,,,,,,,
,,,,,,,,,,,,,,,,,,,,
,,,,,,,,,,,,,,,,,,,,
,,,,,,,,,,,,,,,,,,,,
,,,,,,,,,,,,,,,,,,,,
,,,,,,,,,,,,,,,,,,,,
,,,,,,,,,,,,,,,,,,,,
,,,,,,,,,,,,,,,,,,,,
,,,,,,,,,,,,,,,,,,,,
,,,,,,,,,,,,,,,,,,,,
,,,,,,,,,,,,,,,,,,,,
,,,,,,,,,,,,,,,,,,,,
,,,,,,,,,,,,,,,,,,,,
,,,,,,,,,,,,,,,,,,,,
,,,,,,,,,,,,,,,,,,,,
,,,,,,,,,,,,,,,,,,,,
,,,,,,,,,,,,,,,,,,,,
,,,,,,,,,,,,,,,,,,,,
,,,,,,,,,,,,,,,,,,,,
,,,,,,,,,,,,,,,,,,,,
,,,,,,,,,,,,,,,,,,,,
,,,,,,,,,,,,,,,,,,,,
,,,,,,,,,,,,,,,,,,,,
,,,,,,,,,,,,,,,,,,,,
,,,,,,,,,,,,,,,,,,,,
,,,,,,,,,,,,,,,,,,,,
,,,,,,,,,,,,,,,,,,,,
,,,,,,,,,,,,,,,,,,,,
,,,,,,,,,,,,,,,,,,,,
,,,,,,,,,,,,,,,,,,,,
,,,,,,,,,,,,,,,,,,,,
,,,,,,,,,,,,,,,,,,,,
,,,,,,,,,,,,,,,,,,,,
,,,,,,,,,,,,,,,,,,,,
,,,,,,,,,,,,,,,,,,,,
,,,,,,,,,,,,,,,,,,,,
,,,,,,,,,,,,,,,,,,,,
,,,,,,,,,,,,,,,,,,,,
,,,,,,,,,,,,,,,,,,,,
,,,,,,,,,,,,,,,,,,,,
,,,,,,,,,,,,,,,,,,,,
,,,,,,,,,,,,,,,,,,,,
,,,,,,,,,,,,,,,,,,,,
,,,,,,,,,,,,,,,,,,,,
,,,,,,,,,,,,,,,,,,,,
,,,,,,,,,,,,,,,,,,,,
,,,,,,,,,,,,,,,,,,,,
,,,,,,,,,,,,,,,,,,,,
,,,,,,,,,,,,,,,,,,,,
,,,,,,,,,,,,,,,,,,,,
,,,,,,,,,,,,,,,,,,,,
,,,,,,,,,,,,,,,,,,,,
,,,,,,,,,,,,,,,,,,,,
,,,,,,,,,,,,,,,,,,,,
,,,,,,,,,,,,,,,,,,,,
,,,,,,,,,,,,,,,,,,,,
,,,,,,,,,,,,,,,,,,,,
,,,,,,,,,,,,,,,,,,,,
,,,,,,,,,,,,,,,,,,,,
,,,,,,,,,,,,,,,,,,,,
,,,,,,,,,,,,,,,,,,,,
,,,,,,,,,,,,,,,,,,,,
,,,,,,,,,,,,,,,,,,,,
,,,,,,,,,,,,,,,,,,,,
,,,,,,,,,,,,,,,,,,,,
,,,,,,,,,,,,,,,,,,,,
,,,,,,,,,,,,,,,,,,,,
,,,,,,,,,,,,,,,,,,,,
,,,,,,,,,,,,,,,,,,,,
,,,,,,,,,,,,,,,,,,,,
,,,,,,,,,,,,,,,,,,,,
,,,,,,,,,,,,,,,,,,,,
,,,,,,,,,,,,,,,,,,,,
,,,,,,,,,,,,,,,,,,,,
,,,,,,,,,,,,,,,,,,,,
,,,,,,,,,,,,,,,,,,,,
,,,,,,,,,,,,,,,,,,,,
,,,,,,,,,,,,,,,,,,,,
,,,,,,,,,,,,,,,,,,,,
,,,,,,,,,,,,,,,,,,,,
,,,,,,,,,,,,,,,,,,,,
,,,,,,,,,,,,,,,,,,,,
,,,,,,,,,,,,,,,,,,,,
,,,,,,,,,,,,,,,,,,,,
,,,,,,,,,,,,,,,,,,,,
,,,,,,,,,,,,,,,,,,,,
,,,,,,,,,,,,,,,,,,,,
,,,,,,,,,,,,,,,,,,,,
,,,,,,,,,,,,,,,,,,,,
,,,,,,,,,,,,,,,,,,,,
,,,,,,,,,,,,,,,,,,,,
,,,,,,,,,,,,,,,,,,,,
,,,,,,,,,,,,,,,,,,,,
,,,,,,,,,,,,,,,,,,,,
,,,,,,,,,,,,,,,,,,,,
,,,,,,,,,,,,,,,,,,,,
,,,,,,,,,,,,,,,,,,,,
,,,,,,,,,,,,,,,,,,,,
,,,,,,,,,,,,,,,,,,,,
,,,,,,,,,,,,,,,,,,,,
,,,,,,,,,,,,,,,,,,,,
,,,,,,,,,,,,,,,,,,,,
,,,,,,,,,,,,,,,,,,,,
,,,,,,,,,,,,,,,,,,,,
,,,,,,,,,,,,,,,,,,,,
,,,,,,,,,,,,,,,,,,,,
,,,,,,,,,,,,,,,,,,,,
,,,,,,,,,,,,,,,,,,,,
,,,,,,,,,,,,,,,,,,,,
,,,,,,,,,,,,,,,,,,,,
,,,,,,,,,,,,,,,,,,,,
,,,,,,,,,,,,,,,,,,,,
,,,,,,,,,,,,,,,,,,,,
,,,,,,,,,,,,,,,,,,,,
,,,,,,,,,,,,,,,,,,,,
,,,,,,,,,,,,,,,,,,,,
,,,,,,,,,,,,,,,,,,,,
,,,,,,,,,,,,,,,,,,,,
,,,,,,,,,,,,,,,,,,,,
,,,,,,,,,,,,,,,,,,,,
,,,,,,,,,,,,,,,,,,,,
,,,,,,,,,,,,,,,,,,,,
,,,,,,,,,,,,,,,,,,,,
,,,,,,,,,,,,,,,,,,,,
,,,,,,,,,,,,,,,,,,,,
,,,,,,,,,,,,,,,,,,,,
,,,,,,,,,,,,,,,,,,,,
,,,,,,,,,,,,,,,,,,,,
,,,,,,,,,,,,,,,,,,,,
,,,,,,,,,,,,,,,,,,,,
,,,,,,,,,,,,,,,,,,,,
,,,,,,,,,,,,,,,,,,,,
,,,,,,,,,,,,,,,,,,,,
,,,,,,,,,,,,,,,,,,,,
,,,,,,,,,,,,,,,,,,,,
,,,,,,,,,,,,,,,,,,,,
,,,,,,,,,,,,,,,,,,,,
,,,,,,,,,,,,,,,,,,,,
,,,,,,,,,,,,,,,,,,,,
,,,,,,,,,,,,,,,,,,,,
,,,,,,,,,,,,,,,,,,,,
,,,,,,,,,,,,,,,,,,,,
,,,,,,,,,,,,,,,,,,,,
,,,,,,,,,,,,,,,,,,,,
,,,,,,,,,,,,,,,,,,,,
,,,,,,,,,,,,,,,,,,,,
,,,,,,,,,,,,,,,,,,,,
,,,,,,,,,,,,,,,,,,,,
,,,,,,,,,,,,,,,,,,,,
,,,,,,,,,,,,,,,,,,,,
,,,,,,,,,,,,,,,,,,,,
,,,,,,,,,,,,,,,,,,,,
,,,,,,,,,,,,,,,,,,,,
,,,,,,,,,,,,,,,,,,,,
,,,,,,,,,,,,,,,,,,,,
,,,,,,,,,,,,,,,,,,,,
,,,,,,,,,,,,,,,,,,,,
,,,,,,,,,,,,,,,,,,,,
,,,,,,,,,,,,,,,,,,,,
,,,,,,,,,,,,,,,,,,,,
,,,,,,,,,,,,,,,,,,,,
,,,,,,,,,,,,,,,,,,,,
,,,,,,,,,,,,,,,,,,,,
,,,,,,,,,,,,,,,,,,,,
,,,,,,,,,,,,,,,,,,,,
,,,,,,,,,,,,,,,,,,,,
,,,,,,,,,,,,,,,,,,,,
,,,,,,,,,,,,,,,,,,,,
,,,,,,,,,,,,,,,,,,,,
,,,,,,,,,,,,,,,,,,,,
,,,,,,,,,,,,,,,,,,,,
,,,,,,,,,,,,,,,,,,,,
,,,,,,,,,,,,,,,,,,,,
,,,,,,,,,,,,,,,,,,,,
,,,,,,,,,,,,,,,,,,,,
,,,,,,,,,,,,,,,,,,,,
,,,,,,,,,,,,,,,,,,,,
,,,,,,,,,,,,,,,,,,,,
,,,,,,,,,,,,,,,,,,,,
,,,,,,,,,,,,,,,,,,,,
,,,,,,,,,,,,,,,,,,,,
,,,,,,,,,,,,,,,,,,,,
,,,,,,,,,,,,,,,,,,,,
,,,,,,,,,,,,,,,,,,,,
,,,,,,,,,,,,,,,,,,,,
,,,,,,,,,,,,,,,,,,,,
,,,,,,,,,,,,,,,,,,,,
,,,,,,,,,,,,,,,,,,,,
,,,,,,,,,,,,,,,,,,,,
,,,,,,,,,,,,,,,,,,,,
,,,,,,,,,,,,,,,,,,,,
,,,,,,,,,,,,,,,,,,,,
,,,,,,,,,,,,,,,,,,,,
,,,,,,,,,,,,,,,,,,,,
,,,,,,,,,,,,,,,,,,,,
,,,,,,,,,,,,,,,,,,,,
,,,,,,,,,,,,,,,,,,,,
,,,,,,,,,,,,,,,,,,,,
,,,,,,,,,,,,,,,,,,,,
,,,,,,,,,,,,,,,,,,,,
,,,,,,,,,,,,,,,,,,,,
,,,,,,,,,,,,,,,,,,,,
,,,,,,,,,,,,,,,,,,,,
,,,,,,,,,,,,,,,,,,,,
,,,,,,,,,,,,,,,,,,,,
,,,,,,,,,,,,,,,,,,,,
,,,,,,,,,,,,,,,,,,,,
,,,,,,,,,,,,,,,,,,,,
,,,,,,,,,,,,,,,,,,,,
,,,,,,,,,,,,,,,,,,,,
,,,,,,,,,,,,,,,,,,,,
,,,,,,,,,,,,,,,,,,,,
,,,,,,,,,,,,,,,,,,,,
,,,,,,,,,,,,,,,,,,,,
,,,,,,,,,,,,,,,,,,,,
,,,,,,,,,,,,,,,,,,,,
,,,,,,,,,,,,,,,,,,,,
,,,,,,,,,,,,,,,,,,,,
,,,,,,,,,,,,,,,,,,,,
,,,,,,,,,,,,,,,,,,,,
,,,,,,,,,,,,,,,,,,,,
,,,,,,,,,,,,,,,,,,,,
,,,,,,,,,,,,,,,,,,,,
,,,,,,,,,,,,,,,,,,,,
,,,,,,,,,,,,,,,,,,,,
,,,,,,,,,,,,,,,,,,,,
,,,,,,,,,,,,,,,,,,,,
,,,,,,,,,,,,,,,,,,,,
,,,,,,,,,,,,,,,,,,,,
,,,,,,,,,,,,,,,,,,,,
,,,,,,,,,,,,,,,,,,,,
,,,,,,,,,,,,,,,,,,,,
,,,,,,,,,,,,,,,,,,,,
,,,,,,,,,,,,,,,,,,,,
,,,,,,,,,,,,,,,,,,,,
,,,,,,,,,,,,,,,,,,,,
,,,,,,,,,,,,,,,,,,,,
,,,,,,,,,,,,,,,,,,,,
,,,,,,,,,,,,,,,,,,,,
,,,,,,,,,,,,,,,,,,,,
,,,,,,,,,,,,,,,,,,,,
,,,,,,,,,,,,,,,,,,,,
,,,,,,,,,,,,,,,,,,,,
,,,,,,,,,,,,,,,,,,,,
,,,,,,,,,,,,,,,,,,,,
,,,,,,,,,,,,,,,,,,,,
,,,,,,,,,,,,,,,,,,,,
,,,,,,,,,,,,,,,,,,,,
,,,,,,,,,,,,,,,,,,,,
,,,,,,,,,,,,,,,,,,,,
,,,,,,,,,,,,,,,,,,,,
,,,,,,,,,,,,,,,,,,,,
,,,,,,,,,,,,,,,,,,,,
,,,,,,,,,,,,,,,,,,,,
,,,,,,,,,,,,,,,,,,,,
,,,,,,,,,,,,,,,,,,,,
,,,,,,,,,,,,,,,,,,,,
,,,,,,,,,,,,,,,,,,,,
,,,,,,,,,,,,,,,,,,,,
,,,,,,,,,,,,,,,,,,,,
,,,,,,,,,,,,,,,,,,,,
,,,,,,,,,,,,,,,,,,,,
,,,,,,,,,,,,,,,,,,,,
,,,,,,,,,,,,,,,,,,,,
,,,,,,,,,,,,,,,,,,,,
,,,,,,,,,,,,,,,,,,,,
,,,,,,,,,,,,,,,,,,,,
,,,,,,,,,,,,,,,,,,,,
,,,,,,,,,,,,,,,,,,,,
,,,,,,,,,,,,,,,,,,,,
,,,,,,,,,,,,,,,,,,,,
,,,,,,,,,,,,,,,,,,,,
,,,,,,,,,,,,,,,,,,,,
,,,,,,,,,,,,,,,,,,,,
,,,,,,,,,,,,,,,,,,,,
,,,,,,,,,,,,,,,,,,,,
,,,,,,,,,,,,,,,,,,,,
,,,,,,,,,,,,,,,,,,,,
,,,,,,,,,,,,,,,,,,,,
,,,,,,,,,,,,,,,,,,,,
,,,,,,,,,,,,,,,,,,,,
,,,,,,,,,,,,,,,,,,,,
,,,,,,,,,,,,,,,,,,,,
,,,,,,,,,,,,,,,,,,,,
,,,,,,,,,,,,,,,,,,,,
,,,,,,,,,,,,,,,,,,,,
,,,,,,,,,,,,,,,,,,,,
,,,,,,,,,,,,,,,,,,,,
,,,,,,,,,,,,,,,,,,,,
,,,,,,,,,,,,,,,,,,,,
,,,,,,,,,,,,,,,,,,,,
,,,,,,,,,,,,,,,,,,,,
,,,,,,,,,,,,,,,,,,,,
,,,,,,,,,,,,,,,,,,,,
,,,,,,,,,,,,,,,,,,,,
,,,,,,,,,,,,,,,,,,,,
,,,,,,,,,,,,,,,,,,,,
,,,,,,,,,,,,,,,,,,,,
,,,,,,,,,,,,,,,,,,,,
,,,,,,,,,,,,,,,,,,,,
,,,,,,,,,,,,,,,,,,,,
,,,,,,,,,,,,,,,,,,,,
,,,,,,,,,,,,,,,,,,,,
,,,,,,,,,,,,,,,,,,,,
,,,,,,,,,,,,,,,,,,,,
,,,,,,,,,,,,,,,,,,,,
,,,,,,,,,,,,,,,,,,,,
,,,,,,,,,,,,,,,,,,,,
,,,,,,,,,,,,,,,,,,,,
,,,,,,,,,,,,,,,,,,,,
,,,,,,,,,,,,,,,,,,,,
,,,,,,,,,,,,,,,,,,,,
,,,,,,,,,,,,,,,,,,,,
,,,,,,,,,,,,,,,,,,,,
,,,,,,,,,,,,,,,,,,,,
,,,,,,,,,,,,,,,,,,,,
,,,,,,,,,,,,,,,,,,,,
,,,,,,,,,,,,,,,,,,,,
,,,,,,,,,,,,,,,,,,,,
,,,,,,,,,,,,,,,,,,,,
,,,,,,,,,,,,,,,,,,,,
,,,,,,,,,,,,,,,,,,,,
,,,,,,,,,,,,,,,,,,,,
,,,,,,,,,,,,,,,,,,,,
,,,,,,,,,,,,,,,,,,,,
,,,,,,,,,,,,,,,,,,,,
,,,,,,,,,,,,,,,,,,,,
,,,,,,,,,,,,,,,,,,,,
,,,,,,,,,,,,,,,,,,,,
,,,,,,,,,,,,,,,,,,,,
,,,,,,,,,,,,,,,,,,,,
,,,,,,,,,,,,,,,,,,,,
,,,,,,,,,,,,,,,,,,,,
,,,,,,,,,,,,,,,,,,,,
,,,,,,,,,,,,,,,,,,,,
,,,,,,,,,,,,,,,,,,,,
,,,,,,,,,,,,,,,,,,,,
,,,,,,,,,,,,,,,,,,,,
,,,,,,,,,,,,,,,,,,,,
,,,,,,,,,,,,,,,,,,,,
,,,,,,,,,,,,,,,,,,,,
,,,,,,,,,,,,,,,,,,,,
,,,,,,,,,,,,,,,,,,,,
,,,,,,,,,,,,,,,,,,,,
,,,,,,,,,,,,,,,,,,,,
,,,,,,,,,,,,,,,,,,,,
,,,,,,,,,,,,,,,,,,,,
,,,,,,,,,,,,,,,,,,,,
,,,,,,,,,,,,,,,,,,,,
,,,,,,,,,,,,,,,,,,,,
,,,,,,,,,,,,,,,,,,,,
,,,,,,,,,,,,,,,,,,,,
,,,,,,,,,,,,,,,,,,,,
,,,,,,,,,,,,,,,,,,,,
,,,,,,,,,,,,,,,,,,,,
,,,,,,,,,,,,,,,,,,,,
,,,,,,,,,,,,,,,,,,,,
,,,,,,,,,,,,,,,,,,,,
,,,,,,,,,,,,,,,,,,,,
,,,,,,,,,,,,,,,,,,,,
,,,,,,,,,,,,,,,,,,,,
,,,,,,,,,,,,,,,,,,,,
,,,,,,,,,,,,,,,,,,,,
,,,,,,,,,,,,,,,,,,,,
,,,,,,,,,,,,,,,,,,,,
,,,,,,,,,,,,,,,,,,,,
,,,,,,,,,,,,,,,,,,,,
,,,,,,,,,,,,,,,,,,,,
,,,,,,,,,,,,,,,,,,,,
,,,,,,,,,,,,,,,,,,,,
,,,,,,,,,,,,,,,,,,,,
,,,,,,,,,,,,,,,,,,,,
,,,,,,,,,,,,,,,,,,,,
,,,,,,,,,,,,,,,,,,,,
,,,,,,,,,,,,,,,,,,,,
,,,,,,,,,,,,,,,,,,,,
,,,,,,,,,,,,,,,,,,,,
,,,,,,,,,,,,,,,,,,,,
,,,,,,,,,,,,,,,,,,,,
,,,,,,,,,,,,,,,,,,,,
,,,,,,,,,,,,,,,,,,,,
,,,,,,,,,,,,,,,,,,,,
,,,,,,,,,,,,,,,,,,,,
,,,,,,,,,,,,,,,,,,,,
,,,,,,,,,,,,,,,,,,,,
,,,,,,,,,,,,,,,,,,,,
,,,,,,,,,,,,,,,,,,,,
,,,,,,,,,,,,,,,,,,,,
,,,,,,,,,,,,,,,,,,,,
,,,,,,,,,,,,,,,,,,,,
,,,,,,,,,,,,,,,,,,,,
,,,,,,,,,,,,,,,,,,,,
,,,,,,,,,,,,,,,,,,,,
,,,,,,,,,,,,,,,,,,,,
,,,,,,,,,,,,,,,,,,,,
,,,,,,,,,,,,,,,,,,,,
,,,,,,,,,,,,,,,,,,,,
,,,,,,,,,,,,,,,,,,,,
,,,,,,,,,,,,,,,,,,,,
,,,,,,,,,,,,,,,,,,,,
,,,,,,,,,,,,,,,,,,,,
,,,,,,,,,,,,,,,,,,,,
,,,,,,,,,,,,,,,,,,,,
,,,,,,,,,,,,,,,,,,,,
,,,,,,,,,,,,,,,,,,,,
,,,,,,,,,,,,,,,,,,,,
,,,,,,,,,,,,,,,,,,,,
,,,,,,,,,,,,,,,,,,,,
,,,,,,,,,,,,,,,,,,,,
,,,,,,,,,,,,,,,,,,,,
,,,,,,,,,,,,,,,,,,,,
,,,,,,,,,,,,,,,,,,,,
,,,,,,,,,,,,,,,,,,,,
,,,,,,,,,,,,,,,,,,,,
,,,,,,,,,,,,,,,,,,,,
,,,,,,,,,,,,,,,,,,,,
,,,,,,,,,,,,,,,,,,,,
,,,,,,,,,,,,,,,,,,,,
,,,,,,,,,,,,,,,,,,,,
,,,,,,,,,,,,,,,,,,,,
,,,,,,,,,,,,,,,,,,,,
,,,,,,,,,,,,,,,,,,,,
,,,,,,,,,,,,,,,,,,,,
,,,,,,,,,,,,,,,,,,,,
,,,,,,,,,,,,,,,,,,,,
,,,,,,,,,,,,,,,,,,,,
,,,,,,,,,,,,,,,,,,,,
,,,,,,,,,,,,,,,,,,,,
,,,,,,,,,,,,,,,,,,,,
,,,,,,,,,,,,,,,,,,,,
,,,,,,,,,,,,,,,,,,,,
,,,,,,,,,,,,,,,,,,,,
,,,,,,,,,,,,,,,,,,,,
,,,,,,,,,,,,,,,,,,,,
,,,,,,,,,,,,,,,,,,,,
,,,,,,,,,,,,,,,,,,,,
,,,,,,,,,,,,,,,,,,,,
,,,,,,,,,,,,,,,,,,,,
,,,,,,,,,,,,,,,,,,,,
,,,,,,,,,,,,,,,,,,,,
,,,,,,,,,,,,,,,,,,,,
,,,,,,,,,,,,,,,,,,,,
,,,,,,,,,,,,,,,,,,,,
,,,,,,,,,,,,,,,,,,,,
,,,,,,,,,,,,,,,,,,,,
,,,,,,,,,,,,,,,,,,,,
,,,,,,,,,,,,,,,,,,,,
,,,,,,,,,,,,,,,,,,,,
,,,,,,,,,,,,,,,,,,,,
,,,,,,,,,,,,,,,,,,,,
,,,,,,,,,,,,,,,,,,,,
,,,,,,,,,,,,,,,,,,,,
,,,,,,,,,,,,,,,,,,,,
,,,,,,,,,,,,,,,,,,,,
,,,,,,,,,,,,,,,,,,,,
,,,,,,,,,,,,,,,,,,,,
,,,,,,,,,,,,,,,,,,,,
,,,,,,,,,,,,,,,,,,,,
,,,,,,,,,,,,,,,,,,,,
,,,,,,,,,,,,,,,,,,,,
,,,,,,,,,,,,,,,,,,,,
,,,,,,,,,,,,,,,,,,,,
,,,,,,,,,,,,,,,,,,,,
,,,,,,,,,,,,,,,,,,,,
,,,,,,,,,,,,,,,,,,,,
,,,,,,,,,,,,,,,,,,,,
,,,,,,,,,,,,,,,,,,,,
,,,,,,,,,,,,,,,,,,,,
,,,,,,,,,,,,,,,,,,,,
,,,,,,,,,,,,,,,,,,,,
,,,,,,,,,,,,,,,,,,,,
,,,,,,,,,,,,,,,,,,,,
,,,,,,,,,,,,,,,,,,,,
,,,,,,,,,,,,,,,,,,,,
,,,,,,,,,,,,,,,,,,,,
,,,,,,,,,,,,,,,,,,,,
,,,,,,,,,,,,,,,,,,,,
,,,,,,,,,,,,,,,,,,,,
,,,,,,,,,,,,,,,,,,,,
,,,,,,,,,,,,,,,,,,,,
,,,,,,,,,,,,,,,,,,,,
,,,,,,,,,,,,,,,,,,,,
,,,,,,,,,,,,,,,,,,,,
,,,,,,,,,,,,,,,,,,,,
,,,,,,,,,,,,,,,,,,,,
,,,,,,,,,,,,,,,,,,,,
,,,,,,,,,,,,,,,,,,,,
,,,,,,,,,,,,,,,,,,,,
,,,,,,,,,,,,,,,,,,,,
,,,,,,,,,,,,,,,,,,,,
,,,,,,,,,,,,,,,,,,,,
,,,,,,,,,,,,,,,,,,,,
,,,,,,,,,,,,,,,,,,,,
,,,,,,,,,,,,,,,,,,,,
,,,,,,,,,,,,,,,,,,,,
,,,,,,,,,,,,,,,,,,,,
,,,,,,,,,,,,,,,,,,,,
,,,,,,,,,,,,,,,,,,,,
,,,,,,,,,,,,,,,,,,,,
,,,,,,,,,,,,,,,,,,,,
,,,,,,,,,,,,,,,,,,,,
,,,,,,,,,,,,,,,,,,,,
,,,,,,,,,,,,,,,,,,,,
,,,,,,,,,,,,,,,,,,,,
,,,,,,,,,,,,,,,,,,,,
,,,,,,,,,,,,,,,,,,,,
,,,,,,,,,,,,,,,,,,,,
,,,,,,,,,,,,,,,,,,,,
,,,,,,,,,,,,,,,,,,,,
,,,,,,,,,,,,,,,,,,,,
,,,,,,,,,,,,,,,,,,,,
,,,,,,,,,,,,,,,,,,,,
,,,,,,,,,,,,,,,,,,,,
,,,,,,,,,,,,,,,,,,,,
,,,,,,,,,,,,,,,,,,,,
,,,,,,,,,,,,,,,,,,,,
,,,,,,,,,,,,,,,,,,,,
,,,,,,,,,,,,,,,,,,,,
,,,,,,,,,,,,,,,,,,,,
,,,,,,,,,,,,,,,,,,,,
,,,,,,,,,,,,,,,,,,,,
,,,,,,,,,,,,,,,,,,,,
,,,,,,,,,,,,,,,,,,,,
,,,,,,,,,,,,,,,,,,,,
,,,,,,,,,,,,,,,,,,,,
,,,,,,,,,,,,,,,,,,,,
,,,,,,,,,,,,,,,,,,,,
,,,,,,,,,,,,,,,,,,,,
,,,,,,,,,,,,,,,,,,,,
,,,,,,,,,,,,,,,,,,,,
,,,,,,,,,,,,,,,,,,,,
,,,,,,,,,,,,,,,,,,,,
,,,,,,,,,,,,,,,,,,,,
,,,,,,,,,,,,,,,,,,,,
,,,,,,,,,,,,,,,,,,,,
,,,,,,,,,,,,,,,,,,,,
,,,,,,,,,,,,,,,,,,,,
,,,,,,,,,,,,,,,,,,,,
,,,,,,,,,,,,,,,,,,,,
,,,,,,,,,,,,,,,,,,,,
,,,,,,,,,,,,,,,,,,,,
,,,,,,,,,,,,,,,,,,,,
,,,,,,,,,,,,,,,,,,,,
,,,,,,,,,,,,,,,,,,,,
,,,,,,,,,,,,,,,,,,,,
,,,,,,,,,,,,,,,,,,,,
,,,,,,,,,,,,,,,,,,,,
,,,,,,,,,,,,,,,,,,,,
,,,,,,,,,,,,,,,,,,,,
,,,,,,,,,,,,,,,,,,,,
,,,,,,,,,,,,,,,,,,,,
,,,,,,,,,,,,,,,,,,,,
,,,,,,,,,,,,,,,,,,,,
,,,,,,,,,,,,,,,,,,,,
,,,,,,,,,,,,,,,,,,,,
,,,,,,,,,,,,,,,,,,,,
,,,,,,,,,,,,,,,,,,,,
,,,,,,,,,,,,,,,,,,,,
,,,,,,,,,,,,,,,,,,,,
,,,,,,,,,,,,,,,,,,,,
,,,,,,,,,,,,,,,,,,,,
,,,,,,,,,,,,,,,,,,,,
,,,,,,,,,,,,,,,,,,,,
,,,,,,,,,,,,,,,,,,,,
,,,,,,,,,,,,,,,,,,,,
,,,,,,,,,,,,,,,,,,,,
,,,,,,,,,,,,,,,,,,,,
,,,,,,,,,,,,,,,,,,,,
,,,,,,,,,,,,,,,,,,,,
,,,,,,,,,,,,,,,,,,,,
,,,,,,,,,,,,,,,,,,,,
,,,,,,,,,,,,,,,,,,,,
,,,,,,,,,,,,,,,,,,,,
,,,,,,,,,,,,,,,,,,,,
,,,,,,,,,,,,,,,,,,,,
,,,,,,,,,,,,,,,,,,,,
,,,,,,,,,,,,,,,,,,,,
,,,,,,,,,,,,,,,,,,,,
,,,,,,,,,,,,,,,,,,,,
,,,,,,,,,,,,,,,,,,,,
,,,,,,,,,,,,,,,,,,,,
,,,,,,,,,,,,,,,,,,,,
,,,,,,,,,,,,,,,,,,,,
,,,,,,,,,,,,,,,,,,,,
,,,,,,,,,,,,,,,,,,,,
,,,,,,,,,,,,,,,,,,,,
,,,,,,,,,,,,,,,,,,,,
,,,,,,,,,,,,,,,,,,,,
,,,,,,,,,,,,,,,,,,,,
,,,,,,,,,,,,,,,,,,,,
,,,,,,,,,,,,,,,,,,,,
,,,,,,,,,,,,,,,,,,,,
,,,,,,,,,,,,,,,,,,,,
,,,,,,,,,,,,,,,,,,,,
,,,,,,,,,,,,,,,,,,,,
,,,,,,,,,,,,,,,,,,,,
,,,,,,,,,,,,,,,,,,,,
,,,,,,,,,,,,,,,,,,,,
,,,,,,,,,,,,,,,,,,,,
,,,,,,,,,,,,,,,,,,,,
,,,,,,,,,,,,,,,,,,,,
,,,,,,,,,,,,,,,,,,,,
,,,,,,,,,,,,,,,,,,,,
,,,,,,,,,,,,,,,,,,,,
,,,,,,,,,,,,,,,,,,,,
,,,,,,,,,,,,,,,,,,,,
,,,,,,,,,,,,,,,,,,,,
,,,,,,,,,,,,,,,,,,,,
,,,,,,,,,,,,,,,,,,,,
,,,,,,,,,,,,,,,,,,,,
,,,,,,,,,,,,,,,,,,,,
,,,,,,,,,,,,,,,,,,,,
,,,,,,,,,,,,,,,,,,,,
,,,,,,,,,,,,,,,,,,,,
,,,,,,,,,,,,,,,,,,,,
,,,,,,,,,,,,,,,,,,,,
,,,,,,,,,,,,,,,,,,,,
,,,,,,,,,,,,,,,,,,,,
,,,,,,,,,,,,,,,,,,,,
,,,,,,,,,,,,,,,,,,,,
,,,,,,,,,,,,,,,,,,,,
,,,,,,,,,,,,,,,,,,,,
,,,,,,,,,,,,,,,,,,,,
,,,,,,,,,,,,,,,,,,,,
,,,,,,,,,,,,,,,,,,,,
,,,,,,,,,,,,,,,,,,,,
,,,,,,,,,,,,,,,,,,,,
,,,,,,,,,,,,,,,,,,,,
,,,,,,,,,,,,,,,,,,,,
,,,,,,,,,,,,,,,,,,,,
,,,,,,,,,,,,,,,,,,,,
,,,,,,,,,,,,,,,,,,,,
,,,,,,,,,,,,,,,,,,,,
,,,,,,,,,,,,,,,,,,,,
,,,,,,,,,,,,,,,,,,,,
,,,,,,,,,,,,,,,,,,,,
,,,,,,,,,,,,,,,,,,,,
,,,,,,,,,,,,,,,,,,,,
,,,,,,,,,,,,,,,,,,,,
,,,,,,,,,,,,,,,,,,,,
,,,,,,,,,,,,,,,,,,,,
,,,,,,,,,,,,,,,,,,,,
,,,,,,,,,,,,,,,,,,,,
,,,,,,,,,,,,,,,,,,,,
,,,,,,,,,,,,,,,,,,,,
,,,,,,,,,,,,,,,,,,,,
,,,,,,,,,,,,,,,,,,,,
,,,,,,,,,,,,,,,,,,,,
,,,,,,,,,,,,,,,,,,,,
,,,,,,,,,,,,,,,,,,,,
,,,,,,,,,,,,,,,,,,,,
,,,,,,,,,,,,,,,,,,,,
,,,,,,,,,,,,,,,,,,,,
,,,,,,,,,,,,,,,,,,,,
,,,,,,,,,,,,,,,,,,,,
,,,,,,,,,,,,,,,,,,,,
,,,,,,,,,,,,,,,,,,,,
,,,,,,,,,,,,,,,,,,,,
,,,,,,,,,,,,,,,,,,,,
,,,,,,,,,,,,,,,,,,,,
,,,,,,,,,,,,,,,,,,,,
,,,,,,,,,,,,,,,,,,,,
,,,,,,,,,,,,,,,,,,,,
,,,,,,,,,,,,,,,,,,,,
,,,,,,,,,,,,,,,,,,,,
,,,,,,,,,,,,,,,,,,,,
,,,,,,,,,,,,,,,,,,,,
,,,,,,,,,,,,,,,,,,,,
,,,,,,,,,,,,,,,,,,,,
,,,,,,,,,,,,,,,,,,,,
,,,,,,,,,,,,,,,,,,,,
,,,,,,,,,,,,,,,,,,,,
,,,,,,,,,,,,,,,,,,,,
,,,,,,,,,,,,,,,,,,,,
,,,,,,,,,,,,,,,,,,,,
,,,,,,,,,,,,,,,,,,,,
,,,,,,,,,,,,,,,,,,,,
,,,,,,,,,,,,,,,,,,,,
,,,,,,,,,,,,,,,,,,,,
,,,,,,,,,,,,,,,,,,,,
,,,,,,,,,,,,,,,,,,,,
,,,,,,,,,,,,,,,,,,,,
,,,,,,,,,,,,,,,,,,,,
,,,,,,,,,,,,,,,,,,,,
,,,,,,,,,,,,,,,,,,,,
,,,,,,,,,,,,,,,,,,,,
,,,,,,,,,,,,,,,,,,,,
,,,,,,,,,,,,,,,,,,,,
,,,,,,,,,,,,,,,,,,,,
,,,,,,,,,,,,,,,,,,,,
,,,,,,,,,,,,,,,,,,,,
,,,,,,,,,,,,,,,,,,,,
,,,,,,,,,,,,,,,,,,,,
,,,,,,,,,,,,,,,,,,,,
,,,,,,,,,,,,,,,,,,,,
,,,,,,,,,,,,,,,,,,,,
,,,,,,,,,,,,,,,,,,,,
,,,,,,,,,,,,,,,,,,,,
,,,,,,,,,,,,,,,,,,,,
,,,,,,,,,,,,,,,,,,,,
,,,,,,,,,,,,,,,,,,,,
,,,,,,,,,,,,,,,,,,,,
,,,,,,,,,,,,,,,,,,,,
,,,,,,,,,,,,,,,,,,,,
,,,,,,,,,,,,,,,,,,,,
,,,,,,,,,,,,,,,,,,,,
,,,,,,,,,,,,,,,,,,,,
,,,,,,,,,,,,,,,,,,,,
,,,,,,,,,,,,,,,,,,,,
,,,,,,,,,,,,,,,,,,,,
,,,,,,,,,,,,,,,,,,,,
,,,,,,,,,,,,,,,,,,,,
,,,,,,,,,,,,,,,,,,,,
,,,,,,,,,,,,,,,,,,,,
,,,,,,,,,,,,,,,,,,,,
,,,,,,,,,,,,,,,,,,,,
,,,,,,,,,,,,,,,,,,,,
,,,,,,,,,,,,,,,,,,,,
,,,,,,,,,,,,,,,,,,,,
,,,,,,,,,,,,,,,,,,,,
,,,,,,,,,,,,,,,,,,,,
,,,,,,,,,,,,,,,,,,,,
,,,,,,,,,,,,,,,,,,,,
,,,,,,,,,,,,,,,,,,,,
,,,,,,,,,,,,,,,,,,,,
,,,,,,,,,,,,,,,,,,,,
,,,,,,,,,,,,,,,,,,,,
,,,,,,,,,,,,,,,,,,,,
,,,,,,,,,,,,,,,,,,,,
,,,,,,,,,,,,,,,,,,,,
,,,,,,,,,,,,,,,,,,,,
,,,,,,,,,,,,,,,,,,,,
,,,,,,,,,,,,,,,,,,,,
,,,,,,,,,,,,,,,,,,,,
,,,,,,,,,,,,,,,,,,,,
,,,,,,,,,,,,,,,,,,,,
,,,,,,,,,,,,,,,,,,,,
,,,,,,,,,,,,,,,,,,,,
,,,,,,,,,,,,,,,,,,,,
,,,,,,,,,,,,,,,,,,,,
,,,,,,,,,,,,,,,,,,,,
,,,,,,,,,,,,,,,,,,,,
,,,,,,,,,,,,,,,,,,,,
,,,,,,,,,,,,,,,,,,,,
,,,,,,,,,,,,,,,,,,,,
,,,,,,,,,,,,,,,,,,,,
,,,,,,,,,,,,,,,,,,,,
,,,,,,,,,,,,,,,,,,,,
,,,,,,,,,,,,,,,,,,,,
,,,,,,,,,,,,,,,,,,,,
,,,,,,,,,,,,,,,,,,,,
,,,,,,,,,,,,,,,,,,,,
,,,,,,,,,,,,,,,,,,,,
,,,,,,,,,,,,,,,,,,,,
,,,,,,,,,,,,,,,,,,,,
,,,,,,,,,,,,,,,,,,,,
,,,,,,,,,,,,,,,,,,,,
,,,,,,,,,,,,,,,,,,,,
,,,,,,,,,,,,,,,,,,,,
,,,,,,,,,,,,,,,,,,,,
,,,,,,,,,,,,,,,,,,,,
,,,,,,,,,,,,,,,,,,,,
,,,,,,,,,,,,,,,,,,,,
,,,,,,,,,,,,,,,,,,,,
,,,,,,,,,,,,,,,,,,,,
,,,,,,,,,,,,,,,,,,,,
,,,,,,,,,,,,,,,,,,,,
,,,,,,,,,,,,,,,,,,,,
,,,,,,,,,,,,,,,,,,,,
,,,,,,,,,,,,,,,,,,,,
,,,,,,,,,,,,,,,,,,,,
,,,,,,,,,,,,,,,,,,,,
,,,,,,,,,,,,,,,,,,,,
,,,,,,,,,,,,,,,,,,,,
,,,,,,,,,,,,,,,,,,,,
,,,,,,,,,,,,,,,,,,,,
,,,,,,,,,,,,,,,,,,,,
,,,,,,,,,,,,,,,,,,,,
,,,,,,,,,,,,,,,,,,,,
,,,,,,,,,,,,,,,,,,,,
,,,,,,,,,,,,,,,,,,,,
,,,,,,,,,,,,,,,,,,,,
,,,,,,,,,,,,,,,,,,,,
,,,,,,,,,,,,,,,,,,,,
,,,,,,,,,,,,,,,,,,,,
,,,,,,,,,,,,,,,,,,,,
,,,,,,,,,,,,,,,,,,,,
,,,,,,,,,,,,,,,,,,,,
,,,,,,,,,,,,,,,,,,,,
,,,,,,,,,,,,,,,,,,,,
,,,,,,,,,,,,,,,,,,,,
,,,,,,,,,,,,,,,,,,,,
,,,,,,,,,,,,,,,,,,,,
,,,,,,,,,,,,,,,,,,,,
,,,,,,,,,,,,,,,,,,,,
,,,,,,,,,,,,,,,,,,,,
,,,,,,,,,,,,,,,,,,,,
,,,,,,,,,,,,,,,,,,,,
,,,,,,,,,,,,,,,,,,,,
,,,,,,,,,,,,,,,,,,,,
,,,,,,,,,,,,,,,,,,,,
,,,,,,,,,,,,,,,,,,,,
,,,,,,,,,,,,,,,,,,,,
,,,,,,,,,,,,,,,,,,,,
,,,,,,,,,,,,,,,,,,,,
,,,,,,,,,,,,,,,,,,,,
,,,,,,,,,,,,,,,,,,,,
,,,,,,,,,,,,,,,,,,,,
,,,,,,,,,,,,,,,,,,,,
,,,,,,,,,,,,,,,,,,,,
,,,,,,,,,,,,,,,,,,,,
,,,,,,,,,,,,,,,,,,,,
,,,,,,,,,,,,,,,,,,,,
,,,,,,,,,,,,,,,,,,,,
,,,,,,,,,,,,,,,,,,,,
,,,,,,,,,,,,,,,,,,,,
,,,,,,,,,,,,,,,,,,,,
,,,,,,,,,,,,,,,,,,,,
,,,,,,,,,,,,,,,,,,,,
,,,,,,,,,,,,,,,,,,,,
,,,,,,,,,,,,,,,,,,,,
,,,,,,,,,,,,,,,,,,,,
,,,,,,,,,,,,,,,,,,,,
,,,,,,,,,,,,,,,,,,,,
,,,,,,,,,,,,,,,,,,,,
,,,,,,,,,,,,,,,,,,,,
,,,,,,,,,,,,,,,,,,,,
,,,,,,,,,,,,,,,,,,,,
,,,,,,,,,,,,,,,,,,,,
,,,,,,,,,,,,,,,,,,,,
,,,,,,,,,,,,,,,,,,,,
,,,,,,,,,,,,,,,,,,,,
,,,,,,,,,,,,,,,,,,,,
,,,,,,,,,,,,,,,,,,,,
,,,,,,,,,,,,,,,,,,,,
,,,,,,,,,,,,,,,,,,,,
,,,,,,,,,,,,,,,,,,,,
,,,,,,,,,,,,,,,,,,,,
,,,,,,,,,,,,,,,,,,,,
,,,,,,,,,,,,,,,,,,,,
,,,,,,,,,,,,,,,,,,,,
,,,,,,,,,,,,,,,,,,,,
,,,,,,,,,,,,,,,,,,,,
,,,,,,,,,,,,,,,,,,,,
,,,,,,,,,,,,,,,,,,,,
,,,,,,,,,,,,,,,,,,,,
,,,,,,,,,,,,,,,,,,,,
,,,,,,,,,,,,,,,,,,,,
,,,,,,,,,,,,,,,,,,,,
,,,,,,,,,,,,,,,,,,,,
,,,,,,,,,,,,,,,,,,,,
,,,,,,,,,,,,,,,,,,,,
,,,,,,,,,,,,,,,,,,,,
,,,,,,,,,,,,,,,,,,,,
,,,,,,,,,,,,,,,,,,,,
,,,,,,,,,,,,,,,,,,,,
,,,,,,,,,,,,,,,,,,,,
,,,,,,,,,,,,,,,,,,,,
,,,,,,,,,,,,,,,,,,,,
,,,,,,,,,,,,,,,,,,,,
,,,,,,,,,,,,,,,,,,,,
,,,,,,,,,,,,,,,,,,,,
,,,,,,,,,,,,,,,,,,,,
,,,,,,,,,,,,,,,,,,,,
,,,,,,,,,,,,,,,,,,,,
,,,,,,,,,,,,,,,,,,,,
,,,,,,,,,,,,,,,,,,,,
,,,,,,,,,,,,,,,,,,,,
,,,,,,,,,,,,,,,,,,,,
,,,,,,,,,,,,,,,,,,,,
,,,,,,,,,,,,,,,,,,,,
,,,,,,,,,,,,,,,,,,,,
,,,,,,,,,,,,,,,,,,,,
,,,,,,,,,,,,,,,,,,,,
,,,,,,,,,,,,,,,,,,,,
,,,,,,,,,,,,,,,,,,,,
,,,,,,,,,,,,,,,,,,,,
,,,,,,,,,,,,,,,,,,,,
,,,,,,,,,,,,,,,,,,,,
,,,,,,,,,,,,,,,,,,,,
,,,,,,,,,,,,,,,,,,,,
,,,,,,,,,,,,,,,,,,,,
,,,,,,,,,,,,,,,,,,,,
,,,,,,,,,,,,,,,,,,,,
,,,,,,,,,,,,,,,,,,,,
,,,,,,,,,,,,,,,,,,,,
,,,,,,,,,,,,,,,,,,,,
,,,,,,,,,,,,,,,,,,,,
,,,,,,,,,,,,,,,,,,,,
,,,,,,,,,,,,,,,,,,,,
,,,,,,,,,,,,,,,,,,,,
,,,,,,,,,,,,,,,,,,,,
,,,,,,,,,,,,,,,,,,,,
,,,,,,,,,,,,,,,,,,,,
,,,,,,,,,,,,,,,,,,,,
,,,,,,,,,,,,,,,,,,,,
,,,,,,,,,,,,,,,,,,,,
,,,,,,,,,,,,,,,,,,,,
,,,,,,,,,,,,,,,,,,,,
,,,,,,,,,,,,,,,,,,,,
,,,,,,,,,,,,,,,,,,,,
,,,,,,,,,,,,,,,,,,,,
,,,,,,,,,,,,,,,,,,,,
,,,,,,,,,,,,,,,,,,,,
,,,,,,,,,,,,,,,,,,,,
,,,,,,,,,,,,,,,,,,,,
,,,,,,,,,,,,,,,,,,,,
,,,,,,,,,,,,,,,,,,,,
,,,,,,,,,,,,,,,,,,,,
,,,,,,,,,,,,,,,,,,,,
,,,,,,,,,,,,,,,,,,,,
,,,,,,,,,,,,,,,,,,,,
,,,,,,,,,,,,,,,,,,,,
,,,,,,,,,,,,,,,,,,,,
,,,,,,,,,,,,,,,,,,,,
,,,,,,,,,,,,,,,,,,,,
,,,,,,,,,,,,,,,,,,,,
,,,,,,,,,,,,,,,,,,,,
,,,,,,,,,,,,,,,,,,,,
,,,,,,,,,,,,,,,,,,,,
,,,,,,,,,,,,,,,,,,,,
,,,,,,,,,,,,,,,,,,,,
,,,,,,,,,,,,,,,,,,,,
,,,,,,,,,,,,,,,,,,,,
,,,,,,,,,,,,,,,,,,,,
,,,,,,,,,,,,,,,,,,,,
,,,,,,,,,,,,,,,,,,,,
,,,,,,,,,,,,,,,,,,,,
,,,,,,,,,,,,,,,,,,,,
,,,,,,,,,,,,,,,,,,,,
,,,,,,,,,,,,,,,,,,,,
,,,,,,,,,,,,,,,,,,,,
,,,,,,,,,,,,,,,,,,,,
,,,,,,,,,,,,,,,,,,,,
,,,,,,,,,,,,,,,,,,,,
,,,,,,,,,,,,,,,,,,,,
,,,,,,,,,,,,,,,,,,,,
,,,,,,,,,,,,,,,,,,,,
,,,,,,,,,,,,,,,,,,,,
,,,,,,,,,,,,,,,,,,,,
,,,,,,,,,,,,,,,,,,,,
,,,,,,,,,,,,,,,,,,,,
,,,,,,,,,,,,,,,,,,,,
,,,,,,,,,,,,,,,,,,,,
,,,,,,,,,,,,,,,,,,,,
,,,,,,,,,,,,,,,,,,,,
,,,,,,,,,,,,,,,,,,,,
,,,,,,,,,,,,,,,,,,,,
,,,,,,,,,,,,,,,,,,,,
,,,,,,,,,,,,,,,,,,,,
,,,,,,,,,,,,,,,,,,,,
,,,,,,,,,,,,,,,,,,,,
,,,,,,,,,,,,,,,,,,,,
,,,,,,,,,,,,,,,,,,,,
,,,,,,,,,,,,,,,,,,,,
,,,,,,,,,,,,,,,,,,,,
,,,,,,,,,,,,,,,,,,,,
,,,,,,,,,,,,,,,,,,,,
,,,,,,,,,,,,,,,,,,,,
,,,,,,,,,,,,,,,,,,,,
,,,,,,,,,,,,,,,,,,,,
,,,,,,,,,,,,,,,,,,,,
,,,,,,,,,,,,,,,,,,,,
,,,,,,,,,,,,,,,,,,,,
,,,,,,,,,,,,,,,,,,,,
,,,,,,,,,,,,,,,,,,,,
,,,,,,,,,,,,,,,,,,,,
,,,,,,,,,,,,,,,,,,,,
,,,,,,,,,,,,,,,,,,,,
,,,,,,,,,,,,,,,,,,,,
,,,,,,,,,,,,,,,,,,,,
,,,,,,,,,,,,,,,,,,,,
,,,,,,,,,,,,,,,,,,,,
,,,,,,,,,,,,,,,,,,,,
,,,,,,,,,,,,,,,,,,,,
,,,,,,,,,,,,,,,,,,,,
,,,,,,,,,,,,,,,,,,,,
,,,,,,,,,,,,,,,,,,,,
,,,,,,,,,,,,,,,,,,,,
,,,,,,,,,,,,,,,,,,,,
,,,,,,,,,,,,,,,,,,,,
,,,,,,,,,,,,,,,,,,,,
,,,,,,,,,,,,,,,,,,,,
,,,,,,,,,,,,,,,,,,,,
,,,,,,,,,,,,,,,,,,,,
,,,,,,,,,,,,,,,,,,,,
,,,,,,,,,,,,,,,,,,,,
,,,,,,,,,,,,,,,,,,,,
,,,,,,,,,,,,,,,,,,,,
,,,,,,,,,,,,,,,,,,,,
,,,,,,,,,,,,,,,,,,,,
,,,,,,,,,,,,,,,,,,,,
,,,,,,,,,,,,,,,,,,,,
,,,,,,,,,,,,,,,,,,,,
,,,,,,,,,,,,,,,,,,,,
,,,,,,,,,,,,,,,,,,,,
,,,,,,,,,,,,,,,,,,,,
,,,,,,,,,,,,,,,,,,,,
,,,,,,,,,,,,,,,,,,,,
,,,,,,,,,,,,,,,,,,,,
,,,,,,,,,,,,,,,,,,,,
,,,,,,,,,,,,,,,,,,,,
,,,,,,,,,,,,,,,,,,,,
,,,,,,,,,,,,,,,,,,,,
,,,,,,,,,,,,,,,,,,,,
,,,,,,,,,,,,,,,,,,,,
,,,,,,,,,,,,,,,,,,,,
,,,,,,,,,,,,,,,,,,,,
,,,,,,,,,,,,,,,,,,,,
,,,,,,,,,,,,,,,,,,,,
,,,,,,,,,,,,,,,,,,,,
,,,,,,,,,,,,,,,,,,,,
,,,,,,,,,,,,,,,,,,,,
,,,,,,,,,,,,,,,,,,,,
,,,,,,,,,,,,,,,,,,,,
,,,,,,,,,,,,,,,,,,,,
,,,,,,,,,,,,,,,,,,,,
,,,,,,,,,,,,,,,,,,,,
,,,,,,,,,,,,,,,,,,,,
,,,,,,,,,,,,,,,,,,,,
,,,,,,,,,,,,,,,,,,,,
,,,,,,,,,,,,,,,,,,,,
,,,,,,,,,,,,,,,,,,,,
,,,,,,,,,,,,,,,,,,,,
,,,,,,,,,,,,,,,,,,,,
,,,,,,,,,,,,,,,,,,,,
,,,,,,,,,,,,,,,,,,,,
,,,,,,,,,,,,,,,,,,,,
,,,,,,,,,,,,,,,,,,,,
,,,,,,,,,,,,,,,,,,,,
,,,,,,,,,,,,,,,,,,,,
,,,,,,,,,,,,,,,,,,,,
,,,,,,,,,,,,,,,,,,,,
,,,,,,,,,,,,,,,,,,,,
,,,,,,,,,,,,,,,,,,,,
,,,,,,,,,,,,,,,,,,,,
,,,,,,,,,,,,,,,,,,,,
,,,,,,,,,,,,,,,,,,,,
,,,,,,,,,,,,,,,,,,,,
,,,,,,,,,,,,,,,,,,,,
,,,,,,,,,,,,,,,,,,,,
,,,,,,,,,,,,,,,,,,,,
,,,,,,,,,,,,,,,,,,,,
,,,,,,,,,,,,,,,,,,,,
,,,,,,,,,,,,,,,,,,,,
,,,,,,,,,,,,,,,,,,,,
,,,,,,,,,,,,,,,,,,,,
,,,,,,,,,,,,,,,,,,,,
,,,,,,,,,,,,,,,,,,,,
,,,,,,,,,,,,,,,,,,,,
,,,,,,,,,,,,,,,,,,,,
,,,,,,,,,,,,,,,,,,,,
,,,,,,,,,,,,,,,,,,,,
,,,,,,,,,,,,,,,,,,,,
,,,,,,,,,,,,,,,,,,,,
,,,,,,,,,,,,,,,,,,,,
,,,,,,,,,,,,,,,,,,,,
,,,,,,,,,,,,,,,,,,,,
,,,,,,,,,,,,,,,,,,,,
,,,,,,,,,,,,,,,,,,,,
,,,,,,,,,,,,,,,,,,,,
,,,,,,,,,,,,,,,,,,,,
,,,,,,,,,,,,,,,,,,,,
,,,,,,,,,,,,,,,,,,,,
,,,,,,,,,,,,,,,,,,,,
,,,,,,,,,,,,,,,,,,,,
,,,,,,,,,,,,,,,,,,,,
,,,,,,,,,,,,,,,,,,,,
,,,,,,,,,,,,,,,,,,,,
,,,,,,,,,,,,,,,,,,,,
,,,,,,,,,,,,,,,,,,,,
,,,,,,,,,,,,,,,,,,,,
,,,,,,,,,,,,,,,,,,,,
,,,,,,,,,,,,,,,,,,,,
,,,,,,,,,,,,,,,,,,,,
,,,,,,,,,,,,,,,,,,,,
,,,,,,,,,,,,,,,,,,,,
,,,,,,,,,,,,,,,,,,,,
,,,,,,,,,,,,,,,,,,,,
,,,,,,,,,,,,,,,,,,,,
,,,,,,,,,,,,,,,,,,,,
,,,,,,,,,,,,,,,,,,,,
,,,,,,,,,,,,,,,,,,,,
,,,,,,,,,,,,,,,,,,,,
,,,,,,,,,,,,,,,,,,,,
,,,,,,,,,,,,,,,,,,,,
,,,,,,,,,,,,,,,,,,,,
,,,,,,,,,,,,,,,,,,,,
,,,,,,,,,,,,,,,,,,,,
,,,,,,,,,,,,,,,,,,,,
,,,,,,,,,,,,,,,,,,,,
,,,,,,,,,,,,,,,,,,,,
,,,,,,,,,,,,,,,,,,,,
,,,,,,,,,,,,,,,,,,,,
,,,,,,,,,,,,,,,,,,,,
,,,,,,,,,,,,,,,,,,,,
,,,,,,,,,,,,,,,,,,,,
,,,,,,,,,,,,,,,,,,,,
,,,,,,,,,,,,,,,,,,,,
,,,,,,,,,,,,,,,,,,,,
,,,,,,,,,,,,,,,,,,,,
,,,,,,,,,,,,,,,,,,,,
,,,,,,,,,,,,,,,,,,,,
,,,,,,,,,,,,,,,,,,,,
,,,,,,,,,,,,,,,,,,,,
,,,,,,,,,,,,,,,,,,,,
,,,,,,,,,,,,,,,,,,,,
,,,,,,,,,,,,,,,,,,,,
,,,,,,,,,,,,,,,,,,,,
,,,,,,,,,,,,,,,,,,,,
,,,,,,,,,,,,,,,,,,,,
,,,,,,,,,,,,,,,,,,,,
,,,,,,,,,,,,,,,,,,,,
,,,,,,,,,,,,,,,,,,,,
,,,,,,,,,,,,,,,,,,,,
,,,,,,,,,,,,,,,,,,,,
,,,,,,,,,,,,,,,,,,,,
,,,,,,,,,,,,,,,,,,,,
,,,,,,,,,,,,,,,,,,,,
,,,,,,,,,,,,,,,,,,,,
,,,,,,,,,,,,,,,,,,,,
,,,,,,,,,,,,,,,,,,,,
,,,,,,,,,,,,,,,,,,,,
,,,,,,,,,,,,,,,,,,,,
,,,,,,,,,,,,,,,,,,,,
,,,,,,,,,,,,,,,,,,,,
,,,,,,,,,,,,,,,,,,,,
,,,,,,,,,,,,,,,,,,,,
,,,,,,,,,,,,,,,,,,,,
,,,,,,,,,,,,,,,,,,,,
,,,,,,,,,,,,,,,,,,,,
,,,,,,,,,,,,,,,,,,,,
,,,,,,,,,,,,,,,,,,,,
,,,,,,,,,,,,,,,,,,,,
,,,,,,,,,,,,,,,,,,,,
,,,,,,,,,,,,,,,,,,,,
,,,,,,,,,,,,,,,,,,,,
,,,,,,,,,,,,,,,,,,,,
,,,,,,,,,,,,,,,,,,,,
,,,,,,,,,,,,,,,,,,,,
,,,,,,,,,,,,,,,,,,,,
,,,,,,,,,,,,,,,,,,,,
,,,,,,,,,,,,,,,,,,,,
,,,,,,,,,,,,,,,,,,,,
,,,,,,,,,,,,,,,,,,,,
,,,,,,,,,,,,,,,,,,,,
,,,,,,,,,,,,,,,,,,,,
,,,,,,,,,,,,,,,,,,,,
,,,,,,,,,,,,,,,,,,,,
,,,,,,,,,,,,,,,,,,,,
,,,,,,,,,,,,,,,,,,,,
,,,,,,,,,,,,,,,,,,,,
,,,,,,,,,,,,,,,,,,,,
,,,,,,,,,,,,,,,,,,,,
,,,,,,,,,,,,,,,,,,,,
,,,,,,,,,,,,,,,,,,,,
,,,,,,,,,,,,,,,,,,,,
,,,,,,,,,,,,,,,,,,,,
,,,,,,,,,,,,,,,,,,,,
,,,,,,,,,,,,,,,,,,,,
,,,,,,,,,,,,,,,,,,,,
,,,,,,,,,,,,,,,,,,,,
,,,,,,,,,,,,,,,,,,,,
,,,,,,,,,,,,,,,,,,,,
,,,,,,,,,,,,,,,,,,,,
,,,,,,,,,,,,,,,,,,,,
,,,,,,,,,,,,,,,,,,,,
,,,,,,,,,,,,,,,,,,,,
,,,,,,,,,,,,,,,,,,,,
,,,,,,,,,,,,,,,,,,,,
,,,,,,,,,,,,,,,,,,,,
,,,,,,,,,,,,,,,,,,,,
,,,,,,,,,,,,,,,,,,,,
,,,,,,,,,,,,,,,,,,,,
,,,,,,,,,,,,,,,,,,,,
,,,,,,,,,,,,,,,,,,,,
,,,,,,,,,,,,,,,,,,,,
,,,,,,,,,,,,,,,,,,,,
,,,,,,,,,,,,,,,,,,,,
,,,,,,,,,,,,,,,,,,,,
,,,,,,,,,,,,,,,,,,,,
,,,,,,,,,,,,,,,,,,,,
,,,,,,,,,,,,,,,,,,,,
,,,,,,,,,,,,,,,,,,,,
,,,,,,,,,,,,,,,,,,,,
,,,,,,,,,,,,,,,,,,,,
,,,,,,,,,,,,,,,,,,,,
,,,,,,,,,,,,,,,,,,,,
,,,,,,,,,,,,,,,,,,,,
,,,,,,,,,,,,,,,,,,,,
,,,,,,,,,,,,,,,,,,,,
,,,,,,,,,,,,,,,,,,,,
,,,,,,,,,,,,,,,,,,,,
,,,,,,,,,,,,,,,,,,,,
,,,,,,,,,,,,,,,,,,,,
,,,,,,,,,,,,,,,,,,,,
,,,,,,,,,,,,,,,,,,,,
,,,,,,,,,,,,,,,,,,,,
,,,,,,,,,,,,,,,,,,,,
,,,,,,,,,,,,,,,,,,,,
,,,,,,,,,,,,,,,,,,,,
,,,,,,,,,,,,,,,,,,,,
,,,,,,,,,,,,,,,,,,,,
,,,,,,,,,,,,,,,,,,,,
,,,,,,,,,,,,,,,,,,,,
,,,,,,,,,,,,,,,,,,,,
,,,,,,,,,,,,,,,,,,,,
,,,,,,,,,,,,,,,,,,,,
,,,,,,,,,,,,,,,,,,,,
,,,,,,,,,,,,,,,,,,,,
,,,,,,,,,,,,,,,,,,,,
,,,,,,,,,,,,,,,,,,,,
,,,,,,,,,,,,,,,,,,,,
,,,,,,,,,,,,,,,,,,,,
,,,,,,,,,,,,,,,,,,,,
,,,,,,,,,,,,,,,,,,,,
,,,,,,,,,,,,,,,,,,,,
,,,,,,,,,,,,,,,,,,,,
,,,,,,,,,,,,,,,,,,,,
,,,,,,,,,,,,,,,,,,,,
,,,,,,,,,,,,,,,,,,,,
,,,,,,,,,,,,,,,,,,,,
,,,,,,,,,,,,,,,,,,,,
,,,,,,,,,,,,,,,,,,,,
,,,,,,,,,,,,,,,,,,,,
,,,,,,,,,,,,,,,,,,,,
,,,,,,,,,,,,,,,,,,,,
,,,,,,,,,,,,,,,,,,,,
,,,,,,,,,,,,,,,,,,,,
,,,,,,,,,,,,,,,,,,,,
,,,,,,,,,,,,,,,,,,,,
,,,,,,,,,,,,,,,,,,,,
,,,,,,,,,,,,,,,,,,,,
,,,,,,,,,,,,,,,,,,,,
,,,,,,,,,,,,,,,,,,,,
,,,,,,,,,,,,,,,,,,,,
,,,,,,,,,,,,,,,,,,,,
,,,,,,,,,,,,,,,,,,,,
,,,,,,,,,,,,,,,,,,,,
,,,,,,,,,,,,,,,,,,,,
,,,,,,,,,,,,,,,,,,,,
,,,,,,,,,,,,,,,,,,,,
,,,,,,,,,,,,,,,,,,,,
,,,,,,,,,,,,,,,,,,,,
,,,,,,,,,,,,,,,,,,,,
,,,,,,,,,,,,,,,,,,,,
,,,,,,,,,,,,,,,,,,,,
,,,,,,,,,,,,,,,,,,,,
,,,,,,,,,,,,,,,,,,,,
,,,,,,,,,,,,,,,,,,,,
,,,,,,,,,,,,,,,,,,,,
,,,,,,,,,,,,,,,,,,,,
,,,,,,,,,,,,,,,,,,,,
,,,,,,,,,,,,,,,,,,,,
,,,,,,,,,,,,,,,,,,,,
,,,,,,,,,,,,,,,,,,,,
,,,,,,,,,,,,,,,,,,,,
,,,,,,,,,,,,,,,,,,,,
,,,,,,,,,,,,,,,,,,,,
,,,,,,,,,,,,,,,,,,,,
,,,,,,,,,,,,,,,,,,,,
,,,,,,,,,,,,,,,,,,,,
,,,,,,,,,,,,,,,,,,,,
,,,,,,,,,,,,,,,,,,,,
,,,,,,,,,,,,,,,,,,,,
,,,,,,,,,,,,,,,,,,,,
,,,,,,,,,,,,,,,,,,,,
,,,,,,,,,,,,,,,,,,,,
,,,,,,,,,,,,,,,,,,,,
,,,,,,,,,,,,,,,,,,,,
,,,,,,,,,,,,,,,,,,,,
,,,,,,,,,,,,,,,,,,,,
,,,,,,,,,,,,,,,,,,,,
,,,,,,,,,,,,,,,,,,,,
,,,,,,,,,,,,,,,,,,,,
,,,,,,,,,,,,,,,,,,,,
,,,,,,,,,,,,,,,,,,,,
,,,,,,,,,,,,,,,,,,,,
,,,,,,,,,,,,,,,,,,,,
,,,,,,,,,,,,,,,,,,,,
,,,,,,,,,,,,,,,,,,,,
,,,,,,,,,,,,,,,,,,,,
,,,,,,,,,,,,,,,,,,,,
,,,,,,,,,,,,,,,,,,,,
,,,,,,,,,,,,,,,,,,,,
,,,,,,,,,,,,,,,,,,,,
,,,,,,,,,,,,,,,,,,,,
,,,,,,,,,,,,,,,,,,,,
,,,,,,,,,,,,,,,,,,,,
,,,,,,,,,,,,,,,,,,,,
,,,,,,,,,,,,,,,,,,,,
,,,,,,,,,,,,,,,,,,,,
,,,,,,,,,,,,,,,,,,,,
,,,,,,,,,,,,,,,,,,,,
,,,,,,,,,,,,,,,,,,,,
,,,,,,,,,,,,,,,,,,,,
,,,,,,,,,,,,,,,,,,,,
,,,,,,,,,,,,,,,,,,,,
,,,,,,,,,,,,,,,,,,,,
,,,,,,,,,,,,,,,,,,,,
,,,,,,,,,,,,,,,,,,,,
,,,,,,,,,,,,,,,,,,,,
,,,,,,,,,,,,,,,,,,,,
,,,,,,,,,,,,,,,,,,,,
,,,,,,,,,,,,,,,,,,,,
,,,,,,,,,,,,,,,,,,,,
,,,,,,,,,,,,,,,,,,,,
,,,,,,,,,,,,,,,,,,,,
,,,,,,,,,,,,,,,,,,,,
,,,,,,,,,,,,,,,,,,,,
,,,,,,,,,,,,,,,,,,,,
,,,,,,,,,,,,,,,,,,,,
,,,,,,,,,,,,,,,,,,,,
,,,,,,,,,,,,,,,,,,,,
,,,,,,,,,,,,,,,,,,,,
,,,,,,,,,,,,,,,,,,,,
,,,,,,,,,,,,,,,,,,,,
,,,,,,,,,,,,,,,,,,,,
,,,,,,,,,,,,,,,,,,,,
,,,,,,,,,,,,,,,,,,,,
,,,,,,,,,,,,,,,,,,,,
,,,,,,,,,,,,,,,,,,,,
,,,,,,,,,,,,,,,,,,,,
,,,,,,,,,,,,,,,,,,,,
,,,,,,,,,,,,,,,,,,,,
,,,,,,,,,,,,,,,,,,,,
,,,,,,,,,,,,,,,,,,,,
,,,,,,,,,,,,,,,,,,,,
,,,,,,,,,,,,,,,,,,,,
,,,,,,,,,,,,,,,,,,,,
,,,,,,,,,,,,,,,,,,,,
,,,,,,,,,,,,,,,,,,,,
,,,,,,,,,,,,,,,,,,,,
,,,,,,,,,,,,,,,,,,,,
,,,,,,,,,,,,,,,,,,,,
,,,,,,,,,,,,,,,,,,,,
,,,,,,,,,,,,,,,,,,,,
,,,,,,,,,,,,,,,,,,,,
,,,,,,,,,,,,,,,,,,,,
,,,,,,,,,,,,,,,,,,,,
,,,,,,,,,,,,,,,,,,,,
,,,,,,,,,,,,,,,,,,,,
,,,,,,,,,,,,,,,,,,,,
,,,,,,,,,,,,,,,,,,,,
,,,,,,,,,,,,,,,,,,,,
,,,,,,,,,,,,,,,,,,,,
,,,,,,,,,,,,,,,,,,,,
,,,,,,,,,,,,,,,,,,,,
,,,,,,,,,,,,,,,,,,,,
,,,,,,,,,,,,,,,,,,,,
,,,,,,,,,,,,,,,,,,,,
,,,,,,,,,,,,,,,,,,,,
,,,,,,,,,,,,,,,,,,,,
,,,,,,,,,,,,,,,,,,,,
,,,,,,,,,,,,,,,,,,,,
,,,,,,,,,,,,,,,,,,,,
,,,,,,,,,,,,,,,,,,,,
,,,,,,,,,,,,,,,,,,,,
,,,,,,,,,,,,,,,,,,,,
,,,,,,,,,,,,,,,,,,,,
,,,,,,,,,,,,,,,,,,,,
,,,,,,,,,,,,,,,,,,,,
,,,,,,,,,,,,,,,,,,,,
,,,,,,,,,,,,,,,,,,,,
,,,,,,,,,,,,,,,,,,,,
,,,,,,,,,,,,,,,,,,,,
,,,,,,,,,,,,,,,,,,,,
,,,,,,,,,,,,,,,,,,,,
,,,,,,,,,,,,,,,,,,,,
,,,,,,,,,,,,,,,,,,,,
,,,,,,,,,,,,,,,,,,,,
,,,,,,,,,,,,,,,,,,,,
,,,,,,,,,,,,,,,,,,,,
,,,,,,,,,,,,,,,,,,,,
,,,,,,,,,,,,,,,,,,,,
,,,,,,,,,,,,,,,,,,,,
,,,,,,,,,,,,,,,,,,,,
,,,,,,,,,,,,,,,,,,,,
,,,,,,,,,,,,,,,,,,,,
,,,,,,,,,,,,,,,,,,,,
,,,,,,,,,,,,,,,,,,,,
,,,,,,,,,,,,,,,,,,,,
,,,,,,,,,,,,,,,,,,,,
,,,,,,,,,,,,,,,,,,,,
,,,,,,,,,,,,,,,,,,,,
,,,,,,,,,,,,,,,,,,,,
,,,,,,,,,,,,,,,,,,,,
,,,,,,,,,,,,,,,,,,,,
,,,,,,,,,,,,,,,,,,,,
,,,,,,,,,,,,,,,,,,,,
,,,,,,,,,,,,,,,,,,,,
,,,,,,,,,,,,,,,,,,,,
,,,,,,,,,,,,,,,,,,,,
,,,,,,,,,,,,,,,,,,,,
,,,,,,,,,,,,,,,,,,,,
,,,,,,,,,,,,,,,,,,,,
,,,,,,,,,,,,,,,,,,,,
,,,,,,,,,,,,,,,,,,,,
,,,,,,,,,,,,,,,,,,,,
,,,,,,,,,,,,,,,,,,,,
,,,,,,,,,,,,,,,,,,,,
,,,,,,,,,,,,,,,,,,,,
,,,,,,,,,,,,,,,,,,,,
,,,,,,,,,,,,,,,,,,,,
,,,,,,,,,,,,,,,,,,,,
,,,,,,,,,,,,,,,,,,,,
,,,,,,,,,,,,,,,,,,,,
,,,,,,,,,,,,,,,,,,,,
,,,,,,,,,,,,,,,,,,,,
,,,,,,,,,,,,,,,,,,,,
,,,,,,,,,,,,,,,,,,,,
,,,,,,,,,,,,,,,,,,,,
,,,,,,,,,,,,,,,,,,,,
,,,,,,,,,,,,,,,,,,,,
,,,,,,,,,,,,,,,,,,,,
,,,,,,,,,,,,,,,,,,,,
,,,,,,,,,,,,,,,,,,,,
,,,,,,,,,,,,,,,,,,,,
,,,,,,,,,,,,,,,,,,,,
,,,,,,,,,,,,,,,,,,,,
,,,,,,,,,,,,,,,,,,,,
,,,,,,,,,,,,,,,,,,,,
,,,,,,,,,,,,,,,,,,,,
,,,,,,,,,,,,,,,,,,,,
,,,,,,,,,,,,,,,,,,,,
,,,,,,,,,,,,,,,,,,,,
,,,,,,,,,,,,,,,,,,,,
,,,,,,,,,,,,,,,,,,,,
,,,,,,,,,,,,,,,,,,,,
,,,,,,,,,,,,,,,,,,,,
,,,,,,,,,,,,,,,,,,,,
,,,,,,,,,,,,,,,,,,,,
,,,,,,,,,,,,,,,,,,,,
,,,,,,,,,,,,,,,,,,,,
,,,,,,,,,,,,,,,,,,,,
,,,,,,,,,,,,,,,,,,,,
,,,,,,,,,,,,,,,,,,,,
,,,,,,,,,,,,,,,,,,,,
,,,,,,,,,,,,,,,,,,,,
,,,,,,,,,,,,,,,,,,,,
,,,,,,,,,,,,,,,,,,,,
,,,,,,,,,,,,,,,,,,,,
,,,,,,,,,,,,,,,,,,,,
,,,,,,,,,,,,,,,,,,,,
,,,,,,,,,,,,,,,,,,,,
,,,,,,,,,,,,,,,,,,,,
,,,,,,,,,,,,,,,,,,,,
,,,,,,,,,,,,,,,,,,,,
,,,,,,,,,,,,,,,,,,,,
,,,,,,,,,,,,,,,,,,,,
,,,,,,,,,,,,,,,,,,,,
,,,,,,,,,,,,,,,,,,,,
,,,,,,,,,,,,,,,,,,,,
,,,,,,,,,,,,,,,,,,,,
,,,,,,,,,,,,,,,,,,,,
,,,,,,,,,,,,,,,,,,,,
,,,,,,,,,,,,,,,,,,,,
,,,,,,,,,,,,,,,,,,,,
,,,,,,,,,,,,,,,,,,,,
,,,,,,,,,,,,,,,,,,,,
,,,,,,,,,,,,,,,,,,,,
,,,,,,,,,,,,,,,,,,,,
,,,,,,,,,,,,,,,,,,,,
,,,,,,,,,,,,,,,,,,,,
,,,,,,,,,,,,,,,,,,,,
,,,,,,,,,,,,,,,,,,,,
,,,,,,,,,,,,,,,,,,,,
,,,,,,,,,,,,,,,,,,,,
,,,,,,,,,,,,,,,,,,,,
,,,,,,,,,,,,,,,,,,,,
,,,,,,,,,,,,,,,,,,,,
,,,,,,,,,,,,,,,,,,,,
,,,,,,,,,,,,,,,,,,,,
,,,,,,,,,,,,,,,,,,,,
,,,,,,,,,,,,,,,,,,,,
,,,,,,,,,,,,,,,,,,,,
,,,,,,,,,,,,,,,,,,,,
,,,,,,,,,,,,,,,,,,,,
,,,,,,,,,,,,,,,,,,,,
,,,,,,,,,,,,,,,,,,,,
,,,,,,,,,,,,,,,,,,,,
,,,,,,,,,,,,,,,,,,,,
,,,,,,,,,,,,,,,,,,,,
,,,,,,,,,,,,,,,,,,,,
,,,,,,,,,,,,,,,,,,,,
,,,,,,,,,,,,,,,,,,,,
,,,,,,,,,,,,,,,,,,,,
,,,,,,,,,,,,,,,,,,,,
,,,,,,,,,,,,,,,,,,,,
,,,,,,,,,,,,,,,,,,,,
,,,,,,,,,,,,,,,,,,,,
,,,,,,,,,,,,,,,,,,,,
,,,,,,,,,,,,,,,,,,,,
,,,,,,,,,,,,,,,,,,,,
,,,,,,,,,,,,,,,,,,,,
,,,,,,,,,,,,,,,,,,,,
,,,,,,,,,,,,,,,,,,,,
,,,,,,,,,,,,,,,,,,,,
,,,,,,,,,,,,,,,,,,,,
,,,,,,,,,,,,,,,,,,,,
,,,,,,,,,,,,,,,,,,,,
,,,,,,,,,,,,,,,,,,,,
,,,,,,,,,,,,,,,,,,,,
,,,,,,,,,,,,,,,,,,,,
,,,,,,,,,,,,,,,,,,,,
,,,,,,,,,,,,,,,,,,,,
,,,,,,,,,,,,,,,,,,,,
,,,,,,,,,,,,,,,,,,,,
,,,,,,,,,,,,,,,,,,,,
,,,,,,,,,,,,,,,,,,,,
,,,,,,,,,,,,,,,,,,,,
,,,,,,,,,,,,,,,,,,,,
,,,,,,,,,,,,,,,,,,,,
,,,,,,,,,,,,,,,,,,,,
,,,,,,,,,,,,,,,,,,,,
,,,,,,,,,,,,,,,,,,,,
,,,,,,,,,,,,,,,,,,,,
,,,,,,,,,,,,,,,,,,,,
,,,,,,,,,,,,,,,,,,,,
,,,,,,,,,,,,,,,,,,,,
,,,,,,,,,,,,,,,,,,,,
,,,,,,,,,,,,,,,,,,,,
,,,,,,,,,,,,,,,,,,,,
,,,,,,,,,,,,,,,,,,,,
,,,,,,,,,,,,,,,,,,,,
,,,,,,,,,,,,,,,,,,,,
,,,,,,,,,,,,,,,,,,,,
,,,,,,,,,,,,,,,,,,,,
,,,,,,,,,,,,,,,,,,,,
,,,,,,,,,,,,,,,,,,,,
,,,,,,,,,,,,,,,,,,,,
,,,,,,,,,,,,,,,,,,,,
,,,,,,,,,,,,,,,,,,,,
,,,,,,,,,,,,,,,,,,,,
,,,,,,,,,,,,,,,,,,,,
,,,,,,,,,,,,,,,,,,,,
,,,,,,,,,,,,,,,,,,,,
,,,,,,,,,,,,,,,,,,,,
,,,,,,,,,,,,,,,,,,,,
,,,,,,,,,,,,,,,,,,,,
,,,,,,,,,,,,,,,,,,,,
,,,,,,,,,,,,,,,,,,,,
,,,,,,,,,,,,,,,,,,,,
,,,,,,,,,,,,,,,,,,,,
,,,,,,,,,,,,,,,,,,,,
,,,,,,,,,,,,,,,,,,,,
,,,,,,,,,,,,,,,,,,,,
,,,,,,,,,,,,,,,,,,,,
,,,,,,,,,,,,,,,,,,,,
,,,,,,,,,,,,,,,,,,,,
,,,,,,,,,,,,,,,,,,,,
,,,,,,,,,,,,,,,,,,,,
,,,,,,,,,,,,,,,,,,,,
,,,,,,,,,,,,,,,,,,,,
,,,,,,,,,,,,,,,,,,,,
,,,,,,,,,,,,,,,,,,,,
,,,,,,,,,,,,,,,,,,,,
,,,,,,,,,,,,,,,,,,,,
,,,,,,,,,,,,,,,,,,,,
,,,,,,,,,,,,,,,,,,,,
,,,,,,,,,,,,,,,,,,,,
,,,,,,,,,,,,,,,,,,,,
,,,,,,,,,,,,,,,,,,,,
,,,,,,,,,,,,,,,,,,,,
,,,,,,,,,,,,,,,,,,,,
,,,,,,,,,,,,,,,,,,,,
,,,,,,,,,,,,,,,,,,,,
,,,,,,,,,,,,,,,,,,,,
,,,,,,,,,,,,,,,,,,,,
,,,,,,,,,,,,,,,,,,,,
,,,,,,,,,,,,,,,,,,,,
,,,,,,,,,,,,,,,,,,,,
,,,,,,,,,,,,,,,,,,,,
,,,,,,,,,,,,,,,,,,,,
,,,,,,,,,,,,,,,,,,,,
,,,,,,,,,,,,,,,,,,,,
,,,,,,,,,,,,,,,,,,,,
,,,,,,,,,,,,,,,,,,,,
,,,,,,,,,,,,,,,,,,,,
,,,,,,,,,,,,,,,,,,,,
,,,,,,,,,,,,,,,,,,,,
,,,,,,,,,,,,,,,,,,,,
,,,,,,,,,,,,,,,,,,,,
,,,,,,,,,,,,,,,,,,,,
,,,,,,,,,,,,,,,,,,,,
,,,,,,,,,,,,,,,,,,,,
,,,,,,,,,,,,,,,,,,,,
,,,,,,,,,,,,,,,,,,,,
,,,,,,,,,,,,,,,,,,,,
,,,,,,,,,,,,,,,,,,,,
,,,,,,,,,,,,,,,,,,,,
,,,,,,,,,,,,,,,,,,,,
,,,,,,,,,,,,,,,,,,,,
,,,,,,,,,,,,,,,,,,,,
,,,,,,,,,,,,,,,,,,,,
,,,,,,,,,,,,,,,,,,,,
,,,,,,,,,,,,,,,,,,,,
,,,,,,,,,,,,,,,,,,,,
,,,,,,,,,,,,,,,,,,,,
,,,,,,,,,,,,,,,,,,,,
,,,,,,,,,,,,,,,,,,,,
,,,,,,,,,,,,,,,,,,,,
,,,,,,,,,,,,,,,,,,,,
,,,,,,,,,,,,,,,,,,,,
,,,,,,,,,,,,,,,,,,,,
,,,,,,,,,,,,,,,,,,,,
,,,,,,,,,,,,,,,,,,,,
,,,,,,,,,,,,,,,,,,,,
,,,,,,,,,,,,,,,,,,,,
,,,,,,,,,,,,,,,,,,,,
,,,,,,,,,,,,,,,,,,,,
,,,,,,,,,,,,,,,,,,,,
,,,,,,,,,,,,,,,,,,,,
,,,,,,,,,,,,,,,,,,,,
,,,,,,,,,,,,,,,,,,,,
,,,,,,,,,,,,,,,,,,,,
,,,,,,,,,,,,,,,,,,,,
,,,,,,,,,,,,,,,,,,,,
,,,,,,,,,,,,,,,,,,,,
,,,,,,,,,,,,,,,,,,,,
,,,,,,,,,,,,,,,,,,,,
,,,,,,,,,,,,,,,,,,,,
,,,,,,,,,,,,,,,,,,,,
,,,,,,,,,,,,,,,,,,,,
,,,,,,,,,,,,,,,,,,,,
,,,,,,,,,,,,,,,,,,,,
,,,,,,,,,,,,,,,,,,,,
,,,,,,,,,,,,,,,,,,,,
,,,,,,,,,,,,,,,,,,,,
,,,,,,,,,,,,,,,,,,,,
,,,,,,,,,,,,,,,,,,,,
,,,,,,,,,,,,,,,,,,,,
,,,,,,,,,,,,,,,,,,,,
,,,,,,,,,,,,,,,,,,,,
,,,,,,,,,,,,,,,,,,,,
,,,,,,,,,,,,,,,,,,,,
,,,,,,,,,,,,,,,,,,,,
,,,,,,,,,,,,,,,,,,,,
,,,,,,,,,,,,,,,,,,,,
,,,,,,,,,,,,,,,,,,,,
,,,,,,,,,,,,,,,,,,,,
,,,,,,,,,,,,,,,,,,,,
,,,,,,,,,,,,,,,,,,,,
,,,,,,,,,,,,,,,,,,,,
,,,,,,,,,,,,,,,,,,,,
,,,,,,,,,,,,,,,,,,,,
,,,,,,,,,,,,,,,,,,,,
,,,,,,,,,,,,,,,,,,,,
,,,,,,,,,,,,,,,,,,,,
,,,,,,,,,,,,,,,,,,,,
,,,,,,,,,,,,,,,,,,,,
,,,,,,,,,,,,,,,,,,,,
,,,,,,,,,,,,,,,,,,,,
,,,,,,,,,,,,,,,,,,,,
,,,,,,,,,,,,,,,,,,,,
,,,,,,,,,,,,,,,,,,,,
,,,,,,,,,,,,,,,,,,,,
,,,,,,,,,,,,,,,,,,,,
,,,,,,,,,,,,,,,,,,,,
,,,,,,,,,,,,,,,,,,,,
,,,,,,,,,,,,,,,,,,,,
,,,,,,,,,,,,,,,,,,,,
,,,,,,,,,,,,,,,,,,,,
,,,,,,,,,,,,,,,,,,,,
,,,,,,,,,,,,,,,,,,,,
,,,,,,,,,,,,,,,,,,,,
,,,,,,,,,,,,,,,,,,,,
,,,,,,,,,,,,,,,,,,,,
,,,,,,,,,,,,,,,,,,,,
,,,,,,,,,,,,,,,,,,,,
,,,,,,,,,,,,,,,,,,,,
,,,,,,,,,,,,,,,,,,,,
,,,,,,,,,,,,,,,,,,,,
,,,,,,,,,,,,,,,,,,,,
,,,,,,,,,,,,,,,,,,,,
,,,,,,,,,,,,,,,,,,,,
,,,,,,,,,,,,,,,,,,,,
,,,,,,,,,,,,,,,,,,,,
,,,,,,,,,,,,,,,,,,,,
,,,,,,,,,,,,,,,,,,,,
,,,,,,,,,,,,,,,,,,,,
,,,,,,,,,,,,,,,,,,,,
,,,,,,,,,,,,,,,,,,,,
,,,,,,,,,,,,,,,,,,,,
,,,,,,,,,,,,,,,,,,,,
,,,,,,,,,,,,,,,,,,,,
,,,,,,,,,,,,,,,,,,,,
,,,,,,,,,,,,,,,,,,,,
,,,,,,,,,,,,,,,,,,,,
,,,,,,,,,,,,,,,,,,,,
,,,,,,,,,,,,,,,,,,,,
,,,,,,,,,,,,,,,,,,,,
,,,,,,,,,,,,,,,,,,,,
,,,,,,,,,,,,,,,,,,,,
,,,,,,,,,,,,,,,,,,,,
,,,,,,,,,,,,,,,,,,,,
,,,,,,,,,,,,,,,,,,,,
,,,,,,,,,,,,,,,,,,,,
,,,,,,,,,,,,,,,,,,,,
,,,,,,,,,,,,,,,,,,,,
,,,,,,,,,,,,,,,,,,,,
,,,,,,,,,,,,,,,,,,,,
,,,,,,,,,,,,,,,,,,,,
,,,,,,,,,,,,,,,,,,,,
,,,,,,,,,,,,,,,,,,,,
,,,,,,,,,,,,,,,,,,,,
,,,,,,,,,,,,,,,,,,,,
,,,,,,,,,,,,,,,,,,,,
,,,,,,,,,,,,,,,,,,,,
,,,,,,,,,,,,,,,,,,,,
,,,,,,,,,,,,,,,,,,,,
,,,,,,,,,,,,,,,,,,,,
,,,,,,,,,,,,,,,,,,,,
,,,,,,,,,,,,,,,,,,,,
,,,,,,,,,,,,,,,,,,,,
,,,,,,,,,,,,,,,,,,,,
,,,,,,,,,,,,,,,,,,,,
,,,,,,,,,,,,,,,,,,,,
,,,,,,,,,,,,,,,,,,,,
,,,,,,,,,,,,,,,,,,,,
,,,,,,,,,,,,,,,,,,,,
,,,,,,,,,,,,,,,,,,,,
,,,,,,,,,,,,,,,,,,,,
,,,,,,,,,,,,,,,,,,,,
,,,,,,,,,,,,,,,,,,,,
,,,,,,,,,,,,,,,,,,,,
,,,,,,,,,,,,,,,,,,,,
,,,,,,,,,,,,,,,,,,,,
,,,,,,,,,,,,,,,,,,,,
,,,,,,,,,,,,,,,,,,,,
,,,,,,,,,,,,,,,,,,,,
,,,,,,,,,,,,,,,,,,,,
,,,,,,,,,,,,,,,,,,,,
,,,,,,,,,,,,,,,,,,,,
,,,,,,,,,,,,,,,,,,,,
,,,,,,,,,,,,,,,,,,,,
,,,,,,,,,,,,,,,,,,,,
,,,,,,,,,,,,,,,,,,,,
,,,,,,,,,,,,,,,,,,,,
,,,,,,,,,,,,,,,,,,,,
,,,,,,,,,,,,,,,,,,,,
,,,,,,,,,,,,,,,,,,,,
,,,,,,,,,,,,,,,,,,,,
,,,,,,,,,,,,,,,,,,,,
,,,,,,,,,,,,,,,,,,,,
,,,,,,,,,,,,,,,,,,,,
,,,,,,,,,,,,,,,,,,,,
,,,,,,,,,,,,,,,,,,,,
,,,,,,,,,,,,,,,,,,,,
,,,,,,,,,,,,,,,,,,,,
,,,,,,,,,,,,,,,,,,,,
,,,,,,,,,,,,,,,,,,,,
,,,,,,,,,,,,,,,,,,,,
,,,,,,,,,,,,,,,,,,,,
,,,,,,,,,,,,,,,,,,,,
,,,,,,,,,,,,,,,,,,,,
,,,,,,,,,,,,,,,,,,,,
,,,,,,,,,,,,,,,,,,,,
,,,,,,,,,,,,,,,,,,,,
,,,,,,,,,,,,,,,,,,,,
,,,,,,,,,,,,,,,,,,,,
,,,,,,,,,,,,,,,,,,,,
,,,,,,,,,,,,,,,,,,,,
,,,,,,,,,,,,,,,,,,,,
,,,,,,,,,,,,,,,,,,,,
,,,,,,,,,,,,,,,,,,,,
,,,,,,,,,,,,,,,,,,,,
,,,,,,,,,,,,,,,,,,,,
,,,,,,,,,,,,,,,,,,,,
,,,,,,,,,,,,,,,,,,,,
,,,,,,,,,,,,,,,,,,,,
,,,,,,,,,,,,,,,,,,,,
,,,,,,,,,,,,,,,,,,,,
,,,,,,,,,,,,,,,,,,,,
,,,,,,,,,,,,,,,,,,,,
,,,,,,,,,,,,,,,,,,,,
,,,,,,,,,,,,,,,,,,,,
,,,,,,,,,,,,,,,,,,,,
,,,,,,,,,,,,,,,,,,,,
,,,,,,,,,,,,,,,,,,,,
,,,,,,,,,,,,,,,,,,,,
,,,,,,,,,,,,,,,,,,,,
,,,,,,,,,,,,,,,,,,,,
,,,,,,,,,,,,,,,,,,,,
,,,,,,,,,,,,,,,,,,,,
,,,,,,,,,,,,,,,,,,,,
,,,,,,,,,,,,,,,,,,,,
,,,,,,,,,,,,,,,,,,,,
,,,,,,,,,,,,,,,,,,,,
,,,,,,,,,,,,,,,,,,,,
,,,,,,,,,,,,,,,,,,,,
,,,,,,,,,,,,,,,,,,,,
,,,,,,,,,,,,,,,,,,,,
,,,,,,,,,,,,,,,,,,,,
,,,,,,,,,,,,,,,,,,,,
,,,,,,,,,,,,,,,,,,,,
,,,,,,,,,,,,,,,,,,,,
,,,,,,,,,,,,,,,,,,,,
,,,,,,,,,,,,,,,,,,,,
,,,,,,,,,,,,,,,,,,,,
,,,,,,,,,,,,,,,,,,,,
,,,,,,,,,,,,,,,,,,,,
,,,,,,,,,,,,,,,,,,,,
,,,,,,,,,,,,,,,,,,,,
,,,,,,,,,,,,,,,,,,,,
,,,,,,,,,,,,,,,,,,,,
,,,,,,,,,,,,,,,,,,,,
,,,,,,,,,,,,,,,,,,,,
,,,,,,,,,,,,,,,,,,,,
,,,,,,,,,,,,,,,,,,,,
,,,,,,,,,,,,,,,,,,,,
,,,,,,,,,,,,,,,,,,,,
,,,,,,,,,,,,,,,,,,,,
,,,,,,,,,,,,,,,,,,,,
,,,,,,,,,,,,,,,,,,,,
,,,,,,,,,,,,,,,,,,,,
,,,,,,,,,,,,,,,,,,,,
,,,,,,,,,,,,,,,,,,,,
,,,,,,,,,,,,,,,,,,,,
,,,,,,,,,,,,,,,,,,,,
,,,,,,,,,,,,,,,,,,,,
,,,,,,,,,,,,,,,,,,,,
,,,,,,,,,,,,,,,,,,,,
,,,,,,,,,,,,,,,,,,,,
,,,,,,,,,,,,,,,,,,,,
,,,,,,,,,,,,,,,,,,,,
,,,,,,,,,,,,,,,,,,,,
,,,,,,,,,,,,,,,,,,,,
,,,,,,,,,,,,,,,,,,,,
,,,,,,,,,,,,,,,,,,,,
,,,,,,,,,,,,,,,,,,,,
,,,,,,,,,,,,,,,,,,,,
,,,,,,,,,,,,,,,,,,,,
,,,,,,,,,,,,,,,,,,,,
,,,,,,,,,,,,,,,,,,,,
,,,,,,,,,,,,,,,,,,,,
,,,,,,,,,,,,,,,,,,,,
,,,,,,,,,,,,,,,,,,,,
,,,,,,,,,,,,,,,,,,,,
,,,,,,,,,,,,,,,,,,,,
,,,,,,,,,,,,,,,,,,,,
,,,,,,,,,,,,,,,,,,,,
,,,,,,,,,,,,,,,,,,,,
,,,,,,,,,,,,,,,,,,,,
,,,,,,,,,,,,,,,,,,,,
,,,,,,,,,,,,,,,,,,,,
,,,,,,,,,,,,,,,,,,,,
,,,,,,,,,,,,,,,,,,,,
,,,,,,,,,,,,,,,,,,,,
,,,,,,,,,,,,,,,,,,,,
,,,,,,,,,,,,,,,,,,,,
,,,,,,,,,,,,,,,,,,,,
,,,,,,,,,,,,,,,,,,,,
,,,,,,,,,,,,,,,,,,,,
,,,,,,,,,,,,,,,,,,,,
,,,,,,,,,,,,,,,,,,,,
,,,,,,,,,,,,,,,,,,,,
,,,,,,,,,,,,,,,,,,,,
,,,,,,,,,,,,,,,,,,,,
,,,,,,,,,,,,,,,,,,,,
,,,,,,,,,,,,,,,,,,,,
,,,,,,,,,,,,,,,,,,,,
,,,,,,,,,,,,,,,,,,,,
,,,,,,,,,,,,,,,,,,,,
,,,,,,,,,,,,,,,,,,,,
,,,,,,,,,,,,,,,,,,,,
,,,,,,,,,,,,,,,,,,,,
,,,,,,,,,,,,,,,,,,,,
,,,,,,,,,,,,,,,,,,,,
,,,,,,,,,,,,,,,,,,,,
,,,,,,,,,,,,,,,,,,,,
,,,,,,,,,,,,,,,,,,,,
,,,,,,,,,,,,,,,,,,,,
,,,,,,,,,,,,,,,,,,,,
,,,,,,,,,,,,,,,,,,,,
,,,,,,,,,,,,,,,,,,,,
,,,,,,,,,,,,,,,,,,,,
,,,,,,,,,,,,,,,,,,,,
,,,,,,,,,,,,,,,,,,,,
,,,,,,,,,,,,,,,,,,,,
,,,,,,,,,,,,,,,,,,,,
,,,,,,,,,,,,,,,,,,,,
,,,,,,,,,,,,,,,,,,,,
,,,,,,,,,,,,,,,,,,,,
,,,,,,,,,,,,,,,,,,,,
,,,,,,,,,,,,,,,,,,,,
,,,,,,,,,,,,,,,,,,,,
,,,,,,,,,,,,,,,,,,,,
,,,,,,,,,,,,,,,,,,,,
,,,,,,,,,,,,,,,,,,,,
,,,,,,,,,,,,,,,,,,,,
,,,,,,,,,,,,,,,,,,,,
,,,,,,,,,,,,,,,,,,,,
,,,,,,,,,,,,,,,,,,,,
,,,,,,,,,,,,,,,,,,,,
,,,,,,,,,,,,,,,,,,,,
,,,,,,,,,,,,,,,,,,,,
,,,,,,,,,,,,,,,,,,,,
,,,,,,,,,,,,,,,,,,,,
,,,,,,,,,,,,,,,,,,,,
,,,,,,,,,,,,,,,,,,,,
,,,,,,,,,,,,,,,,,,,,
,,,,,,,,,,,,,,,,,,,,
,,,,,,,,,,,,,,,,,,,,
,,,,,,,,,,,,,,,,,,,,
,,,,,,,,,,,,,,,,,,,,
,,,,,,,,,,,,,,,,,,,,
,,,,,,,,,,,,,,,,,,,,
,,,,,,,,,,,,,,,,,,,,
,,,,,,,,,,,,,,,,,,,,
,,,,,,,,,,,,,,,,,,,,
,,,,,,,,,,,,,,,,,,,,
,,,,,,,,,,,,,,,,,,,,
,,,,,,,,,,,,,,,,,,,,
,,,,,,,,,,,,,,,,,,,,
,,,,,,,,,,,,,,,,,,,,
,,,,,,,,,,,,,,,,,,,,
,,,,,,,,,,,,,,,,,,,,
,,,,,,,,,,,,,,,,,,,,
,,,,,,,,,,,,,,,,,,,,
,,,,,,,,,,,,,,,,,,,,
,,,,,,,,,,,,,,,,,,,,
,,,,,,,,,,,,,,,,,,,,
,,,,,,,,,,,,,,,,,,,,
,,,,,,,,,,,,,,,,,,,,
,,,,,,,,,,,,,,,,,,,,
,,,,,,,,,,,,,,,,,,,,
,,,,,,,,,,,,,,,,,,,,
,,,,,,,,,,,,,,,,,,,,
,,,,,,,,,,,,,,,,,,,,
,,,,,,,,,,,,,,,,,,,,
,,,,,,,,,,,,,,,,,,,,
,,,,,,,,,,,,,,,,,,,,
,,,,,,,,,,,,,,,,,,,,
,,,,,,,,,,,,,,,,,,,,
,,,,,,,,,,,,,,,,,,,,
,,,,,,,,,,,,,,,,,,,,
,,,,,,,,,,,,,,,,,,,,
,,,,,,,,,,,,,,,,,,,,
,,,,,,,,,,,,,,,,,,,,
,,,,,,,,,,,,,,,,,,,,
,,,,,,,,,,,,,,,,,,,,
,,,,,,,,,,,,,,,,,,,,
,,,,,,,,,,,,,,,,,,,,
,,,,,,,,,,,,,,,,,,,,
,,,,,,,,,,,,,,,,,,,,
,,,,,,,,,,,,,,,,,,,,
,,,,,,,,,,,,,,,,,,,,
,,,,,,,,,,,,,,,,,,,,
,,,,,,,,,,,,,,,,,,,,
,,,,,,,,,,,,,,,,,,,,
,,,,,,,,,,,,,,,,,,,,
,,,,,,,,,,,,,,,,,,,,
,,,,,,,,,,,,,,,,,,,,
,,,,,,,,,,,,,,,,,,,,
,,,,,,,,,,,,,,,,,,,,
,,,,,,,,,,,,,,,,,,,,
,,,,,,,,,,,,,,,,,,,,
,,,,,,,,,,,,,,,,,,,,
,,,,,,,,,,,,,,,,,,,,
,,,,,,,,,,,,,,,,,,,,
,,,,,,,,,,,,,,,,,,,,
,,,,,,,,,,,,,,,,,,,,
,,,,,,,,,,,,,,,,,,,,
,,,,,,,,,,,,,,,,,,,,
,,,,,,,,,,,,,,,,,,,,
,,,,,,,,,,,,,,,,,,,,
,,,,,,,,,,,,,,,,,,,,
,,,,,,,,,,,,,,,,,,,,
,,,,,,,,,,,,,,,,,,,,
,,,,,,,,,,,,,,,,,,,,
,,,,,,,,,,,,,,,,,,,,
,,,,,,,,,,,,,,,,,,,,
,,,,,,,,,,,,,,,,,,,,
,,,,,,,,,,,,,,,,,,,,
,,,,,,,,,,,,,,,,,,,,
,,,,,,,,,,,,,,,,,,,,
,,,,,,,,,,,,,,,,,,,,
,,,,,,,,,,,,,,,,,,,,
,,,,,,,,,,,,,,,,,,,,
,,,,,,,,,,,,,,,,,,,,
,,,,,,,,,,,,,,,,,,,,
,,,,,,,,,,,,,,,,,,,,
,,,,,,,,,,,,,,,,,,,,
,,,,,,,,,,,,,,,,,,,,
,,,,,,,,,,,,,,,,,,,,
,,,,,,,,,,,,,,,,,,,,
,,,,,,,,,,,,,,,,,,,,
,,,,,,,,,,,,,,,,,,,,
,,,,,,,,,,,,,,,,,,,,
,,,,,,,,,,,,,,,,,,,,
,,,,,,,,,,,,,,,,,,,,
,,,,,,,,,,,,,,,,,,,,
,,,,,,,,,,,,,,,,,,,,
,,,,,,,,,,,,,,,,,,,,
,,,,,,,,,,,,,,,,,,,,
,,,,,,,,,,,,,,,,,,,,
,,,,,,,,,,,,,,,,,,,,
,,,,,,,,,,,,,,,,,,,,
,,,,,,,,,,,,,,,,,,,,
,,,,,,,,,,,,,,,,,,,,
,,,,,,,,,,,,,,,,,,,,
,,,,,,,,,,,,,,,,,,,,
,,,,,,,,,,,,,,,,,,,,
,,,,,,,,,,,,,,,,,,,,
,,,,,,,,,,,,,,,,,,,,
,,,,,,,,,,,,,,,,,,,,
,,,,,,,,,,,,,,,,,,,,
,,,,,,,,,,,,,,,,,,,,
,,,,,,,,,,,,,,,,,,,,
,,,,,,,,,,,,,,,,,,,,
,,,,,,,,,,,,,,,,,,,,
,,,,,,,,,,,,,,,,,,,,
,,,,,,,,,,,,,,,,,,,,
,,,,,,,,,,,,,,,,,,,,
,,,,,,,,,,,,,,,,,,,,
,,,,,,,,,,,,,,,,,,,,
,,,,,,,,,,,,,,,,,,,,
,,,,,,,,,,,,,,,,,,,,
,,,,,,,,,,,,,,,,,,,,
,,,,,,,,,,,,,,,,,,,,
,,,,,,,,,,,,,,,,,,,,
,,,,,,,,,,,,,,,,,,,,
,,,,,,,,,,,,,,,,,,,,
,,,,,,,,,,,,,,,,,,,,
,,,,,,,,,,,,,,,,,,,,
,,,,,,,,,,,,,,,,,,,,
,,,,,,,,,,,,,,,,,,,,
,,,,,,,,,,,,,,,,,,,,
,,,,,,,,,,,,,,,,,,,,
,,,,,,,,,,,,,,,,,,,,
,,,,,,,,,,,,,,,,,,,,
,,,,,,,,,,,,,,,,,,,,
,,,,,,,,,,,,,,,,,,,,
,,,,,,,,,,,,,,,,,,,,
,,,,,,,,,,,,,,,,,,,,
,,,,,,,,,,,,,,,,,,,,
,,,,,,,,,,,,,,,,,,,,
,,,,,,,,,,,,,,,,,,,,
,,,,,,,,,,,,,,,,,,,,
,,,,,,,,,,,,,,,,,,,,
,,,,,,,,,,,,,,,,,,,,
,,,,,,,,,,,,,,,,,,,,
,,,,,,,,,,,,,,,,,,,,
,,,,,,,,,,,,,,,,,,,,
,,,,,,,,,,,,,,,,,,,,
,,,,,,,,,,,,,,,,,,,,
,,,,,,,,,,,,,,,,,,,,
,,,,,,,,,,,,,,,,,,,,
,,,,,,,,,,,,,,,,,,,,
,,,,,,,,,,,,,,,,,,,,
,,,,,,,,,,,,,,,,,,,,
,,,,,,,,,,,,,,,,,,,,
,,,,,,,,,,,,,,,,,,,,
,,,,,,,,,,,,,,,,,,,,
,,,,,,,,,,,,,,,,,,,,
,,,,,,,,,,,,,,,,,,,,
,,,,,,,,,,,,,,,,,,,,
,,,,,,,,,,,,,,,,,,,,
,,,,,,,,,,,,,,,,,,,,
,,,,,,,,,,,,,,,,,,,,
,,,,,,,,,,,,,,,,,,,,
,,,,,,,,,,,,,,,,,,,,
,,,,,,,,,,,,,,,,,,,,
,,,,,,,,,,,,,,,,,,,,
,,,,,,,,,,,,,,,,,,,,
,,,,,,,,,,,,,,,,,,,,
,,,,,,,,,,,,,,,,,,,,
,,,,,,,,,,,,,,,,,,,,
,,,,,,,,,,,,,,,,,,,,
,,,,,,,,,,,,,,,,,,,,
,,,,,,,,,,,,,,,,,,,,
,,,,,,,,,,,,,,,,,,,,
,,,,,,,,,,,,,,,,,,,,
,,,,,,,,,,,,,,,,,,,,
,,,,,,,,,,,,,,,,,,,,
,,,,,,,,,,,,,,,,,,,,
,,,,,,,,,,,,,,,,,,,,
,,,,,,,,,,,,,,,,,,,,
,,,,,,,,,,,,,,,,,,,,
,,,,,,,,,,,,,,,,,,,,
,,,,,,,,,,,,,,,,,,,,
,,,,,,,,,,,,,,,,,,,,
,,,,,,,,,,,,,,,,,,,,
,,,,,,,,,,,,,,,,,,,,
,,,,,,,,,,,,,,,,,,,,
,,,,,,,,,,,,,,,,,,,,
,,,,,,,,,,,,,,,,,,,,
,,,,,,,,,,,,,,,,,,,,
,,,,,,,,,,,,,,,,,,,,
,,,,,,,,,,,,,,,,,,,,
,,,,,,,,,,,,,,,,,,,,
,,,,,,,,,,,,,,,,,,,,
,,,,,,,,,,,,,,,,,,,,
,,,,,,,,,,,,,,,,,,,,
,,,,,,,,,,,,,,,,,,,,
,,,,,,,,,,,,,,,,,,,,
,,,,,,,,,,,,,,,,,,,,
,,,,,,,,,,,,,,,,,,,,
,,,,,,,,,,,,,,,,,,,,
,,,,,,,,,,,,,,,,,,,,
,,,,,,,,,,,,,,,,,,,,
,,,,,,,,,,,,,,,,,,,,
,,,,,,,,,,,,,,,,,,,,
,,,,,,,,,,,,,,,,,,,,
,,,,,,,,,,,,,,,,,,,,
,,,,,,,,,,,,,,,,,,,,
,,,,,,,,,,,,,,,,,,,,
,,,,,,,,,,,,,,,,,,,,
,,,,,,,,,,,,,,,,,,,,
,,,,,,,,,,,,,,,,,,,,
,,,,,,,,,,,,,,,,,,,,
,,,,,,,,,,,,,,,,,,,,
,,,,,,,,,,,,,,,,,,,,
,,,,,,,,,,,,,,,,,,,,
,,,,,,,,,,,,,,,,,,,,
,,,,,,,,,,,,,,,,,,,,
,,,,,,,,,,,,,,,,,,,,
,,,,,,,,,,,,,,,,,,,,
,,,,,,,,,,,,,,,,,,,,
,,,,,,,,,,,,,,,,,,,,
,,,,,,,,,,,,,,,,,,,,
,,,,,,,,,,,,,,,,,,,,
,,,,,,,,,,,,,,,,,,,,
,,,,,,,,,,,,,,,,,,,,
,,,,,,,,,,,,,,,,,,,,
,,,,,,,,,,,,,,,,,,,,
,,,,,,,,,,,,,,,,,,,,
,,,,,,,,,,,,,,,,,,,,
,,,,,,,,,,,,,,,,,,,,
,,,,,,,,,,,,,,,,,,,,
,,,,,,,,,,,,,,,,,,,,
,,,,,,,,,,,,,,,,,,,,
,,,,,,,,,,,,,,,,,,,,
,,,,,,,,,,,,,,,,,,,,
,,,,,,,,,,,,,,,,,,,,
,,,,,,,,,,,,,,,,,,,,
,,,,,,,,,,,,,,,,,,,,
,,,,,,,,,,,,,,,,,,,,
,,,,,,,,,,,,,,,,,,,,
,,,,,,,,,,,,,,,,,,,,
,,,,,,,,,,,,,,,,,,,,
,,,,,,,,,,,,,,,,,,,,
,,,,,,,,,,,,,,,,,,,,
,,,,,,,,,,,,,,,,,,,,
,,,,,,,,,,,,,,,,,,,,
,,,,,,,,,,,,,,,,,,,,
,,,,,,,,,,,,,,,,,,,,
,,,,,,,,,,,,,,,,,,,,
,,,,,,,,,,,,,,,,,,,,
,,,,,,,,,,,,,,,,,,,,
,,,,,,,,,,,,,,,,,,,,
,,,,,,,,,,,,,,,,,,,,
,,,,,,,,,,,,,,,,,,,,
,,,,,,,,,,,,,,,,,,,,
,,,,,,,,,,,,,,,,,,,,
,,,,,,,,,,,,,,,,,,,,
,,,,,,,,,,,,,,,,,,,,
,,,,,,,,,,,,,,,,,,,,
,,,,,,,,,,,,,,,,,,,,
,,,,,,,,,,,,,,,,,,,,
,,,,,,,,,,,,,,,,,,,,
,,,,,,,,,,,,,,,,,,,,
,,,,,,,,,,,,,,,,,,,,
,,,,,,,,,,,,,,,,,,,,
,,,,,,,,,,,,,,,,,,,,
,,,,,,,,,,,,,,,,,,,,
,,,,,,,,,,,,,,,,,,,,
,,,,,,,,,,,,,,,,,,,,
,,,,,,,,,,,,,,,,,,,,
,,,,,,,,,,,,,,,,,,,,
,,,,,,,,,,,,,,,,,,,,
,,,,,,,,,,,,,,,,,,,,
,,,,,,,,,,,,,,,,,,,,
,,,,,,,,,,,,,,,,,,,,
,,,,,,,,,,,,,,,,,,,,
,,,,,,,,,,,,,,,,,,,,
,,,,,,,,,,,,,,,,,,,,
,,,,,,,,,,,,,,,,,,,,
,,,,,,,,,,,,,,,,,,,,
,,,,,,,,,,,,,,,,,,,,
,,,,,,,,,,,,,,,,,,,,
,,,,,,,,,,,,,,,,,,,,
,,,,,,,,,,,,,,,,,,,,
,,,,,,,,,,,,,,,,,,,,
,,,,,,,,,,,,,,,,,,,,
,,,,,,,,,,,,,,,,,,,,
,,,,,,,,,,,,,,,,,,,,
,,,,,,,,,,,,,,,,,,,,
,,,,,,,,,,,,,,,,,,,,
,,,,,,,,,,,,,,,,,,,,
,,,,,,,,,,,,,,,,,,,,
,,,,,,,,,,,,,,,,,,,,
,,,,,,,,,,,,,,,,,,,,
,,,,,,,,,,,,,,,,,,,,
,,,,,,,,,,,,,,,,,,,,
,,,,,,,,,,,,,,,,,,,,
,,,,,,,,,,,,,,,,,,,,
,,,,,,,,,,,,,,,,,,,,
,,,,,,,,,,,,,,,,,,,,
,,,,,,,,,,,,,,,,,,,,
,,,,,,,,,,,,,,,,,,,,
,,,,,,,,,,,,,,,,,,,,
,,,,,,,,,,,,,,,,,,,,
,,,,,,,,,,,,,,,,,,,,
,,,,,,,,,,,,,,,,,,,,
,,,,,,,,,,,,,,,,,,,,
,,,,,,,,,,,,,,,,,,,,
,,,,,,,,,,,,,,,,,,,,
,,,,,,,,,,,,,,,,,,,,
,,,,,,,,,,,,,,,,,,,,
,,,,,,,,,,,,,,,,,,,,
,,,,,,,,,,,,,,,,,,,,
,,,,,,,,,,,,,,,,,,,,
,,,,,,,,,,,,,,,,,,,,
,,,,,,,,,,,,,,,,,,,,
,,,,,,,,,,,,,,,,,,,,
,,,,,,,,,,,,,,,,,,,,
,,,,,,,,,,,,,,,,,,,,
,,,,,,,,,,,,,,,,,,,,
,,,,,,,,,,,,,,,,,,,,
,,,,,,,,,,,,,,,,,,,,
,,,,,,,,,,,,,,,,,,,,
,,,,,,,,,,,,,,,,,,,,
,,,,,,,,,,,,,,,,,,,,
,,,,,,,,,,,,,,,,,,,,
,,,,,,,,,,,,,,,,,,,,
,,,,,,,,,,,,,,,,,,,,
,,,,,,,,,,,,,,,,,,,,
,,,,,,,,,,,,,,,,,,,,
,,,,,,,,,,,,,,,,,,,,
,,,,,,,,,,,,,,,,,,,,
,,,,,,,,,,,,,,,,,,,,
,,,,,,,,,,,,,,,,,,,,
,,,,,,,,,,,,,,,,,,,,
,,,,,,,,,,,,,,,,,,,,
,,,,,,,,,,,,,,,,,,,,
,,,,,,,,,,,,,,,,,,,,
,,,,,,,,,,,,,,,,,,,,
,,,,,,,,,,,,,,,,,,,,
,,,,,,,,,,,,,,,,,,,,
,,,,,,,,,,,,,,,,,,,,
,,,,,,,,,,,,,,,,,,,,
,,,,,,,,,,,,,,,,,,,,
,,,,,,,,,,,,,,,,,,,,
,,,,,,,,,,,,,,,,,,,,
,,,,,,,,,,,,,,,,,,,,
,,,,,,,,,,,,,,,,,,,,
,,,,,,,,,,,,,,,,,,,,
,,,,,,,,,,,,,,,,,,,,
,,,,,,,,,,,,,,,,,,,,
,,,,,,,,,,,,,,,,,,,,
,,,,,,,,,,,,,,,,,,,,
,,,,,,,,,,,,,,,,,,,,
,,,,,,,,,,,,,,,,,,,,
,,,,,,,,,,,,,,,,,,,,
,,,,,,,,,,,,,,,,,,,,
,,,,,,,,,,,,,,,,,,,,
,,,,,,,,,,,,,,,,,,,,
,,,,,,,,,,,,,,,,,,,,
,,,,,,,,,,,,,,,,,,,,
,,,,,,,,,,,,,,,,,,,,
,,,,,,,,,,,,,,,,,,,,
,,,,,,,,,,,,,,,,,,,,
,,,,,,,,,,,,,,,,,,,,
,,,,,,,,,,,,,,,,,,,,
,,,,,,,,,,,,,,,,,,,,
,,,,,,,,,,,,,,,,,,,,
,,,,,,,,,,,,,,,,,,,,
,,,,,,,,,,,,,,,,,,,,
,,,,,,,,,,,,,,,,,,,,
,,,,,,,,,,,,,,,,,,,,
,,,,,,,,,,,,,,,,,,,,
,,,,,,,,,,,,,,,,,,,,
,,,,,,,,,,,,,,,,,,,,
,,,,,,,,,,,,,,,,,,,,
,,,,,,,,,,,,,,,,,,,,
,,,,,,,,,,,,,,,,,,,,
,,,,,,,,,,,,,,,,,,,,
,,,,,,,,,,,,,,,,,,,,
,,,,,,,,,,,,,,,,,,,,
,,,,,,,,,,,,,,,,,,,,
,,,,,,,,,,,,,,,,,,,,
,,,,,,,,,,,,,,,,,,,,
,,,,,,,,,,,,,,,,,,,,
,,,,,,,,,,,,,,,,,,,,
,,,,,,,,,,,,,,,,,,,,
,,,,,,,,,,,,,,,,,,,,
,,,,,,,,,,,,,,,,,,,,
,,,,,,,,,,,,,,,,,,,,
,,,,,,,,,,,,,,,,,,,,
,,,,,,,,,,,,,,,,,,,,
,,,,,,,,,,,,,,,,,,,,
,,,,,,,,,,,,,,,,,,,,
,,,,,,,,,,,,,,,,,,,,
,,,,,,,,,,,,,,,,,,,,
,,,,,,,,,,,,,,,,,,,,
,,,,,,,,,,,,,,,,,,,,
,,,,,,,,,,,,,,,,,,,,
,,,,,,,,,,,,,,,,,,,,
,,,,,,,,,,,,,,,,,,,,
,,,,,,,,,,,,,,,,,,,,
,,,,,,,,,,,,,,,,,,,,
,,,,,,,,,,,,,,,,,,,,
,,,,,,,,,,,,,,,,,,,,
,,,,,,,,,,,,,,,,,,,,
,,,,,,,,,,,,,,,,,,,,
,,,,,,,,,,,,,,,,,,,,
,,,,,,,,,,,,,,,,,,,,
,,,,,,,,,,,,,,,,,,,,
,,,,,,,,,,,,,,,,,,,,
,,,,,,,,,,,,,,,,,,,,
,,,,,,,,,,,,,,,,,,,,
,,,,,,,,,,,,,,,,,,,,
,,,,,,,,,,,,,,,,,,,,
,,,,,,,,,,,,,,,,,,,,
,,,,,,,,,,,,,,,,,,,,
,,,,,,,,,,,,,,,,,,,,
,,,,,,,,,,,,,,,,,,,,
,,,,,,,,,,,,,,,,,,,,
,,,,,,,,,,,,,,,,,,,,
,,,,,,,,,,,,,,,,,,,,
,,,,,,,,,,,,,,,,,,,,
,,,,,,,,,,,,,,,,,,,,
,,,,,,,,,,,,,,,,,,,,
,,,,,,,,,,,,,,,,,,,,
,,,,,,,,,,,,,,,,,,,,
,,,,,,,,,,,,,,,,,,,,
,,,,,,,,,,,,,,,,,,,,
,,,,,,,,,,,,,,,,,,,,
,,,,,,,,,,,,,,,,,,,,
,,,,,,,,,,,,,,,,,,,,
,,,,,,,,,,,,,,,,,,,,
,,,,,,,,,,,,,,,,,,,,
,,,,,,,,,,,,,,,,,,,,
,,,,,,,,,,,,,,,,,,,,
,,,,,,,,,,,,,,,,,,,,
,,,,,,,,,,,,,,,,,,,,
,,,,,,,,,,,,,,,,,,,,
,,,,,,,,,,,,,,,,,,,,
,,,,,,,,,,,,,,,,,,,,
,,,,,,,,,,,,,,,,,,,,
,,,,,,,,,,,,,,,,,,,,
,,,,,,,,,,,,,,,,,,,,
,,,,,,,,,,,,,,,,,,,,
,,,,,,,,,,,,,,,,,,,,
,,,,,,,,,,,,,,,,,,,,
,,,,,,,,,,,,,,,,,,,,
,,,,,,,,,,,,,,,,,,,,
,,,,,,,,,,,,,,,,,,,,
,,,,,,,,,,,,,,,,,,,,
,,,,,,,,,,,,,,,,,,,,
,,,,,,,,,,,,,,,,,,,,
,,,,,,,,,,,,,,,,,,,,
,,,,,,,,,,,,,,,,,,,,
,,,,,,,,,,,,,,,,,,,,
,,,,,,,,,,,,,,,,,,,,
,,,,,,,,,,,,,,,,,,,,
,,,,,,,,,,,,,,,,,,,,
,,,,,,,,,,,,,,,,,,,,
,,,,,,,,,,,,,,,,,,,,
,,,,,,,,,,,,,,,,,,,,
,,,,,,,,,,,,,,,,,,,,
,,,,,,,,,,,,,,,,,,,,
,,,,,,,,,,,,,,,,,,,,
,,,,,,,,,,,,,,,,,,,,
,,,,,,,,,,,,,,,,,,,,
,,,,,,,,,,,,,,,,,,,,
,,,,,,,,,,,,,,,,,,,,
,,,,,,,,,,,,,,,,,,,,
,,,,,,,,,,,,,,,,,,,,
,,,,,,,,,,,,,,,,,,,,
,,,,,,,,,,,,,,,,,,,,
,,,,,,,,,,,,,,,,,,,,
,,,,,,,,,,,,,,,,,,,,
,,,,,,,,,,,,,,,,,,,,
,,,,,,,,,,,,,,,,,,,,
,,,,,,,,,,,,,,,,,,,,
,,,,,,,,,,,,,,,,,,,,
,,,,,,,,,,,,,,,,,,,,
,,,,,,,,,,,,,,,,,,,,
,,,,,,,,,,,,,,,,,,,,
,,,,,,,,,,,,,,,,,,,,
,,,,,,,,,,,,,,,,,,,,
,,,,,,,,,,,,,,,,,,,,
,,,,,,,,,,,,,,,,,,,,
,,,,,,,,,,,,,,,,,,,,
,,,,,,,,,,,,,,,,,,,,
,,,,,,,,,,,,,,,,,,,,
,,,,,,,,,,,,,,,,,,,,
,,,,,,,,,,,,,,,,,,,,
,,,,,,,,,,,,,,,,,,,,
,,,,,,,,,,,,,,,,,,,,
,,,,,,,,,,,,,,,,,,,,
,,,,,,,,,,,,,,,,,,,,
,,,,,,,,,,,,,,,,,,,,
,,,,,,,,,,,,,,,,,,,,
,,,,,,,,,,,,,,,,,,,,
,,,,,,,,,,,,,,,,,,,,
,,,,,,,,,,,,,,,,,,,,
,,,,,,,,,,,,,,,,,,,,
,,,,,,,,,,,,,,,,,,,,
,,,,,,,,,,,,,,,,,,,,
,,,,,,,,,,,,,,,,,,,,
,,,,,,,,,,,,,,,,,,,,
,,,,,,,,,,,,,,,,,,,,
,,,,,,,,,,,,,,,,,,,,
,,,,,,,,,,,,,,,,,,,,
,,,,,,,,,,,,,,,,,,,,
,,,,,,,,,,,,,,,,,,,,
,,,,,,,,,,,,,,,,,,,,
,,,,,,,,,,,,,,,,,,,,
,,,,,,,,,,,,,,,,,,,,
,,,,,,,,,,,,,,,,,,,,
,,,,,,,,,,,,,,,,,,,,
,,,,,,,,,,,,,,,,,,,,
,,,,,,,,,,,,,,,,,,,,
,,,,,,,,,,,,,,,,,,,,
,,,,,,,,,,,,,,,,,,,,
,,,,,,,,,,,,,,,,,,,,
,,,,,,,,,,,,,,,,,,,,
,,,,,,,,,,,,,,,,,,,,
,,,,,,,,,,,,,,,,,,,,
,,,,,,,,,,,,,,,,,,,,
,,,,,,,,,,,,,,,,,,,,
,,,,,,,,,,,,,,,,,,,,
,,,,,,,,,,,,,,,,,,,,
,,,,,,,,,,,,,,,,,,,,
,,,,,,,,,,,,,,,,,,,,
,,,,,,,,,,,,,,,,,,,,
,,,,,,,,,,,,,,,,,,,,
,,,,,,,,,,,,,,,,,,,,
,,,,,,,,,,,,,,,,,,,,
,,,,,,,,,,,,,,,,,,,,
,,,,,,,,,,,,,,,,,,,,
,,,,,,,,,,,,,,,,,,,,
,,,,,,,,,,,,,,,,,,,,
,,,,,,,,,,,,,,,,,,,,
,,,,,,,,,,,,,,,,,,,,
,,,,,,,,,,,,,,,,,,,,
,,,,,,,,,,,,,,,,,,,,
,,,,,,,,,,,,,,,,,,,,
,,,,,,,,,,,,,,,,,,,,
,,,,,,,,,,,,,,,,,,,,
,,,,,,,,,,,,,,,,,,,,
,,,,,,,,,,,,,,,,,,,,
,,,,,,,,,,,,,,,,,,,,
,,,,,,,,,,,,,,,,,,,,
,,,,,,,,,,,,,,,,,,,,
,,,,,,,,,,,,,,,,,,,,
,,,,,,,,,,,,,,,,,,,,
,,,,,,,,,,,,,,,,,,,,
,,,,,,,,,,,,,,,,,,,,
,,,,,,,,,,,,,,,,,,,,
,,,,,,,,,,,,,,,,,,,,
,,,,,,,,,,,,,,,,,,,,
,,,,,,,,,,,,,,,,,,,,
,,,,,,,,,,,,,,,,,,,,
,,,,,,,,,,,,,,,,,,,,
,,,,,,,,,,,,,,,,,,,,
,,,,,,,,,,,,,,,,,,,,
,,,,,,,,,,,,,,,,,,,,
,,,,,,,,,,,,,,,,,,,,
,,,,,,,,,,,,,,,,,,,,
,,,,,,,,,,,,,,,,,,,,
,,,,,,,,,,,,,,,,,,,,
,,,,,,,,,,,,,,,,,,,,
,,,,,,,,,,,,,,,,,,,,
,,,,,,,,,,,,,,,,,,,,
,,,,,,,,,,,,,,,,,,,,
,,,,,,,,,,,,,,,,,,,,
,,,,,,,,,,,,,,,,,,,,
,,,,,,,,,,,,,,,,,,,,
,,,,,,,,,,,,,,,,,,,,
,,,,,,,,,,,,,,,,,,,,
,,,,,,,,,,,,,,,,,,,,
,,,,,,,,,,,,,,,,,,,,
,,,,,,,,,,,,,,,,,,,,
,,,,,,,,,,,,,,,,,,,,
,,,,,,,,,,,,,,,,,,,,
,,,,,,,,,,,,,,,,,,,,
,,,,,,,,,,,,,,,,,,,,
,,,,,,,,,,,,,,,,,,,,
,,,,,,,,,,,,,,,,,,,,
,,,,,,,,,,,,,,,,,,,,
,,,,,,,,,,,,,,,,,,,,
,,,,,,,,,,,,,,,,,,,,
,,,,,,,,,,,,,,,,,,,,
,,,,,,,,,,,,,,,,,,,,
,,,,,,,,,,,,,,,,,,,,
,,,,,,,,,,,,,,,,,,,,
,,,,,,,,,,,,,,,,,,,,
,,,,,,,,,,,,,,,,,,,,
,,,,,,,,,,,,,,,,,,,,
,,,,,,,,,,,,,,,,,,,,
,,,,,,,,,,,,,,,,,,,,
,,,,,,,,,,,,,,,,,,,,
,,,,,,,,,,,,,,,,,,,,
,,,,,,,,,,,,,,,,,,,,
,,,,,,,,,,,,,,,,,,,,
,,,,,,,,,,,,,,,,,,,,
,,,,,,,,,,,,,,,,,,,,
,,,,,,,,,,,,,,,,,,,,
,,,,,,,,,,,,,,,,,,,,
,,,,,,,,,,,,,,,,,,,,
,,,,,,,,,,,,,,,,,,,,
,,,,,,,,,,,,,,,,,,,,
,,,,,,,,,,,,,,,,,,,,
,,,,,,,,,,,,,,,,,,,,
,,,,,,,,,,,,,,,,,,,,
,,,,,,,,,,,,,,,,,,,,
,,,,,,,,,,,,,,,,,,,,
,,,,,,,,,,,,,,,,,,,,
,,,,,,,,,,,,,,,,,,,,
,,,,,,,,,,,,,,,,,,,,
,,,,,,,,,,,,,,,,,,,,
,,,,,,,,,,,,,,,,,,,,
,,,,,,,,,,,,,,,,,,,,
,,,,,,,,,,,,,,,,,,,,
,,,,,,,,,,,,,,,,,,,,
,,,,,,,,,,,,,,,,,,,,
,,,,,,,,,,,,,,,,,,,,
,,,,,,,,,,,,,,,,,,,,
,,,,,,,,,,,,,,,,,,,,
,,,,,,,,,,,,,,,,,,,,
,,,,,,,,,,,,,,,,,,,,
,,,,,,,,,,,,,,,,,,,,
,,,,,,,,,,,,,,,,,,,,
,,,,,,,,,,,,,,,,,,,,
,,,,,,,,,,,,,,,,,,,,
,,,,,,,,,,,,,,,,,,,,
,,,,,,,,,,,,,,,,,,,,
,,,,,,,,,,,,,,,,,,,,
,,,,,,,,,,,,,,,,,,,,
,,,,,,,,,,,,,,,,,,,,
,,,,,,,,,,,,,,,,,,,,
,,,,,,,,,,,,,,,,,,,,
,,,,,,,,,,,,,,,,,,,,
,,,,,,,,,,,,,,,,,,,,
,,,,,,,,,,,,,,,,,,,,
,,,,,,,,,,,,,,,,,,,,
,,,,,,,,,,,,,,,,,,,,
,,,,,,,,,,,,,,,,,,,,
,,,,,,,,,,,,,,,,,,,,
,,,,,,,,,,,,,,,,,,,,
,,,,,,,,,,,,,,,,,,,,
,,,,,,,,,,,,,,,,,,,,
,,,,,,,,,,,,,,,,,,,,
,,,,,,,,,,,,,,,,,,,,
,,,,,,,,,,,,,,,,,,,,
,,,,,,,,,,,,,,,,,,,,
,,,,,,,,,,,,,,,,,,,,
,,,,,,,,,,,,,,,,,,,,
,,,,,,,,,,,,,,,,,,,,
,,,,,,,,,,,,,,,,,,,,
,,,,,,,,,,,,,,,,,,,,
,,,,,,,,,,,,,,,,,,,,
,,,,,,,,,,,,,,,,,,,,
,,,,,,,,,,,,,,,,,,,,
,,,,,,,,,,,,,,,,,,,,
,,,,,,,,,,,,,,,,,,,,
,,,,,,,,,,,,,,,,,,,,
,,,,,,,,,,,,,,,,,,,,
,,,,,,,,,,,,,,,,,,,,
,,,,,,,,,,,,,,,,,,,,
,,,,,,,,,,,,,,,,,,,,
,,,,,,,,,,,,,,,,,,,,
,,,,,,,,,,,,,,,,,,,,
,,,,,,,,,,,,,,,,,,,,
,,,,,,,,,,,,,,,,,,,,
,,,,,,,,,,,,,,,,,,,,
,,,,,,,,,,,,,,,,,,,,
,,,,,,,,,,,,,,,,,,,,
,,,,,,,,,,,,,,,,,,,,
,,,,,,,,,,,,,,,,,,,,
,,,,,,,,,,,,,,,,,,,,
,,,,,,,,,,,,,,,,,,,,
,,,,,,,,,,,,,,,,,,,,
,,,,,,,,,,,,,,,,,,,,
,,,,,,,,,,,,,,,,,,,,
,,,,,,,,,,,,,,,,,,,,
,,,,,,,,,,,,,,,,,,,,
,,,,,,,,,,,,,,,,,,,,
,,,,,,,,,,,,,,,,,,,,
,,,,,,,,,,,,,,,,,,,,
,,,,,,,,,,,,,,,,,,,,
,,,,,,,,,,,,,,,,,,,,
,,,,,,,,,,,,,,,,,,,,
,,,,,,,,,,,,,,,,,,,,
,,,,,,,,,,,,,,,,,,,,
,,,,,,,,,,,,,,,,,,,,
,,,,,,,,,,,,,,,,,,,,
,,,,,,,,,,,,,,,,,,,,
,,,,,,,,,,,,,,,,,,,,
,,,,,,,,,,,,,,,,,,,,
,,,,,,,,,,,,,,,,,,,,
,,,,,,,,,,,,,,,,,,,,
,,,,,,,,,,,,,,,,,,,,
,,,,,,,,,,,,,,,,,,,,
,,,,,,,,,,,,,,,,,,,,
,,,,,,,,,,,,,,,,,,,,
,,,,,,,,,,,,,,,,,,,,
,,,,,,,,,,,,,,,,,,,,
,,,,,,,,,,,,,,,,,,,,
,,,,,,,,,,,,,,,,,,,,
,,,,,,,,,,,,,,,,,,,,
,,,,,,,,,,,,,,,,,,,,
,,,,,,,,,,,,,,,,,,,,
,,,,,,,,,,,,,,,,,,,,
,,,,,,,,,,,,,,,,,,,,
,,,,,,,,,,,,,,,,,,,,
,,,,,,,,,,,,,,,,,,,,
,,,,,,,,,,,,,,,,,,,,
,,,,,,,,,,,,,,,,,,,,
,,,,,,,,,,,,,,,,,,,,
,,,,,,,,,,,,,,,,,,,,
,,,,,,,,,,,,,,,,,,,,
,,,,,,,,,,,,,,,,,,,,
,,,,,,,,,,,,,,,,,,,,
,,,,,,,,,,,,,,,,,,,,
,,,,,,,,,,,,,,,,,,,,
,,,,,,,,,,,,,,,,,,,,
,,,,,,,,,,,,,,,,,,,,
,,,,,,,,,,,,,,,,,,,,
,,,,,,,,,,,,,,,,,,,,
,,,,,,,,,,,,,,,,,,,,
,,,,,,,,,,,,,,,,,,,,
,,,,,,,,,,,,,,,,,,,,
,,,,,,,,,,,,,,,,,,,,
,,,,,,,,,,,,,,,,,,,,
,,,,,,,,,,,,,,,,,,,,
,,,,,,,,,,,,,,,,,,,,
,,,,,,,,,,,,,,,,,,,,
,,,,,,,,,,,,,,,,,,,,
,,,,,,,,,,,,,,,,,,,,
,,,,,,,,,,,,,,,,,,,,
,,,,,,,,,,,,,,,,,,,,
,,,,,,,,,,,,,,,,,,,,
,,,,,,,,,,,,,,,,,,,,
,,,,,,,,,,,,,,,,,,,,
,,,,,,,,,,,,,,,,,,,,
,,,,,,,,,,,,,,,,,,,,
,,,,,,,,,,,,,,,,,,,,
,,,,,,,,,,,,,,,,,,,,
,,,,,,,,,,,,,,,,,,,,
,,,,,,,,,,,,,,,,,,,,
,,,,,,,,,,,,,,,,,,,,
,,,,,,,,,,,,,,,,,,,,
,,,,,,,,,,,,,,,,,,,,
,,,,,,,,,,,,,,,,,,,,
,,,,,,,,,,,,,,,,,,,,
,,,,,,,,,,,,,,,,,,,,
,,,,,,,,,,,,,,,,,,,,
,,,,,,,,,,,,,,,,,,,,
,,,,,,,,,,,,,,,,,,,,
,,,,,,,,,,,,,,,,,,,,
,,,,,,,,,,,,,,,,,,,,
,,,,,,,,,,,,,,,,,,,,
,,,,,,,,,,,,,,,,,,,,
,,,,,,,,,,,,,,,,,,,,
,,,,,,,,,,,,,,,,,,,,
,,,,,,,,,,,,,,,,,,,,
,,,,,,,,,,,,,,,,,,,,
,,,,,,,,,,,,,,,,,,,,
,,,,,,,,,,,,,,,,,,,,
,,,,,,,,,,,,,,,,,,,,
,,,,,,,,,,,,,,,,,,,,
,,,,,,,,,,,,,,,,,,,,
,,,,,,,,,,,,,,,,,,,,
,,,,,,,,,,,,,,,,,,,,
,,,,,,,,,,,,,,,,,,,,
,,,,,,,,,,,,,,,,,,,,
,,,,,,,,,,,,,,,,,,,,
,,,,,,,,,,,,,,,,,,,,
,,,,,,,,,,,,,,,,,,,,
,,,,,,,,,,,,,,,,,,,,
,,,,,,,,,,,,,,,,,,,,
,,,,,,,,,,,,,,,,,,,,
,,,,,,,,,,,,,,,,,,,,
,,,,,,,,,,,,,,,,,,,,
,,,,,,,,,,,,,,,,,,,,
,,,,,,,,,,,,,,,,,,,,
,,,,,,,,,,,,,,,,,,,,
,,,,,,,,,,,,,,,,,,,,
,,,,,,,,,,,,,,,,,,,,
,,,,,,,,,,,,,,,,,,,,
,,,,,,,,,,,,,,,,,,,,
,,,,,,,,,,,,,,,,,,,,
,,,,,,,,,,,,,,,,,,,,
,,,,,,,,,,,,,,,,,,,,
,,,,,,,,,,,,,,,,,,,,
,,,,,,,,,,,,,,,,,,,,
,,,,,,,,,,,,,,,,,,,,
,,,,,,,,,,,,,,,,,,,,
,,,,,,,,,,,,,,,,,,,,
,,,,,,,,,,,,,,,,,,,,
,,,,,,,,,,,,,,,,,,,,
,,,,,,,,,,,,,,,,,,,,
,,,,,,,,,,,,,,,,,,,,
,,,,,,,,,,,,,,,,,,,,
,,,,,,,,,,,,,,,,,,,,
,,,,,,,,,,,,,,,,,,,,
,,,,,,,,,,,,,,,,,,,,
,,,,,,,,,,,,,,,,,,,,
,,,,,,,,,,,,,,,,,,,,
,,,,,,,,,,,,,,,,,,,,
,,,,,,,,,,,,,,,,,,,,
,,,,,,,,,,,,,,,,,,,,
,,,,,,,,,,,,,,,,,,,,
,,,,,,,,,,,,,,,,,,,,
,,,,,,,,,,,,,,,,,,,,
,,,,,,,,,,,,,,,,,,,,
,,,,,,,,,,,,,,,,,,,,
,,,,,,,,,,,,,,,,,,,,
,,,,,,,,,,,,,,,,,,,,
,,,,,,,,,,,,,,,,,,,,
,,,,,,,,,,,,,,,,,,,,
,,,,,,,,,,,,,,,,,,,,
,,,,,,,,,,,,,,,,,,,,
,,,,,,,,,,,,,,,,,,,,
,,,,,,,,,,,,,,,,,,,,
,,,,,,,,,,,,,,,,,,,,
,,,,,,,,,,,,,,,,,,,,
,,,,,,,,,,,,,,,,,,,,
,,,,,,,,,,,,,,,,,,,,
,,,,,,,,,,,,,,,,,,,,
,,,,,,,,,,,,,,,,,,,,
,,,,,,,,,,,,,,,,,,,,
,,,,,,,,,,,,,,,,,,,,
,,,,,,,,,,,,,,,,,,,,
,,,,,,,,,,,,,,,,,,,,
,,,,,,,,,,,,,,,,,,,,
,,,,,,,,,,,,,,,,,,,,
,,,,,,,,,,,,,,,,,,,,
,,,,,,,,,,,,,,,,,,,,
,,,,,,,,,,,,,,,,,,,,
,,,,,,,,,,,,,,,,,,,,
,,,,,,,,,,,,,,,,,,,,
,,,,,,,,,,,,,,,,,,,,
,,,,,,,,,,,,,,,,,,,,
,,,,,,,,,,,,,,,,,,,,
,,,,,,,,,,,,,,,,,,,,
,,,,,,,,,,,,,,,,,,,,
,,,,,,,,,,,,,,,,,,,,
,,,,,,,,,,,,,,,,,,,,
,,,,,,,,,,,,,,,,,,,,
,,,,,,,,,,,,,,,,,,,,
,,,,,,,,,,,,,,,,,,,,
,,,,,,,,,,,,,,,,,,,,
,,,,,,,,,,,,,,,,,,,,
,,,,,,,,,,,,,,,,,,,,
,,,,,,,,,,,,,,,,,,,,
,,,,,,,,,,,,,,,,,,,,
,,,,,,,,,,,,,,,,,,,,
,,,,,,,,,,,,,,,,,,,,
,,,,,,,,,,,,,,,,,,,,
,,,,,,,,,,,,,,,,,,,,
,,,,,,,,,,,,,,,,,,,,
,,,,,,,,,,,,,,,,,,,,
,,,,,,,,,,,,,,,,,,,,
,,,,,,,,,,,,,,,,,,,,
,,,,,,,,,,,,,,,,,,,,
,,,,,,,,,,,,,,,,,,,,
,,,,,,,,,,,,,,,,,,,,
,,,,,,,,,,,,,,,,,,,,
,,,,,,,,,,,,,,,,,,,,
,,,,,,,,,,,,,,,,,,,,
,,,,,,,,,,,,,,,,,,,,
,,,,,,,,,,,,,,,,,,,,
,,,,,,,,,,,,,,,,,,,,
,,,,,,,,,,,,,,,,,,,,
,,,,,,,,,,,,,,,,,,,,
,,,,,,,,,,,,,,,,,,,,
,,,,,,,,,,,,,,,,,,,,
,,,,,,,,,,,,,,,,,,,,
,,,,,,,,,,,,,,,,,,,,
,,,,,,,,,,,,,,,,,,,,
,,,,,,,,,,,,,,,,,,,,
,,,,,,,,,,,,,,,,,,,,
,,,,,,,,,,,,,,,,,,,,
,,,,,,,,,,,,,,,,,,,,
,,,,,,,,,,,,,,,,,,,,
,,,,,,,,,,,,,,,,,,,,
,,,,,,,,,,,,,,,,,,,,
,,,,,,,,,,,,,,,,,,,,
,,,,,,,,,,,,,,,,,,,,
,,,,,,,,,,,,,,,,,,,,
,,,,,,,,,,,,,,,,,,,,
,,,,,,,,,,,,,,,,,,,,
,,,,,,,,,,,,,,,,,,,,
,,,,,,,,,,,,,,,,,,,,
,,,,,,,,,,,,,,,,,,,,
,,,,,,,,,,,,,,,,,,,,
,,,,,,,,,,,,,,,,,,,,
,,,,,,,,,,,,,,,,,,,,
,,,,,,,,,,,,,,,,,,,,
,,,,,,,,,,,,,,,,,,,,
,,,,,,,,,,,,,,,,,,,,
,,,,,,,,,,,,,,,,,,,,
,,,,,,,,,,,,,,,,,,,,
,,,,,,,,,,,,,,,,,,,,
,,,,,,,,,,,,,,,,,,,,
,,,,,,,,,,,,,,,,,,,,
,,,,,,,,,,,,,,,,,,,,
,,,,,,,,,,,,,,,,,,,,
,,,,,,,,,,,,,,,,,,,,
,,,,,,,,,,,,,,,,,,,,
,,,,,,,,,,,,,,,,,,,,
,,,,,,,,,,,,,,,,,,,,
,,,,,,,,,,,,,,,,,,,,
,,,,,,,,,,,,,,,,,,,,
,,,,,,,,,,,,,,,,,,,,
,,,,,,,,,,,,,,,,,,,,
,,,,,,,,,,,,,,,,,,,,
,,,,,,,,,,,,,,,,,,,,
,,,,,,,,,,,,,,,,,,,,
,,,,,,,,,,,,,,,,,,,,
,,,,,,,,,,,,,,,,,,,,
,,,,,,,,,,,,,,,,,,,,
,,,,,,,,,,,,,,,,,,,,
,,,,,,,,,,,,,,,,,,,,
,,,,,,,,,,,,,,,,,,,,
,,,,,,,,,,,,,,,,,,,,
,,,,,,,,,,,,,,,,,,,,
,,,,,,,,,,,,,,,,,,,,
,,,,,,,,,,,,,,,,,,,,
,,,,,,,,,,,,,,,,,,,,
,,,,,,,,,,,,,,,,,,,,
,,,,,,,,,,,,,,,,,,,,
,,,,,,,,,,,,,,,,,,,,
,,,,,,,,,,,,,,,,,,,,
,,,,,,,,,,,,,,,,,,,,
,,,,,,,,,,,,,,,,,,,,
,,,,,,,,,,,,,,,,,,,,
,,,,,,,,,,,,,,,,,,,,
,,,,,,,,,,,,,,,,,,,,
,,,,,,,,,,,,,,,,,,,,
,,,,,,,,,,,,,,,,,,,,
,,,,,,,,,,,,,,,,,,,,
,,,,,,,,,,,,,,,,,,,,
,,,,,,,,,,,,,,,,,,,,
,,,,,,,,,,,,,,,,,,,,
,,,,,,,,,,,,,,,,,,,,
,,,,,,,,,,,,,,,,,,,,
,,,,,,,,,,,,,,,,,,,,
,,,,,,,,,,,,,,,,,,,,
,,,,,,,,,,,,,,,,,,,,
,,,,,,,,,,,,,,,,,,,,
,,,,,,,,,,,,,,,,,,,,
,,,,,,,,,,,,,,,,,,,,
,,,,,,,,,,,,,,,,,,,,
,,,,,,,,,,,,,,,,,,,,
,,,,,,,,,,,,,,,,,,,,
,,,,,,,,,,,,,,,,,,,,
,,,,,,,,,,,,,,,,,,,,
,,,,,,,,,,,,,,,,,,,,
,,,,,,,,,,,,,,,,,,,,
,,,,,,,,,,,,,,,,,,,,
,,,,,,,,,,,,,,,,,,,,
,,,,,,,,,,,,,,,,,,,,
,,,,,,,,,,,,,,,,,,,,
,,,,,,,,,,,,,,,,,,,,
,,,,,,,,,,,,,,,,,,,,
,,,,,,,,,,,,,,,,,,,,
,,,,,,,,,,,,,,,,,,,,
,,,,,,,,,,,,,,,,,,,,
,,,,,,,,,,,,,,,,,,,,
,,,,,,,,,,,,,,,,,,,,
,,,,,,,,,,,,,,,,,,,,
,,,,,,,,,,,,,,,,,,,,
,,,,,,,,,,,,,,,,,,,,
,,,,,,,,,,,,,,,,,,,,
,,,,,,,,,,,,,,,,,,,,
,,,,,,,,,,,,,,,,,,,,
,,,,,,,,,,,,,,,,,,,,
,,,,,,,,,,,,,,,,,,,,
,,,,,,,,,,,,,,,,,,,,
,,,,,,,,,,,,,,,,,,,,
,,,,,,,,,,,,,,,,,,,,
,,,,,,,,,,,,,,,,,,,,
,,,,,,,,,,,,,,,,,,,,
,,,,,,,,,,,,,,,,,,,,
,,,,,,,,,,,,,,,,,,,,
,,,,,,,,,,,,,,,,,,,,
,,,,,,,,,,,,,,,,,,,,
,,,,,,,,,,,,,,,,,,,,
,,,,,,,,,,,,,,,,,,,,
,,,,,,,,,,,,,,,,,,,,
,,,,,,,,,,,,,,,,,,,,
,,,,,,,,,,,,,,,,,,,,
,,,,,,,,,,,,,,,,,,,,
,,,,,,,,,,,,,,,,,,,,
,,,,,,,,,,,,,,,,,,,,
,,,,,,,,,,,,,,,,,,,,
,,,,,,,,,,,,,,,,,,,,
,,,,,,,,,,,,,,,,,,,,
,,,,,,,,,,,,,,,,,,,,
,,,,,,,,,,,,,,,,,,,,
,,,,,,,,,,,,,,,,,,,,
,,,,,,,,,,,,,,,,,,,,
,,,,,,,,,,,,,,,,,,,,
,,,,,,,,,,,,,,,,,,,,
,,,,,,,,,,,,,,,,,,,,
,,,,,,,,,,,,,,,,,,,,
,,,,,,,,,,,,,,,,,,,,
,,,,,,,,,,,,,,,,,,,,
,,,,,,,,,,,,,,,,,,,,
,,,,,,,,,,,,,,,,,,,,
,,,,,,,,,,,,,,,,,,,,
,,,,,,,,,,,,,,,,,,,,
,,,,,,,,,,,,,,,,,,,,
,,,,,,,,,,,,,,,,,,,,
,,,,,,,,,,,,,,,,,,,,
,,,,,,,,,,,,,,,,,,,,
,,,,,,,,,,,,,,,,,,,,
,,,,,,,,,,,,,,,,,,,,
,,,,,,,,,,,,,,,,,,,,
,,,,,,,,,,,,,,,,,,,,
,,,,,,,,,,,,,,,,,,,,
,,,,,,,,,,,,,,,,,,,,
,,,,,,,,,,,,,,,,,,,,
,,,,,,,,,,,,,,,,,,,,
,,,,,,,,,,,,,,,,,,,,
,,,,,,,,,,,,,,,,,,,,
,,,,,,,,,,,,,,,,,,,,
,,,,,,,,,,,,,,,,,,,,
,,,,,,,,,,,,,,,,,,,,
,,,,,,,,,,,,,,,,,,,,
,,,,,,,,,,,,,,,,,,,,
,,,,,,,,,,,,,,,,,,,,
,,,,,,,,,,,,,,,,,,,,
,,,,,,,,,,,,,,,,,,,,
,,,,,,,,,,,,,,,,,,,,
,,,,,,,,,,,,,,,,,,,,
,,,,,,,,,,,,,,,,,,,,
,,,,,,,,,,,,,,,,,,,,
,,,,,,,,,,,,,,,,,,,,
,,,,,,,,,,,,,,,,,,,,
,,,,,,,,,,,,,,,,,,,,
,,,,,,,,,,,,,,,,,,,,
,,,,,,,,,,,,,,,,,,,,
,,,,,,,,,,,,,,,,,,,,
,,,,,,,,,,,,,,,,,,,,
,,,,,,,,,,,,,,,,,,,,
,,,,,,,,,,,,,,,,,,,,
,,,,,,,,,,,,,,,,,,,,
,,,,,,,,,,,,,,,,,,,,
,,,,,,,,,,,,,,,,,,,,
,,,,,,,,,,,,,,,,,,,,
,,,,,,,,,,,,,,,,,,,,
,,,,,,,,,,,,,,,,,,,,
,,,,,,,,,,,,,,,,,,,,
,,,,,,,,,,,,,,,,,,,,
,,,,,,,,,,,,,,,,,,,,
,,,,,,,,,,,,,,,,,,,,
,,,,,,,,,,,,,,,,,,,,
,,,,,,,,,,,,,,,,,,,,
,,,,,,,,,,,,,,,,,,,,
,,,,,,,,,,,,,,,,,,,,
,,,,,,,,,,,,,,,,,,,,
,,,,,,,,,,,,,,,,,,,,
,,,,,,,,,,,,,,,,,,,,
,,,,,,,,,,,,,,,,,,,,
,,,,,,,,,,,,,,,,,,,,
,,,,,,,,,,,,,,,,,,,,
,,,,,,,,,,,,,,,,,,,,
,,,,,,,,,,,,,,,,,,,,
,,,,,,,,,,,,,,,,,,,,
,,,,,,,,,,,,,,,,,,,,
,,,,,,,,,,,,,,,,,,,,
,,,,,,,,,,,,,,,,,,,,
,,,,,,,,,,,,,,,,,,,,
,,,,,,,,,,,,,,,,,,,,
,,,,,,,,,,,,,,,,,,,,
,,,,,,,,,,,,,,,,,,,,
,,,,,,,,,,,,,,,,,,,,
,,,,,,,,,,,,,,,,,,,,
,,,,,,,,,,,,,,,,,,,,
,,,,,,,,,,,,,,,,,,,,
,,,,,,,,,,,,,,,,,,,,
,,,,,,,,,,,,,,,,,,,,
,,,,,,,,,,,,,,,,,,,,
,,,,,,,,,,,,,,,,,,,,
,,,,,,,,,,,,,,,,,,,,
,,,,,,,,,,,,,,,,,,,,
,,,,,,,,,,,,,,,,,,,,
,,,,,,,,,,,,,,,,,,,,
,,,,,,,,,,,,,,,,,,,,
,,,,,,,,,,,,,,,,,,,,
,,,,,,,,,,,,,,,,,,,,
,,,,,,,,,,,,,,,,,,,,
,,,,,,,,,,,,,,,,,,,,
,,,,,,,,,,,,,,,,,,,,
,,,,,,,,,,,,,,,,,,,,
,,,,,,,,,,,,,,,,,,,,
,,,,,,,,,,,,,,,,,,,,
,,,,,,,,,,,,,,,,,,,,
,,,,,,,,,,,,,,,,,,,,
,,,,,,,,,,,,,,,,,,,,
,,,,,,,,,,,,,,,,,,,,
,,,,,,,,,,,,,,,,,,,,
,,,,,,,,,,,,,,,,,,,,
,,,,,,,,,,,,,,,,,,,,
,,,,,,,,,,,,,,,,,,,,
,,,,,,,,,,,,,,,,,,,,
,,,,,,,,,,,,,,,,,,,,
,,,,,,,,,,,,,,,,,,,,
,,,,,,,,,,,,,,,,,,,,
,,,,,,,,,,,,,,,,,,,,
,,,,,,,,,,,,,,,,,,,,
,,,,,,,,,,,,,,,,,,,,
,,,,,,,,,,,,,,,,,,,,
,,,,,,,,,,,,,,,,,,,,
,,,,,,,,,,,,,,,,,,,,
,,,,,,,,,,,,,,,,,,,,
,,,,,,,,,,,,,,,,,,,,
,,,,,,,,,,,,,,,,,,,,
,,,,,,,,,,,,,,,,,,,,
,,,,,,,,,,,,,,,,,,,,
,,,,,,,,,,,,,,,,,,,,
,,,,,,,,,,,,,,,,,,,,
,,,,,,,,,,,,,,,,,,,,
,,,,,,,,,,,,,,,,,,,,
,,,,,,,,,,,,,,,,,,,,
,,,,,,,,,,,,,,,,,,,,
,,,,,,,,,,,,,,,,,,,,
,,,,,,,,,,,,,,,,,,,,
,,,,,,,,,,,,,,,,,,,,
,,,,,,,,,,,,,,,,,,,,
,,,,,,,,,,,,,,,,,,,,
,,,,,,,,,,,,,,,,,,,,
,,,,,,,,,,,,,,,,,,,,
,,,,,,,,,,,,,,,,,,,,
,,,,,,,,,,,,,,,,,,,,
,,,,,,,,,,,,,,,,,,,,
,,,,,,,,,,,,,,,,,,,,
,,,,,,,,,,,,,,,,,,,,
,,,,,,,,,,,,,,,,,,,,
,,,,,,,,,,,,,,,,,,,,
,,,,,,,,,,,,,,,,,,,,
,,,,,,,,,,,,,,,,,,,,
,,,,,,,,,,,,,,,,,,,,
,,,,,,,,,,,,,,,,,,,,
,,,,,,,,,,,,,,,,,,,,
,,,,,,,,,,,,,,,,,,,,
,,,,,,,,,,,,,,,,,,,,
,,,,,,,,,,,,,,,,,,,,
,,,,,,,,,,,,,,,,,,,,
,,,,,,,,,,,,,,,,,,,,
,,,,,,,,,,,,,,,,,,,,
,,,,,,,,,,,,,,,,,,,,
,,,,,,,,,,,,,,,,,,,,
,,,,,,,,,,,,,,,,,,,,
,,,,,,,,,,,,,,,,,,,,
,,,,,,,,,,,,,,,,,,,,
,,,,,,,,,,,,,,,,,,,,
,,,,,,,,,,,,,,,,,,,,
,,,,,,,,,,,,,,,,,,,,
,,,,,,,,,,,,,,,,,,,,
,,,,,,,,,,,,,,,,,,,,
,,,,,,,,,,,,,,,,,,,,
,,,,,,,,,,,,,,,,,,,,
,,,,,,,,,,,,,,,,,,,,
,,,,,,,,,,,,,,,,,,,,
,,,,,,,,,,,,,,,,,,,,
,,,,,,,,,,,,,,,,,,,,
,,,,,,,,,,,,,,,,,,,,
,,,,,,,,,,,,,,,,,,,,
,,,,,,,,,,,,,,,,,,,,
,,,,,,,,,,,,,,,,,,,,
,,,,,,,,,,,,,,,,,,,,
,,,,,,,,,,,,,,,,,,,,
,,,,,,,,,,,,,,,,,,,,
,,,,,,,,,,,,,,,,,,,,
,,,,,,,,,,,,,,,,,,,,
,,,,,,,,,,,,,,,,,,,,
,,,,,,,,,,,,,,,,,,,,
,,,,,,,,,,,,,,,,,,,,
,,,,,,,,,,,,,,,,,,,,
,,,,,,,,,,,,,,,,,,,,
,,,,,,,,,,,,,,,,,,,,
,,,,,,,,,,,,,,,,,,,,
,,,,,,,,,,,,,,,,,,,,
,,,,,,,,,,,,,,,,,,,,
,,,,,,,,,,,,,,,,,,,,
,,,,,,,,,,,,,,,,,,,,
,,,,,,,,,,,,,,,,,,,,
,,,,,,,,,,,,,,,,,,,,
,,,,,,,,,,,,,,,,,,,,
,,,,,,,,,,,,,,,,,,,,
,,,,,,,,,,,,,,,,,,,,
,,,,,,,,,,,,,,,,,,,,
,,,,,,,,,,,,,,,,,,,,
,,,,,,,,,,,,,,,,,,,,
,,,,,,,,,,,,,,,,,,,,
,,,,,,,,,,,,,,,,,,,,
,,,,,,,,,,,,,,,,,,,,
,,,,,,,,,,,,,,,,,,,,
,,,,,,,,,,,,,,,,,,,,
,,,,,,,,,,,,,,,,,,,,
,,,,,,,,,,,,,,,,,,,,
,,,,,,,,,,,,,,,,,,,,
,,,,,,,,,,,,,,,,,,,,
,,,,,,,,,,,,,,,,,,,,
,,,,,,,,,,,,,,,,,,,,
,,,,,,,,,,,,,,,,,,,,
,,,,,,,,,,,,,,,,,,,,
,,,,,,,,,,,,,,,,,,,,
,,,,,,,,,,,,,,,,,,,,
,,,,,,,,,,,,,,,,,,,,
,,,,,,,,,,,,,,,,,,,,
,,,,,,,,,,,,,,,,,,,,
,,,,,,,,,,,,,,,,,,,,
,,,,,,,,,,,,,,,,,,,,
,,,,,,,,,,,,,,,,,,,,
,,,,,,,,,,,,,,,,,,,,
,,,,,,,,,,,,,,,,,,,,
,,,,,,,,,,,,,,,,,,,,
,,,,,,,,,,,,,,,,,,,,
,,,,,,,,,,,,,,,,,,,,
,,,,,,,,,,,,,,,,,,,,
,,,,,,,,,,,,,,,,,,,,
,,,,,,,,,,,,,,,,,,,,
,,,,,,,,,,,,,,,,,,,,
,,,,,,,,,,,,,,,,,,,,
,,,,,,,,,,,,,,,,,,,,
,,,,,,,,,,,,,,,,,,,,
,,,,,,,,,,,,,,,,,,,,
,,,,,,,,,,,,,,,,,,,,
,,,,,,,,,,,,,,,,,,,,
,,,,,,,,,,,,,,,,,,,,
,,,,,,,,,,,,,,,,,,,,
,,,,,,,,,,,,,,,,,,,,
,,,,,,,,,,,,,,,,,,,,
,,,,,,,,,,,,,,,,,,,,
,,,,,,,,,,,,,,,,,,,,
,,,,,,,,,,,,,,,,,,,,
,,,,,,,,,,,,,,,,,,,,
,,,,,,,,,,,,,,,,,,,,
,,,,,,,,,,,,,,,,,,,,
,,,,,,,,,,,,,,,,,,,,
,,,,,,,,,,,,,,,,,,,,
,,,,,,,,,,,,,,,,,,,,
,,,,,,,,,,,,,,,,,,,,
,,,,,,,,,,,,,,,,,,,,
,,,,,,,,,,,,,,,,,,,,
,,,,,,,,,,,,,,,,,,,,
,,,,,,,,,,,,,,,,,,,,
,,,,,,,,,,,,,,,,,,,,
,,,,,,,,,,,,,,,,,,,,
,,,,,,,,,,,,,,,,,,,,
,,,,,,,,,,,,,,,,,,,,
,,,,,,,,,,,,,,,,,,,,
,,,,,,,,,,,,,,,,,,,,
,,,,,,,,,,,,,,,,,,,,
,,,,,,,,,,,,,,,,,,,,
,,,,,,,,,,,,,,,,,,,,
,,,,,,,,,,,,,,,,,,,,
,,,,,,,,,,,,,,,,,,,,
,,,,,,,,,,,,,,,,,,,,
,,,,,,,,,,,,,,,,,,,,
,,,,,,,,,,,,,,,,,,,,
,,,,,,,,,,,,,,,,,,,,
,,,,,,,,,,,,,,,,,,,,
,,,,,,,,,,,,,,,,,,,,
,,,,,,,,,,,,,,,,,,,,
,,,,,,,,,,,,,,,,,,,,
,,,,,,,,,,,,,,,,,,,,
,,,,,,,,,,,,,,,,,,,,
,,,,,,,,,,,,,,,,,,,,
,,,,,,,,,,,,,,,,,,,,
,,,,,,,,,,,,,,,,,,,,
,,,,,,,,,,,,,,,,,,,,
,,,,,,,,,,,,,,,,,,,,
,,,,,,,,,,,,,,,,,,,,
,,,,,,,,,,,,,,,,,,,,
,,,,,,,,,,,,,,,,,,,,
,,,,,,,,,,,,,,,,,,,,
,,,,,,,,,,,,,,,,,,,,
,,,,,,,,,,,,,,,,,,,,
,,,,,,,,,,,,,,,,,,,,
,,,,,,,,,,,,,,,,,,,,
,,,,,,,,,,,,,,,,,,,,
,,,,,,,,,,,,,,,,,,,,
,,,,,,,,,,,,,,,,,,,,
,,,,,,,,,,,,,,,,,,,,
,,,,,,,,,,,,,,,,,,,,
,,,,,,,,,,,,,,,,,,,,
,,,,,,,,,,,,,,,,,,,,
,,,,,,,,,,,,,,,,,,,,
,,,,,,,,,,,,,,,,,,,,
,,,,,,,,,,,,,,,,,,,,
,,,,,,,,,,,,,,,,,,,,
,,,,,,,,,,,,,,,,,,,,
,,,,,,,,,,,,,,,,,,,,
,,,,,,,,,,,,,,,,,,,,
,,,,,,,,,,,,,,,,,,,,
,,,,,,,,,,,,,,,,,,,,
,,,,,,,,,,,,,,,,,,,,
,,,,,,,,,,,,,,,,,,,,
,,,,,,,,,,,,,,,,,,,,
,,,,,,,,,,,,,,,,,,,,
,,,,,,,,,,,,,,,,,,,,
,,,,,,,,,,,,,,,,,,,,
,,,,,,,,,,,,,,,,,,,,
,,,,,,,,,,,,,,,,,,,,
,,,,,,,,,,,,,,,,,,,,
,,,,,,,,,,,,,,,,,,,,
,,,,,,,,,,,,,,,,,,,,
,,,,,,,,,,,,,,,,,,,,
,,,,,,,,,,,,,,,,,,,,
,,,,,,,,,,,,,,,,,,,,
,,,,,,,,,,,,,,,,,,,,
,,,,,,,,,,,,,,,,,,,,
,,,,,,,,,,,,,,,,,,,,
,,,,,,,,,,,,,,,,,,,,
,,,,,,,,,,,,,,,,,,,,
,,,,,,,,,,,,,,,,,,,,
,,,,,,,,,,,,,,,,,,,,
,,,,,,,,,,,,,,,,,,,,
,,,,,,,,,,,,,,,,,,,,
,,,,,,,,,,,,,,,,,,,,
,,,,,,,,,,,,,,,,,,,,
,,,,,,,,,,,,,,,,,,,,
,,,,,,,,,,,,,,,,,,,,
,,,,,,,,,,,,,,,,,,,,
,,,,,,,,,,,,,,,,,,,,
,,,,,,,,,,,,,,,,,,,,
,,,,,,,,,,,,,,,,,,,,
,,,,,,,,,,,,,,,,,,,,
,,,,,,,,,,,,,,,,,,,,
,,,,,,,,,,,,,,,,,,,,
,,,,,,,,,,,,,,,,,,,,
,,,,,,,,,,,,,,,,,,,,
,,,,,,,,,,,,,,,,,,,,
,,,,,,,,,,,,,,,,,,,,
,,,,,,,,,,,,,,,,,,,,
,,,,,,,,,,,,,,,,,,,,
,,,,,,,,,,,,,,,,,,,,
,,,,,,,,,,,,,,,,,,,,
,,,,,,,,,,,,,,,,,,,,
,,,,,,,,,,,,,,,,,,,,
,,,,,,,,,,,,,,,,,,,,
,,,,,,,,,,,,,,,,,,,,
,,,,,,,,,,,,,,,,,,,,
,,,,,,,,,,,,,,,,,,,,
,,,,,,,,,,,,,,,,,,,,
,,,,,,,,,,,,,,,,,,,,
,,,,,,,,,,,,,,,,,,,,
,,,,,,,,,,,,,,,,,,,,
,,,,,,,,,,,,,,,,,,,,
,,,,,,,,,,,,,,,,,,,,
,,,,,,,,,,,,,,,,,,,,
,,,,,,,,,,,,,,,,,,,,
,,,,,,,,,,,,,,,,,,,,
,,,,,,,,,,,,,,,,,,,,
,,,,,,,,,,,,,,,,,,,,
,,,,,,,,,,,,,,,,,,,,
,,,,,,,,,,,,,,,,,,,,
,,,,,,,,,,,,,,,,,,,,
,,,,,,,,,,,,,,,,,,,,
,,,,,,,,,,,,,,,,,,,,
,,,,,,,,,,,,,,,,,,,,
,,,,,,,,,,,,,,,,,,,,
,,,,,,,,,,,,,,,,,,,,
,,,,,,,,,,,,,,,,,,,,
,,,,,,,,,,,,,,,,,,,,
,,,,,,,,,,,,,,,,,,,,
,,,,,,,,,,,,,,,,,,,,
,,,,,,,,,,,,,,,,,,,,
,,,,,,,,,,,,,,,,,,,,
,,,,,,,,,,,,,,,,,,,,
,,,,,,,,,,,,,,,,,,,,
,,,,,,,,,,,,,,,,,,,,
,,,,,,,,,,,,,,,,,,,,
,,,,,,,,,,,,,,,,,,,,
,,,,,,,,,,,,,,,,,,,,
,,,,,,,,,,,,,,,,,,,,
,,,,,,,,,,,,,,,,,,,,
,,,,,,,,,,,,,,,,,,,,
,,,,,,,,,,,,,,,,,,,,
,,,,,,,,,,,,,,,,,,,,
,,,,,,,,,,,,,,,,,,,,
,,,,,,,,,,,,,,,,,,,,
,,,,,,,,,,,,,,,,,,,,
,,,,,,,,,,,,,,,,,,,,
,,,,,,,,,,,,,,,,,,,,
,,,,,,,,,,,,,,,,,,,,
,,,,,,,,,,,,,,,,,,,,
,,,,,,,,,,,,,,,,,,,,
,,,,,,,,,,,,,,,,,,,,
,,,,,,,,,,,,,,,,,,,,
,,,,,,,,,,,,,,,,,,,,
,,,,,,,,,,,,,,,,,,,,
,,,,,,,,,,,,,,,,,,,,
,,,,,,,,,,,,,,,,,,,,
,,,,,,,,,,,,,,,,,,,,
,,,,,,,,,,,,,,,,,,,,
,,,,,,,,,,,,,,,,,,,,
,,,,,,,,,,,,,,,,,,,,
,,,,,,,,,,,,,,,,,,,,
,,,,,,,,,,,,,,,,,,,,
,,,,,,,,,,,,,,,,,,,,
,,,,,,,,,,,,,,,,,,,,
,,,,,,,,,,,,,,,,,,,,
,,,,,,,,,,,,,,,,,,,,
,,,,,,,,,,,,,,,,,,,,
,,,,,,,,,,,,,,,,,,,,
,,,,,,,,,,,,,,,,,,,,
,,,,,,,,,,,,,,,,,,,,
,,,,,,,,,,,,,,,,,,,,
,,,,,,,,,,,,,,,,,,,,
,,,,,,,,,,,,,,,,,,,,
,,,,,,,,,,,,,,,,,,,,
,,,,,,,,,,,,,,,,,,,,
,,,,,,,,,,,,,,,,,,,,
,,,,,,,,,,,,,,,,,,,,
,,,,,,,,,,,,,,,,,,,,
,,,,,,,,,,,,,,,,,,,,
,,,,,,,,,,,,,,,,,,,,
,,,,,,,,,,,,,,,,,,,,
,,,,,,,,,,,,,,,,,,,,
,,,,,,,,,,,,,,,,,,,,
,,,,,,,,,,,,,,,,,,,,
,,,,,,,,,,,,,,,,,,,,
,,,,,,,,,,,,,,,,,,,,
,,,,,,,,,,,,,,,,,,,,
,,,,,,,,,,,,,,,,,,,,
,,,,,,,,,,,,,,,,,,,,
,,,,,,,,,,,,,,,,,,,,
,,,,,,,,,,,,,,,,,,,,
,,,,,,,,,,,,,,,,,,,,
,,,,,,,,,,,,,,,,,,,,
,,,,,,,,,,,,,,,,,,,,
,,,,,,,,,,,,,,,,,,,,
,,,,,,,,,,,,,,,,,,,,
,,,,,,,,,,,,,,,,,,,,
,,,,,,,,,,,,,,,,,,,,
,,,,,,,,,,,,,,,,,,,,
,,,,,,,,,,,,,,,,,,,,
,,,,,,,,,,,,,,,,,,,,
,,,,,,,,,,,,,,,,,,,,
,,,,,,,,,,,,,,,,,,,,
,,,,,,,,,,,,,,,,,,,,
,,,,,,,,,,,,,,,,,,,,
,,,,,,,,,,,,,,,,,,,,
,,,,,,,,,,,,,,,,,,,,
,,,,,,,,,,,,,,,,,,,,
,,,,,,,,,,,,,,,,,,,,
,,,,,,,,,,,,,,,,,,,,
,,,,,,,,,,,,,,,,,,,,
,,,,,,,,,,,,,,,,,,,,
,,,,,,,,,,,,,,,,,,,,
,,,,,,,,,,,,,,,,,,,,
,,,,,,,,,,,,,,,,,,,,
,,,,,,,,,,,,,,,,,,,,
,,,,,,,,,,,,,,,,,,,,
,,,,,,,,,,,,,,,,,,,,
,,,,,,,,,,,,,,,,,,,,
,,,,,,,,,,,,,,,,,,,,
,,,,,,,,,,,,,,,,,,,,
,,,,,,,,,,,,,,,,,,,,
,,,,,,,,,,,,,,,,,,,,
,,,,,,,,,,,,,,,,,,,,
,,,,,,,,,,,,,,,,,,,,
,,,,,,,,,,,,,,,,,,,,
,,,,,,,,,,,,,,,,,,,,
,,,,,,,,,,,,,,,,,,,,
,,,,,,,,,,,,,,,,,,,,
,,,,,,,,,,,,,,,,,,,,
,,,,,,,,,,,,,,,,,,,,
,,,,,,,,,,,,,,,,,,,,
,,,,,,,,,,,,,,,,,,,,
,,,,,,,,,,,,,,,,,,,,
,,,,,,,,,,,,,,,,,,,,
,,,,,,,,,,,,,,,,,,,,
,,,,,,,,,,,,,,,,,,,,
,,,,,,,,,,,,,,,,,,,,
,,,,,,,,,,,,,,,,,,,,
,,,,,,,,,,,,,,,,,,,,
,,,,,,,,,,,,,,,,,,,,
,,,,,,,,,,,,,,,,,,,,
,,,,,,,,,,,,,,,,,,,,
,,,,,,,,,,,,,,,,,,,,
,,,,,,,,,,,,,,,,,,,,
,,,,,,,,,,,,,,,,,,,,
,,,,,,,,,,,,,,,,,,,,
,,,,,,,,,,,,,,,,,,,,
,,,,,,,,,,,,,,,,,,,,
,,,,,,,,,,,,,,,,,,,,
,,,,,,,,,,,,,,,,,,,,
,,,,,,,,,,,,,,,,,,,,
,,,,,,,,,,,,,,,,,,,,
,,,,,,,,,,,,,,,,,,,,
,,,,,,,,,,,,,,,,,,,,
,,,,,,,,,,,,,,,,,,,,
,,,,,,,,,,,,,,,,,,,,
,,,,,,,,,,,,,,,,,,,,
,,,,,,,,,,,,,,,,,,,,
,,,,,,,,,,,,,,,,,,,,
,,,,,,,,,,,,,,,,,,,,
,,,,,,,,,,,,,,,,,,,,
,,,,,,,,,,,,,,,,,,,,
,,,,,,,,,,,,,,,,,,,,
,,,,,,,,,,,,,,,,,,,,
,,,,,,,,,,,,,,,,,,,,
,,,,,,,,,,,,,,,,,,,,
,,,,,,,,,,,,,,,,,,,,
,,,,,,,,,,,,,,,,,,,,
,,,,,,,,,,,,,,,,,,,,
,,,,,,,,,,,,,,,,,,,,
,,,,,,,,,,,,,,,,,,,,
,,,,,,,,,,,,,,,,,,,,
,,,,,,,,,,,,,,,,,,,,
,,,,,,,,,,,,,,,,,,,,
,,,,,,,,,,,,,,,,,,,,
,,,,,,,,,,,,,,,,,,,,
,,,,,,,,,,,,,,,,,,,,
,,,,,,,,,,,,,,,,,,,,
,,,,,,,,,,,,,,,,,,,,
,,,,,,,,,,,,,,,,,,,,
,,,,,,,,,,,,,,,,,,,,
,,,,,,,,,,,,,,,,,,,,
,,,,,,,,,,,,,,,,,,,,
,,,,,,,,,,,,,,,,,,,,
,,,,,,,,,,,,,,,,,,,,
,,,,,,,,,,,,,,,,,,,,
,,,,,,,,,,,,,,,,,,,,
,,,,,,,,,,,,,,,,,,,,
,,,,,,,,,,,,,,,,,,,,
,,,,,,,,,,,,,,,,,,,,
,,,,,,,,,,,,,,,,,,,,
,,,,,,,,,,,,,,,,,,,,
,,,,,,,,,,,,,,,,,,,,
,,,,,,,,,,,,,,,,,,,,
,,,,,,,,,,,,,,,,,,,,
,,,,,,,,,,,,,,,,,,,,
,,,,,,,,,,,,,,,,,,,,
,,,,,,,,,,,,,,,,,,,,
,,,,,,,,,,,,,,,,,,,,
,,,,,,,,,,,,,,,,,,,,
,,,,,,,,,,,,,,,,,,,,
,,,,,,,,,,,,,,,,,,,,
,,,,,,,,,,,,,,,,,,,,
,,,,,,,,,,,,,,,,,,,,
,,,,,,,,,,,,,,,,,,,,
,,,,,,,,,,,,,,,,,,,,
,,,,,,,,,,,,,,,,,,,,
,,,,,,,,,,,,,,,,,,,,
,,,,,,,,,,,,,,,,,,,,
,,,,,,,,,,,,,,,,,,,,
,,,,,,,,,,,,,,,,,,,,
,,,,,,,,,,,,,,,,,,,,
,,,,,,,,,,,,,,,,,,,,
,,,,,,,,,,,,,,,,,,,,
,,,,,,,,,,,,,,,,,,,,
,,,,,,,,,,,,,,,,,,,,
,,,,,,,,,,,,,,,,,,,,
,,,,,,,,,,,,,,,,,,,,
,,,,,,,,,,,,,,,,,,,,
,,,,,,,,,,,,,,,,,,,,
,,,,,,,,,,,,,,,,,,,,
,,,,,,,,,,,,,,,,,,,,
,,,,,,,,,,,,,,,,,,,,
,,,,,,,,,,,,,,,,,,,,
,,,,,,,,,,,,,,,,,,,,
,,,,,,,,,,,,,,,,,,,,
,,,,,,,,,,,,,,,,,,,,
,,,,,,,,,,,,,,,,,,,,
,,,,,,,,,,,,,,,,,,,,
,,,,,,,,,,,,,,,,,,,,
,,,,,,,,,,,,,,,,,,,,
,,,,,,,,,,,,,,,,,,,,
,,,,,,,,,,,,,,,,,,,,
,,,,,,,,,,,,,,,,,,,,
,,,,,,,,,,,,,,,,,,,,
,,,,,,,,,,,,,,,,,,,,
,,,,,,,,,,,,,,,,,,,,
,,,,,,,,,,,,,,,,,,,,
,,,,,,,,,,,,,,,,,,,,
,,,,,,,,,,,,,,,,,,,,
,,,,,,,,,,,,,,,,,,,,
,,,,,,,,,,,,,,,,,,,,
,,,,,,,,,,,,,,,,,,,,
,,,,,,,,,,,,,,,,,,,,
,,,,,,,,,,,,,,,,,,,,
,,,,,,,,,,,,,,,,,,,,
,,,,,,,,,,,,,,,,,,,,
,,,,,,,,,,,,,,,,,,,,
,,,,,,,,,,,,,,,,,,,,
,,,,,,,,,,,,,,,,,,,,
,,,,,,,,,,,,,,,,,,,,
,,,,,,,,,,,,,,,,,,,,
,,,,,,,,,,,,,,,,,,,,
,,,,,,,,,,,,,,,,,,,,
,,,,,,,,,,,,,,,,,,,,
,,,,,,,,,,,,,,,,,,,,
,,,,,,,,,,,,,,,,,,,,
,,,,,,,,,,,,,,,,,,,,
,,,,,,,,,,,,,,,,,,,,
,,,,,,,,,,,,,,,,,,,,
,,,,,,,,,,,,,,,,,,,,
,,,,,,,,,,,,,,,,,,,,
,,,,,,,,,,,,,,,,,,,,
,,,,,,,,,,,,,,,,,,,,
,,,,,,,,,,,,,,,,,,,,
,,,,,,,,,,,,,,,,,,,,
,,,,,,,,,,,,,,,,,,,,
,,,,,,,,,,,,,,,,,,,,
,,,,,,,,,,,,,,,,,,,,
,,,,,,,,,,,,,,,,,,,,
,,,,,,,,,,,,,,,,,,,,
,,,,,,,,,,,,,,,,,,,,
,,,,,,,,,,,,,,,,,,,,
,,,,,,,,,,,,,,,,,,,,
,,,,,,,,,,,,,,,,,,,,
,,,,,,,,,,,,,,,,,,,,
,,,,,,,,,,,,,,,,,,,,
,,,,,,,,,,,,,,,,,,,,
,,,,,,,,,,,,,,,,,,,,
,,,,,,,,,,,,,,,,,,,,
,,,,,,,,,,,,,,,,,,,,
,,,,,,,,,,,,,,,,,,,,
,,,,,,,,,,,,,,,,,,,,
,,,,,,,,,,,,,,,,,,,,
,,,,,,,,,,,,,,,,,,,,
,,,,,,,,,,,,,,,,,,,,
,,,,,,,,,,,,,,,,,,,,
,,,,,,,,,,,,,,,,,,,,
,,,,,,,,,,,,,,,,,,,,
,,,,,,,,,,,,,,,,,,,,
,,,,,,,,,,,,,,,,,,,,
,,,,,,,,,,,,,,,,,,,,
,,,,,,,,,,,,,,,,,,,,
,,,,,,,,,,,,,,,,,,,,
,,,,,,,,,,,,,,,,,,,,
,,,,,,,,,,,,,,,,,,,,
,,,,,,,,,,,,,,,,,,,,
,,,,,,,,,,,,,,,,,,,,
,,,,,,,,,,,,,,,,,,,,
,,,,,,,,,,,,,,,,,,,,
,,,,,,,,,,,,,,,,,,,,
,,,,,,,,,,,,,,,,,,,,
,,,,,,,,,,,,,,,,,,,,
,,,,,,,,,,,,,,,,,,,,
,,,,,,,,,,,,,,,,,,,,
,,,,,,,,,,,,,,,,,,,,
,,,,,,,,,,,,,,,,,,,,
,,,,,,,,,,,,,,,,,,,,
,,,,,,,,,,,,,,,,,,,,
,,,,,,,,,,,,,,,,,,,,
,,,,,,,,,,,,,,,,,,,,
,,,,,,,,,,,,,,,,,,,,
,,,,,,,,,,,,,,,,,,,,
,,,,,,,,,,,,,,,,,,,,
,,,,,,,,,,,,,,,,,,,,
,,,,,,,,,,,,,,,,,,,,
,,,,,,,,,,,,,,,,,,,,
,,,,,,,,,,,,,,,,,,,,
,,,,,,,,,,,,,,,,,,,,
,,,,,,,,,,,,,,,,,,,,
,,,,,,,,,,,,,,,,,,,,
,,,,,,,,,,,,,,,,,,,,
,,,,,,,,,,,,,,,,,,,,
,,,,,,,,,,,,,,,,,,,,
,,,,,,,,,,,,,,,,,,,,
,,,,,,,,,,,,,,,,,,,,
,,,,,,,,,,,,,,,,,,,,
,,,,,,,,,,,,,,,,,,,,
,,,,,,,,,,,,,,,,,,,,
,,,,,,,,,,,,,,,,,,,,
,,,,,,,,,,,,,,,,,,,,
,,,,,,,,,,,,,,,,,,,,
,,,,,,,,,,,,,,,,,,,,
,,,,,,,,,,,,,,,,,,,,
,,,,,,,,,,,,,,,,,,,,
,,,,,,,,,,,,,,,,,,,,
,,,,,,,,,,,,,,,,,,,,
,,,,,,,,,,,,,,,,,,,,
,,,,,,,,,,,,,,,,,,,,
,,,,,,,,,,,,,,,,,,,,
,,,,,,,,,,,,,,,,,,,,
,,,,,,,,,,,,,,,,,,,,
,,,,,,,,,,,,,,,,,,,,
,,,,,,,,,,,,,,,,,,,,
,,,,,,,,,,,,,,,,,,,,
,,,,,,,,,,,,,,,,,,,,
,,,,,,,,,,,,,,,,,,,,
,,,,,,,,,,,,,,,,,,,,
,,,,,,,,,,,,,,,,,,,,
,,,,,,,,,,,,,,,,,,,,
,,,,,,,,,,,,,,,,,,,,
,,,,,,,,,,,,,,,,,,,,
,,,,,,,,,,,,,,,,,,,,
,,,,,,,,,,,,,,,,,,,,
,,,,,,,,,,,,,,,,,,,,
,,,,,,,,,,,,,,,,,,,,
,,,,,,,,,,,,,,,,,,,,
,,,,,,,,,,,,,,,,,,,,
,,,,,,,,,,,,,,,,,,,,
,,,,,,,,,,,,,,,,,,,,
,,,,,,,,,,,,,,,,,,,,
,,,,,,,,,,,,,,,,,,,,
,,,,,,,,,,,,,,,,,,,,
,,,,,,,,,,,,,,,,,,,,
,,,,,,,,,,,,,,,,,,,,
,,,,,,,,,,,,,,,,,,,,
,,,,,,,,,,,,,,,,,,,,
,,,,,,,,,,,,,,,,,,,,
,,,,,,,,,,,,,,,,,,,,
,,,,,,,,,,,,,,,,,,,,
,,,,,,,,,,,,,,,,,,,,
,,,,,,,,,,,,,,,,,,,,
,,,,,,,,,,,,,,,,,,,,
,,,,,,,,,,,,,,,,,,,,
,,,,,,,,,,,,,,,,,,,,
,,,,,,,,,,,,,,,,,,,,
,,,,,,,,,,,,,,,,,,,,
,,,,,,,,,,,,,,,,,,,,
,,,,,,,,,,,,,,,,,,,,
,,,,,,,,,,,,,,,,,,,,
,,,,,,,,,,,,,,,,,,,,
,,,,,,,,,,,,,,,,,,,,
,,,,,,,,,,,,,,,,,,,,
,,,,,,,,,,,,,,,,,,,,
,,,,,,,,,,,,,,,,,,,,
,,,,,,,,,,,,,,,,,,,,
,,,,,,,,,,,,,,,,,,,,
,,,,,,,,,,,,,,,,,,,,
,,,,,,,,,,,,,,,,,,,,
,,,,,,,,,,,,,,,,,,,,
,,,,,,,,,,,,,,,,,,,,
,,,,,,,,,,,,,,,,,,,,
,,,,,,,,,,,,,,,,,,,,
,,,,,,,,,,,,,,,,,,,,
,,,,,,,,,,,,,,,,,,,,
,,,,,,,,,,,,,,,,,,,,
,,,,,,,,,,,,,,,,,,,,
,,,,,,,,,,,,,,,,,,,,
,,,,,,,,,,,,,,,,,,,,
,,,,,,,,,,,,,,,,,,,,
,,,,,,,,,,,,,,,,,,,,
,,,,,,,,,,,,,,,,,,,,
,,,,,,,,,,,,,,,,,,,,
,,,,,,,,,,,,,,,,,,,,
,,,,,,,,,,,,,,,,,,,,
,,,,,,,,,,,,,,,,,,,,
,,,,,,,,,,,,,,,,,,,,
,,,,,,,,,,,,,,,,,,,,
,,,,,,,,,,,,,,,,,,,,
,,,,,,,,,,,,,,,,,,,,
,,,,,,,,,,,,,,,,,,,,
,,,,,,,,,,,,,,,,,,,,
,,,,,,,,,,,,,,,,,,,,
,,,,,,,,,,,,,,,,,,,,
,,,,,,,,,,,,,,,,,,,,
,,,,,,,,,,,,,,,,,,,,
,,,,,,,,,,,,,,,,,,,,
,,,,,,,,,,,,,,,,,,,,
,,,,,,,,,,,,,,,,,,,,
,,,,,,,,,,,,,,,,,,,,
,,,,,,,,,,,,,,,,,,,,
,,,,,,,,,,,,,,,,,,,,
,,,,,,,,,,,,,,,,,,,,
,,,,,,,,,,,,,,,,,,,,
,,,,,,,,,,,,,,,,,,,,
,,,,,,,,,,,,,,,,,,,,
,,,,,,,,,,,,,,,,,,,,
,,,,,,,,,,,,,,,,,,,,
,,,,,,,,,,,,,,,,,,,,
,,,,,,,,,,,,,,,,,,,,
,,,,,,,,,,,,,,,,,,,,
,,,,,,,,,,,,,,,,,,,,
,,,,,,,,,,,,,,,,,,,,
,,,,,,,,,,,,,,,,,,,,
,,,,,,,,,,,,,,,,,,,,
,,,,,,,,,,,,,,,,,,,,
,,,,,,,,,,,,,,,,,,,,
,,,,,,,,,,,,,,,,,,,,
,,,,,,,,,,,,,,,,,,,,
,,,,,,,,,,,,,,,,,,,,
,,,,,,,,,,,,,,,,,,,,
,,,,,,,,,,,,,,,,,,,,
,,,,,,,,,,,,,,,,,,,,
,,,,,,,,,,,,,,,,,,,,
,,,,,,,,,,,,,,,,,,,,
,,,,,,,,,,,,,,,,,,,,
,,,,,,,,,,,,,,,,,,,,
,,,,,,,,,,,,,,,,,,,,
,,,,,,,,,,,,,,,,,,,,
,,,,,,,,,,,,,,,,,,,,
,,,,,,,,,,,,,,,,,,,,
,,,,,,,,,,,,,,,,,,,,
,,,,,,,,,,,,,,,,,,,,
,,,,,,,,,,,,,,,,,,,,
,,,,,,,,,,,,,,,,,,,,
,,,,,,,,,,,,,,,,,,,,
,,,,,,,,,,,,,,,,,,,,
,,,,,,,,,,,,,,,,,,,,
,,,,,,,,,,,,,,,,,,,,
,,,,,,,,,,,,,,,,,,,,
,,,,,,,,,,,,,,,,,,,,
,,,,,,,,,,,,,,,,,,,,
,,,,,,,,,,,,,,,,,,,,
,,,,,,,,,,,,,,,,,,,,
,,,,,,,,,,,,,,,,,,,,
,,,,,,,,,,,,,,,,,,,,
,,,,,,,,,,,,,,,,,,,,
,,,,,,,,,,,,,,,,,,,,
,,,,,,,,,,,,,,,,,,,,
,,,,,,,,,,,,,,,,,,,,
,,,,,,,,,,,,,,,,,,,,
,,,,,,,,,,,,,,,,,,,,
,,,,,,,,,,,,,,,,,,,,
,,,,,,,,,,,,,,,,,,,,
,,,,,,,,,,,,,,,,,,,,
,,,,,,,,,,,,,,,,,,,,
,,,,,,,,,,,,,,,,,,,,
,,,,,,,,,,,,,,,,,,,,
,,,,,,,,,,,,,,,,,,,,
,,,,,,,,,,,,,,,,,,,,
,,,,,,,,,,,,,,,,,,,,
,,,,,,,,,,,,,,,,,,,,
,,,,,,,,,,,,,,,,,,,,
,,,,,,,,,,,,,,,,,,,,
,,,,,,,,,,,,,,,,,,,,
,,,,,,,,,,,,,,,,,,,,
,,,,,,,,,,,,,,,,,,,,
,,,,,,,,,,,,,,,,,,,,
,,,,,,,,,,,,,,,,,,,,
,,,,,,,,,,,,,,,,,,,,
,,,,,,,,,,,,,,,,,,,,
,,,,,,,,,,,,,,,,,,,,
,,,,,,,,,,,,,,,,,,,,
,,,,,,,,,,,,,,,,,,,,
,,,,,,,,,,,,,,,,,,,,
,,,,,,,,,,,,,,,,,,,,
,,,,,,,,,,,,,,,,,,,,
,,,,,,,,,,,,,,,,,,,,
,,,,,,,,,,,,,,,,,,,,
,,,,,,,,,,,,,,,,,,,,
,,,,,,,,,,,,,,,,,,,,
,,,,,,,,,,,,,,,,,,,,
,,,,,,,,,,,,,,,,,,,,
,,,,,,,,,,,,,,,,,,,,
,,,,,,,,,,,,,,,,,,,,
,,,,,,,,,,,,,,,,,,,,
,,,,,,,,,,,,,,,,,,,,
,,,,,,,,,,,,,,,,,,,,
,,,,,,,,,,,,,,,,,,,,
,,,,,,,,,,,,,,,,,,,,
,,,,,,,,,,,,,,,,,,,,
,,,,,,,,,,,,,,,,,,,,
,,,,,,,,,,,,,,,,,,,,
,,,,,,,,,,,,,,,,,,,,
,,,,,,,,,,,,,,,,,,,,
,,,,,,,,,,,,,,,,,,,,
,,,,,,,,,,,,,,,,,,,,
,,,,,,,,,,,,,,,,,,,,
,,,,,,,,,,,,,,,,,,,,
,,,,,,,,,,,,,,,,,,,,
,,,,,,,,,,,,,,,,,,,,
,,,,,,,,,,,,,,,,,,,,
,,,,,,,,,,,,,,,,,,,,
,,,,,,,,,,,,,,,,,,,,
,,,,,,,,,,,,,,,,,,,,
,,,,,,,,,,,,,,,,,,,,
,,,,,,,,,,,,,,,,,,,,
,,,,,,,,,,,,,,,,,,,,
,,,,,,,,,,,,,,,,,,,,
,,,,,,,,,,,,,,,,,,,,
,,,,,,,,,,,,,,,,,,,,
,,,,,,,,,,,,,,,,,,,,
,,,,,,,,,,,,,,,,,,,,
,,,,,,,,,,,,,,,,,,,,
,,,,,,,,,,,,,,,,,,,,
,,,,,,,,,,,,,,,,,,,,
,,,,,,,,,,,,,,,,,,,,
,,,,,,,,,,,,,,,,,,,,
,,,,,,,,,,,,,,,,,,,,
,,,,,,,,,,,,,,,,,,,,
,,,,,,,,,,,,,,,,,,,,
,,,,,,,,,,,,,,,,,,,,
,,,,,,,,,,,,,,,,,,,,
,,,,,,,,,,,,,,,,,,,,
,,,,,,,,,,,,,,,,,,,,
,,,,,,,,,,,,,,,,,,,,
,,,,,,,,,,,,,,,,,,,,
,,,,,,,,,,,,,,,,,,,,
,,,,,,,,,,,,,,,,,,,,
,,,,,,,,,,,,,,,,,,,,
,,,,,,,,,,,,,,,,,,,,
,,,,,,,,,,,,,,,,,,,,
,,,,,,,,,,,,,,,,,,,,
,,,,,,,,,,,,,,,,,,,,
,,,,,,,,,,,,,,,,,,,,
,,,,,,,,,,,,,,,,,,,,
,,,,,,,,,,,,,,,,,,,,
,,,,,,,,,,,,,,,,,,,,
,,,,,,,,,,,,,,,,,,,,
,,,,,,,,,,,,,,,,,,,,
,,,,,,,,,,,,,,,,,,,,
,,,,,,,,,,,,,,,,,,,,
,,,,,,,,,,,,,,,,,,,,
,,,,,,,,,,,,,,,,,,,,
,,,,,,,,,,,,,,,,,,,,
,,,,,,,,,,,,,,,,,,,,
,,,,,,,,,,,,,,,,,,,,
,,,,,,,,,,,,,,,,,,,,
,,,,,,,,,,,,,,,,,,,,
,,,,,,,,,,,,,,,,,,,,
,,,,,,,,,,,,,,,,,,,,
,,,,,,,,,,,,,,,,,,,,
,,,,,,,,,,,,,,,,,,,,
,,,,,,,,,,,,,,,,,,,,
,,,,,,,,,,,,,,,,,,,,
,,,,,,,,,,,,,,,,,,,,
,,,,,,,,,,,,,,,,,,,,
,,,,,,,,,,,,,,,,,,,,
,,,,,,,,,,,,,,,,,,,,
,,,,,,,,,,,,,,,,,,,,
,,,,,,,,,,,,,,,,,,,,
,,,,,,,,,,,,,,,,,,,,
,,,,,,,,,,,,,,,,,,,,
,,,,,,,,,,,,,,,,,,,,
,,,,,,,,,,,,,,,,,,,,
,,,,,,,,,,,,,,,,,,,,
,,,,,,,,,,,,,,,,,,,,
,,,,,,,,,,,,,,,,,,,,
,,,,,,,,,,,,,,,,,,,,
,,,,,,,,,,,,,,,,,,,,
,,,,,,,,,,,,,,,,,,,,
,,,,,,,,,,,,,,,,,,,,
,,,,,,,,,,,,,,,,,,,,
,,,,,,,,,,,,,,,,,,,,
,,,,,,,,,,,,,,,,,,,,
,,,,,,,,,,,,,,,,,,,,
,,,,,,,,,,,,,,,,,,,,
,,,,,,,,,,,,,,,,,,,,
,,,,,,,,,,,,,,,,,,,,
,,,,,,,,,,,,,,,,,,,,
,,,,,,,,,,,,,,,,,,,,
,,,,,,,,,,,,,,,,,,,,
,,,,,,,,,,,,,,,,,,,,
,,,,,,,,,,,,,,,,,,,,
,,,,,,,,,,,,,,,,,,,,
,,,,,,,,,,,,,,,,,,,,
,,,,,,,,,,,,,,,,,,,,
,,,,,,,,,,,,,,,,,,,,
,,,,,,,,,,,,,,,,,,,,
,,,,,,,,,,,,,,,,,,,,
,,,,,,,,,,,,,,,,,,,,
,,,,,,,,,,,,,,,,,,,,
,,,,,,,,,,,,,,,,,,,,
,,,,,,,,,,,,,,,,,,,,
,,,,,,,,,,,,,,,,,,,,
,,,,,,,,,,,,,,,,,,,,
,,,,,,,,,,,,,,,,,,,,
,,,,,,,,,,,,,,,,,,,,
,,,,,,,,,,,,,,,,,,,,
,,,,,,,,,,,,,,,,,,,,
,,,,,,,,,,,,,,,,,,,,
,,,,,,,,,,,,,,,,,,,,
,,,,,,,,,,,,,,,,,,,,
,,,,,,,,,,,,,,,,,,,,
,,,,,,,,,,,,,,,,,,,,
,,,,,,,,,,,,,,,,,,,,
,,,,,,,,,,,,,,,,,,,,
,,,,,,,,,,,,,,,,,,,,
,,,,,,,,,,,,,,,,,,,,
,,,,,,,,,,,,,,,,,,,,
,,,,,,,,,,,,,,,,,,,,
,,,,,,,,,,,,,,,,,,,,
,,,,,,,,,,,,,,,,,,,,
,,,,,,,,,,,,,,,,,,,,
,,,,,,,,,,,,,,,,,,,,
,,,,,,,,,,,,,,,,,,,,
,,,,,,,,,,,,,,,,,,,,
,,,,,,,,,,,,,,,,,,,,
,,,,,,,,,,,,,,,,,,,,
,,,,,,,,,,,,,,,,,,,,
,,,,,,,,,,,,,,,,,,,,
,,,,,,,,,,,,,,,,,,,,
,,,,,,,,,,,,,,,,,,,,
,,,,,,,,,,,,,,,,,,,,
,,,,,,,,,,,,,,,,,,,,
,,,,,,,,,,,,,,,,,,,,
,,,,,,,,,,,,,,,,,,,,
,,,,,,,,,,,,,,,,,,,,
,,,,,,,,,,,,,,,,,,,,
,,,,,,,,,,,,,,,,,,,,
,,,,,,,,,,,,,,,,,,,,
,,,,,,,,,,,,,,,,,,,,
,,,,,,,,,,,,,,,,,,,,
,,,,,,,,,,,,,,,,,,,,
,,,,,,,,,,,,,,,,,,,,
,,,,,,,,,,,,,,,,,,,,
,,,,,,,,,,,,,,,,,,,,
,,,,,,,,,,,,,,,,,,,,
,,,,,,,,,,,,,,,,,,,,
,,,,,,,,,,,,,,,,,,,,
,,,,,,,,,,,,,,,,,,,,
,,,,,,,,,,,,,,,,,,,,
,,,,,,,,,,,,,,,,,,,,
,,,,,,,,,,,,,,,,,,,,
,,,,,,,,,,,,,,,,,,,,
,,,,,,,,,,,,,,,,,,,,
,,,,,,,,,,,,,,,,,,,,
,,,,,,,,,,,,,,,,,,,,
,,,,,,,,,,,,,,,,,,,,
,,,,,,,,,,,,,,,,,,,,
,,,,,,,,,,,,,,,,,,,,
,,,,,,,,,,,,,,,,,,,,
,,,,,,,,,,,,,,,,,,,,
,,,,,,,,,,,,,,,,,,,,
,,,,,,,,,,,,,,,,,,,,
,,,,,,,,,,,,,,,,,,,,
,,,,,,,,,,,,,,,,,,,,
,,,,,,,,,,,,,,,,,,,,
,,,,,,,,,,,,,,,,,,,,
,,,,,,,,,,,,,,,,,,,,
,,,,,,,,,,,,,,,,,,,,
,,,,,,,,,,,,,,,,,,,,
,,,,,,,,,,,,,,,,,,,,
,,,,,,,,,,,,,,,,,,,,
,,,,,,,,,,,,,,,,,,,,
,,,,,,,,,,,,,,,,,,,,
,,,,,,,,,,,,,,,,,,,,
,,,,,,,,,,,,,,,,,,,,
,,,,,,,,,,,,,,,,,,,,
,,,,,,,,,,,,,,,,,,,,
,,,,,,,,,,,,,,,,,,,,
,,,,,,,,,,,,,,,,,,,,
,,,,,,,,,,,,,,,,,,,,
,,,,,,,,,,,,,,,,,,,,
,,,,,,,,,,,,,,,,,,,,
,,,,,,,,,,,,,,,,,,,,
,,,,,,,,,,,,,,,,,,,,
,,,,,,,,,,,,,,,,,,,,
,,,,,,,,,,,,,,,,,,,,
,,,,,,,,,,,,,,,,,,,,
,,,,,,,,,,,,,,,,,,,,
,,,,,,,,,,,,,,,,,,,,
,,,,,,,,,,,,,,,,,,,,
,,,,,,,,,,,,,,,,,,,,
,,,,,,,,,,,,,,,,,,,,
,,,,,,,,,,,,,,,,,,,,
,,,,,,,,,,,,,,,,,,,,
,,,,,,,,,,,,,,,,,,,,
,,,,,,,,,,,,,,,,,,,,
,,,,,,,,,,,,,,,,,,,,
,,,,,,,,,,,,,,,,,,,,
,,,,,,,,,,,,,,,,,,,,
,,,,,,,,,,,,,,,,,,,,
,,,,,,,,,,,,,,,,,,,,
,,,,,,,,,,,,,,,,,,,,
,,,,,,,,,,,,,,,,,,,,
,,,,,,,,,,,,,,,,,,,,
,,,,,,,,,,,,,,,,,,,,
,,,,,,,,,,,,,,,,,,,,
,,,,,,,,,,,,,,,,,,,,
,,,,,,,,,,,,,,,,,,,,
,,,,,,,,,,,,,,,,,,,,
,,,,,,,,,,,,,,,,,,,,
,,,,,,,,,,,,,,,,,,,,
,,,,,,,,,,,,,,,,,,,,
,,,,,,,,,,,,,,,,,,,,
,,,,,,,,,,,,,,,,,,,,
,,,,,,,,,,,,,,,,,,,,
,,,,,,,,,,,,,,,,,,,,
,,,,,,,,,,,,,,,,,,,,
,,,,,,,,,,,,,,,,,,,,
,,,,,,,,,,,,,,,,,,,,
,,,,,,,,,,,,,,,,,,,,
,,,,,,,,,,,,,,,,,,,,
,,,,,,,,,,,,,,,,,,,,
,,,,,,,,,,,,,,,,,,,,
,,,,,,,,,,,,,,,,,,,,
,,,,,,,,,,,,,,,,,,,,
,,,,,,,,,,,,,,,,,,,,
,,,,,,,,,,,,,,,,,,,,
,,,,,,,,,,,,,,,,,,,,
,,,,,,,,,,,,,,,,,,,,
,,,,,,,,,,,,,,,,,,,,
,,,,,,,,,,,,,,,,,,,,
,,,,,,,,,,,,,,,,,,,,
,,,,,,,,,,,,,,,,,,,,
,,,,,,,,,,,,,,,,,,,,
,,,,,,,,,,,,,,,,,,,,
,,,,,,,,,,,,,,,,,,,,
,,,,,,,,,,,,,,,,,,,,
,,,,,,,,,,,,,,,,,,,,
,,,,,,,,,,,,,,,,,,,,
,,,,,,,,,,,,,,,,,,,,
,,,,,,,,,,,,,,,,,,,,
,,,,,,,,,,,,,,,,,,,,
,,,,,,,,,,,,,,,,,,,,
,,,,,,,,,,,,,,,,,,,,
,,,,,,,,,,,,,,,,,,,,
,,,,,,,,,,,,,,,,,,,,
,,,,,,,,,,,,,,,,,,,,
,,,,,,,,,,,,,,,,,,,,
,,,,,,,,,,,,,,,,,,,,
,,,,,,,,,,,,,,,,,,,,
,,,,,,,,,,,,,,,,,,,,
,,,,,,,,,,,,,,,,,,,,
,,,,,,,,,,,,,,,,,,,,
,,,,,,,,,,,,,,,,,,,,
,,,,,,,,,,,,,,,,,,,,
,,,,,,,,,,,,,,,,,,,,
,,,,,,,,,,,,,,,,,,,,
,,,,,,,,,,,,,,,,,,,,
,,,,,,,,,,,,,,,,,,,,
,,,,,,,,,,,,,,,,,,,,
,,,,,,,,,,,,,,,,,,,,
,,,,,,,,,,,,,,,,,,,,
,,,,,,,,,,,,,,,,,,,,
,,,,,,,,,,,,,,,,,,,,
,,,,,,,,,,,,,,,,,,,,
,,,,,,,,,,,,,,,,,,,,
,,,,,,,,,,,,,,,,,,,,
,,,,,,,,,,,,,,,,,,,,
,,,,,,,,,,,,,,,,,,,,
,,,,,,,,,,,,,,,,,,,,
,,,,,,,,,,,,,,,,,,,,
,,,,,,,,,,,,,,,,,,,,
,,,,,,,,,,,,,,,,,,,,
,,,,,,,,,,,,,,,,,,,,
,,,,,,,,,,,,,,,,,,,,
,,,,,,,,,,,,,,,,,,,,
,,,,,,,,,,,,,,,,,,,,
,,,,,,,,,,,,,,,,,,,,
,,,,,,,,,,,,,,,,,,,,
,,,,,,,,,,,,,,,,,,,,
,,,,,,,,,,,,,,,,,,,,
,,,,,,,,,,,,,,,,,,,,
,,,,,,,,,,,,,,,,,,,,
,,,,,,,,,,,,,,,,,,,,
,,,,,,,,,,,,,,,,,,,,
,,,,,,,,,,,,,,,,,,,,
,,,,,,,,,,,,,,,,,,,,
,,,,,,,,,,,,,,,,,,,,
,,,,,,,,,,,,,,,,,,,,
,,,,,,,,,,,,,,,,,,,,
,,,,,,,,,,,,,,,,,,,,
,,,,,,,,,,,,,,,,,,,,
,,,,,,,,,,,,,,,,,,,,
,,,,,,,,,,,,,,,,,,,,
,,,,,,,,,,,,,,,,,,,,
,,,,,,,,,,,,,,,,,,,,
,,,,,,,,,,,,,,,,,,,,
,,,,,,,,,,,,,,,,,,,,
,,,,,,,,,,,,,,,,,,,,
,,,,,,,,,,,,,,,,,,,,
,,,,,,,,,,,,,,,,,,,,
,,,,,,,,,,,,,,,,,,,,
,,,,,,,,,,,,,,,,,,,,
,,,,,,,,,,,,,,,,,,,,
,,,,,,,,,,,,,,,,,,,,
,,,,,,,,,,,,,,,,,,,,
,,,,,,,,,,,,,,,,,,,,
,,,,,,,,,,,,,,,,,,,,
,,,,,,,,,,,,,,,,,,,,
,,,,,,,,,,,,,,,,,,,,
,,,,,,,,,,,,,,,,,,,,
,,,,,,,,,,,,,,,,,,,,
,,,,,,,,,,,,,,,,,,,,
,,,,,,,,,,,,,,,,,,,,
,,,,,,,,,,,,,,,,,,,,
,,,,,,,,,,,,,,,,,,,,
,,,,,,,,,,,,,,,,,,,,
,,,,,,,,,,,,,,,,,,,,
,,,,,,,,,,,,,,,,,,,,
,,,,,,,,,,,,,,,,,,,,
,,,,,,,,,,,,,,,,,,,,
,,,,,,,,,,,,,,,,,,,,
,,,,,,,,,,,,,,,,,,,,
,,,,,,,,,,,,,,,,,,,,
,,,,,,,,,,,,,,,,,,,,
,,,,,,,,,,,,,,,,,,,,
,,,,,,,,,,,,,,,,,,,,
,,,,,,,,,,,,,,,,,,,,
,,,,,,,,,,,,,,,,,,,,
,,,,,,,,,,,,,,,,,,,,
,,,,,,,,,,,,,,,,,,,,
,,,,,,,,,,,,,,,,,,,,
,,,,,,,,,,,,,,,,,,,,
,,,,,,,,,,,,,,,,,,,,
,,,,,,,,,,,,,,,,,,,,
,,,,,,,,,,,,,,,,,,,,
,,,,,,,,,,,,,,,,,,,,
,,,,,,,,,,,,,,,,,,,,
,,,,,,,,,,,,,,,,,,,,
,,,,,,,,,,,,,,,,,,,,
,,,,,,,,,,,,,,,,,,,,
,,,,,,,,,,,,,,,,,,,,
,,,,,,,,,,,,,,,,,,,,
,,,,,,,,,,,,,,,,,,,,
,,,,,,,,,,,,,,,,,,,,
,,,,,,,,,,,,,,,,,,,,
,,,,,,,,,,,,,,,,,,,,
,,,,,,,,,,,,,,,,,,,,
,,,,,,,,,,,,,,,,,,,,
,,,,,,,,,,,,,,,,,,,,
,,,,,,,,,,,,,,,,,,,,
,,,,,,,,,,,,,,,,,,,,
,,,,,,,,,,,,,,,,,,,,
,,,,,,,,,,,,,,,,,,,,
,,,,,,,,,,,,,,,,,,,,
,,,,,,,,,,,,,,,,,,,,
,,,,,,,,,,,,,,,,,,,,
,,,,,,,,,,,,,,,,,,,,
,,,,,,,,,,,,,,,,,,,,
,,,,,,,,,,,,,,,,,,,,
,,,,,,,,,,,,,,,,,,,,
,,,,,,,,,,,,,,,,,,,,
,,,,,,,,,,,,,,,,,,,,
,,,,,,,,,,,,,,,,,,,,
,,,,,,,,,,,,,,,,,,,,
,,,,,,,,,,,,,,,,,,,,
,,,,,,,,,,,,,,,,,,,,
,,,,,,,,,,,,,,,,,,,,
,,,,,,,,,,,,,,,,,,,,
,,,,,,,,,,,,,,,,,,,,
,,,,,,,,,,,,,,,,,,,,
,,,,,,,,,,,,,,,,,,,,
,,,,,,,,,,,,,,,,,,,,
,,,,,,,,,,,,,,,,,,,,
,,,,,,,,,,,,,,,,,,,,
,,,,,,,,,,,,,,,,,,,,
,,,,,,,,,,,,,,,,,,,,
,,,,,,,,,,,,,,,,,,,,
,,,,,,,,,,,,,,,,,,,,
,,,,,,,,,,,,,,,,,,,,
,,,,,,,,,,,,,,,,,,,,
,,,,,,,,,,,,,,,,,,,,
,,,,,,,,,,,,,,,,,,,,
,,,,,,,,,,,,,,,,,,,,
,,,,,,,,,,,,,,,,,,,,
,,,,,,,,,,,,,,,,,,,,
,,,,,,,,,,,,,,,,,,,,
,,,,,,,,,,,,,,,,,,,,
,,,,,,,,,,,,,,,,,,,,
,,,,,,,,,,,,,,,,,,,,
,,,,,,,,,,,,,,,,,,,,
,,,,,,,,,,,,,,,,,,,,
,,,,,,,,,,,,,,,,,,,,
,,,,,,,,,,,,,,,,,,,,
,,,,,,,,,,,,,,,,,,,,
,,,,,,,,,,,,,,,,,,,,
,,,,,,,,,,,,,,,,,,,,
,,,,,,,,,,,,,,,,,,,,
,,,,,,,,,,,,,,,,,,,,
,,,,,,,,,,,,,,,,,,,,
,,,,,,,,,,,,,,,,,,,,
,,,,,,,,,,,,,,,,,,,,
,,,,,,,,,,,,,,,,,,,,
,,,,,,,,,,,,,,,,,,,,
,,,,,,,,,,,,,,,,,,,,
,,,,,,,,,,,,,,,,,,,,
,,,,,,,,,,,,,,,,,,,,
,,,,,,,,,,,,,,,,,,,,
,,,,,,,,,,,,,,,,,,,,
,,,,,,,,,,,,,,,,,,,,
,,,,,,,,,,,,,,,,,,,,
,,,,,,,,,,,,,,,,,,,,
,,,,,,,,,,,,,,,,,,,,
,,,,,,,,,,,,,,,,,,,,
,,,,,,,,,,,,,,,,,,,,
,,,,,,,,,,,,,,,,,,,,
,,,,,,,,,,,,,,,,,,,,
,,,,,,,,,,,,,,,,,,,,
,,,,,,,,,,,,,,,,,,,,
,,,,,,,,,,,,,,,,,,,,
,,,,,,,,,,,,,,,,,,,,
,,,,,,,,,,,,,,,,,,,,
,,,,,,,,,,,,,,,,,,,,
,,,,,,,,,,,,,,,,,,,,
,,,,,,,,,,,,,,,,,,,,
,,,,,,,,,,,,,,,,,,,,
,,,,,,,,,,,,,,,,,,,,
,,,,,,,,,,,,,,,,,,,,
,,,,,,,,,,,,,,,,,,,,
,,,,,,,,,,,,,,,,,,,,
,,,,,,,,,,,,,,,,,,,,
,,,,,,,,,,,,,,,,,,,,
,,,,,,,,,,,,,,,,,,,,
,,,,,,,,,,,,,,,,,,,,
,,,,,,,,,,,,,,,,,,,,
,,,,,,,,,,,,,,,,,,,,
,,,,,,,,,,,,,,,,,,,,
,,,,,,,,,,,,,,,,,,,,
,,,,,,,,,,,,,,,,,,,,
,,,,,,,,,,,,,,,,,,,,
,,,,,,,,,,,,,,,,,,,,
,,,,,,,,,,,,,,,,,,,,
,,,,,,,,,,,,,,,,,,,,
,,,,,,,,,,,,,,,,,,,,
,,,,,,,,,,,,,,,,,,,,
,,,,,,,,,,,,,,,,,,,,
,,,,,,,,,,,,,,,,,,,,
,,,,,,,,,,,,,,,,,,,,
,,,,,,,,,,,,,,,,,,,,
,,,,,,,,,,,,,,,,,,,,
,,,,,,,,,,,,,,,,,,,,
,,,,,,,,,,,,,,,,,,,,
,,,,,,,,,,,,,,,,,,,,
,,,,,,,,,,,,,,,,,,,,
,,,,,,,,,,,,,,,,,,,,
,,,,,,,,,,,,,,,,,,,,
,,,,,,,,,,,,,,,,,,,,
,,,,,,,,,,,,,,,,,,,,
,,,,,,,,,,,,,,,,,,,,
,,,,,,,,,,,,,,,,,,,,
,,,,,,,,,,,,,,,,,,,,
,,,,,,,,,,,,,,,,,,,,
,,,,,,,,,,,,,,,,,,,,
,,,,,,,,,,,,,,,,,,,,
,,,,,,,,,,,,,,,,,,,,
,,,,,,,,,,,,,,,,,,,,
,,,,,,,,,,,,,,,,,,,,
,,,,,,,,,,,,,,,,,,,,
,,,,,,,,,,,,,,,,,,,,
,,,,,,,,,,,,,,,,,,,,
,,,,,,,,,,,,,,,,,,,,
,,,,,,,,,,,,,,,,,,,,
,,,,,,,,,,,,,,,,,,,,
,,,,,,,,,,,,,,,,,,,,
,,,,,,,,,,,,,,,,,,,,
,,,,,,,,,,,,,,,,,,,,
,,,,,,,,,,,,,,,,,,,,
,,,,,,,,,,,,,,,,,,,,
,,,,,,,,,,,,,,,,,,,,
,,,,,,,,,,,,,,,,,,,,
,,,,,,,,,,,,,,,,,,,,
,,,,,,,,,,,,,,,,,,,,
,,,,,,,,,,,,,,,,,,,,
,,,,,,,,,,,,,,,,,,,,
,,,,,,,,,,,,,,,,,,,,
,,,,,,,,,,,,,,,,,,,,
,,,,,,,,,,,,,,,,,,,,
,,,,,,,,,,,,,,,,,,,,
,,,,,,,,,,,,,,,,,,,,
,,,,,,,,,,,,,,,,,,,,
,,,,,,,,,,,,,,,,,,,,
,,,,,,,,,,,,,,,,,,,,
,,,,,,,,,,,,,,,,,,,,
,,,,,,,,,,,,,,,,,,,,
,,,,,,,,,,,,,,,,,,,,
,,,,,,,,,,,,,,,,,,,,
,,,,,,,,,,,,,,,,,,,,
,,,,,,,,,,,,,,,,,,,,
,,,,,,,,,,,,,,,,,,,,
,,,,,,,,,,,,,,,,,,,,
,,,,,,,,,,,,,,,,,,,,
,,,,,,,,,,,,,,,,,,,,
,,,,,,,,,,,,,,,,,,,,
,,,,,,,,,,,,,,,,,,,,
,,,,,,,,,,,,,,,,,,,,
,,,,,,,,,,,,,,,,,,,,
,,,,,,,,,,,,,,,,,,,,
,,,,,,,,,,,,,,,,,,,,
,,,,,,,,,,,,,,,,,,,,
,,,,,,,,,,,,,,,,,,,,
,,,,,,,,,,,,,,,,,,,,
,,,,,,,,,,,,,,,,,,,,
,,,,,,,,,,,,,,,,,,,,
,,,,,,,,,,,,,,,,,,,,
,,,,,,,,,,,,,,,,,,,,
,,,,,,,,,,,,,,,,,,,,
,,,,,,,,,,,,,,,,,,,,
,,,,,,,,,,,,,,,,,,,,
,,,,,,,,,,,,,,,,,,,,
,,,,,,,,,,,,,,,,,,,,
,,,,,,,,,,,,,,,,,,,,
,,,,,,,,,,,,,,,,,,,,
,,,,,,,,,,,,,,,,,,,,
,,,,,,,,,,,,,,,,,,,,
,,,,,,,,,,,,,,,,,,,,
,,,,,,,,,,,,,,,,,,,,
,,,,,,,,,,,,,,,,,,,,
,,,,,,,,,,,,,,,,,,,,
,,,,,,,,,,,,,,,,,,,,
,,,,,,,,,,,,,,,,,,,,
,,,,,,,,,,,,,,,,,,,,
,,,,,,,,,,,,,,,,,,,,
,,,,,,,,,,,,,,,,,,,,
,,,,,,,,,,,,,,,,,,,,
,,,,,,,,,,,,,,,,,,,,
,,,,,,,,,,,,,,,,,,,,
,,,,,,,,,,,,,,,,,,,,
,,,,,,,,,,,,,,,,,,,,
,,,,,,,,,,,,,,,,,,,,
,,,,,,,,,,,,,,,,,,,,
,,,,,,,,,,,,,,,,,,,,
,,,,,,,,,,,,,,,,,,,,
,,,,,,,,,,,,,,,,,,,,
,,,,,,,,,,,,,,,,,,,,
,,,,,,,,,,,,,,,,,,,,
,,,,,,,,,,,,,,,,,,,,
,,,,,,,,,,,,,,,,,,,,
,,,,,,,,,,,,,,,,,,,,
,,,,,,,,,,,,,,,,,,,,
,,,,,,,,,,,,,,,,,,,,
,,,,,,,,,,,,,,,,,,,,
,,,,,,,,,,,,,,,,,,,,
,,,,,,,,,,,,,,,,,,,,
,,,,,,,,,,,,,,,,,,,,
,,,,,,,,,,,,,,,,,,,,
,,,,,,,,,,,,,,,,,,,,
,,,,,,,,,,,,,,,,,,,,
,,,,,,,,,,,,,,,,,,,,
,,,,,,,,,,,,,,,,,,,,
,,,,,,,,,,,,,,,,,,,,
,,,,,,,,,,,,,,,,,,,,
,,,,,,,,,,,,,,,,,,,,
,,,,,,,,,,,,,,,,,,,,
,,,,,,,,,,,,,,,,,,,,
,,,,,,,,,,,,,,,,,,,,
,,,,,,,,,,,,,,,,,,,,
,,,,,,,,,,,,,,,,,,,,
,,,,,,,,,,,,,,,,,,,,
,,,,,,,,,,,,,,,,,,,,
,,,,,,,,,,,,,,,,,,,,
,,,,,,,,,,,,,,,,,,,,
,,,,,,,,,,,,,,,,,,,,
,,,,,,,,,,,,,,,,,,,,
,,,,,,,,,,,,,,,,,,,,
,,,,,,,,,,,,,,,,,,,,
,,,,,,,,,,,,,,,,,,,,
,,,,,,,,,,,,,,,,,,,,
,,,,,,,,,,,,,,,,,,,,
,,,,,,,,,,,,,,,,,,,,
,,,,,,,,,,,,,,,,,,,,
,,,,,,,,,,,,,,,,,,,,
,,,,,,,,,,,,,,,,,,,,
,,,,,,,,,,,,,,,,,,,,
,,,,,,,,,,,,,,,,,,,,
,,,,,,,,,,,,,,,,,,,,
,,,,,,,,,,,,,,,,,,,,
,,,,,,,,,,,,,,,,,,,,
,,,,,,,,,,,,,,,,,,,,
,,,,,,,,,,,,,,,,,,,,
,,,,,,,,,,,,,,,,,,,,
,,,,,,,,,,,,,,,,,,,,
,,,,,,,,,,,,,,,,,,,,
,,,,,,,,,,,,,,,,,,,,
,,,,,,,,,,,,,,,,,,,,
,,,,,,,,,,,,,,,,,,,,
,,,,,,,,,,,,,,,,,,,,
,,,,,,,,,,,,,,,,,,,,
,,,,,,,,,,,,,,,,,,,,
,,,,,,,,,,,,,,,,,,,,
,,,,,,,,,,,,,,,,,,,,
,,,,,,,,,,,,,,,,,,,,
,,,,,,,,,,,,,,,,,,,,
,,,,,,,,,,,,,,,,,,,,
,,,,,,,,,,,,,,,,,,,,
,,,,,,,,,,,,,,,,,,,,
,,,,,,,,,,,,,,,,,,,,
,,,,,,,,,,,,,,,,,,,,
,,,,,,,,,,,,,,,,,,,,
,,,,,,,,,,,,,,,,,,,,
,,,,,,,,,,,,,,,,,,,,
,,,,,,,,,,,,,,,,,,,,
,,,,,,,,,,,,,,,,,,,,
,,,,,,,,,,,,,,,,,,,,
,,,,,,,,,,,,,,,,,,,,
,,,,,,,,,,,,,,,,,,,,
,,,,,,,,,,,,,,,,,,,,
,,,,,,,,,,,,,,,,,,,,
,,,,,,,,,,,,,,,,,,,,
,,,,,,,,,,,,,,,,,,,,
,,,,,,,,,,,,,,,,,,,,
,,,,,,,,,,,,,,,,,,,,
,,,,,,,,,,,,,,,,,,,,
,,,,,,,,,,,,,,,,,,,,
,,,,,,,,,,,,,,,,,,,,
,,,,,,,,,,,,,,,,,,,,
,,,,,,,,,,,,,,,,,,,,
,,,,,,,,,,,,,,,,,,,,
,,,,,,,,,,,,,,,,,,,,
,,,,,,,,,,,,,,,,,,,,
,,,,,,,,,,,,,,,,,,,,
,,,,,,,,,,,,,,,,,,,,
,,,,,,,,,,,,,,,,,,,,
,,,,,,,,,,,,,,,,,,,,
,,,,,,,,,,,,,,,,,,,,
,,,,,,,,,,,,,,,,,,,,
,,,,,,,,,,,,,,,,,,,,
,,,,,,,,,,,,,,,,,,,,
,,,,,,,,,,,,,,,,,,,,
,,,,,,,,,,,,,,,,,,,,
,,,,,,,,,,,,,,,,,,,,
,,,,,,,,,,,,,,,,,,,,
,,,,,,,,,,,,,,,,,,,,
,,,,,,,,,,,,,,,,,,,,
,,,,,,,,,,,,,,,,,,,,
,,,,,,,,,,,,,,,,,,,,
,,,,,,,,,,,,,,,,,,,,
,,,,,,,,,,,,,,,,,,,,
,,,,,,,,,,,,,,,,,,,,
,,,,,,,,,,,,,,,,,,,,
,,,,,,,,,,,,,,,,,,,,
,,,,,,,,,,,,,,,,,,,,
,,,,,,,,,,,,,,,,,,,,
,,,,,,,,,,,,,,,,,,,,
,,,,,,,,,,,,,,,,,,,,
,,,,,,,,,,,,,,,,,,,,
,,,,,,,,,,,,,,,,,,,,
,,,,,,,,,,,,,,,,,,,,
,,,,,,,,,,,,,,,,,,,,
,,,,,,,,,,,,,,,,,,,,
,,,,,,,,,,,,,,,,,,,,
,,,,,,,,,,,,,,,,,,,,
,,,,,,,,,,,,,,,,,,,,
,,,,,,,,,,,,,,,,,,,,
,,,,,,,,,,,,,,,,,,,,
,,,,,,,,,,,,,,,,,,,,
,,,,,,,,,,,,,,,,,,,,
,,,,,,,,,,,,,,,,,,,,
,,,,,,,,,,,,,,,,,,,,
,,,,,,,,,,,,,,,,,,,,
,,,,,,,,,,,,,,,,,,,,
,,,,,,,,,,,,,,,,,,,,
,,,,,,,,,,,,,,,,,,,,
,,,,,,,,,,,,,,,,,,,,
,,,,,,,,,,,,,,,,,,,,
,,,,,,,,,,,,,,,,,,,,
,,,,,,,,,,,,,,,,,,,,
,,,,,,,,,,,,,,,,,,,,
,,,,,,,,,,,,,,,,,,,,
,,,,,,,,,,,,,,,,,,,,
,,,,,,,,,,,,,,,,,,,,
,,,,,,,,,,,,,,,,,,,,
,,,,,,,,,,,,,,,,,,,,
,,,,,,,,,,,,,,,,,,,,
,,,,,,,,,,,,,,,,,,,,
,,,,,,,,,,,,,,,,,,,,
,,,,,,,,,,,,,,,,,,,,
,,,,,,,,,,,,,,,,,,,,
,,,,,,,,,,,,,,,,,,,,
,,,,,,,,,,,,,,,,,,,,
,,,,,,,,,,,,,,,,,,,,
,,,,,,,,,,,,,,,,,,,,
,,,,,,,,,,,,,,,,,,,,
,,,,,,,,,,,,,,,,,,,,
,,,,,,,,,,,,,,,,,,,,
,,,,,,,,,,,,,,,,,,,,
,,,,,,,,,,,,,,,,,,,,
,,,,,,,,,,,,,,,,,,,,
,,,,,,,,,,,,,,,,,,,,
,,,,,,,,,,,,,,,,,,,,
,,,,,,,,,,,,,,,,,,,,
,,,,,,,,,,,,,,,,,,,,
,,,,,,,,,,,,,,,,,,,,
,,,,,,,,,,,,,,,,,,,,
,,,,,,,,,,,,,,,,,,,,
,,,,,,,,,,,,,,,,,,,,
,,,,,,,,,,,,,,,,,,,,
,,,,,,,,,,,,,,,,,,,,
,,,,,,,,,,,,,,,,,,,,
,,,,,,,,,,,,,,,,,,,,
,,,,,,,,,,,,,,,,,,,,
,,,,,,,,,,,,,,,,,,,,
,,,,,,,,,,,,,,,,,,,,
,,,,,,,,,,,,,,,,,,,,
,,,,,,,,,,,,,,,,,,,,
,,,,,,,,,,,,,,,,,,,,
,,,,,,,,,,,,,,,,,,,,
,,,,,,,,,,,,,,,,,,,,
,,,,,,,,,,,,,,,,,,,,
,,,,,,,,,,,,,,,,,,,,
,,,,,,,,,,,,,,,,,,,,
,,,,,,,,,,,,,,,,,,,,
,,,,,,,,,,,,,,,,,,,,
,,,,,,,,,,,,,,,,,,,,
,,,,,,,,,,,,,,,,,,,,
,,,,,,,,,,,,,,,,,,,,
,,,,,,,,,,,,,,,,,,,,
,,,,,,,,,,,,,,,,,,,,
,,,,,,,,,,,,,,,,,,,,
,,,,,,,,,,,,,,,,,,,,
,,,,,,,,,,,,,,,,,,,,
,,,,,,,,,,,,,,,,,,,,
,,,,,,,,,,,,,,,,,,,,
,,,,,,,,,,,,,,,,,,,,
,,,,,,,,,,,,,,,,,,,,
,,,,,,,,,,,,,,,,,,,,
,,,,,,,,,,,,,,,,,,,,
,,,,,,,,,,,,,,,,,,,,
,,,,,,,,,,,,,,,,,,,,
,,,,,,,,,,,,,,,,,,,,
,,,,,,,,,,,,,,,,,,,,
,,,,,,,,,,,,,,,,,,,,
,,,,,,,,,,,,,,,,,,,,
,,,,,,,,,,,,,,,,,,,,
,,,,,,,,,,,,,,,,,,,,
,,,,,,,,,,,,,,,,,,,,
,,,,,,,,,,,,,,,,,,,,
,,,,,,,,,,,,,,,,,,,,
,,,,,,,,,,,,,,,,,,,,
,,,,,,,,,,,,,,,,,,,,
,,,,,,,,,,,,,,,,,,,,
,,,,,,,,,,,,,,,,,,,,
,,,,,,,,,,,,,,,,,,,,
,,,,,,,,,,,,,,,,,,,,
,,,,,,,,,,,,,,,,,,,,
,,,,,,,,,,,,,,,,,,,,
,,,,,,,,,,,,,,,,,,,,
,,,,,,,,,,,,,,,,,,,,
,,,,,,,,,,,,,,,,,,,,
,,,,,,,,,,,,,,,,,,,,
,,,,,,,,,,,,,,,,,,,,
,,,,,,,,,,,,,,,,,,,,
,,,,,,,,,,,,,,,,,,,,
,,,,,,,,,,,,,,,,,,,,
,,,,,,,,,,,,,,,,,,,,
,,,,,,,,,,,,,,,,,,,,
,,,,,,,,,,,,,,,,,,,,
,,,,,,,,,,,,,,,,,,,,
,,,,,,,,,,,,,,,,,,,,
,,,,,,,,,,,,,,,,,,,,
,,,,,,,,,,,,,,,,,,,,
,,,,,,,,,,,,,,,,,,,,
,,,,,,,,,,,,,,,,,,,,
,,,,,,,,,,,,,,,,,,,,
,,,,,,,,,,,,,,,,,,,,
,,,,,,,,,,,,,,,,,,,,
,,,,,,,,,,,,,,,,,,,,
,,,,,,,,,,,,,,,,,,,,
,,,,,,,,,,,,,,,,,,,,
,,,,,,,,,,,,,,,,,,,,
,,,,,,,,,,,,,,,,,,,,
,,,,,,,,,,,,,,,,,,,,
,,,,,,,,,,,,,,,,,,,,
,,,,,,,,,,,,,,,,,,,,
,,,,,,,,,,,,,,,,,,,,
,,,,,,,,,,,,,,,,,,,,
,,,,,,,,,,,,,,,,,,,,
,,,,,,,,,,,,,,,,,,,,
,,,,,,,,,,,,,,,,,,,,
,,,,,,,,,,,,,,,,,,,,
,,,,,,,,,,,,,,,,,,,,
,,,,,,,,,,,,,,,,,,,,
,,,,,,,,,,,,,,,,,,,,
,,,,,,,,,,,,,,,,,,,,
,,,,,,,,,,,,,,,,,,,,
,,,,,,,,,,,,,,,,,,,,
,,,,,,,,,,,,,,,,,,,,
,,,,,,,,,,,,,,,,,,,,
,,,,,,,,,,,,,,,,,,,,
,,,,,,,,,,,,,,,,,,,,
,,,,,,,,,,,,,,,,,,,,
,,,,,,,,,,,,,,,,,,,,
,,,,,,,,,,,,,,,,,,,,
,,,,,,,,,,,,,,,,,,,,
,,,,,,,,,,,,,,,,,,,,
,,,,,,,,,,,,,,,,,,,,
,,,,,,,,,,,,,,,,,,,,
,,,,,,,,,,,,,,,,,,,,
,,,,,,,,,,,,,,,,,,,,
,,,,,,,,,,,,,,,,,,,,
,,,,,,,,,,,,,,,,,,,,
,,,,,,,,,,,,,,,,,,,,
,,,,,,,,,,,,,,,,,,,,
,,,,,,,,,,,,,,,,,,,,
,,,,,,,,,,,,,,,,,,,,
,,,,,,,,,,,,,,,,,,,,
,,,,,,,,,,,,,,,,,,,,
,,,,,,,,,,,,,,,,,,,,
,,,,,,,,,,,,,,,,,,,,
,,,,,,,,,,,,,,,,,,,,
,,,,,,,,,,,,,,,,,,,,
,,,,,,,,,,,,,,,,,,,,
,,,,,,,,,,,,,,,,,,,,
,,,,,,,,,,,,,,,,,,,,
,,,,,,,,,,,,,,,,,,,,
,,,,,,,,,,,,,,,,,,,,
,,,,,,,,,,,,,,,,,,,,
,,,,,,,,,,,,,,,,,,,,
,,,,,,,,,,,,,,,,,,,,
,,,,,,,,,,,,,,,,,,,,
,,,,,,,,,,,,,,,,,,,,
,,,,,,,,,,,,,,,,,,,,
,,,,,,,,,,,,,,,,,,,,
,,,,,,,,,,,,,,,,,,,,
,,,,,,,,,,,,,,,,,,,,
,,,,,,,,,,,,,,,,,,,,
,,,,,,,,,,,,,,,,,,,,
,,,,,,,,,,,,,,,,,,,,
,,,,,,,,,,,,,,,,,,,,
,,,,,,,,,,,,,,,,,,,,
,,,,,,,,,,,,,,,,,,,,
,,,,,,,,,,,,,,,,,,,,
,,,,,,,,,,,,,,,,,,,,
,,,,,,,,,,,,,,,,,,,,
,,,,,,,,,,,,,,,,,,,,
,,,,,,,,,,,,,,,,,,,,
,,,,,,,,,,,,,,,,,,,,
,,,,,,,,,,,,,,,,,,,,
,,,,,,,,,,,,,,,,,,,,
,,,,,,,,,,,,,,,,,,,,
,,,,,,,,,,,,,,,,,,,,
,,,,,,,,,,,,,,,,,,,,
,,,,,,,,,,,,,,,,,,,,
,,,,,,,,,,,,,,,,,,,,
,,,,,,,,,,,,,,,,,,,,
,,,,,,,,,,,,,,,,,,,,
,,,,,,,,,,,,,,,,,,,,
,,,,,,,,,,,,,,,,,,,,
,,,,,,,,,,,,,,,,,,,,
,,,,,,,,,,,,,,,,,,,,
,,,,,,,,,,,,,,,,,,,,
,,,,,,,,,,,,,,,,,,,,
,,,,,,,,,,,,,,,,,,,,
,,,,,,,,,,,,,,,,,,,,
,,,,,,,,,,,,,,,,,,,,
,,,,,,,,,,,,,,,,,,,,
,,,,,,,,,,,,,,,,,,,,
,,,,,,,,,,,,,,,,,,,,
,,,,,,,,,,,,,,,,,,,,
,,,,,,,,,,,,,,,,,,,,
,,,,,,,,,,,,,,,,,,,,
,,,,,,,,,,,,,,,,,,,,
,,,,,,,,,,,,,,,,,,,,
,,,,,,,,,,,,,,,,,,,,
,,,,,,,,,,,,,,,,,,,,
,,,,,,,,,,,,,,,,,,,,
,,,,,,,,,,,,,,,,,,,,
,,,,,,,,,,,,,,,,,,,,
,,,,,,,,,,,,,,,,,,,,
,,,,,,,,,,,,,,,,,,,,
,,,,,,,,,,,,,,,,,,,,
,,,,,,,,,,,,,,,,,,,,
,,,,,,,,,,,,,,,,,,,,
,,,,,,,,,,,,,,,,,,,,
,,,,,,,,,,,,,,,,,,,,
,,,,,,,,,,,,,,,,,,,,
,,,,,,,,,,,,,,,,,,,,
,,,,,,,,,,,,,,,,,,,,
,,,,,,,,,,,,,,,,,,,,
,,,,,,,,,,,,,,,,,,,,
,,,,,,,,,,,,,,,,,,,,
,,,,,,,,,,,,,,,,,,,,
,,,,,,,,,,,,,,,,,,,,
,,,,,,,,,,,,,,,,,,,,
,,,,,,,,,,,,,,,,,,,,
,,,,,,,,,,,,,,,,,,,,
,,,,,,,,,,,,,,,,,,,,
,,,,,,,,,,,,,,,,,,,,
,,,,,,,,,,,,,,,,,,,,
,,,,,,,,,,,,,,,,,,,,
,,,,,,,,,,,,,,,,,,,,
,,,,,,,,,,,,,,,,,,,,
,,,,,,,,,,,,,,,,,,,,
,,,,,,,,,,,,,,,,,,,,
,,,,,,,,,,,,,,,,,,,,
,,,,,,,,,,,,,,,,,,,,
,,,,,,,,,,,,,,,,,,,,
,,,,,,,,,,,,,,,,,,,,
,,,,,,,,,,,,,,,,,,,,
,,,,,,,,,,,,,,,,,,,,
,,,,,,,,,,,,,,,,,,,,
,,,,,,,,,,,,,,,,,,,,
,,,,,,,,,,,,,,,,,,,,
,,,,,,,,,,,,,,,,,,,,
,,,,,,,,,,,,,,,,,,,,
,,,,,,,,,,,,,,,,,,,,
,,,,,,,,,,,,,,,,,,,,
,,,,,,,,,,,,,,,,,,,,
,,,,,,,,,,,,,,,,,,,,
,,,,,,,,,,,,,,,,,,,,
,,,,,,,,,,,,,,,,,,,,
,,,,,,,,,,,,,,,,,,,,
,,,,,,,,,,,,,,,,,,,,
,,,,,,,,,,,,,,,,,,,,
,,,,,,,,,,,,,,,,,,,,
,,,,,,,,,,,,,,,,,,,,
,,,,,,,,,,,,,,,,,,,,
,,,,,,,,,,,,,,,,,,,,
,,,,,,,,,,,,,,,,,,,,
,,,,,,,,,,,,,,,,,,,,
,,,,,,,,,,,,,,,,,,,,
,,,,,,,,,,,,,,,,,,,,
,,,,,,,,,,,,,,,,,,,,
,,,,,,,,,,,,,,,,,,,,
,,,,,,,,,,,,,,,,,,,,
,,,,,,,,,,,,,,,,,,,,
,,,,,,,,,,,,,,,,,,,,
,,,,,,,,,,,,,,,,,,,,
,,,,,,,,,,,,,,,,,,,,
,,,,,,,,,,,,,,,,,,,,
,,,,,,,,,,,,,,,,,,,,
,,,,,,,,,,,,,,,,,,,,
,,,,,,,,,,,,,,,,,,,,
,,,,,,,,,,,,,,,,,,,,
,,,,,,,,,,,,,,,,,,,,
,,,,,,,,,,,,,,,,,,,,
,,,,,,,,,,,,,,,,,,,,
,,,,,,,,,,,,,,,,,,,,
,,,,,,,,,,,,,,,,,,,,
,,,,,,,,,,,,,,,,,,,,
,,,,,,,,,,,,,,,,,,,,
,,,,,,,,,,,,,,,,,,,,
,,,,,,,,,,,,,,,,,,,,
,,,,,,,,,,,,,,,,,,,,
,,,,,,,,,,,,,,,,,,,,
,,,,,,,,,,,,,,,,,,,,
,,,,,,,,,,,,,,,,,,,,
,,,,,,,,,,,,,,,,,,,,
,,,,,,,,,,,,,,,,,,,,
,,,,,,,,,,,,,,,,,,,,
,,,,,,,,,,,,,,,,,,,,
,,,,,,,,,,,,,,,,,,,,
,,,,,,,,,,,,,,,,,,,,
,,,,,,,,,,,,,,,,,,,,
,,,,,,,,,,,,,,,,,,,,
,,,,,,,,,,,,,,,,,,,,
,,,,,,,,,,,,,,,,,,,,
,,,,,,,,,,,,,,,,,,,,
,,,,,,,,,,,,,,,,,,,,
,,,,,,,,,,,,,,,,,,,,
,,,,,,,,,,,,,,,,,,,,
,,,,,,,,,,,,,,,,,,,,
,,,,,,,,,,,,,,,,,,,,
,,,,,,,,,,,,,,,,,,,,
,,,,,,,,,,,,,,,,,,,,
,,,,,,,,,,,,,,,,,,,,
,,,,,,,,,,,,,,,,,,,,
,,,,,,,,,,,,,,,,,,,,
,,,,,,,,,,,,,,,,,,,,
,,,,,,,,,,,,,,,,,,,,
,,,,,,,,,,,,,,,,,,,,
,,,,,,,,,,,,,,,,,,,,
,,,,,,,,,,,,,,,,,,,,
,,,,,,,,,,,,,,,,,,,,
,,,,,,,,,,,,,,,,,,,,
,,,,,,,,,,,,,,,,,,,,
,,,,,,,,,,,,,,,,,,,,
,,,,,,,,,,,,,,,,,,,,
,,,,,,,,,,,,,,,,,,,,
,,,,,,,,,,,,,,,,,,,,
,,,,,,,,,,,,,,,,,,,,
,,,,,,,,,,,,,,,,,,,,
,,,,,,,,,,,,,,,,,,,,
,,,,,,,,,,,,,,,,,,,,
,,,,,,,,,,,,,,,,,,,,
,,,,,,,,,,,,,,,,,,,,
,,,,,,,,,,,,,,,,,,,,
,,,,,,,,,,,,,,,,,,,,
,,,,,,,,,,,,,,,,,,,,
,,,,,,,,,,,,,,,,,,,,
,,,,,,,,,,,,,,,,,,,,
,,,,,,,,,,,,,,,,,,,,
,,,,,,,,,,,,,,,,,,,,
,,,,,,,,,,,,,,,,,,,,
,,,,,,,,,,,,,,,,,,,,
,,,,,,,,,,,,,,,,,,,,
,,,,,,,,,,,,,,,,,,,,
,,,,,,,,,,,,,,,,,,,,
,,,,,,,,,,,,,,,,,,,,
,,,,,,,,,,,,,,,,,,,,
,,,,,,,,,,,,,,,,,,,,
,,,,,,,,,,,,,,,,,,,,
,,,,,,,,,,,,,,,,,,,,
,,,,,,,,,,,,,,,,,,,,
,,,,,,,,,,,,,,,,,,,,
,,,,,,,,,,,,,,,,,,,,
,,,,,,,,,,,,,,,,,,,,
,,,,,,,,,,,,,,,,,,,,
,,,,,,,,,,,,,,,,,,,,
,,,,,,,,,,,,,,,,,,,,
,,,,,,,,,,,,,,,,,,,,
,,,,,,,,,,,,,,,,,,,,
,,,,,,,,,,,,,,,,,,,,
,,,,,,,,,,,,,,,,,,,,
,,,,,,,,,,,,,,,,,,,,
,,,,,,,,,,,,,,,,,,,,
,,,,,,,,,,,,,,,,,,,,
,,,,,,,,,,,,,,,,,,,,
,,,,,,,,,,,,,,,,,,,,
,,,,,,,,,,,,,,,,,,,,
,,,,,,,,,,,,,,,,,,,,
,,,,,,,,,,,,,,,,,,,,
,,,,,,,,,,,,,,,,,,,,
,,,,,,,,,,,,,,,,,,,,
,,,,,,,,,,,,,,,,,,,,
,,,,,,,,,,,,,,,,,,,,
,,,,,,,,,,,,,,,,,,,,
,,,,,,,,,,,,,,,,,,,,
,,,,,,,,,,,,,,,,,,,,
,,,,,,,,,,,,,,,,,,,,
,,,,,,,,,,,,,,,,,,,,
,,,,,,,,,,,,,,,,,,,,
,,,,,,,,,,,,,,,,,,,,
,,,,,,,,,,,,,,,,,,,,
,,,,,,,,,,,,,,,,,,,,
,,,,,,,,,,,,,,,,,,,,
,,,,,,,,,,,,,,,,,,,,
,,,,,,,,,,,,,,,,,,,,
,,,,,,,,,,,,,,,,,,,,
,,,,,,,,,,,,,,,,,,,,
,,,,,,,,,,,,,,,,,,,,
,,,,,,,,,,,,,,,,,,,,
,,,,,,,,,,,,,,,,,,,,
,,,,,,,,,,,,,,,,,,,,
,,,,,,,,,,,,,,,,,,,,
,,,,,,,,,,,,,,,,,,,,
,,,,,,,,,,,,,,,,,,,,
,,,,,,,,,,,,,,,,,,,,
,,,,,,,,,,,,,,,,,,,,
,,,,,,,,,,,,,,,,,,,,
,,,,,,,,,,,,,,,,,,,,
,,,,,,,,,,,,,,,,,,,,
,,,,,,,,,,,,,,,,,,,,
,,,,,,,,,,,,,,,,,,,,
,,,,,,,,,,,,,,,,,,,,
,,,,,,,,,,,,,,,,,,,,
,,,,,,,,,,,,,,,,,,,,
,,,,,,,,,,,,,,,,,,,,
,,,,,,,,,,,,,,,,,,,,
,,,,,,,,,,,,,,,,,,,,
,,,,,,,,,,,,,,,,,,,,
,,,,,,,,,,,,,,,,,,,,
,,,,,,,,,,,,,,,,,,,,
,,,,,,,,,,,,,,,,,,,,
,,,,,,,,,,,,,,,,,,,,
,,,,,,,,,,,,,,,,,,,,
,,,,,,,,,,,,,,,,,,,,
,,,,,,,,,,,,,,,,,,,,
,,,,,,,,,,,,,,,,,,,,
,,,,,,,,,,,,,,,,,,,,
,,,,,,,,,,,,,,,,,,,,
,,,,,,,,,,,,,,,,,,,,
,,,,,,,,,,,,,,,,,,,,
,,,,,,,,,,,,,,,,,,,,
,,,,,,,,,,,,,,,,,,,,
,,,,,,,,,,,,,,,,,,,,
,,,,,,,,,,,,,,,,,,,,
,,,,,,,,,,,,,,,,,,,,
,,,,,,,,,,,,,,,,,,,,
,,,,,,,,,,,,,,,,,,,,
,,,,,,,,,,,,,,,,,,,,
,,,,,,,,,,,,,,,,,,,,
,,,,,,,,,,,,,,,,,,,,
,,,,,,,,,,,,,,,,,,,,
,,,,,,,,,,,,,,,,,,,,
,,,,,,,,,,,,,,,,,,,,
,,,,,,,,,,,,,,,,,,,,
,,,,,,,,,,,,,,,,,,,,
,,,,,,,,,,,,,,,,,,,,
,,,,,,,,,,,,,,,,,,,,
,,,,,,,,,,,,,,,,,,,,
,,,,,,,,,,,,,,,,,,,,
,,,,,,,,,,,,,,,,,,,,
,,,,,,,,,,,,,,,,,,,,
,,,,,,,,,,,,,,,,,,,,
,,,,,,,,,,,,,,,,,,,,
,,,,,,,,,,,,,,,,,,,,
,,,,,,,,,,,,,,,,,,,,
,,,,,,,,,,,,,,,,,,,,
,,,,,,,,,,,,,,,,,,,,
,,,,,,,,,,,,,,,,,,,,
,,,,,,,,,,,,,,,,,,,,
,,,,,,,,,,,,,,,,,,,,
,,,,,,,,,,,,,,,,,,,,
,,,,,,,,,,,,,,,,,,,,
,,,,,,,,,,,,,,,,,,,,
,,,,,,,,,,,,,,,,,,,,
,,,,,,,,,,,,,,,,,,,,
,,,,,,,,,,,,,,,,,,,,
,,,,,,,,,,,,,,,,,,,,
,,,,,,,,,,,,,,,,,,,,
,,,,,,,,,,,,,,,,,,,,
,,,,,,,,,,,,,,,,,,,,
,,,,,,,,,,,,,,,,,,,,
,,,,,,,,,,,,,,,,,,,,
,,,,,,,,,,,,,,,,,,,,
,,,,,,,,,,,,,,,,,,,,
,,,,,,,,,,,,,,,,,,,,
,,,,,,,,,,,,,,,,,,,,
,,,,,,,,,,,,,,,,,,,,
,,,,,,,,,,,,,,,,,,,,
,,,,,,,,,,,,,,,,,,,,
,,,,,,,,,,,,,,,,,,,,
,,,,,,,,,,,,,,,,,,,,
,,,,,,,,,,,,,,,,,,,,
,,,,,,,,,,,,,,,,,,,,
,,,,,,,,,,,,,,,,,,,,
,,,,,,,,,,,,,,,,,,,,
,,,,,,,,,,,,,,,,,,,,
,,,,,,,,,,,,,,,,,,,,
,,,,,,,,,,,,,,,,,,,,
,,,,,,,,,,,,,,,,,,,,
,,,,,,,,,,,,,,,,,,,,
,,,,,,,,,,,,,,,,,,,,
,,,,,,,,,,,,,,,,,,,,
,,,,,,,,,,,,,,,,,,,,
,,,,,,,,,,,,,,,,,,,,
,,,,,,,,,,,,,,,,,,,,
,,,,,,,,,,,,,,,,,,,,
,,,,,,,,,,,,,,,,,,,,
,,,,,,,,,,,,,,,,,,,,
,,,,,,,,,,,,,,,,,,,,
,,,,,,,,,,,,,,,,,,,,
,,,,,,,,,,,,,,,,,,,,
,,,,,,,,,,,,,,,,,,,,
,,,,,,,,,,,,,,,,,,,,
,,,,,,,,,,,,,,,,,,,,
,,,,,,,,,,,,,,,,,,,,
,,,,,,,,,,,,,,,,,,,,
,,,,,,,,,,,,,,,,,,,,
,,,,,,,,,,,,,,,,,,,,
,,,,,,,,,,,,,,,,,,,,
,,,,,,,,,,,,,,,,,,,,
,,,,,,,,,,,,,,,,,,,,
,,,,,,,,,,,,,,,,,,,,
,,,,,,,,,,,,,,,,,,,,
,,,,,,,,,,,,,,,,,,,,
,,,,,,,,,,,,,,,,,,,,
,,,,,,,,,,,,,,,,,,,,
,,,,,,,,,,,,,,,,,,,,
,,,,,,,,,,,,,,,,,,,,
,,,,,,,,,,,,,,,,,,,,
,,,,,,,,,,,,,,,,,,,,
,,,,,,,,,,,,,,,,,,,,
,,,,,,,,,,,,,,,,,,,,
,,,,,,,,,,,,,,,,,,,,
,,,,,,,,,,,,,,,,,,,,
,,,,,,,,,,,,,,,,,,,,
,,,,,,,,,,,,,,,,,,,,
,,,,,,,,,,,,,,,,,,,,
,,,,,,,,,,,,,,,,,,,,
,,,,,,,,,,,,,,,,,,,,
,,,,,,,,,,,,,,,,,,,,
,,,,,,,,,,,,,,,,,,,,
,,,,,,,,,,,,,,,,,,,,
,,,,,,,,,,,,,,,,,,,,
,,,,,,,,,,,,,,,,,,,,
,,,,,,,,,,,,,,,,,,,,
,,,,,,,,,,,,,,,,,,,,
,,,,,,,,,,,,,,,,,,,,
,,,,,,,,,,,,,,,,,,,,
,,,,,,,,,,,,,,,,,,,,
,,,,,,,,,,,,,,,,,,,,
,,,,,,,,,,,,,,,,,,,,
,,,,,,,,,,,,,,,,,,,,
,,,,,,,,,,,,,,,,,,,,
,,,,,,,,,,,,,,,,,,,,
,,,,,,,,,,,,,,,,,,,,
,,,,,,,,,,,,,,,,,,,,
,,,,,,,,,,,,,,,,,,,,
,,,,,,,,,,,,,,,,,,,,
,,,,,,,,,,,,,,,,,,,,
,,,,,,,,,,,,,,,,,,,,
,,,,,,,,,,,,,,,,,,,,
,,,,,,,,,,,,,,,,,,,,
,,,,,,,,,,,,,,,,,,,,
,,,,,,,,,,,,,,,,,,,,
,,,,,,,,,,,,,,,,,,,,
,,,,,,,,,,,,,,,,,,,,
,,,,,,,,,,,,,,,,,,,,
,,,,,,,,,,,,,,,,,,,,
,,,,,,,,,,,,,,,,,,,,
,,,,,,,,,,,,,,,,,,,,
,,,,,,,,,,,,,,,,,,,,
,,,,,,,,,,,,,,,,,,,,
,,,,,,,,,,,,,,,,,,,,
,,,,,,,,,,,,,,,,,,,,
,,,,,,,,,,,,,,,,,,,,
,,,,,,,,,,,,,,,,,,,,
,,,,,,,,,,,,,,,,,,,,
,,,,,,,,,,,,,,,,,,,,
,,,,,,,,,,,,,,,,,,,,
,,,,,,,,,,,,,,,,,,,,
,,,,,,,,,,,,,,,,,,,,
,,,,,,,,,,,,,,,,,,,,
,,,,,,,,,,,,,,,,,,,,
,,,,,,,,,,,,,,,,,,,,
,,,,,,,,,,,,,,,,,,,,
,,,,,,,,,,,,,,,,,,,,
,,,,,,,,,,,,,,,,,,,,
,,,,,,,,,,,,,,,,,,,,
,,,,,,,,,,,,,,,,,,,,
,,,,,,,,,,,,,,,,,,,,
,,,,,,,,,,,,,,,,,,,,
,,,,,,,,,,,,,,,,,,,,
,,,,,,,,,,,,,,,,,,,,
,,,,,,,,,,,,,,,,,,,,
,,,,,,,,,,,,,,,,,,,,
,,,,,,,,,,,,,,,,,,,,
,,,,,,,,,,,,,,,,,,,,
,,,,,,,,,,,,,,,,,,,,
,,,,,,,,,,,,,,,,,,,,
,,,,,,,,,,,,,,,,,,,,
,,,,,,,,,,,,,,,,,,,,
,,,,,,,,,,,,,,,,,,,,
,,,,,,,,,,,,,,,,,,,,
,,,,,,,,,,,,,,,,,,,,
,,,,,,,,,,,,,,,,,,,,
,,,,,,,,,,,,,,,,,,,,
,,,,,,,,,,,,,,,,,,,,
,,,,,,,,,,,,,,,,,,,,
,,,,,,,,,,,,,,,,,,,,
,,,,,,,,,,,,,,,,,,,,
,,,,,,,,,,,,,,,,,,,,
,,,,,,,,,,,,,,,,,,,,
,,,,,,,,,,,,,,,,,,,,
,,,,,,,,,,,,,,,,,,,,
,,,,,,,,,,,,,,,,,,,,
,,,,,,,,,,,,,,,,,,,,
,,,,,,,,,,,,,,,,,,,,
,,,,,,,,,,,,,,,,,,,,
,,,,,,,,,,,,,,,,,,,,
,,,,,,,,,,,,,,,,,,,,
,,,,,,,,,,,,,,,,,,,,
,,,,,,,,,,,,,,,,,,,,
,,,,,,,,,,,,,,,,,,,,
,,,,,,,,,,,,,,,,,,,,
,,,,,,,,,,,,,,,,,,,,
,,,,,,,,,,,,,,,,,,,,
,,,,,,,,,,,,,,,,,,,,
,,,,,,,,,,,,,,,,,,,,
,,,,,,,,,,,,,,,,,,,,
,,,,,,,,,,,,,,,,,,,,
,,,,,,,,,,,,,,,,,,,,
,,,,,,,,,,,,,,,,,,,,
,,,,,,,,,,,,,,,,,,,,
,,,,,,,,,,,,,,,,,,,,
,,,,,,,,,,,,,,,,,,,,
,,,,,,,,,,,,,,,,,,,,
,,,,,,,,,,,,,,,,,,,,
,,,,,,,,,,,,,,,,,,,,
,,,,,,,,,,,,,,,,,,,,
,,,,,,,,,,,,,,,,,,,,
,,,,,,,,,,,,,,,,,,,,
,,,,,,,,,,,,,,,,,,,,
,,,,,,,,,,,,,,,,,,,,
,,,,,,,,,,,,,,,,,,,,
,,,,,,,,,,,,,,,,,,,,
,,,,,,,,,,,,,,,,,,,,
,,,,,,,,,,,,,,,,,,,,
,,,,,,,,,,,,,,,,,,,,
,,,,,,,,,,,,,,,,,,,,
,,,,,,,,,,,,,,,,,,,,
,,,,,,,,,,,,,,,,,,,,
,,,,,,,,,,,,,,,,,,,,
,,,,,,,,,,,,,,,,,,,,
,,,,,,,,,,,,,,,,,,,,
,,,,,,,,,,,,,,,,,,,,
,,,,,,,,,,,,,,,,,,,,
,,,,,,,,,,,,,,,,,,,,
,,,,,,,,,,,,,,,,,,,,
,,,,,,,,,,,,,,,,,,,,
,,,,,,,,,,,,,,,,,,,,
,,,,,,,,,,,,,,,,,,,,
,,,,,,,,,,,,,,,,,,,,
,,,,,,,,,,,,,,,,,,,,
,,,,,,,,,,,,,,,,,,,,
,,,,,,,,,,,,,,,,,,,,
,,,,,,,,,,,,,,,,,,,,
,,,,,,,,,,,,,,,,,,,,
,,,,,,,,,,,,,,,,,,,,
,,,,,,,,,,,,,,,,,,,,
,,,,,,,,,,,,,,,,,,,,
,,,,,,,,,,,,,,,,,,,,
,,,,,,,,,,,,,,,,,,,,
,,,,,,,,,,,,,,,,,,,,
,,,,,,,,,,,,,,,,,,,,
,,,,,,,,,,,,,,,,,,,,
,,,,,,,,,,,,,,,,,,,,
,,,,,,,,,,,,,,,,,,,,
,,,,,,,,,,,,,,,,,,,,
,,,,,,,,,,,,,,,,,,,,
,,,,,,,,,,,,,,,,,,,,
,,,,,,,,,,,,,,,,,,,,
,,,,,,,,,,,,,,,,,,,,
,,,,,,,,,,,,,,,,,,,,
,,,,,,,,,,,,,,,,,,,,
,,,,,,,,,,,,,,,,,,,,
,,,,,,,,,,,,,,,,,,,,
,,,,,,,,,,,,,,,,,,,,
,,,,,,,,,,,,,,,,,,,,
,,,,,,,,,,,,,,,,,,,,
,,,,,,,,,,,,,,,,,,,,
,,,,,,,,,,,,,,,,,,,,
,,,,,,,,,,,,,,,,,,,,
,,,,,,,,,,,,,,,,,,,,
,,,,,,,,,,,,,,,,,,,,
,,,,,,,,,,,,,,,,,,,,
,,,,,,,,,,,,,,,,,,,,
,,,,,,,,,,,,,,,,,,,,
,,,,,,,,,,,,,,,,,,,,
,,,,,,,,,,,,,,,,,,,,
,,,,,,,,,,,,,,,,,,,,
,,,,,,,,,,,,,,,,,,,,
,,,,,,,,,,,,,,,,,,,,
,,,,,,,,,,,,,,,,,,,,
,,,,,,,,,,,,,,,,,,,,
,,,,,,,,,,,,,,,,,,,,
,,,,,,,,,,,,,,,,,,,,
,,,,,,,,,,,,,,,,,,,,
,,,,,,,,,,,,,,,,,,,,
,,,,,,,,,,,,,,,,,,,,
,,,,,,,,,,,,,,,,,,,,
,,,,,,,,,,,,,,,,,,,,
,,,,,,,,,,,,,,,,,,,,
,,,,,,,,,,,,,,,,,,,,
,,,,,,,,,,,,,,,,,,,,
,,,,,,,,,,,,,,,,,,,,
,,,,,,,,,,,,,,,,,,,,
,,,,,,,,,,,,,,,,,,,,
,,,,,,,,,,,,,,,,,,,,
,,,,,,,,,,,,,,,,,,,,
,,,,,,,,,,,,,,,,,,,,
,,,,,,,,,,,,,,,,,,,,
,,,,,,,,,,,,,,,,,,,,
,,,,,,,,,,,,,,,,,,,,
,,,,,,,,,,,,,,,,,,,,
,,,,,,,,,,,,,,,,,,,,
,,,,,,,,,,,,,,,,,,,,
,,,,,,,,,,,,,,,,,,,,
,,,,,,,,,,,,,,,,,,,,
,,,,,,,,,,,,,,,,,,,,
,,,,,,,,,,,,,,,,,,,,
,,,,,,,,,,,,,,,,,,,,
,,,,,,,,,,,,,,,,,,,,
,,,,,,,,,,,,,,,,,,,,
,,,,,,,,,,,,,,,,,,,,
,,,,,,,,,,,,,,,,,,,,
,,,,,,,,,,,,,,,,,,,,
,,,,,,,,,,,,,,,,,,,,
,,,,,,,,,,,,,,,,,,,,
,,,,,,,,,,,,,,,,,,,,
,,,,,,,,,,,,,,,,,,,,
,,,,,,,,,,,,,,,,,,,,
,,,,,,,,,,,,,,,,,,,,
,,,,,,,,,,,,,,,,,,,,
,,,,,,,,,,,,,,,,,,,,
,,,,,,,,,,,,,,,,,,,,
,,,,,,,,,,,,,,,,,,,,
,,,,,,,,,,,,,,,,,,,,
,,,,,,,,,,,,,,,,,,,,
,,,,,,,,,,,,,,,,,,,,
,,,,,,,,,,,,,,,,,,,,
,,,,,,,,,,,,,,,,,,,,
,,,,,,,,,,,,,,,,,,,,
,,,,,,,,,,,,,,,,,,,,
,,,,,,,,,,,,,,,,,,,,
,,,,,,,,,,,,,,,,,,,,
,,,,,,,,,,,,,,,,,,,,
,,,,,,,,,,,,,,,,,,,,
,,,,,,,,,,,,,,,,,,,,
,,,,,,,,,,,,,,,,,,,,
,,,,,,,,,,,,,,,,,,,,
,,,,,,,,,,,,,,,,,,,,
,,,,,,,,,,,,,,,,,,,,
,,,,,,,,,,,,,,,,,,,,
,,,,,,,,,,,,,,,,,,,,
,,,,,,,,,,,,,,,,,,,,
,,,,,,,,,,,,,,,,,,,,
,,,,,,,,,,,,,,,,,,,,
,,,,,,,,,,,,,,,,,,,,
,,,,,,,,,,,,,,,,,,,,
,,,,,,,,,,,,,,,,,,,,
,,,,,,,,,,,,,,,,,,,,
,,,,,,,,,,,,,,,,,,,,
,,,,,,,,,,,,,,,,,,,,
,,,,,,,,,,,,,,,,,,,,
,,,,,,,,,,,,,,,,,,,,
,,,,,,,,,,,,,,,,,,,,
,,,,,,,,,,,,,,,,,,,,
,,,,,,,,,,,,,,,,,,,,
,,,,,,,,,,,,,,,,,,,,
,,,,,,,,,,,,,,,,,,,,
,,,,,,,,,,,,,,,,,,,,
,,,,,,,,,,,,,,,,,,,,
,,,,,,,,,,,,,,,,,,,,
,,,,,,,,,,,,,,,,,,,,
,,,,,,,,,,,,,,,,,,,,
,,,,,,,,,,,,,,,,,,,,
,,,,,,,,,,,,,,,,,,,,
,,,,,,,,,,,,,,,,,,,,
,,,,,,,,,,,,,,,,,,,,
,,,,,,,,,,,,,,,,,,,,
,,,,,,,,,,,,,,,,,,,,
,,,,,,,,,,,,,,,,,,,,
,,,,,,,,,,,,,,,,,,,,
,,,,,,,,,,,,,,,,,,,,
,,,,,,,,,,,,,,,,,,,,
,,,,,,,,,,,,,,,,,,,,
,,,,,,,,,,,,,,,,,,,,
,,,,,,,,,,,,,,,,,,,,
,,,,,,,,,,,,,,,,,,,,
,,,,,,,,,,,,,,,,,,,,
,,,,,,,,,,,,,,,,,,,,
,,,,,,,,,,,,,,,,,,,,
,,,,,,,,,,,,,,,,,,,,
,,,,,,,,,,,,,,,,,,,,
,,,,,,,,,,,,,,,,,,,,
,,,,,,,,,,,,,,,,,,,,
,,,,,,,,,,,,,,,,,,,,
,,,,,,,,,,,,,,,,,,,,
,,,,,,,,,,,,,,,,,,,,
,,,,,,,,,,,,,,,,,,,,
,,,,,,,,,,,,,,,,,,,,
,,,,,,,,,,,,,,,,,,,,
,,,,,,,,,,,,,,,,,,,,
,,,,,,,,,,,,,,,,,,,,
,,,,,,,,,,,,,,,,,,,,
,,,,,,,,,,,,,,,,,,,,
,,,,,,,,,,,,,,,,,,,,
,,,,,,,,,,,,,,,,,,,,
,,,,,,,,,,,,,,,,,,,,
,,,,,,,,,,,,,,,,,,,,
,,,,,,,,,,,,,,,,,,,,
,,,,,,,,,,,,,,,,,,,,
,,,,,,,,,,,,,,,,,,,,
,,,,,,,,,,,,,,,,,,,,
,,,,,,,,,,,,,,,,,,,,
,,,,,,,,,,,,,,,,,,,,
,,,,,,,,,,,,,,,,,,,,
,,,,,,,,,,,,,,,,,,,,
,,,,,,,,,,,,,,,,,,,,
,,,,,,,,,,,,,,,,,,,,
,,,,,,,,,,,,,,,,,,,,
,,,,,,,,,,,,,,,,,,,,
,,,,,,,,,,,,,,,,,,,,
,,,,,,,,,,,,,,,,,,,,
,,,,,,,,,,,,,,,,,,,,
,,,,,,,,,,,,,,,,,,,,
,,,,,,,,,,,,,,,,,,,,
,,,,,,,,,,,,,,,,,,,,
,,,,,,,,,,,,,,,,,,,,
,,,,,,,,,,,,,,,,,,,,
,,,,,,,,,,,,,,,,,,,,
,,,,,,,,,,,,,,,,,,,,
,,,,,,,,,,,,,,,,,,,,
,,,,,,,,,,,,,,,,,,,,
,,,,,,,,,,,,,,,,,,,,
,,,,,,,,,,,,,,,,,,,,
,,,,,,,,,,,,,,,,,,,,
,,,,,,,,,,,,,,,,,,,,
,,,,,,,,,,,,,,,,,,,,
,,,,,,,,,,,,,,,,,,,,
,,,,,,,,,,,,,,,,,,,,
,,,,,,,,,,,,,,,,,,,,
,,,,,,,,,,,,,,,,,,,,
,,,,,,,,,,,,,,,,,,,,
,,,,,,,,,,,,,,,,,,,,
,,,,,,,,,,,,,,,,,,,,
,,,,,,,,,,,,,,,,,,,,
,,,,,,,,,,,,,,,,,,,,
,,,,,,,,,,,,,,,,,,,,
,,,,,,,,,,,,,,,,,,,,
,,,,,,,,,,,,,,,,,,,,
,,,,,,,,,,,,,,,,,,,,
,,,,,,,,,,,,,,,,,,,,
,,,,,,,,,,,,,,,,,,,,
,,,,,,,,,,,,,,,,,,,,
,,,,,,,,,,,,,,,,,,,,
,,,,,,,,,,,,,,,,,,,,
,,,,,,,,,,,,,,,,,,,,
,,,,,,,,,,,,,,,,,,,,
,,,,,,,,,,,,,,,,,,,,
,,,,,,,,,,,,,,,,,,,,
,,,,,,,,,,,,,,,,,,,,
,,,,,,,,,,,,,,,,,,,,
,,,,,,,,,,,,,,,,,,,,
,,,,,,,,,,,,,,,,,,,,
,,,,,,,,,,,,,,,,,,,,
,,,,,,,,,,,,,,,,,,,,
,,,,,,,,,,,,,,,,,,,,
,,,,,,,,,,,,,,,,,,,,
,,,,,,,,,,,,,,,,,,,,
,,,,,,,,,,,,,,,,,,,,
,,,,,,,,,,,,,,,,,,,,
,,,,,,,,,,,,,,,,,,,,
,,,,,,,,,,,,,,,,,,,,
,,,,,,,,,,,,,,,,,,,,
,,,,,,,,,,,,,,,,,,,,
,,,,,,,,,,,,,,,,,,,,
,,,,,,,,,,,,,,,,,,,,
,,,,,,,,,,,,,,,,,,,,
,,,,,,,,,,,,,,,,,,,,
,,,,,,,,,,,,,,,,,,,,
,,,,,,,,,,,,,,,,,,,,
,,,,,,,,,,,,,,,,,,,,
,,,,,,,,,,,,,,,,,,,,
,,,,,,,,,,,,,,,,,,,,
,,,,,,,,,,,,,,,,,,,,
,,,,,,,,,,,,,,,,,,,,
,,,,,,,,,,,,,,,,,,,,
,,,,,,,,,,,,,,,,,,,,
,,,,,,,,,,,,,,,,,,,,
,,,,,,,,,,,,,,,,,,,,
,,,,,,,,,,,,,,,,,,,,
,,,,,,,,,,,,,,,,,,,,
,,,,,,,,,,,,,,,,,,,,
,,,,,,,,,,,,,,,,,,,,
,,,,,,,,,,,,,,,,,,,,
,,,,,,,,,,,,,,,,,,,,
,,,,,,,,,,,,,,,,,,,,
,,,,,,,,,,,,,,,,,,,,
,,,,,,,,,,,,,,,,,,,,
,,,,,,,,,,,,,,,,,,,,
,,,,,,,,,,,,,,,,,,,,
,,,,,,,,,,,,,,,,,,,,
,,,,,,,,,,,,,,,,,,,,
,,,,,,,,,,,,,,,,,,,,
,,,,,,,,,,,,,,,,,,,,
,,,,,,,,,,,,,,,,,,,,
,,,,,,,,,,,,,,,,,,,,
,,,,,,,,,,,,,,,,,,,,
,,,,,,,,,,,,,,,,,,,,
,,,,,,,,,,,,,,,,,,,,
,,,,,,,,,,,,,,,,,,,,
,,,,,,,,,,,,,,,,,,,,
,,,,,,,,,,,,,,,,,,,,
,,,,,,,,,,,,,,,,,,,,
,,,,,,,,,,,,,,,,,,,,
,,,,,,,,,,,,,,,,,,,,
,,,,,,,,,,,,,,,,,,,,
,,,,,,,,,,,,,,,,,,,,
,,,,,,,,,,,,,,,,,,,,
,,,,,,,,,,,,,,,,,,,,
,,,,,,,,,,,,,,,,,,,,
,,,,,,,,,,,,,,,,,,,,
,,,,,,,,,,,,,,,,,,,,
,,,,,,,,,,,,,,,,,,,,
,,,,,,,,,,,,,,,,,,,,
,,,,,,,,,,,,,,,,,,,,
,,,,,,,,,,,,,,,,,,,,
,,,,,,,,,,,,,,,,,,,,
,,,,,,,,,,,,,,,,,,,,
,,,,,,,,,,,,,,,,,,,,
,,,,,,,,,,,,,,,,,,,,
,,,,,,,,,,,,,,,,,,,,
,,,,,,,,,,,,,,,,,,,,
,,,,,,,,,,,,,,,,,,,,
,,,,,,,,,,,,,,,,,,,,
,,,,,,,,,,,,,,,,,,,,
,,,,,,,,,,,,,,,,,,,,
,,,,,,,,,,,,,,,,,,,,
,,,,,,,,,,,,,,,,,,,,
,,,,,,,,,,,,,,,,,,,,
,,,,,,,,,,,,,,,,,,,,
,,,,,,,,,,,,,,,,,,,,
,,,,,,,,,,,,,,,,,,,,
,,,,,,,,,,,,,,,,,,,,
,,,,,,,,,,,,,,,,,,,,
,,,,,,,,,,,,,,,,,,,,
,,,,,,,,,,,,,,,,,,,,
,,,,,,,,,,,,,,,,,,,,
,,,,,,,,,,,,,,,,,,,,
,,,,,,,,,,,,,,,,,,,,
,,,,,,,,,,,,,,,,,,,,
,,,,,,,,,,,,,,,,,,,,
,,,,,,,,,,,,,,,,,,,,
,,,,,,,,,,,,,,,,,,,,
,,,,,,,,,,,,,,,,,,,,
,,,,,,,,,,,,,,,,,,,,
,,,,,,,,,,,,,,,,,,,,
,,,,,,,,,,,,,,,,,,,,
,,,,,,,,,,,,,,,,,,,,
,,,,,,,,,,,,,,,,,,,,
,,,,,,,,,,,,,,,,,,,,
,,,,,,,,,,,,,,,,,,,,
,,,,,,,,,,,,,,,,,,,,
,,,,,,,,,,,,,,,,,,,,
,,,,,,,,,,,,,,,,,,,,
,,,,,,,,,,,,,,,,,,,,
,,,,,,,,,,,,,,,,,,,,
,,,,,,,,,,,,,,,,,,,,
,,,,,,,,,,,,,,,,,,,,
,,,,,,,,,,,,,,,,,,,,
,,,,,,,,,,,,,,,,,,,,
,,,,,,,,,,,,,,,,,,,,
,,,,,,,,,,,,,,,,,,,,
,,,,,,,,,,,,,,,,,,,,
,,,,,,,,,,,,,,,,,,,,
,,,,,,,,,,,,,,,,,,,,
,,,,,,,,,,,,,,,,,,,,
,,,,,,,,,,,,,,,,,,,,
,,,,,,,,,,,,,,,,,,,,
,,,,,,,,,,,,,,,,,,,,
,,,,,,,,,,,,,,,,,,,,
,,,,,,,,,,,,,,,,,,,,
,,,,,,,,,,,,,,,,,,,,
,,,,,,,,,,,,,,,,,,,,
,,,,,,,,,,,,,,,,,,,,
,,,,,,,,,,,,,,,,,,,,
,,,,,,,,,,,,,,,,,,,,
,,,,,,,,,,,,,,,,,,,,
,,,,,,,,,,,,,,,,,,,,
,,,,,,,,,,,,,,,,,,,,
,,,,,,,,,,,,,,,,,,,,
,,,,,,,,,,,,,,,,,,,,
,,,,,,,,,,,,,,,,,,,,
,,,,,,,,,,,,,,,,,,,,
,,,,,,,,,,,,,,,,,,,,
,,,,,,,,,,,,,,,,,,,,
,,,,,,,,,,,,,,,,,,,,
,,,,,,,,,,,,,,,,,,,,
,,,,,,,,,,,,,,,,,,,,
,,,,,,,,,,,,,,,,,,,,
,,,,,,,,,,,,,,,,,,,,
,,,,,,,,,,,,,,,,,,,,
,,,,,,,,,,,,,,,,,,,,
,,,,,,,,,,,,,,,,,,,,
,,,,,,,,,,,,,,,,,,,,
,,,,,,,,,,,,,,,,,,,,
,,,,,,,,,,,,,,,,,,,,
,,,,,,,,,,,,,,,,,,,,
,,,,,,,,,,,,,,,,,,,,
,,,,,,,,,,,,,,,,,,,,
,,,,,,,,,,,,,,,,,,,,
,,,,,,,,,,,,,,,,,,,,
,,,,,,,,,,,,,,,,,,,,
,,,,,,,,,,,,,,,,,,,,
,,,,,,,,,,,,,,,,,,,,
,,,,,,,,,,,,,,,,,,,,
,,,,,,,,,,,,,,,,,,,,
,,,,,,,,,,,,,,,,,,,,
,,,,,,,,,,,,,,,,,,,,
,,,,,,,,,,,,,,,,,,,,
,,,,,,,,,,,,,,,,,,,,
,,,,,,,,,,,,,,,,,,,,
,,,,,,,,,,,,,,,,,,,,
,,,,,,,,,,,,,,,,,,,,
,,,,,,,,,,,,,,,,,,,,
,,,,,,,,,,,,,,,,,,,,
,,,,,,,,,,,,,,,,,,,,
,,,,,,,,,,,,,,,,,,,,
,,,,,,,,,,,,,,,,,,,,
,,,,,,,,,,,,,,,,,,,,
,,,,,,,,,,,,,,,,,,,,
,,,,,,,,,,,,,,,,,,,,
,,,,,,,,,,,,,,,,,,,,
,,,,,,,,,,,,,,,,,,,,
,,,,,,,,,,,,,,,,,,,,
,,,,,,,,,,,,,,,,,,,,
,,,,,,,,,,,,,,,,,,,,
,,,,,,,,,,,,,,,,,,,,
,,,,,,,,,,,,,,,,,,,,
,,,,,,,,,,,,,,,,,,,,
,,,,,,,,,,,,,,,,,,,,
,,,,,,,,,,,,,,,,,,,,
,,,,,,,,,,,,,,,,,,,,
,,,,,,,,,,,,,,,,,,,,
,,,,,,,,,,,,,,,,,,,,
,,,,,,,,,,,,,,,,,,,,
,,,,,,,,,,,,,,,,,,,,
,,,,,,,,,,,,,,,,,,,,
,,,,,,,,,,,,,,,,,,,,
,,,,,,,,,,,,,,,,,,,,
,,,,,,,,,,,,,,,,,,,,
,,,,,,,,,,,,,,,,,,,,
,,,,,,,,,,,,,,,,,,,,
,,,,,,,,,,,,,,,,,,,,
,,,,,,,,,,,,,,,,,,,,
,,,,,,,,,,,,,,,,,,,,
,,,,,,,,,,,,,,,,,,,,
,,,,,,,,,,,,,,,,,,,,
,,,,,,,,,,,,,,,,,,,,
,,,,,,,,,,,,,,,,,,,,
,,,,,,,,,,,,,,,,,,,,
,,,,,,,,,,,,,,,,,,,,
,,,,,,,,,,,,,,,,,,,,
,,,,,,,,,,,,,,,,,,,,
,,,,,,,,,,,,,,,,,,,,
,,,,,,,,,,,,,,,,,,,,
,,,,,,,,,,,,,,,,,,,,
,,,,,,,,,,,,,,,,,,,,
,,,,,,,,,,,,,,,,,,,,
,,,,,,,,,,,,,,,,,,,,
,,,,,,,,,,,,,,,,,,,,
,,,,,,,,,,,,,,,,,,,,
,,,,,,,,,,,,,,,,,,,,
,,,,,,,,,,,,,,,,,,,,
,,,,,,,,,,,,,,,,,,,,
,,,,,,,,,,,,,,,,,,,,
,,,,,,,,,,,,,,,,,,,,
,,,,,,,,,,,,,,,,,,,,
,,,,,,,,,,,,,,,,,,,,
,,,,,,,,,,,,,,,,,,,,
,,,,,,,,,,,,,,,,,,,,
,,,,,,,,,,,,,,,,,,,,
,,,,,,,,,,,,,,,,,,,,
,,,,,,,,,,,,,,,,,,,,
,,,,,,,,,,,,,,,,,,,,
,,,,,,,,,,,,,,,,,,,,
,,,,,,,,,,,,,,,,,,,,
,,,,,,,,,,,,,,,,,,,,
,,,,,,,,,,,,,,,,,,,,
,,,,,,,,,,,,,,,,,,,,
,,,,,,,,,,,,,,,,,,,,
,,,,,,,,,,,,,,,,,,,,
,,,,,,,,,,,,,,,,,,,,
,,,,,,,,,,,,,,,,,,,,
,,,,,,,,,,,,,,,,,,,,
,,,,,,,,,,,,,,,,,,,,
,,,,,,,,,,,,,,,,,,,,
,,,,,,,,,,,,,,,,,,,,
,,,,,,,,,,,,,,,,,,,,
,,,,,,,,,,,,,,,,,,,,
,,,,,,,,,,,,,,,,,,,,
,,,,,,,,,,,,,,,,,,,,
,,,,,,,,,,,,,,,,,,,,
,,,,,,,,,,,,,,,,,,,,
,,,,,,,,,,,,,,,,,,,,
,,,,,,,,,,,,,,,,,,,,
,,,,,,,,,,,,,,,,,,,,
,,,,,,,,,,,,,,,,,,,,
,,,,,,,,,,,,,,,,,,,,
,,,,,,,,,,,,,,,,,,,,
,,,,,,,,,,,,,,,,,,,,
,,,,,,,,,,,,,,,,,,,,
,,,,,,,,,,,,,,,,,,,,
,,,,,,,,,,,,,,,,,,,,
,,,,,,,,,,,,,,,,,,,,
,,,,,,,,,,,,,,,,,,,,
,,,,,,,,,,,,,,,,,,,,
,,,,,,,,,,,,,,,,,,,,
,,,,,,,,,,,,,,,,,,,,
,,,,,,,,,,,,,,,,,,,,
,,,,,,,,,,,,,,,,,,,,
,,,,,,,,,,,,,,,,,,,,
,,,,,,,,,,,,,,,,,,,,
,,,,,,,,,,,,,,,,,,,,
,,,,,,,,,,,,,,,,,,,,
,,,,,,,,,,,,,,,,,,,,
,,,,,,,,,,,,,,,,,,,,
,,,,,,,,,,,,,,,,,,,,
,,,,,,,,,,,,,,,,,,,,
,,,,,,,,,,,,,,,,,,,,
,,,,,,,,,,,,,,,,,,,,
,,,,,,,,,,,,,,,,,,,,
,,,,,,,,,,,,,,,,,,,,
,,,,,,,,,,,,,,,,,,,,
,,,,,,,,,,,,,,,,,,,,
,,,,,,,,,,,,,,,,,,,,
,,,,,,,,,,,,,,,,,,,,
,,,,,,,,,,,,,,,,,,,,
,,,,,,,,,,,,,,,,,,,,
,,,,,,,,,,,,,,,,,,,,
,,,,,,,,,,,,,,,,,,,,
,,,,,,,,,,,,,,,,,,,,
,,,,,,,,,,,,,,,,,,,,
,,,,,,,,,,,,,,,,,,,,
,,,,,,,,,,,,,,,,,,,,
,,,,,,,,,,,,,,,,,,,,
,,,,,,,,,,,,,,,,,,,,
,,,,,,,,,,,,,,,,,,,,
,,,,,,,,,,,,,,,,,,,,
,,,,,,,,,,,,,,,,,,,,
,,,,,,,,,,,,,,,,,,,,
,,,,,,,,,,,,,,,,,,,,
,,,,,,,,,,,,,,,,,,,,
,,,,,,,,,,,,,,,,,,,,
,,,,,,,,,,,,,,,,,,,,
,,,,,,,,,,,,,,,,,,,,
,,,,,,,,,,,,,,,,,,,,
,,,,,,,,,,,,,,,,,,,,
,,,,,,,,,,,,,,,,,,,,
,,,,,,,,,,,,,,,,,,,,
,,,,,,,,,,,,,,,,,,,,
,,,,,,,,,,,,,,,,,,,,
,,,,,,,,,,,,,,,,,,,,
,,,,,,,,,,,,,,,,,,,,
,,,,,,,,,,,,,,,,,,,,
,,,,,,,,,,,,,,,,,,,,
,,,,,,,,,,,,,,,,,,,,
,,,,,,,,,,,,,,,,,,,,
,,,,,,,,,,,,,,,,,,,,
,,,,,,,,,,,,,,,,,,,,
,,,,,,,,,,,,,,,,,,,,
,,,,,,,,,,,,,,,,,,,,
,,,,,,,,,,,,,,,,,,,,
,,,,,,,,,,,,,,,,,,,,
,,,,,,,,,,,,,,,,,,,,
,,,,,,,,,,,,,,,,,,,,
,,,,,,,,,,,,,,,,,,,,
,,,,,,,,,,,,,,,,,,,,
,,,,,,,,,,,,,,,,,,,,
,,,,,,,,,,,,,,,,,,,,
,,,,,,,,,,,,,,,,,,,,
,,,,,,,,,,,,,,,,,,,,
,,,,,,,,,,,,,,,,,,,,
,,,,,,,,,,,,,,,,,,,,
,,,,,,,,,,,,,,,,,,,,
,,,,,,,,,,,,,,,,,,,,
,,,,,,,,,,,,,,,,,,,,
,,,,,,,,,,,,,,,,,,,,
,,,,,,,,,,,,,,,,,,,,
,,,,,,,,,,,,,,,,,,,,
,,,,,,,,,,,,,,,,,,,,
,,,,,,,,,,,,,,,,,,,,
,,,,,,,,,,,,,,,,,,,,
,,,,,,,,,,,,,,,,,,,,
,,,,,,,,,,,,,,,,,,,,
,,,,,,,,,,,,,,,,,,,,
,,,,,,,,,,,,,,,,,,,,
,,,,,,,,,,,,,,,,,,,,
,,,,,,,,,,,,,,,,,,,,
,,,,,,,,,,,,,,,,,,,,
,,,,,,,,,,,,,,,,,,,,
,,,,,,,,,,,,,,,,,,,,
,,,,,,,,,,,,,,,,,,,,
,,,,,,,,,,,,,,,,,,,,
,,,,,,,,,,,,,,,,,,,,
,,,,,,,,,,,,,,,,,,,,
,,,,,,,,,,,,,,,,,,,,
,,,,,,,,,,,,,,,,,,,,
,,,,,,,,,,,,,,,,,,,,
,,,,,,,,,,,,,,,,,,,,
,,,,,,,,,,,,,,,,,,,,
,,,,,,,,,,,,,,,,,,,,
,,,,,,,,,,,,,,,,,,,,
,,,,,,,,,,,,,,,,,,,,
,,,,,,,,,,,,,,,,,,,,
,,,,,,,,,,,,,,,,,,,,
,,,,,,,,,,,,,,,,,,,,
,,,,,,,,,,,,,,,,,,,,
,,,,,,,,,,,,,,,,,,,,
,,,,,,,,,,,,,,,,,,,,
,,,,,,,,,,,,,,,,,,,,
,,,,,,,,,,,,,,,,,,,,
,,,,,,,,,,,,,,,,,,,,
,,,,,,,,,,,,,,,,,,,,
,,,,,,,,,,,,,,,,,,,,
,,,,,,,,,,,,,,,,,,,,
,,,,,,,,,,,,,,,,,,,,
,,,,,,,,,,,,,,,,,,,,
,,,,,,,,,,,,,,,,,,,,
,,,,,,,,,,,,,,,,,,,,
,,,,,,,,,,,,,,,,,,,,
,,,,,,,,,,,,,,,,,,,,
,,,,,,,,,,,,,,,,,,,,
,,,,,,,,,,,,,,,,,,,,
,,,,,,,,,,,,,,,,,,,,
,,,,,,,,,,,,,,,,,,,,
,,,,,,,,,,,,,,,,,,,,
,,,,,,,,,,,,,,,,,,,,
,,,,,,,,,,,,,,,,,,,,
,,,,,,,,,,,,,,,,,,,,
,,,,,,,,,,,,,,,,,,,,
,,,,,,,,,,,,,,,,,,,,
,,,,,,,,,,,,,,,,,,,,
,,,,,,,,,,,,,,,,,,,,
,,,,,,,,,,,,,,,,,,,,
,,,,,,,,,,,,,,,,,,,,
,,,,,,,,,,,,,,,,,,,,
,,,,,,,,,,,,,,,,,,,,
,,,,,,,,,,,,,,,,,,,,
,,,,,,,,,,,,,,,,,,,,
,,,,,,,,,,,,,,,,,,,,
,,,,,,,,,,,,,,,,,,,,
,,,,,,,,,,,,,,,,,,,,
,,,,,,,,,,,,,,,,,,,,
,,,,,,,,,,,,,,,,,,,,
,,,,,,,,,,,,,,,,,,,,
,,,,,,,,,,,,,,,,,,,,
,,,,,,,,,,,,,,,,,,,,
,,,,,,,,,,,,,,,,,,,,
,,,,,,,,,,,,,,,,,,,,
,,,,,,,,,,,,,,,,,,,,
,,,,,,,,,,,,,,,,,,,,
,,,,,,,,,,,,,,,,,,,,
,,,,,,,,,,,,,,,,,,,,
,,,,,,,,,,,,,,,,,,,,
,,,,,,,,,,,,,,,,,,,,
,,,,,,,,,,,,,,,,,,,,
,,,,,,,,,,,,,,,,,,,,
,,,,,,,,,,,,,,,,,,,,
,,,,,,,,,,,,,,,,,,,,
,,,,,,,,,,,,,,,,,,,,
,,,,,,,,,,,,,,,,,,,,
,,,,,,,,,,,,,,,,,,,,
,,,,,,,,,,,,,,,,,,,,
,,,,,,,,,,,,,,,,,,,,
,,,,,,,,,,,,,,,,,,,,
,,,,,,,,,,,,,,,,,,,,
,,,,,,,,,,,,,,,,,,,,
,,,,,,,,,,,,,,,,,,,,
,,,,,,,,,,,,,,,,,,,,
,,,,,,,,,,,,,,,,,,,,
,,,,,,,,,,,,,,,,,,,,
,,,,,,,,,,,,,,,,,,,,
,,,,,,,,,,,,,,,,,,,,
,,,,,,,,,,,,,,,,,,,,
,,,,,,,,,,,,,,,,,,,,
,,,,,,,,,,,,,,,,,,,,
,,,,,,,,,,,,,,,,,,,,
,,,,,,,,,,,,,,,,,,,,
,,,,,,,,,,,,,,,,,,,,
,,,,,,,,,,,,,,,,,,,,
,,,,,,,,,,,,,,,,,,,,
,,,,,,,,,,,,,,,,,,,,
,,,,,,,,,,,,,,,,,,,,
,,,,,,,,,,,,,,,,,,,,
,,,,,,,,,,,,,,,,,,,,
,,,,,,,,,,,,,,,,,,,,
,,,,,,,,,,,,,,,,,,,,
,,,,,,,,,,,,,,,,,,,,
,,,,,,,,,,,,,,,,,,,,
,,,,,,,,,,,,,,,,,,,,
,,,,,,,,,,,,,,,,,,,,
,,,,,,,,,,,,,,,,,,,,
,,,,,,,,,,,,,,,,,,,,
,,,,,,,,,,,,,,,,,,,,
,,,,,,,,,,,,,,,,,,,,
,,,,,,,,,,,,,,,,,,,,
,,,,,,,,,,,,,,,,,,,,
,,,,,,,,,,,,,,,,,,,,
,,,,,,,,,,,,,,,,,,,,
,,,,,,,,,,,,,,,,,,,,
,,,,,,,,,,,,,,,,,,,,
,,,,,,,,,,,,,,,,,,,,
,,,,,,,,,,,,,,,,,,,,
,,,,,,,,,,,,,,,,,,,,
,,,,,,,,,,,,,,,,,,,,
,,,,,,,,,,,,,,,,,,,,
,,,,,,,,,,,,,,,,,,,,
,,,,,,,,,,,,,,,,,,,,
,,,,,,,,,,,,,,,,,,,,
,,,,,,,,,,,,,,,,,,,,
,,,,,,,,,,,,,,,,,,,,
,,,,,,,,,,,,,,,,,,,,
,,,,,,,,,,,,,,,,,,,,
,,,,,,,,,,,,,,,,,,,,
,,,,,,,,,,,,,,,,,,,,
,,,,,,,,,,,,,,,,,,,,
,,,,,,,,,,,,,,,,,,,,
,,,,,,,,,,,,,,,,,,,,
,,,,,,,,,,,,,,,,,,,,
,,,,,,,,,,,,,,,,,,,,
,,,,,,,,,,,,,,,,,,,,
,,,,,,,,,,,,,,,,,,,,
,,,,,,,,,,,,,,,,,,,,
,,,,,,,,,,,,,,,,,,,,
,,,,,,,,,,,,,,,,,,,,
,,,,,,,,,,,,,,,,,,,,
,,,,,,,,,,,,,,,,,,,,
,,,,,,,,,,,,,,,,,,,,
,,,,,,,,,,,,,,,,,,,,
,,,,,,,,,,,,,,,,,,,,
,,,,,,,,,,,,,,,,,,,,
,,,,,,,,,,,,,,,,,,,,
,,,,,,,,,,,,,,,,,,,,
,,,,,,,,,,,,,,,,,,,,
,,,,,,,,,,,,,,,,,,,,
,,,,,,,,,,,,,,,,,,,,
,,,,,,,,,,,,,,,,,,,,
,,,,,,,,,,,,,,,,,,,,
,,,,,,,,,,,,,,,,,,,,
,,,,,,,,,,,,,,,,,,,,
,,,,,,,,,,,,,,,,,,,,
,,,,,,,,,,,,,,,,,,,,
,,,,,,,,,,,,,,,,,,,,
,,,,,,,,,,,,,,,,,,,,
,,,,,,,,,,,,,,,,,,,,
,,,,,,,,,,,,,,,,,,,,
,,,,,,,,,,,,,,,,,,,,
,,,,,,,,,,,,,,,,,,,,
,,,,,,,,,,,,,,,,,,,,
,,,,,,,,,,,,,,,,,,,,
,,,,,,,,,,,,,,,,,,,,
,,,,,,,,,,,,,,,,,,,,
,,,,,,,,,,,,,,,,,,,,
,,,,,,,,,,,,,,,,,,,,
,,,,,,,,,,,,,,,,,,,,
,,,,,,,,,,,,,,,,,,,,
,,,,,,,,,,,,,,,,,,,,
,,,,,,,,,,,,,,,,,,,,
,,,,,,,,,,,,,,,,,,,,
,,,,,,,,,,,,,,,,,,,,
,,,,,,,,,,,,,,,,,,,,
,,,,,,,,,,,,,,,,,,,,
,,,,,,,,,,,,,,,,,,,,
,,,,,,,,,,,,,,,,,,,,
,,,,,,,,,,,,,,,,,,,,
,,,,,,,,,,,,,,,,,,,,
,,,,,,,,,,,,,,,,,,,,
,,,,,,,,,,,,,,,,,,,,
,,,,,,,,,,,,,,,,,,,,
,,,,,,,,,,,,,,,,,,,,
,,,,,,,,,,,,,,,,,,,,
,,,,,,,,,,,,,,,,,,,,
,,,,,,,,,,,,,,,,,,,,
,,,,,,,,,,,,,,,,,,,,
,,,,,,,,,,,,,,,,,,,,
,,,,,,,,,,,,,,,,,,,,
,,,,,,,,,,,,,,,,,,,,
,,,,,,,,,,,,,,,,,,,,
,,,,,,,,,,,,,,,,,,,,
,,,,,,,,,,,,,,,,,,,,
,,,,,,,,,,,,,,,,,,,,
,,,,,,,,,,,,,,,,,,,,
,,,,,,,,,,,,,,,,,,,,
,,,,,,,,,,,,,,,,,,,,
,,,,,,,,,,,,,,,,,,,,
,,,,,,,,,,,,,,,,,,,,
,,,,,,,,,,,,,,,,,,,,
,,,,,,,,,,,,,,,,,,,,
,,,,,,,,,,,,,,,,,,,,
,,,,,,,,,,,,,,,,,,,,
,,,,,,,,,,,,,,,,,,,,
,,,,,,,,,,,,,,,,,,,,
,,,,,,,,,,,,,,,,,,,,
,,,,,,,,,,,,,,,,,,,,
,,,,,,,,,,,,,,,,,,,,
,,,,,,,,,,,,,,,,,,,,
,,,,,,,,,,,,,,,,,,,,
,,,,,,,,,,,,,,,,,,,,
,,,,,,,,,,,,,,,,,,,,
,,,,,,,,,,,,,,,,,,,,
,,,,,,,,,,,,,,,,,,,,
,,,,,,,,,,,,,,,,,,,,
,,,,,,,,,,,,,,,,,,,,
,,,,,,,,,,,,,,,,,,,,
,,,,,,,,,,,,,,,,,,,,
,,,,,,,,,,,,,,,,,,,,
,,,,,,,,,,,,,,,,,,,,
,,,,,,,,,,,,,,,,,,,,
,,,,,,,,,,,,,,,,,,,,
,,,,,,,,,,,,,,,,,,,,
,,,,,,,,,,,,,,,,,,,,
,,,,,,,,,,,,,,,,,,,,
,,,,,,,,,,,,,,,,,,,,
,,,,,,,,,,,,,,,,,,,,
,,,,,,,,,,,,,,,,,,,,
,,,,,,,,,,,,,,,,,,,,
,,,,,,,,,,,,,,,,,,,,
,,,,,,,,,,,,,,,,,,,,
,,,,,,,,,,,,,,,,,,,,
,,,,,,,,,,,,,,,,,,,,
,,,,,,,,,,,,,,,,,,,,
,,,,,,,,,,,,,,,,,,,,
,,,,,,,,,,,,,,,,,,,,
,,,,,,,,,,,,,,,,,,,,
,,,,,,,,,,,,,,,,,,,,
,,,,,,,,,,,,,,,,,,,,
,,,,,,,,,,,,,,,,,,,,
,,,,,,,,,,,,,,,,,,,,
,,,,,,,,,,,,,,,,,,,,
,,,,,,,,,,,,,,,,,,,,
,,,,,,,,,,,,,,,,,,,,
,,,,,,,,,,,,,,,,,,,,
,,,,,,,,,,,,,,,,,,,,
,,,,,,,,,,,,,,,,,,,,
,,,,,,,,,,,,,,,,,,,,
,,,,,,,,,,,,,,,,,,,,
,,,,,,,,,,,,,,,,,,,,
,,,,,,,,,,,,,,,,,,,,
,,,,,,,,,,,,,,,,,,,,
,,,,,,,,,,,,,,,,,,,,
,,,,,,,,,,,,,,,,,,,,
,,,,,,,,,,,,,,,,,,,,
,,,,,,,,,,,,,,,,,,,,
,,,,,,,,,,,,,,,,,,,,
,,,,,,,,,,,,,,,,,,,,
,,,,,,,,,,,,,,,,,,,,
,,,,,,,,,,,,,,,,,,,,
,,,,,,,,,,,,,,,,,,,,
,,,,,,,,,,,,,,,,,,,,
,,,,,,,,,,,,,,,,,,,,
,,,,,,,,,,,,,,,,,,,,
,,,,,,,,,,,,,,,,,,,,
,,,,,,,,,,,,,,,,,,,,
,,,,,,,,,,,,,,,,,,,,
,,,,,,,,,,,,,,,,,,,,
,,,,,,,,,,,,,,,,,,,,
,,,,,,,,,,,,,,,,,,,,
,,,,,,,,,,,,,,,,,,,,
,,,,,,,,,,,,,,,,,,,,
,,,,,,,,,,,,,,,,,,,,
,,,,,,,,,,,,,,,,,,,,
,,,,,,,,,,,,,,,,,,,,
,,,,,,,,,,,,,,,,,,,,
,,,,,,,,,,,,,,,,,,,,
,,,,,,,,,,,,,,,,,,,,
,,,,,,,,,,,,,,,,,,,,
,,,,,,,,,,,,,,,,,,,,
,,,,,,,,,,,,,,,,,,,,
,,,,,,,,,,,,,,,,,,,,
,,,,,,,,,,,,,,,,,,,,
,,,,,,,,,,,,,,,,,,,,
,,,,,,,,,,,,,,,,,,,,
,,,,,,,,,,,,,,,,,,,,
,,,,,,,,,,,,,,,,,,,,
,,,,,,,,,,,,,,,,,,,,
,,,,,,,,,,,,,,,,,,,,
,,,,,,,,,,,,,,,,,,,,
,,,,,,,,,,,,,,,,,,,,
,,,,,,,,,,,,,,,,,,,,
,,,,,,,,,,,,,,,,,,,,
,,,,,,,,,,,,,,,,,,,,
,,,,,,,,,,,,,,,,,,,,
,,,,,,,,,,,,,,,,,,,,
,,,,,,,,,,,,,,,,,,,,
,,,,,,,,,,,,,,,,,,,,
,,,,,,,,,,,,,,,,,,,,
,,,,,,,,,,,,,,,,,,,,
,,,,,,,,,,,,,,,,,,,,
,,,,,,,,,,,,,,,,,,,,
,,,,,,,,,,,,,,,,,,,,
,,,,,,,,,,,,,,,,,,,,
,,,,,,,,,,,,,,,,,,,,
,,,,,,,,,,,,,,,,,,,,
,,,,,,,,,,,,,,,,,,,,
,,,,,,,,,,,,,,,,,,,,
,,,,,,,,,,,,,,,,,,,,
,,,,,,,,,,,,,,,,,,,,
,,,,,,,,,,,,,,,,,,,,
,,,,,,,,,,,,,,,,,,,,
,,,,,,,,,,,,,,,,,,,,
,,,,,,,,,,,,,,,,,,,,
,,,,,,,,,,,,,,,,,,,,
,,,,,,,,,,,,,,,,,,,,
,,,,,,,,,,,,,,,,,,,,
,,,,,,,,,,,,,,,,,,,,
,,,,,,,,,,,,,,,,,,,,
,,,,,,,,,,,,,,,,,,,,
,,,,,,,,,,,,,,,,,,,,
,,,,,,,,,,,,,,,,,,,,
,,,,,,,,,,,,,,,,,,,,
,,,,,,,,,,,,,,,,,,,,
,,,,,,,,,,,,,,,,,,,,
,,,,,,,,,,,,,,,,,,,,
,,,,,,,,,,,,,,,,,,,,
,,,,,,,,,,,,,,,,,,,,
,,,,,,,,,,,,,,,,,,,,
,,,,,,,,,,,,,,,,,,,,
,,,,,,,,,,,,,,,,,,,,
,,,,,,,,,,,,,,,,,,,,
,,,,,,,,,,,,,,,,,,,,
,,,,,,,,,,,,,,,,,,,,
,,,,,,,,,,,,,,,,,,,,
,,,,,,,,,,,,,,,,,,,,
,,,,,,,,,,,,,,,,,,,,
,,,,,,,,,,,,,,,,,,,,
,,,,,,,,,,,,,,,,,,,,
,,,,,,,,,,,,,,,,,,,,
,,,,,,,,,,,,,,,,,,,,
,,,,,,,,,,,,,,,,,,,,
,,,,,,,,,,,,,,,,,,,,
,,,,,,,,,,,,,,,,,,,,
,,,,,,,,,,,,,,,,,,,,
,,,,,,,,,,,,,,,,,,,,
,,,,,,,,,,,,,,,,,,,,
,,,,,,,,,,,,,,,,,,,,
,,,,,,,,,,,,,,,,,,,,
,,,,,,,,,,,,,,,,,,,,
,,,,,,,,,,,,,,,,,,,,
,,,,,,,,,,,,,,,,,,,,
,,,,,,,,,,,,,,,,,,,,
,,,,,,,,,,,,,,,,,,,,
,,,,,,,,,,,,,,,,,,,,
,,,,,,,,,,,,,,,,,,,,
,,,,,,,,,,,,,,,,,,,,
,,,,,,,,,,,,,,,,,,,,
,,,,,,,,,,,,,,,,,,,,
,,,,,,,,,,,,,,,,,,,,
,,,,,,,,,,,,,,,,,,,,
,,,,,,,,,,,,,,,,,,,,
,,,,,,,,,,,,,,,,,,,,
,,,,,,,,,,,,,,,,,,,,
,,,,,,,,,,,,,,,,,,,,
,,,,,,,,,,,,,,,,,,,,
,,,,,,,,,,,,,,,,,,,,
,,,,,,,,,,,,,,,,,,,,
,,,,,,,,,,,,,,,,,,,,
,,,,,,,,,,,,,,,,,,,,
,,,,,,,,,,,,,,,,,,,,
,,,,,,,,,,,,,,,,,,,,
,,,,,,,,,,,,,,,,,,,,
,,,,,,,,,,,,,,,,,,,,
,,,,,,,,,,,,,,,,,,,,
,,,,,,,,,,,,,,,,,,,,
,,,,,,,,,,,,,,,,,,,,
,,,,,,,,,,,,,,,,,,,,
,,,,,,,,,,,,,,,,,,,,
,,,,,,,,,,,,,,,,,,,,
,,,,,,,,,,,,,,,,,,,,
,,,,,,,,,,,,,,,,,,,,
,,,,,,,,,,,,,,,,,,,,
,,,,,,,,,,,,,,,,,,,,
,,,,,,,,,,,,,,,,,,,,
,,,,,,,,,,,,,,,,,,,,
,,,,,,,,,,,,,,,,,,,,
,,,,,,,,,,,,,,,,,,,,
,,,,,,,,,,,,,,,,,,,,
,,,,,,,,,,,,,,,,,,,,
,,,,,,,,,,,,,,,,,,,,
,,,,,,,,,,,,,,,,,,,,
,,,,,,,,,,,,,,,,,,,,
,,,,,,,,,,,,,,,,,,,,
,,,,,,,,,,,,,,,,,,,,
,,,,,,,,,,,,,,,,,,,,
,,,,,,,,,,,,,,,,,,,,
,,,,,,,,,,,,,,,,,,,,
,,,,,,,,,,,,,,,,,,,,
,,,,,,,,,,,,,,,,,,,,
,,,,,,,,,,,,,,,,,,,,
,,,,,,,,,,,,,,,,,,,,
,,,,,,,,,,,,,,,,,,,,
,,,,,,,,,,,,,,,,,,,,
,,,,,,,,,,,,,,,,,,,,
,,,,,,,,,,,,,,,,,,,,
,,,,,,,,,,,,,,,,,,,,
,,,,,,,,,,,,,,,,,,,,
,,,,,,,,,,,,,,,,,,,,
,,,,,,,,,,,,,,,,,,,,
,,,,,,,,,,,,,,,,,,,,
,,,,,,,,,,,,,,,,,,,,
,,,,,,,,,,,,,,,,,,,,
,,,,,,,,,,,,,,,,,,,,
,,,,,,,,,,,,,,,,,,,,
,,,,,,,,,,,,,,,,,,,,
,,,,,,,,,,,,,,,,,,,,
,,,,,,,,,,,,,,,,,,,,
,,,,,,,,,,,,,,,,,,,,
,,,,,,,,,,,,,,,,,,,,
,,,,,,,,,,,,,,,,,,,,
,,,,,,,,,,,,,,,,,,,,
,,,,,,,,,,,,,,,,,,,,
,,,,,,,,,,,,,,,,,,,,
,,,,,,,,,,,,,,,,,,,,
,,,,,,,,,,,,,,,,,,,,
,,,,,,,,,,,,,,,,,,,,
,,,,,,,,,,,,,,,,,,,,
,,,,,,,,,,,,,,,,,,,,
,,,,,,,,,,,,,,,,,,,,
,,,,,,,,,,,,,,,,,,,,
,,,,,,,,,,,,,,,,,,,,
,,,,,,,,,,,,,,,,,,,,
,,,,,,,,,,,,,,,,,,,,
,,,,,,,,,,,,,,,,,,,,
,,,,,,,,,,,,,,,,,,,,
,,,,,,,,,,,,,,,,,,,,
,,,,,,,,,,,,,,,,,,,,
,,,,,,,,,,,,,,,,,,,,
,,,,,,,,,,,,,,,,,,,,
,,,,,,,,,,,,,,,,,,,,
,,,,,,,,,,,,,,,,,,,,
,,,,,,,,,,,,,,,,,,,,
,,,,,,,,,,,,,,,,,,,,
,,,,,,,,,,,,,,,,,,,,
,,,,,,,,,,,,,,,,,,,,
,,,,,,,,,,,,,,,,,,,,
,,,,,,,,,,,,,,,,,,,,
,,,,,,,,,,,,,,,,,,,,
,,,,,,,,,,,,,,,,,,,,
,,,,,,,,,,,,,,,,,,,,
,,,,,,,,,,,,,,,,,,,,
,,,,,,,,,,,,,,,,,,,,
,,,,,,,,,,,,,,,,,,,,
,,,,,,,,,,,,,,,,,,,,
,,,,,,,,,,,,,,,,,,,,
,,,,,,,,,,,,,,,,,,,,
,,,,,,,,,,,,,,,,,,,,
,,,,,,,,,,,,,,,,,,,,
,,,,,,,,,,,,,,,,,,,,
,,,,,,,,,,,,,,,,,,,,
,,,,,,,,,,,,,,,,,,,,
,,,,,,,,,,,,,,,,,,,,
,,,,,,,,,,,,,,,,,,,,
,,,,,,,,,,,,,,,,,,,,
,,,,,,,,,,,,,,,,,,,,
,,,,,,,,,,,,,,,,,,,,
,,,,,,,,,,,,,,,,,,,,
,,,,,,,,,,,,,,,,,,,,
,,,,,,,,,,,,,,,,,,,,
,,,,,,,,,,,,,,,,,,,,
,,,,,,,,,,,,,,,,,,,,
,,,,,,,,,,,,,,,,,,,,
,,,,,,,,,,,,,,,,,,,,
,,,,,,,,,,,,,,,,,,,,
,,,,,,,,,,,,,,,,,,,,
,,,,,,,,,,,,,,,,,,,,
,,,,,,,,,,,,,,,,,,,,
,,,,,,,,,,,,,,,,,,,,
,,,,,,,,,,,,,,,,,,,,
,,,,,,,,,,,,,,,,,,,,
,,,,,,,,,,,,,,,,,,,,
,,,,,,,,,,,,,,,,,,,,
,,,,,,,,,,,,,,,,,,,,
,,,,,,,,,,,,,,,,,,,,
,,,,,,,,,,,,,,,,,,,,
,,,,,,,,,,,,,,,,,,,,
,,,,,,,,,,,,,,,,,,,,
,,,,,,,,,,,,,,,,,,,,
,,,,,,,,,,,,,,,,,,,,
,,,,,,,,,,,,,,,,,,,,
,,,,,,,,,,,,,,,,,,,,
,,,,,,,,,,,,,,,,,,,,
,,,,,,,,,,,,,,,,,,,,
,,,,,,,,,,,,,,,,,,,,
,,,,,,,,,,,,,,,,,,,,
,,,,,,,,,,,,,,,,,,,,
,,,,,,,,,,,,,,,,,,,,
,,,,,,,,,,,,,,,,,,,,
,,,,,,,,,,,,,,,,,,,,
,,,,,,,,,,,,,,,,,,,,
,,,,,,,,,,,,,,,,,,,,
,,,,,,,,,,,,,,,,,,,,
,,,,,,,,,,,,,,,,,,,,
,,,,,,,,,,,,,,,,,,,,
,,,,,,,,,,,,,,,,,,,,
,,,,,,,,,,,,,,,,,,,,
,,,,,,,,,,,,,,,,,,,,
,,,,,,,,,,,,,,,,,,,,
,,,,,,,,,,,,,,,,,,,,
,,,,,,,,,,,,,,,,,,,,
,,,,,,,,,,,,,,,,,,,,
,,,,,,,,,,,,,,,,,,,,
,,,,,,,,,,,,,,,,,,,,
,,,,,,,,,,,,,,,,,,,,
,,,,,,,,,,,,,,,,,,,,
,,,,,,,,,,,,,,,,,,,,
,,,,,,,,,,,,,,,,,,,,
,,,,,,,,,,,,,,,,,,,,
,,,,,,,,,,,,,,,,,,,,
,,,,,,,,,,,,,,,,,,,,
,,,,,,,,,,,,,,,,,,,,
,,,,,,,,,,,,,,,,,,,,
,,,,,,,,,,,,,,,,,,,,
,,,,,,,,,,,,,,,,,,,,
,,,,,,,,,,,,,,,,,,,,
,,,,,,,,,,,,,,,,,,,,
,,,,,,,,,,,,,,,,,,,,
,,,,,,,,,,,,,,,,,,,,
,,,,,,,,,,,,,,,,,,,,
,,,,,,,,,,,,,,,,,,,,
,,,,,,,,,,,,,,,,,,,,
,,,,,,,,,,,,,,,,,,,,
,,,,,,,,,,,,,,,,,,,,
,,,,,,,,,,,,,,,,,,,,
,,,,,,,,,,,,,,,,,,,,
,,,,,,,,,,,,,,,,,,,,
,,,,,,,,,,,,,,,,,,,,
,,,,,,,,,,,,,,,,,,,,
,,,,,,,,,,,,,,,,,,,,
,,,,,,,,,,,,,,,,,,,,
,,,,,,,,,,,,,,,,,,,,
,,,,,,,,,,,,,,,,,,,,
,,,,,,,,,,,,,,,,,,,,
,,,,,,,,,,,,,,,,,,,,
,,,,,,,,,,,,,,,,,,,,
,,,,,,,,,,,,,,,,,,,,
,,,,,,,,,,,,,,,,,,,,
,,,,,,,,,,,,,,,,,,,,
,,,,,,,,,,,,,,,,,,,,
,,,,,,,,,,,,,,,,,,,,
,,,,,,,,,,,,,,,,,,,,
,,,,,,,,,,,,,,,,,,,,
,,,,,,,,,,,,,,,,,,,,
,,,,,,,,,,,,,,,,,,,,
,,,,,,,,,,,,,,,,,,,,
,,,,,,,,,,,,,,,,,,,,
,,,,,,,,,,,,,,,,,,,,
,,,,,,,,,,,,,,,,,,,,
,,,,,,,,,,,,,,,,,,,,
,,,,,,,,,,,,,,,,,,,,
,,,,,,,,,,,,,,,,,,,,
,,,,,,,,,,,,,,,,,,,,
,,,,,,,,,,,,,,,,,,,,
,,,,,,,,,,,,,,,,,,,,
,,,,,,,,,,,,,,,,,,,,
,,,,,,,,,,,,,,,,,,,,
,,,,,,,,,,,,,,,,,,,,
,,,,,,,,,,,,,,,,,,,,
,,,,,,,,,,,,,,,,,,,,
,,,,,,,,,,,,,,,,,,,,
,,,,,,,,,,,,,,,,,,,,
,,,,,,,,,,,,,,,,,,,,
,,,,,,,,,,,,,,,,,,,,
,,,,,,,,,,,,,,,,,,,,
,,,,,,,,,,,,,,,,,,,,
,,,,,,,,,,,,,,,,,,,,
,,,,,,,,,,,,,,,,,,,,
,,,,,,,,,,,,,,,,,,,,
,,,,,,,,,,,,,,,,,,,,
,,,,,,,,,,,,,,,,,,,,
,,,,,,,,,,,,,,,,,,,,
,,,,,,,,,,,,,,,,,,,,
,,,,,,,,,,,,,,,,,,,,
,,,,,,,,,,,,,,,,,,,,
,,,,,,,,,,,,,,,,,,,,
,,,,,,,,,,,,,,,,,,,,
,,,,,,,,,,,,,,,,,,,,
,,,,,,,,,,,,,,,,,,,,
,,,,,,,,,,,,,,,,,,,,
,,,,,,,,,,,,,,,,,,,,
,,,,,,,,,,,,,,,,,,,,
,,,,,,,,,,,,,,,,,,,,
,,,,,,,,,,,,,,,,,,,,
,,,,,,,,,,,,,,,,,,,,
,,,,,,,,,,,,,,,,,,,,
,,,,,,,,,,,,,,,,,,,,
,,,,,,,,,,,,,,,,,,,,
,,,,,,,,,,,,,,,,,,,,
,,,,,,,,,,,,,,,,,,,,
,,,,,,,,,,,,,,,,,,,,
,,,,,,,,,,,,,,,,,,,,
,,,,,,,,,,,,,,,,,,,,
,,,,,,,,,,,,,,,,,,,,
,,,,,,,,,,,,,,,,,,,,
,,,,,,,,,,,,,,,,,,,,
,,,,,,,,,,,,,,,,,,,,
,,,,,,,,,,,,,,,,,,,,
,,,,,,,,,,,,,,,,,,,,
,,,,,,,,,,,,,,,,,,,,
,,,,,,,,,,,,,,,,,,,,
,,,,,,,,,,,,,,,,,,,,
,,,,,,,,,,,,,,,,,,,,
,,,,,,,,,,,,,,,,,,,,
,,,,,,,,,,,,,,,,,,,,
,,,,,,,,,,,,,,,,,,,,
,,,,,,,,,,,,,,,,,,,,
,,,,,,,,,,,,,,,,,,,,
,,,,,,,,,,,,,,,,,,,,
,,,,,,,,,,,,,,,,,,,,
,,,,,,,,,,,,,,,,,,,,
,,,,,,,,,,,,,,,,,,,,
,,,,,,,,,,,,,,,,,,,,
,,,,,,,,,,,,,,,,,,,,
,,,,,,,,,,,,,,,,,,,,
,,,,,,,,,,,,,,,,,,,,
,,,,,,,,,,,,,,,,,,,,
,,,,,,,,,,,,,,,,,,,,
,,,,,,,,,,,,,,,,,,,,
,,,,,,,,,,,,,,,,,,,,
,,,,,,,,,,,,,,,,,,,,
,,,,,,,,,,,,,,,,,,,,
,,,,,,,,,,,,,,,,,,,,
,,,,,,,,,,,,,,,,,,,,
,,,,,,,,,,,,,,,,,,,,
,,,,,,,,,,,,,,,,,,,,
,,,,,,,,,,,,,,,,,,,,
,,,,,,,,,,,,,,,,,,,,
,,,,,,,,,,,,,,,,,,,,
,,,,,,,,,,,,,,,,,,,,
,,,,,,,,,,,,,,,,,,,,
,,,,,,,,,,,,,,,,,,,,
,,,,,,,,,,,,,,,,,,,,
,,,,,,,,,,,,,,,,,,,,
,,,,,,,,,,,,,,,,,,,,
,,,,,,,,,,,,,,,,,,,,
,,,,,,,,,,,,,,,,,,,,
,,,,,,,,,,,,,,,,,,,,
,,,,,,,,,,,,,,,,,,,,
,,,,,,,,,,,,,,,,,,,,
,,,,,,,,,,,,,,,,,,,,
,,,,,,,,,,,,,,,,,,,,
,,,,,,,,,,,,,,,,,,,,
,,,,,,,,,,,,,,,,,,,,
,,,,,,,,,,,,,,,,,,,,
,,,,,,,,,,,,,,,,,,,,
,,,,,,,,,,,,,,,,,,,,
,,,,,,,,,,,,,,,,,,,,
,,,,,,,,,,,,,,,,,,,,
,,,,,,,,,,,,,,,,,,,,
,,,,,,,,,,,,,,,,,,,,
,,,,,,,,,,,,,,,,,,,,
,,,,,,,,,,,,,,,,,,,,
,,,,,,,,,,,,,,,,,,,,
,,,,,,,,,,,,,,,,,,,,
,,,,,,,,,,,,,,,,,,,,
,,,,,,,,,,,,,,,,,,,,
,,,,,,,,,,,,,,,,,,,,
,,,,,,,,,,,,,,,,,,,,
,,,,,,,,,,,,,,,,,,,,
,,,,,,,,,,,,,,,,,,,,
,,,,,,,,,,,,,,,,,,,,
,,,,,,,,,,,,,,,,,,,,
,,,,,,,,,,,,,,,,,,,,
,,,,,,,,,,,,,,,,,,,,
,,,,,,,,,,,,,,,,,,,,
,,,,,,,,,,,,,,,,,,,,
,,,,,,,,,,,,,,,,,,,,
,,,,,,,,,,,,,,,,,,,,
,,,,,,,,,,,,,,,,,,,,
,,,,,,,,,,,,,,,,,,,,
,,,,,,,,,,,,,,,,,,,,
,,,,,,,,,,,,,,,,,,,,
,,,,,,,,,,,,,,,,,,,,
,,,,,,,,,,,,,,,,,,,,
,,,,,,,,,,,,,,,,,,,,
,,,,,,,,,,,,,,,,,,,,
,,,,,,,,,,,,,,,,,,,,
,,,,,,,,,,,,,,,,,,,,
,,,,,,,,,,,,,,,,,,,,
,,,,,,,,,,,,,,,,,,,,
,,,,,,,,,,,,,,,,,,,,
,,,,,,,,,,,,,,,,,,,,
,,,,,,,,,,,,,,,,,,,,
,,,,,,,,,,,,,,,,,,,,
,,,,,,,,,,,,,,,,,,,,
,,,,,,,,,,,,,,,,,,,,
,,,,,,,,,,,,,,,,,,,,
,,,,,,,,,,,,,,,,,,,,
,,,,,,,,,,,,,,,,,,,,
,,,,,,,,,,,,,,,,,,,,
,,,,,,,,,,,,,,,,,,,,
,,,,,,,,,,,,,,,,,,,,
,,,,,,,,,,,,,,,,,,,,
,,,,,,,,,,,,,,,,,,,,
,,,,,,,,,,,,,,,,,,,,
,,,,,,,,,,,,,,,,,,,,
,,,,,,,,,,,,,,,,,,,,
,,,,,,,,,,,,,,,,,,,,
,,,,,,,,,,,,,,,,,,,,
,,,,,,,,,,,,,,,,,,,,
,,,,,,,,,,,,,,,,,,,,
,,,,,,,,,,,,,,,,,,,,
,,,,,,,,,,,,,,,,,,,,
,,,,,,,,,,,,,,,,,,,,
,,,,,,,,,,,,,,,,,,,,
,,,,,,,,,,,,,,,,,,,,
,,,,,,,,,,,,,,,,,,,,
,,,,,,,,,,,,,,,,,,,,
,,,,,,,,,,,,,,,,,,,,
,,,,,,,,,,,,,,,,,,,,
,,,,,,,,,,,,,,,,,,,,
,,,,,,,,,,,,,,,,,,,,
,,,,,,,,,,,,,,,,,,,,
,,,,,,,,,,,,,,,,,,,,
,,,,,,,,,,,,,,,,,,,,
,,,,,,,,,,,,,,,,,,,,
,,,,,,,,,,,,,,,,,,,,
,,,,,,,,,,,,,,,,,,,,
,,,,,,,,,,,,,,,,,,,,
,,,,,,,,,,,,,,,,,,,,
,,,,,,,,,,,,,,,,,,,,
,,,,,,,,,,,,,,,,,,,,
,,,,,,,,,,,,,,,,,,,,
,,,,,,,,,,,,,,,,,,,,
,,,,,,,,,,,,,,,,,,,,
,,,,,,,,,,,,,,,,,,,,
,,,,,,,,,,,,,,,,,,,,
,,,,,,,,,,,,,,,,,,,,
,,,,,,,,,,,,,,,,,,,,
,,,,,,,,,,,,,,,,,,,,
,,,,,,,,,,,,,,,,,,,,
,,,,,,,,,,,,,,,,,,,,
,,,,,,,,,,,,,,,,,,,,
,,,,,,,,,,,,,,,,,,,,
,,,,,,,,,,,,,,,,,,,,
,,,,,,,,,,,,,,,,,,,,
,,,,,,,,,,,,,,,,,,,,
,,,,,,,,,,,,,,,,,,,,
,,,,,,,,,,,,,,,,,,,,
,,,,,,,,,,,,,,,,,,,,
,,,,,,,,,,,,,,,,,,,,
,,,,,,,,,,,,,,,,,,,,
,,,,,,,,,,,,,,,,,,,,
,,,,,,,,,,,,,,,,,,,,
,,,,,,,,,,,,,,,,,,,,
,,,,,,,,,,,,,,,,,,,,
,,,,,,,,,,,,,,,,,,,,
,,,,,,,,,,,,,,,,,,,,
,,,,,,,,,,,,,,,,,,,,
,,,,,,,,,,,,,,,,,,,,
,,,,,,,,,,,,,,,,,,,,
,,,,,,,,,,,,,,,,,,,,
,,,,,,,,,,,,,,,,,,,,
,,,,,,,,,,,,,,,,,,,,
,,,,,,,,,,,,,,,,,,,,
,,,,,,,,,,,,,,,,,,,,
,,,,,,,,,,,,,,,,,,,,
,,,,,,,,,,,,,,,,,,,,
,,,,,,,,,,,,,,,,,,,,
,,,,,,,,,,,,,,,,,,,,
,,,,,,,,,,,,,,,,,,,,
,,,,,,,,,,,,,,,,,,,,
,,,,,,,,,,,,,,,,,,,,
,,,,,,,,,,,,,,,,,,,,
,,,,,,,,,,,,,,,,,,,,
,,,,,,,,,,,,,,,,,,,,
,,,,,,,,,,,,,,,,,,,,
,,,,,,,,,,,,,,,,,,,,
,,,,,,,,,,,,,,,,,,,,
,,,,,,,,,,,,,,,,,,,,
,,,,,,,,,,,,,,,,,,,,
,,,,,,,,,,,,,,,,,,,,
,,,,,,,,,,,,,,,,,,,,
,,,,,,,,,,,,,,,,,,,,
,,,,,,,,,,,,,,,,,,,,
,,,,,,,,,,,,,,,,,,,,
,,,,,,,,,,,,,,,,,,,,
,,,,,,,,,,,,,,,,,,,,
,,,,,,,,,,,,,,,,,,,,
,,,,,,,,,,,,,,,,,,,,
,,,,,,,,,,,,,,,,,,,,
,,,,,,,,,,,,,,,,,,,,
,,,,,,,,,,,,,,,,,,,,
,,,,,,,,,,,,,,,,,,,,
,,,,,,,,,,,,,,,,,,,,
,,,,,,,,,,,,,,,,,,,,
,,,,,,,,,,,,,,,,,,,,
,,,,,,,,,,,,,,,,,,,,
,,,,,,,,,,,,,,,,,,,,
,,,,,,,,,,,,,,,,,,,,
,,,,,,,,,,,,,,,,,,,,
,,,,,,,,,,,,,,,,,,,,
,,,,,,,,,,,,,,,,,,,,
,,,,,,,,,,,,,,,,,,,,
,,,,,,,,,,,,,,,,,,,,
,,,,,,,,,,,,,,,,,,,,
,,,,,,,,,,,,,,,,,,,,
,,,,,,,,,,,,,,,,,,,,
,,,,,,,,,,,,,,,,,,,,
,,,,,,,,,,,,,,,,,,,,
,,,,,,,,,,,,,,,,,,,,
,,,,,,,,,,,,,,,,,,,,
,,,,,,,,,,,,,,,,,,,,
,,,,,,,,,,,,,,,,,,,,
,,,,,,,,,,,,,,,,,,,,
,,,,,,,,,,,,,,,,,,,,
,,,,,,,,,,,,,,,,,,,,
,,,,,,,,,,,,,,,,,,,,
,,,,,,,,,,,,,,,,,,,,
,,,,,,,,,,,,,,,,,,,,
,,,,,,,,,,,,,,,,,,,,
,,,,,,,,,,,,,,,,,,,,
,,,,,,,,,,,,,,,,,,,,
,,,,,,,,,,,,,,,,,,,,
,,,,,,,,,,,,,,,,,,,,
,,,,,,,,,,,,,,,,,,,,
,,,,,,,,,,,,,,,,,,,,
,,,,,,,,,,,,,,,,,,,,
,,,,,,,,,,,,,,,,,,,,
,,,,,,,,,,,,,,,,,,,,
,,,,,,,,,,,,,,,,,,,,
,,,,,,,,,,,,,,,,,,,,
,,,,,,,,,,,,,,,,,,,,
,,,,,,,,,,,,,,,,,,,,
,,,,,,,,,,,,,,,,,,,,
,,,,,,,,,,,,,,,,,,,,
,,,,,,,,,,,,,,,,,,,,
,,,,,,,,,,,,,,,,,,,,
,,,,,,,,,,,,,,,,,,,,
,,,,,,,,,,,,,,,,,,,,
,,,,,,,,,,,,,,,,,,,,
,,,,,,,,,,,,,,,,,,,,
,,,,,,,,,,,,,,,,,,,,
,,,,,,,,,,,,,,,,,,,,
,,,,,,,,,,,,,,,,,,,,
,,,,,,,,,,,,,,,,,,,,
,,,,,,,,,,,,,,,,,,,,
,,,,,,,,,,,,,,,,,,,,
,,,,,,,,,,,,,,,,,,,,
,,,,,,,,,,,,,,,,,,,,
,,,,,,,,,,,,,,,,,,,,
,,,,,,,,,,,,,,,,,,,,
,,,,,,,,,,,,,,,,,,,,
,,,,,,,,,,,,,,,,,,,,
,,,,,,,,,,,,,,,,,,,,
,,,,,,,,,,,,,,,,,,,,
,,,,,,,,,,,,,,,,,,,,
,,,,,,,,,,,,,,,,,,,,
,,,,,,,,,,,,,,,,,,,,
,,,,,,,,,,,,,,,,,,,,
,,,,,,,,,,,,,,,,,,,,
,,,,,,,,,,,,,,,,,,,,
,,,,,,,,,,,,,,,,,,,,
,,,,,,,,,,,,,,,,,,,,
,,,,,,,,,,,,,,,,,,,,
,,,,,,,,,,,,,,,,,,,,
,,,,,,,,,,,,,,,,,,,,
,,,,,,,,,,,,,,,,,,,,
,,,,,,,,,,,,,,,,,,,,
,,,,,,,,,,,,,,,,,,,,
,,,,,,,,,,,,,,,,,,,,
,,,,,,,,,,,,,,,,,,,,
,,,,,,,,,,,,,,,,,,,,
,,,,,,,,,,,,,,,,,,,,
,,,,,,,,,,,,,,,,,,,,
,,,,,,,,,,,,,,,,,,,,
,,,,,,,,,,,,,,,,,,,,
,,,,,,,,,,,,,,,,,,,,
,,,,,,,,,,,,,,,,,,,,
,,,,,,,,,,,,,,,,,,,,
,,,,,,,,,,,,,,,,,,,,
,,,,,,,,,,,,,,,,,,,,
,,,,,,,,,,,,,,,,,,,,
,,,,,,,,,,,,,,,,,,,,
,,,,,,,,,,,,,,,,,,,,
,,,,,,,,,,,,,,,,,,,,
,,,,,,,,,,,,,,,,,,,,
,,,,,,,,,,,,,,,,,,,,
,,,,,,,,,,,,,,,,,,,,
,,,,,,,,,,,,,,,,,,,,
,,,,,,,,,,,,,,,,,,,,
,,,,,,,,,,,,,,,,,,,,
,,,,,,,,,,,,,,,,,,,,
,,,,,,,,,,,,,,,,,,,,
,,,,,,,,,,,,,,,,,,,,
,,,,,,,,,,,,,,,,,,,,
,,,,,,,,,,,,,,,,,,,,
,,,,,,,,,,,,,,,,,,,,
,,,,,,,,,,,,,,,,,,,,
,,,,,,,,,,,,,,,,,,,,
,,,,,,,,,,,,,,,,,,,,
,,,,,,,,,,,,,,,,,,,,
,,,,,,,,,,,,,,,,,,,,
,,,,,,,,,,,,,,,,,,,,
,,,,,,,,,,,,,,,,,,,,
,,,,,,,,,,,,,,,,,,,,
,,,,,,,,,,,,,,,,,,,,
,,,,,,,,,,,,,,,,,,,,
,,,,,,,,,,,,,,,,,,,,
,,,,,,,,,,,,,,,,,,,,
,,,,,,,,,,,,,,,,,,,,
,,,,,,,,,,,,,,,,,,,,
,,,,,,,,,,,,,,,,,,,,
,,,,,,,,,,,,,,,,,,,,
,,,,,,,,,,,,,,,,,,,,
,,,,,,,,,,,,,,,,,,,,
,,,,,,,,,,,,,,,,,,,,
,,,,,,,,,,,,,,,,,,,,
,,,,,,,,,,,,,,,,,,,,
,,,,,,,,,,,,,,,,,,,,
,,,,,,,,,,,,,,,,,,,,
,,,,,,,,,,,,,,,,,,,,
,,,,,,,,,,,,,,,,,,,,
,,,,,,,,,,,,,,,,,,,,
,,,,,,,,,,,,,,,,,,,,
,,,,,,,,,,,,,,,,,,,,
,,,,,,,,,,,,,,,,,,,,
,,,,,,,,,,,,,,,,,,,,
,,,,,,,,,,,,,,,,,,,,
,,,,,,,,,,,,,,,,,,,,
,,,,,,,,,,,,,,,,,,,,
,,,,,,,,,,,,,,,,,,,,
,,,,,,,,,,,,,,,,,,,,
,,,,,,,,,,,,,,,,,,,,
,,,,,,,,,,,,,,,,,,,,
,,,,,,,,,,,,,,,,,,,,
,,,,,,,,,,,,,,,,,,,,
,,,,,,,,,,,,,,,,,,,,
,,,,,,,,,,,,,,,,,,,,
,,,,,,,,,,,,,,,,,,,,
,,,,,,,,,,,,,,,,,,,,
,,,,,,,,,,,,,,,,,,,,
,,,,,,,,,,,,,,,,,,,,
,,,,,,,,,,,,,,,,,,,,
,,,,,,,,,,,,,,,,,,,,
,,,,,,,,,,,,,,,,,,,,
,,,,,,,,,,,,,,,,,,,,
,,,,,,,,,,,,,,,,,,,,
,,,,,,,,,,,,,,,,,,,,
,,,,,,,,,,,,,,,,,,,,
,,,,,,,,,,,,,,,,,,,,
,,,,,,,,,,,,,,,,,,,,
,,,,,,,,,,,,,,,,,,,,
,,,,,,,,,,,,,,,,,,,,
,,,,,,,,,,,,,,,,,,,,
,,,,,,,,,,,,,,,,,,,,
,,,,,,,,,,,,,,,,,,,,
,,,,,,,,,,,,,,,,,,,,
,,,,,,,,,,,,,,,,,,,,
,,,,,,,,,,,,,,,,,,,,
,,,,,,,,,,,,,,,,,,,,
,,,,,,,,,,,,,,,,,,,,
,,,,,,,,,,,,,,,,,,,,
,,,,,,,,,,,,,,,,,,,,
,,,,,,,,,,,,,,,,,,,,
,,,,,,,,,,,,,,,,,,,,
,,,,,,,,,,,,,,,,,,,,
,,,,,,,,,,,,,,,,,,,,
,,,,,,,,,,,,,,,,,,,,
,,,,,,,,,,,,,,,,,,,,
,,,,,,,,,,,,,,,,,,,,
,,,,,,,,,,,,,,,,,,,,
,,,,,,,,,,,,,,,,,,,,
,,,,,,,,,,,,,,,,,,,,
,,,,,,,,,,,,,,,,,,,,
,,,,,,,,,,,,,,,,,,,,
,,,,,,,,,,,,,,,,,,,,
,,,,,,,,,,,,,,,,,,,,
,,,,,,,,,,,,,,,,,,,,
,,,,,,,,,,,,,,,,,,,,
,,,,,,,,,,,,,,,,,,,,
,,,,,,,,,,,,,,,,,,,,
,,,,,,,,,,,,,,,,,,,,
,,,,,,,,,,,,,,,,,,,,
,,,,,,,,,,,,,,,,,,,,
,,,,,,,,,,,,,,,,,,,,
,,,,,,,,,,,,,,,,,,,,
,,,,,,,,,,,,,,,,,,,,
,,,,,,,,,,,,,,,,,,,,
,,,,,,,,,,,,,,,,,,,,
,,,,,,,,,,,,,,,,,,,,
,,,,,,,,,,,,,,,,,,,,
,,,,,,,,,,,,,,,,,,,,
,,,,,,,,,,,,,,,,,,,,
,,,,,,,,,,,,,,,,,,,,
,,,,,,,,,,,,,,,,,,,,
,,,,,,,,,,,,,,,,,,,,
,,,,,,,,,,,,,,,,,,,,
,,,,,,,,,,,,,,,,,,,,
,,,,,,,,,,,,,,,,,,,,
,,,,,,,,,,,,,,,,,,,,
,,,,,,,,,,,,,,,,,,,,
,,,,,,,,,,,,,,,,,,,,
,,,,,,,,,,,,,,,,,,,,
,,,,,,,,,,,,,,,,,,,,
,,,,,,,,,,,,,,,,,,,,
,,,,,,,,,,,,,,,,,,,,
,,,,,,,,,,,,,,,,,,,,
,,,,,,,,,,,,,,,,,,,,
,,,,,,,,,,,,,,,,,,,,
,,,,,,,,,,,,,,,,,,,,
,,,,,,,,,,,,,,,,,,,,
,,,,,,,,,,,,,,,,,,,,
,,,,,,,,,,,,,,,,,,,,
,,,,,,,,,,,,,,,,,,,,
,,,,,,,,,,,,,,,,,,,,
,,,,,,,,,,,,,,,,,,,,
,,,,,,,,,,,,,,,,,,,,
,,,,,,,,,,,,,,,,,,,,
,,,,,,,,,,,,,,,,,,,,
,,,,,,,,,,,,,,,,,,,,
,,,,,,,,,,,,,,,,,,,,
,,,,,,,,,,,,,,,,,,,,
,,,,,,,,,,,,,,,,,,,,
,,,,,,,,,,,,,,,,,,,,
,,,,,,,,,,,,,,,,,,,,
,,,,,,,,,,,,,,,,,,,,
,,,,,,,,,,,,,,,,,,,,
,,,,,,,,,,,,,,,,,,,,
,,,,,,,,,,,,,,,,,,,,
,,,,,,,,,,,,,,,,,,,,
,,,,,,,,,,,,,,,,,,,,
,,,,,,,,,,,,,,,,,,,,
,,,,,,,,,,,,,,,,,,,,
,,,,,,,,,,,,,,,,,,,,
,,,,,,,,,,,,,,,,,,,,
,,,,,,,,,,,,,,,,,,,,
,,,,,,,,,,,,,,,,,,,,
,,,,,,,,,,,,,,,,,,,,
,,,,,,,,,,,,,,,,,,,,
,,,,,,,,,,,,,,,,,,,,
,,,,,,,,,,,,,,,,,,,,
,,,,,,,,,,,,,,,,,,,,
,,,,,,,,,,,,,,,,,,,,
,,,,,,,,,,,,,,,,,,,,
,,,,,,,,,,,,,,,,,,,,
,,,,,,,,,,,,,,,,,,,,
,,,,,,,,,,,,,,,,,,,,
,,,,,,,,,,,,,,,,,,,,
,,,,,,,,,,,,,,,,,,,,
,,,,,,,,,,,,,,,,,,,,
,,,,,,,,,,,,,,,,,,,,
,,,,,,,,,,,,,,,,,,,,
,,,,,,,,,,,,,,,,,,,,
,,,,,,,,,,,,,,,,,,,,
,,,,,,,,,,,,,,,,,,,,
,,,,,,,,,,,,,,,,,,,,
,,,,,,,,,,,,,,,,,,,,
,,,,,,,,,,,,,,,,,,,,
,,,,,,,,,,,,,,,,,,,,
,,,,,,,,,,,,,,,,,,,,
,,,,,,,,,,,,,,,,,,,,
,,,,,,,,,,,,,,,,,,,,
,,,,,,,,,,,,,,,,,,,,
,,,,,,,,,,,,,,,,,,,,
,,,,,,,,,,,,,,,,,,,,
,,,,,,,,,,,,,,,,,,,,
,,,,,,,,,,,,,,,,,,,,
,,,,,,,,,,,,,,,,,,,,
,,,,,,,,,,,,,,,,,,,,
,,,,,,,,,,,,,,,,,,,,
,,,,,,,,,,,,,,,,,,,,
,,,,,,,,,,,,,,,,,,,,
,,,,,,,,,,,,,,,,,,,,
,,,,,,,,,,,,,,,,,,,,
,,,,,,,,,,,,,,,,,,,,
,,,,,,,,,,,,,,,,,,,,
,,,,,,,,,,,,,,,,,,,,
,,,,,,,,,,,,,,,,,,,,
,,,,,,,,,,,,,,,,,,,,
,,,,,,,,,,,,,,,,,,,,
,,,,,,,,,,,,,,,,,,,,
,,,,,,,,,,,,,,,,,,,,
,,,,,,,,,,,,,,,,,,,,
,,,,,,,,,,,,,,,,,,,,
,,,,,,,,,,,,,,,,,,,,
,,,,,,,,,,,,,,,,,,,,
,,,,,,,,,,,,,,,,,,,,
,,,,,,,,,,,,,,,,,,,,
,,,,,,,,,,,,,,,,,,,,
,,,,,,,,,,,,,,,,,,,,
,,,,,,,,,,,,,,,,,,,,
,,,,,,,,,,,,,,,,,,,,
,,,,,,,,,,,,,,,,,,,,
,,,,,,,,,,,,,,,,,,,,
,,,,,,,,,,,,,,,,,,,,
,,,,,,,,,,,,,,,,,,,,
,,,,,,,,,,,,,,,,,,,,
,,,,,,,,,,,,,,,,,,,,
,,,,,,,,,,,,,,,,,,,,
,,,,,,,,,,,,,,,,,,,,
,,,,,,,,,,,,,,,,,,,,
,,,,,,,,,,,,,,,,,,,,
,,,,,,,,,,,,,,,,,,,,
,,,,,,,,,,,,,,,,,,,,
,,,,,,,,,,,,,,,,,,,,
,,,,,,,,,,,,,,,,,,,,
,,,,,,,,,,,,,,,,,,,,
,,,,,,,,,,,,,,,,,,,,
,,,,,,,,,,,,,,,,,,,,
,,,,,,,,,,,,,,,,,,,,
,,,,,,,,,,,,,,,,,,,,
,,,,,,,,,,,,,,,,,,,,
,,,,,,,,,,,,,,,,,,,,
,,,,,,,,,,,,,,,,,,,,
,,,,,,,,,,,,,,,,,,,,
,,,,,,,,,,,,,,,,,,,,
,,,,,,,,,,,,,,,,,,,,
,,,,,,,,,,,,,,,,,,,,
,,,,,,,,,,,,,,,,,,,,
,,,,,,,,,,,,,,,,,,,,
,,,,,,,,,,,,,,,,,,,,
,,,,,,,,,,,,,,,,,,,,
,,,,,,,,,,,,,,,,,,,,
,,,,,,,,,,,,,,,,,,,,
,,,,,,,,,,,,,,,,,,,,
,,,,,,,,,,,,,,,,,,,,
,,,,,,,,,,,,,,,,,,,,
,,,,,,,,,,,,,,,,,,,,
,,,,,,,,,,,,,,,,,,,,
,,,,,,,,,,,,,,,,,,,,
,,,,,,,,,,,,,,,,,,,,
,,,,,,,,,,,,,,,,,,,,
,,,,,,,,,,,,,,,,,,,,
,,,,,,,,,,,,,,,,,,,,
,,,,,,,,,,,,,,,,,,,,
,,,,,,,,,,,,,,,,,,,,
,,,,,,,,,,,,,,,,,,,,
,,,,,,,,,,,,,,,,,,,,
,,,,,,,,,,,,,,,,,,,,
,,,,,,,,,,,,,,,,,,,,
,,,,,,,,,,,,,,,,,,,,
,,,,,,,,,,,,,,,,,,,,
,,,,,,,,,,,,,,,,,,,,
,,,,,,,,,,,,,,,,,,,,
,,,,,,,,,,,,,,,,,,,,
,,,,,,,,,,,,,,,,,,,,
,,,,,,,,,,,,,,,,,,,,
,,,,,,,,,,,,,,,,,,,,
,,,,,,,,,,,,,,,,,,,,
,,,,,,,,,,,,,,,,,,,,
,,,,,,,,,,,,,,,,,,,,
,,,,,,,,,,,,,,,,,,,,
,,,,,,,,,,,,,,,,,,,,
,,,,,,,,,,,,,,,,,,,,
,,,,,,,,,,,,,,,,,,,,
,,,,,,,,,,,,,,,,,,,,
,,,,,,,,,,,,,,,,,,,,
,,,,,,,,,,,,,,,,,,,,
,,,,,,,,,,,,,,,,,,,,
,,,,,,,,,,,,,,,,,,,,
,,,,,,,,,,,,,,,,,,,,
,,,,,,,,,,,,,,,,,,,,
,,,,,,,,,,,,,,,,,,,,
,,,,,,,,,,,,,,,,,,,,
,,,,,,,,,,,,,,,,,,,,
,,,,,,,,,,,,,,,,,,,,
,,,,,,,,,,,,,,,,,,,,
,,,,,,,,,,,,,,,,,,,,
,,,,,,,,,,,,,,,,,,,,
,,,,,,,,,,,,,,,,,,,,
,,,,,,,,,,,,,,,,,,,,
,,,,,,,,,,,,,,,,,,,,
,,,,,,,,,,,,,,,,,,,,
,,,,,,,,,,,,,,,,,,,,
,,,,,,,,,,,,,,,,,,,,
,,,,,,,,,,,,,,,,,,,,
,,,,,,,,,,,,,,,,,,,,
,,,,,,,,,,,,,,,,,,,,
,,,,,,,,,,,,,,,,,,,,
,,,,,,,,,,,,,,,,,,,,
,,,,,,,,,,,,,,,,,,,,
,,,,,,,,,,,,,,,,,,,,
,,,,,,,,,,,,,,,,,,,,
,,,,,,,,,,,,,,,,,,,,
,,,,,,,,,,,,,,,,,,,,
,,,,,,,,,,,,,,,,,,,,
,,,,,,,,,,,,,,,,,,,,
,,,,,,,,,,,,,,,,,,,,
,,,,,,,,,,,,,,,,,,,,
,,,,,,,,,,,,,,,,,,,,
,,,,,,,,,,,,,,,,,,,,
,,,,,,,,,,,,,,,,,,,,
,,,,,,,,,,,,,,,,,,,,
,,,,,,,,,,,,,,,,,,,,
,,,,,,,,,,,,,,,,,,,,
,,,,,,,,,,,,,,,,,,,,
,,,,,,,,,,,,,,,,,,,,
,,,,,,,,,,,,,,,,,,,,
,,,,,,,,,,,,,,,,,,,,
,,,,,,,,,,,,,,,,,,,,
,,,,,,,,,,,,,,,,,,,,
,,,,,,,,,,,,,,,,,,,,
,,,,,,,,,,,,,,,,,,,,
,,,,,,,,,,,,,,,,,,,,
,,,,,,,,,,,,,,,,,,,,
,,,,,,,,,,,,,,,,,,,,
,,,,,,,,,,,,,,,,,,,,
,,,,,,,,,,,,,,,,,,,,
,,,,,,,,,,,,,,,,,,,,
,,,,,,,,,,,,,,,,,,,,
,,,,,,,,,,,,,,,,,,,,
,,,,,,,,,,,,,,,,,,,,
,,,,,,,,,,,,,,,,,,,,
,,,,,,,,,,,,,,,,,,,,
,,,,,,,,,,,,,,,,,,,,
,,,,,,,,,,,,,,,,,,,,
,,,,,,,,,,,,,,,,,,,,
,,,,,,,,,,,,,,,,,,,,
,,,,,,,,,,,,,,,,,,,,
,,,,,,,,,,,,,,,,,,,,
,,,,,,,,,,,,,,,,,,,,
,,,,,,,,,,,,,,,,,,,,
,,,,,,,,,,,,,,,,,,,,
,,,,,,,,,,,,,,,,,,,,
,,,,,,,,,,,,,,,,,,,,
,,,,,,,,,,,,,,,,,,,,
,,,,,,,,,,,,,,,,,,,,
,,,,,,,,,,,,,,,,,,,,
,,,,,,,,,,,,,,,,,,,,
,,,,,,,,,,,,,,,,,,,,
,,,,,,,,,,,,,,,,,,,,
,,,,,,,,,,,,,,,,,,,,
,,,,,,,,,,,,,,,,,,,,
,,,,,,,,,,,,,,,,,,,,
,,,,,,,,,,,,,,,,,,,,
,,,,,,,,,,,,,,,,,,,,
,,,,,,,,,,,,,,,,,,,,
,,,,,,,,,,,,,,,,,,,,
,,,,,,,,,,,,,,,,,,,,
,,,,,,,,,,,,,,,,,,,,
,,,,,,,,,,,,,,,,,,,,
,,,,,,,,,,,,,,,,,,,,
,,,,,,,,,,,,,,,,,,,,
,,,,,,,,,,,,,,,,,,,,
,,,,,,,,,,,,,,,,,,,,
,,,,,,,,,,,,,,,,,,,,
,,,,,,,,,,,,,,,,,,,,
,,,,,,,,,,,,,,,,,,,,
,,,,,,,,,,,,,,,,,,,,
,,,,,,,,,,,,,,,,,,,,
,,,,,,,,,,,,,,,,,,,,
,,,,,,,,,,,,,,,,,,,,
,,,,,,,,,,,,,,,,,,,,
,,,,,,,,,,,,,,,,,,,,
,,,,,,,,,,,,,,,,,,,,
,,,,,,,,,,,,,,,,,,,,
,,,,,,,,,,,,,,,,,,,,
,,,,,,,,,,,,,,,,,,,,
,,,,,,,,,,,,,,,,,,,,
,,,,,,,,,,,,,,,,,,,,
,,,,,,,,,,,,,,,,,,,,
,,,,,,,,,,,,,,,,,,,,
,,,,,,,,,,,,,,,,,,,,
,,,,,,,,,,,,,,,,,,,,
,,,,,,,,,,,,,,,,,,,,
,,,,,,,,,,,,,,,,,,,,
,,,,,,,,,,,,,,,,,,,,
,,,,,,,,,,,,,,,,,,,,
,,,,,,,,,,,,,,,,,,,,
,,,,,,,,,,,,,,,,,,,,
,,,,,,,,,,,,,,,,,,,,
,,,,,,,,,,,,,,,,,,,,
,,,,,,,,,,,,,,,,,,,,
,,,,,,,,,,,,,,,,,,,,
,,,,,,,,,,,,,,,,,,,,
,,,,,,,,,,,,,,,,,,,,
,,,,,,,,,,,,,,,,,,,,
,,,,,,,,,,,,,,,,,,,,
,,,,,,,,,,,,,,,,,,,,
,,,,,,,,,,,,,,,,,,,,
