Curve 1,,,,,,,,,,,,,,,,,,,,,,,,,,,,,,,,,,,,,,,,,,,,,,,,,,,,,,,,,,,,
,,,,,,,,,,,,,,,,,,,,,,,,,,,,,,,,,,,,,,,,,,,,,,,,,,,,,,,,,,,,
InputGUID,ae25d08f-db69-4497-90fb-7479592a304c,ae25d08f-db69-4497-90fb-7479592a304c,ae25d08f-db69-4497-90fb-7479592a304c,ae25d08f-db69-4497-90fb-7479592a304c,ae25d08f-db69-4497-90fb-7479592a304c,ae25d08f-db69-4497-90fb-7479592a304c,ae25d08f-db69-4497-90fb-7479592a304c,ae25d08f-db69-4497-90fb-7479592a304c,ae25d08f-db69-4497-90fb-7479592a304c,ae25d08f-db69-4497-90fb-7479592a304c,ae25d08f-db69-4497-90fb-7479592a304c,ae25d08f-db69-4497-90fb-7479592a304c,ae25d08f-db69-4497-90fb-7479592a304c,ae25d08f-db69-4497-90fb-7479592a304c,ae25d08f-db69-4497-90fb-7479592a304c,ae25d08f-db69-4497-90fb-7479592a304c,ae25d08f-db69-4497-90fb-7479592a304c,ae25d08f-db69-4497-90fb-7479592a304c,ae25d08f-db69-4497-90fb-7479592a304c,ae25d08f-db69-4497-90fb-7479592a304c,ae25d08f-db69-4497-90fb-7479592a304c,ae25d08f-db69-4497-90fb-7479592a304c,ae25d08f-db69-4497-90fb-7479592a304c,ae25d08f-db69-4497-90fb-7479592a304c,ae25d08f-db69-4497-90fb-7479592a304c,ae25d08f-db69-4497-90fb-7479592a304c,ae25d08f-db69-4497-90fb-7479592a304c,ae25d08f-db69-4497-90fb-7479592a304c,ae25d08f-db69-4497-90fb-7479592a304c,ae25d08f-db69-4497-90fb-7479592a304c,ae25d08f-db69-4497-90fb-7479592a304c,ae25d08f-db69-4497-90fb-7479592a304c,ae25d08f-db69-4497-90fb-7479592a304c,ae25d08f-db69-4497-90fb-7479592a304c,ae25d08f-db69-4497-90fb-7479592a304c,ae25d08f-db69-4497-90fb-7479592a304c,ae25d08f-db69-4497-90fb-7479592a304c,ae25d08f-db69-4497-90fb-7479592a304c,ae25d08f-db69-4497-90fb-7479592a304c,ae25d08f-db69-4497-90fb-7479592a304c,ae25d08f-db69-4497-90fb-7479592a304c,ae25d08f-db69-4497-90fb-7479592a304c,ae25d08f-db69-4497-90fb-7479592a304c,ae25d08f-db69-4497-90fb-7479592a304c,ae25d08f-db69-4497-90fb-7479592a304c,ae25d08f-db69-4497-90fb-7479592a304c,ae25d08f-db69-4497-90fb-7479592a304c,ae25d08f-db69-4497-90fb-7479592a304c,ae25d08f-db69-4497-90fb-7479592a304c,ae25d08f-db69-4497-90fb-7479592a304c,ae25d08f-db69-4497-90fb-7479592a304c,ae25d08f-db69-4497-90fb-7479592a304c,ae25d08f-db69-4497-90fb-7479592a304c,ae25d08f-db69-4497-90fb-7479592a304c,ae25d08f-db69-4497-90fb-7479592a304c,ae25d08f-db69-4497-90fb-7479592a304c,ae25d08f-db69-4497-90fb-7479592a304c,ae25d08f-db69-4497-90fb-7479592a304c,ae25d08f-db69-4497-90fb-7479592a304c,ae25d08f-db69-4497-90fb-7479592a304c
MS Logging,,,,,,,,,,,,,,,,,,,,,,,,,,,,,,,,,,,,,,,,,,,,,,,,,,,,,,,,,,,,
Modified,화 9 22 2026 12:46:32,화 9 22 2026 12:46:32,화 9 22 2026 12:46:32,화 9 22 2026 12:46:32,화 9 22 2026 12:46:32,화 9 22 2026 12:46:32,화 9 22 2026 12:46:32,화 9 22 2026 12:46:32,화 9 22 2026 12:46:32,화 9 22 2026 12:46:32,화 9 22 2026 12:46:32,화 9 22 2026 12:46:32,화 9 22 2026 12:46:32,화 9 22 2026 12:46:32,화 9 22 2026 12:46:33,화 9 22 2026 12:46:32,화 9 22 2026 12:46:32,화 9 22 2026 12:46:32,화 9 22 2026 12:46:32,화 9 22 2026 12:46:32,화 9 22 2026 12:46:32,화 9 22 2026 12:46:32,화 9 22 2026 12:46:32,화 9 22 2026 12:46:32,화 9 22 2026 12:46:33,화 9 22 2026 12:46:33,화 9 22 2026 12:46:33,화 9 22 2026 12:46:33,화 9 22 2026 12:46:33,화 9 22 2026 12:46:33,화 9 22 2026 12:46:32,화 9 22 2026 12:46:32,화 9 22 2026 12:46:32,화 9 22 2026 12:46:32,화 9 22 2026 12:46:32,화 9 22 2026 12:46:32,화 9 22 2026 12:46:33,화 9 22 2026 12:46:33,화 9 22 2026 12:46:33,화 9 22 2026 12:46:33,화 9 22 2026 12:46:33,화 9 22 2026 12:46:32,화 9 22 2026 12:46:32,화 9 22 2026 12:46:32,화 9 22 2026 12:46:32,화 9 22 2026 12:46:32,화 9 22 2026 12:46:32,화 9 22 2026 12:46:32,화 9 22 2026 12:46:33,화 9 22 2026 12:46:33,화 9 22 2026 12:46:33,화 9 22 2026 12:46:33,화 9 22 2026 12:46:33,화 9 22 2026 12:46:33,화 9 22 2026 12:46:32,화 9 22 2026 12:46:32,화 9 22 2026 12:46:32,화 9 22 2026 12:46:32,화 9 22 2026 12:46:32,화 9 22 2026 12:46:32
RecentGUID,ae25d08f-db69-4497-90fb-7479592a304c,ae25d08f-db69-4497-90fb-7479592a304c,ae25d08f-db69-4497-90fb-7479592a304c,ae25d08f-db69-4497-90fb-7479592a304c,ae25d08f-db69-4497-90fb-7479592a304c,ae25d08f-db69-4497-90fb-7479592a304c,ae25d08f-db69-4497-90fb-7479592a304c,ae25d08f-db69-4497-90fb-7479592a304c,ae25d08f-db69-4497-90fb-7479592a304c,ae25d08f-db69-4497-90fb-7479592a304c,ae25d08f-db69-4497-90fb-7479592a304c,ae25d08f-db69-4497-90fb-7479592a304c,ae25d08f-db69-4497-90fb-7479592a304c,ae25d08f-db69-4497-90fb-7479592a304c,ae25d08f-db69-4497-90fb-7479592a304c,ae25d08f-db69-4497-90fb-7479592a304c,ae25d08f-db69-4497-90fb-7479592a304c,ae25d08f-db69-4497-90fb-7479592a304c,ae25d08f-db69-4497-90fb-7479592a304c,ae25d08f-db69-4497-90fb-7479592a304c,ae25d08f-db69-4497-90fb-7479592a304c,ae25d08f-db69-4497-90fb-7479592a304c,ae25d08f-db69-4497-90fb-7479592a304c,ae25d08f-db69-4497-90fb-7479592a304c,ae25d08f-db69-4497-90fb-7479592a304c,ae25d08f-db69-4497-90fb-7479592a304c,ae25d08f-db69-4497-90fb-7479592a304c,ae25d08f-db69-4497-90fb-7479592a304c,ae25d08f-db69-4497-90fb-7479592a304c,ae25d08f-db69-4497-90fb-7479592a304c,ae25d08f-db69-4497-90fb-7479592a304c,ae25d08f-db69-4497-90fb-7479592a304c,ae25d08f-db69-4497-90fb-7479592a304c,ae25d08f-db69-4497-90fb-7479592a304c,ae25d08f-db69-4497-90fb-7479592a304c,ae25d08f-db69-4497-90fb-7479592a304c,ae25d08f-db69-4497-90fb-7479592a304c,ae25d08f-db69-4497-90fb-7479592a304c,ae25d08f-db69-4497-90fb-7479592a304c,ae25d08f-db69-4497-90fb-7479592a304c,ae25d08f-db69-4497-90fb-7479592a304c,ae25d08f-db69-4497-90fb-7479592a304c,ae25d08f-db69-4497-90fb-7479592a304c,ae25d08f-db69-4497-90fb-7479592a304c,ae25d08f-db69-4497-90fb-7479592a304c,ae25d08f-db69-4497-90fb-7479592a304c,ae25d08f-db69-4497-90fb-7479592a304c,ae25d08f-db69-4497-90fb-7479592a304c,ae25d08f-db69-4497-90fb-7479592a304c,ae25d08f-db69-4497-90fb-7479592a304c,ae25d08f-db69-4497-90fb-7479592a304c,ae25d08f-db69-4497-90fb-7479592a304c,ae25d08f-db69-4497-90fb-7479592a304c,ae25d08f-db69-4497-90fb-7479592a304c,ae25d08f-db69-4497-90fb-7479592a304c,ae25d08f-db69-4497-90fb-7479592a304c,ae25d08f-db69-4497-90fb-7479592a304c,ae25d08f-db69-4497-90fb-7479592a304c,ae25d08f-db69-4497-90fb-7479592a304c,ae25d08f-db69-4497-90fb-7479592a304c
Standard\All\Absolute Time,2026-09-21 05:51:33 ms 718.390,2026-09-21 05:51:33 ms 718.390,2026-09-21 05:51:33 ms 718.390,2026-09-21 05:51:33 ms 718.390,2026-09-21 05:51:33 ms 718.390,2026-09-21 05:51:33 ms 718.390,2026-09-21 05:51:33 ms 718.390,2026-09-21 05:51:33 ms 718.390,2026-09-21 05:51:33 ms 718.390,2026-09-21 05:51:33 ms 718.390,2026-09-21 05:51:33 ms 718.390,2026-09-21 05:51:33 ms 718.390,2026-09-21 05:51:33 ms 718.390,2026-09-21 05:51:33 ms 718.390,2026-09-21 05:51:33 ms 718.390,2026-09-21 05:51:33 ms 718.390,2026-09-21 05:51:33 ms 718.390,2026-09-21 05:51:33 ms 718.390,2026-09-21 05:51:33 ms 718.390,2026-09-21 05:51:33 ms 718.390,2026-09-21 05:51:33 ms 718.390,2026-09-21 05:51:33 ms 718.390,2026-09-21 05:51:33 ms 718.390,2026-09-21 05:51:33 ms 718.390,2026-09-21 05:51:33 ms 718.390,2026-09-21 05:51:33 ms 718.390,2026-09-21 05:51:33 ms 718.390,2026-09-21 05:51:33 ms 718.390,2026-09-21 05:51:33 ms 718.390,2026-09-21 05:51:33 ms 718.390,2026-09-21 05:51:33 ms 718.390,2026-09-21 05:51:33 ms 718.390,2026-09-21 05:51:33 ms 718.390,2026-09-21 05:51:33 ms 718.390,2026-09-21 05:51:33 ms 718.390,2026-09-21 05:51:33 ms 718.390,2026-09-21 05:51:33 ms 718.390,2026-09-21 05:51:33 ms 718.390,2026-09-21 05:51:33 ms 718.390,2026-09-21 05:51:33 ms 718.390,2026-09-21 05:51:33 ms 718.390,2026-09-21 05:51:33 ms 718.390,2026-09-21 05:51:33 ms 718.390,2026-09-21 05:51:33 ms 718.390,2026-09-21 05:51:33 ms 718.390,2026-09-21 05:51:33 ms 718.390,2026-09-21 05:51:33 ms 718.390,2026-09-21 05:51:33 ms 718.390,2026-09-21 05:51:33 ms 718.390,2026-09-21 05:51:33 ms 718.390,2026-09-21 05:51:33 ms 718.390,2026-09-21 05:51:33 ms 718.390,2026-09-21 05:51:33 ms 718.390,2026-09-21 05:51:33 ms 718.390,2026-09-21 05:51:33 ms 718.390,2026-09-21 05:51:33 ms 718.390,2026-09-21 05:51:33 ms 718.390,2026-09-21 05:51:33 ms 718.390,2026-09-21 05:51:33 ms 718.390,2026-09-21 05:51:33 ms 718.390
Standard\All\Actual sensitivity,101.5 mV/g,96.3 mV/g,100.5 mV/g,94.8 mV/g,50.9036 mV/Pa,48.014 mV/Pa,101.5 mV/g,96.3 mV/g,100.5 mV/g,94.8 mV/g,50.9036 mV/Pa,48.014 mV/Pa,101.5 mV/g,96.3 mV/g,100.5 mV/g,94.8 mV/g,50.9036 mV/Pa,48.014 mV/Pa,101.5 mV/g,96.3 mV/g,100.5 mV/g,94.8 mV/g,50.9036 mV/Pa,48.014 mV/Pa,101.5 mV/g,96.3 mV/g,100.5 mV/g,94.8 mV/g,50.9036 mV/Pa,48.014 mV/Pa,101.5 mV/g,96.3 mV/g,100.5 mV/g,94.8 mV/g,50.9036 mV/Pa,48.014 mV/Pa,101.5 mV/g,96.3 mV/g,100.5 mV/g,94.8 mV/g,50.9036 mV/Pa,48.014 mV/Pa,101.5 mV/g,96.3 mV/g,100.5 mV/g,94.8 mV/g,50.9036 mV/Pa,48.014 mV/Pa,101.5 mV/g,96.3 mV/g,100.5 mV/g,94.8 mV/g,50.9036 mV/Pa,48.014 mV/Pa,101.5 mV/g,96.3 mV/g,100.5 mV/g,94.8 mV/g,50.9036 mV/Pa,48.014 mV/Pa
Standard\All\Average type,Energy average,Energy average,Energy average,Energy average,Energy average,Energy average,Energy average,Energy average,Energy average,Energy average,Energy average,Energy average,Energy average,Energy average,Energy average,Energy average,Energy average,Energy average,Energy average,Energy average,Energy average,Energy average,Energy average,Energy average,Energy average,Energy average,Energy average,Energy average,Energy average,Energy average,Energy average,Energy average,Energy average,Energy average,Energy average,Energy average,Energy average,Energy average,Energy average,Energy average,Energy average,Energy average,Energy average,Energy average,Energy average,Energy average,Energy average,Energy average,Energy average,Energy average,Energy average,Energy average,Energy average,Energy average,Energy average,Energy average,Energy average,Energy average,Energy average,Energy average
Standard\All\Bandwidth,10240 Hz,10240 Hz,10240 Hz,10240 Hz,10240 Hz,10240 Hz,10240 Hz,10240 Hz,10240 Hz,10240 Hz,10240 Hz,10240 Hz,10240 Hz,10240 Hz,10240 Hz,10240 Hz,10240 Hz,10240 Hz,10240 Hz,10240 Hz,10240 Hz,10240 Hz,10240 Hz,10240 Hz,10240 Hz,10240 Hz,10240 Hz,10240 Hz,10240 Hz,10240 Hz,10240 Hz,10240 Hz,10240 Hz,10240 Hz,10240 Hz,10240 Hz,10240 Hz,10240 Hz,10240 Hz,10240 Hz,10240 Hz,10240 Hz,10240 Hz,10240 Hz,10240 Hz,10240 Hz,10240 Hz,10240 Hz,10240 Hz,10240 Hz,10240 Hz,10240 Hz,10240 Hz,10240 Hz,10240 Hz,10240 Hz,10240 Hz,10240 Hz,10240 Hz,10240 Hz
Standard\All\Channel group,Group 1,Group 1,Group 1,Group 1,Group 1,Group 1,Group 1,Group 1,Group 1,Group 1,Group 1,Group 1,Group 1,Group 1,Group 1,Group 1,Group 1,Group 1,Group 1,Group 1,Group 1,Group 1,Group 1,Group 1,Group 1,Group 1,Group 1,Group 1,Group 1,Group 1,Group 1,Group 1,Group 1,Group 1,Group 1,Group 1,Group 1,Group 1,Group 1,Group 1,Group 1,Group 1,Group 1,Group 1,Group 1,Group 1,Group 1,Group 1,Group 1,Group 1,Group 1,Group 1,Group 1,Group 1,Group 1,Group 1,Group 1,Group 1,Group 1,Group 1
Standard\All\Channel id,6,3,12,9,18,17,6,3,12,9,18,17,6,3,12,9,18,17,6,3,12,9,18,17,6,3,12,9,18,17,6,3,12,9,18,17,6,3,12,9,18,17,6,3,12,9,18,17,6,3,12,9,18,17,6,3,12,9,18,17
Standard\All\Channel name,C4,C1,C10,C7,C16,C15,C4,C1,C10,C7,C16,C15,C4,C1,C10,C7,C16,C15,C4,C1,C10,C7,C16,C15,C4,C1,C10,C7,C16,C15,C4,C1,C10,C7,C16,C15,C4,C1,C10,C7,C16,C15,C4,C1,C10,C7,C16,C15,C4,C1,C10,C7,C16,C15,C4,C1,C10,C7,C16,C15
Standard\All\Channelgroup,Vibration,Vibration,Vibration,Vibration,Acoustic,Acoustic,Vibration,Vibration,Vibration,Vibration,Acoustic,Acoustic,Vibration,Vibration,Vibration,Vibration,Acoustic,Acoustic,Vibration,Vibration,Vibration,Vibration,Acoustic,Acoustic,Vibration,Vibration,Vibration,Vibration,Acoustic,Acoustic,Vibration,Vibration,Vibration,Vibration,Acoustic,Acoustic,Vibration,Vibration,Vibration,Vibration,Acoustic,Acoustic,Vibration,Vibration,Vibration,Vibration,Acoustic,Acoustic,Vibration,Vibration,Vibration,Vibration,Acoustic,Acoustic,Vibration,Vibration,Vibration,Vibration,Acoustic,Acoustic
Standard\All\Created,화 9 22 2026 12:46:32,화 9 22 2026 12:46:32,화 9 22 2026 12:46:32,화 9 22 2026 12:46:32,화 9 22 2026 12:46:32,화 9 22 2026 12:46:32,화 9 22 2026 12:46:32,화 9 22 2026 12:46:32,화 9 22 2026 12:46:32,화 9 22 2026 12:46:32,화 9 22 2026 12:46:32,화 9 22 2026 12:46:32,화 9 22 2026 12:46:32,화 9 22 2026 12:46:32,화 9 22 2026 12:46:33,화 9 22 2026 12:46:32,화 9 22 2026 12:46:32,화 9 22 2026 12:46:32,화 9 22 2026 12:46:32,화 9 22 2026 12:46:32,화 9 22 2026 12:46:32,화 9 22 2026 12:46:32,화 9 22 2026 12:46:32,화 9 22 2026 12:46:32,화 9 22 2026 12:46:33,화 9 22 2026 12:46:33,화 9 22 2026 12:46:33,화 9 22 2026 12:46:33,화 9 22 2026 12:46:33,화 9 22 2026 12:46:33,화 9 22 2026 12:46:32,화 9 22 2026 12:46:32,화 9 22 2026 12:46:32,화 9 22 2026 12:46:32,화 9 22 2026 12:46:32,화 9 22 2026 12:46:32,화 9 22 2026 12:46:33,화 9 22 2026 12:46:33,화 9 22 2026 12:46:33,화 9 22 2026 12:46:33,화 9 22 2026 12:46:33,화 9 22 2026 12:46:32,화 9 22 2026 12:46:32,화 9 22 2026 12:46:32,화 9 22 2026 12:46:32,화 9 22 2026 12:46:32,화 9 22 2026 12:46:32,화 9 22 2026 12:46:32,화 9 22 2026 12:46:33,화 9 22 2026 12:46:33,화 9 22 2026 12:46:33,화 9 22 2026 12:46:33,화 9 22 2026 12:46:33,화 9 22 2026 12:46:33,화 9 22 2026 12:46:32,화 9 22 2026 12:46:32,화 9 22 2026 12:46:32,화 9 22 2026 12:46:32,화 9 22 2026 12:46:32,화 9 22 2026 12:46:32
Standard\All\CreationTimeStamp,화 9 22 2026 12:46:34,화 9 22 2026 12:46:34,화 9 22 2026 12:46:34,화 9 22 2026 12:46:34,화 9 22 2026 12:46:34,화 9 22 2026 12:46:34,화 9 22 2026 12:46:35,화 9 22 2026 12:46:35,화 9 22 2026 12:46:35,화 9 22 2026 12:46:35,화 9 22 2026 12:46:35,화 9 22 2026 12:46:35,화 9 22 2026 12:46:34,화 9 22 2026 12:46:34,화 9 22 2026 12:46:34,화 9 22 2026 12:46:34,화 9 22 2026 12:46:34,화 9 22 2026 12:46:34,화 9 22 2026 12:46:33,화 9 22 2026 12:46:33,화 9 22 2026 12:46:33,화 9 22 2026 12:46:33,화 9 22 2026 12:46:33,화 9 22 2026 12:46:33,화 9 22 2026 12:46:34,화 9 22 2026 12:46:34,화 9 22 2026 12:46:34,화 9 22 2026 12:46:34,화 9 22 2026 12:46:34,화 9 22 2026 12:46:34,화 9 22 2026 12:46:35,화 9 22 2026 12:46:35,화 9 22 2026 12:46:35,화 9 22 2026 12:46:35,화 9 22 2026 12:46:35,화 9 22 2026 12:46:35,화 9 22 2026 12:46:35,화 9 22 2026 12:46:35,화 9 22 2026 12:46:35,화 9 22 2026 12:46:35,화 9 22 2026 12:46:35,화 9 22 2026 12:46:35,화 9 22 2026 12:46:34,화 9 22 2026 12:46:34,화 9 22 2026 12:46:34,화 9 22 2026 12:46:34,화 9 22 2026 12:46:34,화 9 22 2026 12:46:34,화 9 22 2026 12:46:35,화 9 22 2026 12:46:35,화 9 22 2026 12:46:35,화 9 22 2026 12:46:35,화 9 22 2026 12:46:35,화 9 22 2026 12:46:35,화 9 22 2026 12:46:34,화 9 22 2026 12:46:34,화 9 22 2026 12:46:34,화 9 22 2026 12:46:34,화 9 22 2026 12:46:34,화 9 22 2026 12:46:34
Standard\All\Creator,Input,Input,Input,Input,Input,Input,Input,Input,Input,Input,Input,Input,Input,Input,Input,Input,Input,Input,Input,Input,Input,Input,Input,Input,Input,Input,Input,Input,Input,Input,Input,Input,Input,Input,Input,Input,Input,Input,Input,Input,Input,Input,Input,Input,Input,Input,Input,Input,Input,Input,Input,Input,Input,Input,Input,Input,Input,Input,Input,Input
Standard\All\DOF id,FLH botton:+X,FLH up:+X,RLH bottom:+X,RLH up:+X,out,Pump,FLH botton:+X,FLH up:+X,RLH bottom:+X,RLH up:+X,out,Pump,FLH botton:+X,FLH up:+X,RLH bottom:+X,RLH up:+X,out,Pump,FLH botton:+X,FLH up:+X,RLH bottom:+X,RLH up:+X,out,Pump,FLH botton:+X,FLH up:+X,RLH bottom:+X,RLH up:+X,out,Pump,FLH botton:+X,FLH up:+X,RLH bottom:+X,RLH up:+X,out,Pump,FLH botton:+X,FLH up:+X,RLH bottom:+X,RLH up:+X,out,Pump,FLH botton:+X,FLH up:+X,RLH bottom:+X,RLH up:+X,out,Pump,FLH botton:+X,FLH up:+X,RLH bottom:+X,RLH up:+X,out,Pump,FLH botton:+X,FLH up:+X,RLH bottom:+X,RLH up:+X,out,Pump
Standard\All\Dataset name,closed (397.00s-399.00s)RPM2000_Report to Excel,closed (397.00s-399.00s)RPM2000_Report to Excel,closed (397.00s-399.00s)RPM2000_Report to Excel,closed (397.00s-399.00s)RPM2000_Report to Excel,closed (397.00s-399.00s)RPM2000_Report to Excel,closed (397.00s-399.00s)RPM2000_Report to Excel,closed (422.00s-424.00s)RPM2100_Report to Excel,closed (422.00s-424.00s)RPM2100_Report to Excel,closed (422.00s-424.00s)RPM2100_Report to Excel,closed (422.00s-424.00s)RPM2100_Report to Excel,closed (422.00s-424.00s)RPM2100_Report to Excel,closed (422.00s-424.00s)RPM2100_Report to Excel,closed (447.00s-449.00s)RPM2200_Report to Excel,closed (447.00s-449.00s)RPM2200_Report to Excel,closed (447.00s-449.00s)RPM2200_Report to Excel,closed (447.00s-449.00s)RPM2200_Report to Excel,closed (447.00s-449.00s)RPM2200_Report to Excel,closed (447.00s-449.00s)RPM2200_Report to Excel,closed (469.00s-471.00s)RPM2300_Report to Excel,closed (469.00s-471.00s)RPM2300_Report to Excel,closed (469.00s-471.00s)RPM2300_Report to Excel,closed (469.00s-471.00s)RPM2300_Report to Excel,closed (469.00s-471.00s)RPM2300_Report to Excel,closed (469.00s-471.00s)RPM2300_Report to Excel,closed (491.00s-493.00s)RPM2400_Report to Excel,closed (491.00s-493.00s)RPM2400_Report to Excel,closed (491.00s-493.00s)RPM2400_Report to Excel,closed (491.00s-493.00s)RPM2400_Report to Excel,closed (491.00s-493.00s)RPM2400_Report to Excel,closed (491.00s-493.00s)RPM2400_Report to Excel,closed (513.00s-515.00s)RPM2500_Report to Excel,closed (513.00s-515.00s)RPM2500_Report to Excel,closed (513.00s-515.00s)RPM2500_Report to Excel,closed (513.00s-515.00s)RPM2500_Report to Excel,closed (513.00s-515.00s)RPM2500_Report to Excel,closed (513.00s-515.00s)RPM2500_Report to Excel,closed (535.00s-537.00s)RPM2600_Report to Excel,closed (535.00s-537.00s)RPM2600_Report to Excel,closed (535.00s-537.00s)RPM2600_Report to Excel,closed (535.00s-537.00s)RPM2600_Report to Excel,closed (535.00s-537.00s)RPM2600_Report to Excel,closed (535.00s-537.00s)RPM2600_Report to Excel,closed (557.00s-559.00s)RPM2700_Report to Excel,closed (557.00s-559.00s)RPM2700_Report to Excel,closed (557.00s-559.00s)RPM2700_Report to Excel,closed (557.00s-559.00s)RPM2700_Report to Excel,closed (557.00s-559.00s)RPM2700_Report to Excel,closed (557.00s-559.00s)RPM2700_Report to Excel,closed (579.00s-581.00s)RPM2800_Report to Excel,closed (579.00s-581.00s)RPM2800_Report to Excel,closed (579.00s-581.00s)RPM2800_Report to Excel,closed (579.00s-581.00s)RPM2800_Report to Excel,closed (579.00s-581.00s)RPM2800_Report to Excel,closed (579.00s-581.00s)RPM2800_Report to Excel,closed (600.00s-602.00s)RPM2900_Report to Excel,closed (600.00s-602.00s)RPM2900_Report to Excel,closed (600.00s-602.00s)RPM2900_Report to Excel,closed (600.00s-602.00s)RPM2900_Report to Excel,closed (600.00s-602.00s)RPM2900_Report to Excel,closed (600.00s-602.00s)RPM2900_Report to Excel
Standard\All\Domain,TestLab,TestLab,TestLab,TestLab,TestLab,TestLab,TestLab,TestLab,TestLab,TestLab,TestLab,TestLab,TestLab,TestLab,TestLab,TestLab,TestLab,TestLab,TestLab,TestLab,TestLab,TestLab,TestLab,TestLab,TestLab,TestLab,TestLab,TestLab,TestLab,TestLab,TestLab,TestLab,TestLab,TestLab,TestLab,TestLab,TestLab,TestLab,TestLab,TestLab,TestLab,TestLab,TestLab,TestLab,TestLab,TestLab,TestLab,TestLab,TestLab,TestLab,TestLab,TestLab,TestLab,TestLab,TestLab,TestLab,TestLab,TestLab,TestLab,TestLab
Standard\All\Formula,,,,,,,,,,,,,,,,,,,,,,,,,,,,,,,,,,,,,,,,,,,,,,,,,,,,,,,,,,,,
Standard\All\Frequency resolution,1 Hz,1 Hz,1 Hz,1 Hz,1 Hz,1 Hz,1 Hz,1 Hz,1 Hz,1 Hz,1 Hz,1 Hz,1 Hz,1 Hz,1 Hz,1 Hz,1 Hz,1 Hz,1 Hz,1 Hz,1 Hz,1 Hz,1 Hz,1 Hz,1 Hz,1 Hz,1 Hz,1 Hz,1 Hz,1 Hz,1 Hz,1 Hz,1 Hz,1 Hz,1 Hz,1 Hz,1 Hz,1 Hz,1 Hz,1 Hz,1 Hz,1 Hz,1 Hz,1 Hz,1 Hz,1 Hz,1 Hz,1 Hz,1 Hz,1 Hz,1 Hz,1 Hz,1 Hz,1 Hz,1 Hz,1 Hz,1 Hz,1 Hz,1 Hz,1 Hz
Standard\All\Function class,AutoPower,AutoPower,AutoPower,AutoPower,AutoPower,AutoPower,AutoPower,AutoPower,AutoPower,AutoPower,AutoPower,AutoPower,AutoPower,AutoPower,AutoPower,AutoPower,AutoPower,AutoPower,AutoPower,AutoPower,AutoPower,AutoPower,AutoPower,AutoPower,AutoPower,AutoPower,AutoPower,AutoPower,AutoPower,AutoPower,AutoPower,AutoPower,AutoPower,AutoPower,AutoPower,AutoPower,AutoPower,AutoPower,AutoPower,AutoPower,AutoPower,AutoPower,AutoPower,AutoPower,AutoPower,AutoPower,AutoPower,AutoPower,AutoPower,AutoPower,AutoPower,AutoPower,AutoPower,AutoPower,AutoPower,AutoPower,AutoPower,AutoPower,AutoPower,AutoPower
Standard\All\Location,My Computer\D:\42NVH\01Part\22.30B-X hyd. pump MNT\260921 25B-X hydraulic mount\25B-X hyd. mnt\Section1\closed (397.00s-399.00s)RPM2000 1\closed (397.00s-399.00s)RPM2000_Report to Excel,My Computer\D:\42NVH\01Part\22.30B-X hyd. pump MNT\260921 25B-X hydraulic mount\25B-X hyd. mnt\Section1\closed (397.00s-399.00s)RPM2000 1\closed (397.00s-399.00s)RPM2000_Report to Excel,My Computer\D:\42NVH\01Part\22.30B-X hyd. pump MNT\260921 25B-X hydraulic mount\25B-X hyd. mnt\Section1\closed (397.00s-399.00s)RPM2000 1\closed (397.00s-399.00s)RPM2000_Report to Excel,My Computer\D:\42NVH\01Part\22.30B-X hyd. pump MNT\260921 25B-X hydraulic mount\25B-X hyd. mnt\Section1\closed (397.00s-399.00s)RPM2000 1\closed (397.00s-399.00s)RPM2000_Report to Excel,My Computer\D:\42NVH\01Part\22.30B-X hyd. pump MNT\260921 25B-X hydraulic mount\25B-X hyd. mnt\Section1\closed (397.00s-399.00s)RPM2000 1\closed (397.00s-399.00s)RPM2000_Report to Excel,My Computer\D:\42NVH\01Part\22.30B-X hyd. pump MNT\260921 25B-X hydraulic mount\25B-X hyd. mnt\Section1\closed (397.00s-399.00s)RPM2000 1\closed (397.00s-399.00s)RPM2000_Report to Excel,My Computer\D:\42NVH\01Part\22.30B-X hyd. pump MNT\260921 25B-X hydraulic mount\25B-X hyd. mnt\Section1\closed (422.00s-424.00s)RPM2100 1\closed (422.00s-424.00s)RPM2100_Report to Excel,My Computer\D:\42NVH\01Part\22.30B-X hyd. pump MNT\260921 25B-X hydraulic mount\25B-X hyd. mnt\Section1\closed (422.00s-424.00s)RPM2100 1\closed (422.00s-424.00s)RPM2100_Report to Excel,My Computer\D:\42NVH\01Part\22.30B-X hyd. pump MNT\260921 25B-X hydraulic mount\25B-X hyd. mnt\Section1\closed (422.00s-424.00s)RPM2100 1\closed (422.00s-424.00s)RPM2100_Report to Excel,My Computer\D:\42NVH\01Part\22.30B-X hyd. pump MNT\260921 25B-X hydraulic mount\25B-X hyd. mnt\Section1\closed (422.00s-424.00s)RPM2100 1\closed (422.00s-424.00s)RPM2100_Report to Excel,My Computer\D:\42NVH\01Part\22.30B-X hyd. pump MNT\260921 25B-X hydraulic mount\25B-X hyd. mnt\Section1\closed (422.00s-424.00s)RPM2100 1\closed (422.00s-424.00s)RPM2100_Report to Excel,My Computer\D:\42NVH\01Part\22.30B-X hyd. pump MNT\260921 25B-X hydraulic mount\25B-X hyd. mnt\Section1\closed (422.00s-424.00s)RPM2100 1\closed (422.00s-424.00s)RPM2100_Report to Excel,My Computer\D:\42NVH\01Part\22.30B-X hyd. pump MNT\260921 25B-X hydraulic mount\25B-X hyd. mnt\Section1\closed (447.00s-449.00s)RPM2200 1\closed (447.00s-449.00s)RPM2200_Report to Excel,My Computer\D:\42NVH\01Part\22.30B-X hyd. pump MNT\260921 25B-X hydraulic mount\25B-X hyd. mnt\Section1\closed (447.00s-449.00s)RPM2200 1\closed (447.00s-449.00s)RPM2200_Report to Excel,My Computer\D:\42NVH\01Part\22.30B-X hyd. pump MNT\260921 25B-X hydraulic mount\25B-X hyd. mnt\Section1\closed (447.00s-449.00s)RPM2200 1\closed (447.00s-449.00s)RPM2200_Report to Excel,My Computer\D:\42NVH\01Part\22.30B-X hyd. pump MNT\260921 25B-X hydraulic mount\25B-X hyd. mnt\Section1\closed (447.00s-449.00s)RPM2200 1\closed (447.00s-449.00s)RPM2200_Report to Excel,My Computer\D:\42NVH\01Part\22.30B-X hyd. pump MNT\260921 25B-X hydraulic mount\25B-X hyd. mnt\Section1\closed (447.00s-449.00s)RPM2200 1\closed (447.00s-449.00s)RPM2200_Report to Excel,My Computer\D:\42NVH\01Part\22.30B-X hyd. pump MNT\260921 25B-X hydraulic mount\25B-X hyd. mnt\Section1\closed (447.00s-449.00s)RPM2200 1\closed (447.00s-449.00s)RPM2200_Report to Excel,My Computer\D:\42NVH\01Part\22.30B-X hyd. pump MNT\260921 25B-X hydraulic mount\25B-X hyd. mnt\Section1\closed (469.00s-471.00s)RPM2300 1\closed (469.00s-471.00s)RPM2300_Report to Excel,My Computer\D:\42NVH\01Part\22.30B-X hyd. pump MNT\260921 25B-X hydraulic mount\25B-X hyd. mnt\Section1\closed (469.00s-471.00s)RPM2300 1\closed (469.00s-471.00s)RPM2300_Report to Excel,My Computer\D:\42NVH\01Part\22.30B-X hyd. pump MNT\260921 25B-X hydraulic mount\25B-X hyd. mnt\Section1\closed (469.00s-471.00s)RPM2300 1\closed (469.00s-471.00s)RPM2300_Report to Excel,My Computer\D:\42NVH\01Part\22.30B-X hyd. pump MNT\260921 25B-X hydraulic mount\25B-X hyd. mnt\Section1\closed (469.00s-471.00s)RPM2300 1\closed (469.00s-471.00s)RPM2300_Report to Excel,My Computer\D:\42NVH\01Part\22.30B-X hyd. pump MNT\260921 25B-X hydraulic mount\25B-X hyd. mnt\Section1\closed (469.00s-471.00s)RPM2300 1\closed (469.00s-471.00s)RPM2300_Report to Excel,My Computer\D:\42NVH\01Part\22.30B-X hyd. pump MNT\260921 25B-X hydraulic mount\25B-X hyd. mnt\Section1\closed (469.00s-471.00s)RPM2300 1\closed (469.00s-471.00s)RPM2300_Report to Excel,My Computer\D:\42NVH\01Part\22.30B-X hyd. pump MNT\260921 25B-X hydraulic mount\25B-X hyd. mnt\Section1\closed (491.00s-493.00s)RPM2400 1\closed (491.00s-493.00s)RPM2400_Report to Excel,My Computer\D:\42NVH\01Part\22.30B-X hyd. pump MNT\260921 25B-X hydraulic mount\25B-X hyd. mnt\Section1\closed (491.00s-493.00s)RPM2400 1\closed (491.00s-493.00s)RPM2400_Report to Excel,My Computer\D:\42NVH\01Part\22.30B-X hyd. pump MNT\260921 25B-X hydraulic mount\25B-X hyd. mnt\Section1\closed (491.00s-493.00s)RPM2400 1\closed (491.00s-493.00s)RPM2400_Report to Excel,My Computer\D:\42NVH\01Part\22.30B-X hyd. pump MNT\260921 25B-X hydraulic mount\25B-X hyd. mnt\Section1\closed (491.00s-493.00s)RPM2400 1\closed (491.00s-493.00s)RPM2400_Report to Excel,My Computer\D:\42NVH\01Part\22.30B-X hyd. pump MNT\260921 25B-X hydraulic mount\25B-X hyd. mnt\Section1\closed (491.00s-493.00s)RPM2400 1\closed (491.00s-493.00s)RPM2400_Report to Excel,My Computer\D:\42NVH\01Part\22.30B-X hyd. pump MNT\260921 25B-X hydraulic mount\25B-X hyd. mnt\Section1\closed (491.00s-493.00s)RPM2400 1\closed (491.00s-493.00s)RPM2400_Report to Excel,My Computer\D:\42NVH\01Part\22.30B-X hyd. pump MNT\260921 25B-X hydraulic mount\25B-X hyd. mnt\Section1\closed (513.00s-515.00s)RPM2500 1\closed (513.00s-515.00s)RPM2500_Report to Excel,My Computer\D:\42NVH\01Part\22.30B-X hyd. pump MNT\260921 25B-X hydraulic mount\25B-X hyd. mnt\Section1\closed (513.00s-515.00s)RPM2500 1\closed (513.00s-515.00s)RPM2500_Report to Excel,My Computer\D:\42NVH\01Part\22.30B-X hyd. pump MNT\260921 25B-X hydraulic mount\25B-X hyd. mnt\Section1\closed (513.00s-515.00s)RPM2500 1\closed (513.00s-515.00s)RPM2500_Report to Excel,My Computer\D:\42NVH\01Part\22.30B-X hyd. pump MNT\260921 25B-X hydraulic mount\25B-X hyd. mnt\Section1\closed (513.00s-515.00s)RPM2500 1\closed (513.00s-515.00s)RPM2500_Report to Excel,My Computer\D:\42NVH\01Part\22.30B-X hyd. pump MNT\260921 25B-X hydraulic mount\25B-X hyd. mnt\Section1\closed (513.00s-515.00s)RPM2500 1\closed (513.00s-515.00s)RPM2500_Report to Excel,My Computer\D:\42NVH\01Part\22.30B-X hyd. pump MNT\260921 25B-X hydraulic mount\25B-X hyd. mnt\Section1\closed (513.00s-515.00s)RPM2500 1\closed (513.00s-515.00s)RPM2500_Report to Excel,My Computer\D:\42NVH\01Part\22.30B-X hyd. pump MNT\260921 25B-X hydraulic mount\25B-X hyd. mnt\Section1\closed (535.00s-537.00s)RPM2600 1\closed (535.00s-537.00s)RPM2600_Report to Excel,My Computer\D:\42NVH\01Part\22.30B-X hyd. pump MNT\260921 25B-X hydraulic mount\25B-X hyd. mnt\Section1\closed (535.00s-537.00s)RPM2600 1\closed (535.00s-537.00s)RPM2600_Report to Excel,My Computer\D:\42NVH\01Part\22.30B-X hyd. pump MNT\260921 25B-X hydraulic mount\25B-X hyd. mnt\Section1\closed (535.00s-537.00s)RPM2600 1\closed (535.00s-537.00s)RPM2600_Report to Excel,My Computer\D:\42NVH\01Part\22.30B-X hyd. pump MNT\260921 25B-X hydraulic mount\25B-X hyd. mnt\Section1\closed (535.00s-537.00s)RPM2600 1\closed (535.00s-537.00s)RPM2600_Report to Excel,My Computer\D:\42NVH\01Part\22.30B-X hyd. pump MNT\260921 25B-X hydraulic mount\25B-X hyd. mnt\Section1\closed (535.00s-537.00s)RPM2600 1\closed (535.00s-537.00s)RPM2600_Report to Excel,My Computer\D:\42NVH\01Part\22.30B-X hyd. pump MNT\260921 25B-X hydraulic mount\25B-X hyd. mnt\Section1\closed (535.00s-537.00s)RPM2600 1\closed (535.00s-537.00s)RPM2600_Report to Excel,My Computer\D:\42NVH\01Part\22.30B-X hyd. pump MNT\260921 25B-X hydraulic mount\25B-X hyd. mnt\Section1\closed (557.00s-559.00s)RPM2700 1\closed (557.00s-559.00s)RPM2700_Report to Excel,My Computer\D:\42NVH\01Part\22.30B-X hyd. pump MNT\260921 25B-X hydraulic mount\25B-X hyd. mnt\Section1\closed (557.00s-559.00s)RPM2700 1\closed (557.00s-559.00s)RPM2700_Report to Excel,My Computer\D:\42NVH\01Part\22.30B-X hyd. pump MNT\260921 25B-X hydraulic mount\25B-X hyd. mnt\Section1\closed (557.00s-559.00s)RPM2700 1\closed (557.00s-559.00s)RPM2700_Report to Excel,My Computer\D:\42NVH\01Part\22.30B-X hyd. pump MNT\260921 25B-X hydraulic mount\25B-X hyd. mnt\Section1\closed (557.00s-559.00s)RPM2700 1\closed (557.00s-559.00s)RPM2700_Report to Excel,My Computer\D:\42NVH\01Part\22.30B-X hyd. pump MNT\260921 25B-X hydraulic mount\25B-X hyd. mnt\Section1\closed (557.00s-559.00s)RPM2700 1\closed (557.00s-559.00s)RPM2700_Report to Excel,My Computer\D:\42NVH\01Part\22.30B-X hyd. pump MNT\260921 25B-X hydraulic mount\25B-X hyd. mnt\Section1\closed (557.00s-559.00s)RPM2700 1\closed (557.00s-559.00s)RPM2700_Report to Excel,My Computer\D:\42NVH\01Part\22.30B-X hyd. pump MNT\260921 25B-X hydraulic mount\25B-X hyd. mnt\Section1\closed (579.00s-581.00s)RPM2800 1\closed (579.00s-581.00s)RPM2800_Report to Excel,My Computer\D:\42NVH\01Part\22.30B-X hyd. pump MNT\260921 25B-X hydraulic mount\25B-X hyd. mnt\Section1\closed (579.00s-581.00s)RPM2800 1\closed (579.00s-581.00s)RPM2800_Report to Excel,My Computer\D:\42NVH\01Part\22.30B-X hyd. pump MNT\260921 25B-X hydraulic mount\25B-X hyd. mnt\Section1\closed (579.00s-581.00s)RPM2800 1\closed (579.00s-581.00s)RPM2800_Report to Excel,My Computer\D:\42NVH\01Part\22.30B-X hyd. pump MNT\260921 25B-X hydraulic mount\25B-X hyd. mnt\Section1\closed (579.00s-581.00s)RPM2800 1\closed (579.00s-581.00s)RPM2800_Report to Excel,My Computer\D:\42NVH\01Part\22.30B-X hyd. pump MNT\260921 25B-X hydraulic mount\25B-X hyd. mnt\Section1\closed (579.00s-581.00s)RPM2800 1\closed (579.00s-581.00s)RPM2800_Report to Excel,My Computer\D:\42NVH\01Part\22.30B-X hyd. pump MNT\260921 25B-X hydraulic mount\25B-X hyd. mnt\Section1\closed (579.00s-581.00s)RPM2800 1\closed (579.00s-581.00s)RPM2800_Report to Excel,My Computer\D:\42NVH\01Part\22.30B-X hyd. pump MNT\260921 25B-X hydraulic mount\25B-X hyd. mnt\Section1\closed (600.00s-602.00s)RPM2900 1\closed (600.00s-602.00s)RPM2900_Report to Excel,My Computer\D:\42NVH\01Part\22.30B-X hyd. pump MNT\260921 25B-X hydraulic mount\25B-X hyd. mnt\Section1\closed (600.00s-602.00s)RPM2900 1\closed (600.00s-602.00s)RPM2900_Report to Excel,My Computer\D:\42NVH\01Part\22.30B-X hyd. pump MNT\260921 25B-X hydraulic mount\25B-X hyd. mnt\Section1\closed (600.00s-602.00s)RPM2900 1\closed (600.00s-602.00s)RPM2900_Report to Excel,My Computer\D:\42NVH\01Part\22.30B-X hyd. pump MNT\260921 25B-X hydraulic mount\25B-X hyd. mnt\Section1\closed (600.00s-602.00s)RPM2900 1\closed (600.00s-602.00s)RPM2900_Report to Excel,My Computer\D:\42NVH\01Part\22.30B-X hyd. pump MNT\260921 25B-X hydraulic mount\25B-X hyd. mnt\Section1\closed (600.00s-602.00s)RPM2900 1\closed (600.00s-602.00s)RPM2900_Report to Excel,My Computer\D:\42NVH\01Part\22.30B-X hyd. pump MNT\260921 25B-X hydraulic mount\25B-X hyd. mnt\Section1\closed (600.00s-602.00s)RPM2900 1\closed (600.00s-602.00s)RPM2900_Report to Excel
Standard\All\Metatype,Block,Block,Block,Block,Block,Block,Block,Block,Block,Block,Block,Block,Block,Block,Block,Block,Block,Block,Block,Block,Block,Block,Block,Block,Block,Block,Block,Block,Block,Block,Block,Block,Block,Block,Block,Block,Block,Block,Block,Block,Block,Block,Block,Block,Block,Block,Block,Block,Block,Block,Block,Block,Block,Block,Block,Block,Block,Block,Block,Block
Standard\All\Number of averages,2,2,2,2,2,2,2,2,2,2,2,2,2,2,2,2,2,2,2,2,2,2,2,2,2,2,2,2,2,2,2,2,2,2,2,2,2,2,2,2,2,2,2,2,2,2,2,2,2,2,2,2,2,2,2,2,2,2,2,2
Standard\All\Number of lines,10241,10241,10241,10241,10241,10241,10241,10241,10241,10241,10241,10241,10241,10241,10241,10241,10241,10241,10241,10241,10241,10241,10241,10241,10241,10241,10241,10241,10241,10241,10241,10241,10241,10241,10241,10241,10241,10241,10241,10241,10241,10241,10241,10241,10241,10241,10241,10241,10241,10241,10241,10241,10241,10241,10241,10241,10241,10241,10241,10241
Standard\All\Original project,25B-X hyd. mnt,25B-X hyd. mnt,25B-X hyd. mnt,25B-X hyd. mnt,25B-X hyd. mnt,25B-X hyd. mnt,25B-X hyd. mnt,25B-X hyd. mnt,25B-X hyd. mnt,25B-X hyd. mnt,25B-X hyd. mnt,25B-X hyd. mnt,25B-X hyd. mnt,25B-X hyd. mnt,25B-X hyd. mnt,25B-X hyd. mnt,25B-X hyd. mnt,25B-X hyd. mnt,25B-X hyd. mnt,25B-X hyd. mnt,25B-X hyd. mnt,25B-X hyd. mnt,25B-X hyd. mnt,25B-X hyd. mnt,25B-X hyd. mnt,25B-X hyd. mnt,25B-X hyd. mnt,25B-X hyd. mnt,25B-X hyd. mnt,25B-X hyd. mnt,25B-X hyd. mnt,25B-X hyd. mnt,25B-X hyd. mnt,25B-X hyd. mnt,25B-X hyd. mnt,25B-X hyd. mnt,25B-X hyd. mnt,25B-X hyd. mnt,25B-X hyd. mnt,25B-X hyd. mnt,25B-X hyd. mnt,25B-X hyd. mnt,25B-X hyd. mnt,25B-X hyd. mnt,25B-X hyd. mnt,25B-X hyd. mnt,25B-X hyd. mnt,25B-X hyd. mnt,25B-X hyd. mnt,25B-X hyd. mnt,25B-X hyd. mnt,25B-X hyd. mnt,25B-X hyd. mnt,25B-X hyd. mnt,25B-X hyd. mnt,25B-X hyd. mnt,25B-X hyd. mnt,25B-X hyd. mnt,25B-X hyd. mnt,25B-X hyd. mnt
Standard\All\Original run,closed (397.00s-399.00s)RPM2000 1,closed (397.00s-399.00s)RPM2000 1,closed (397.00s-399.00s)RPM2000 1,closed (397.00s-399.00s)RPM2000 1,closed (397.00s-399.00s)RPM2000 1,closed (397.00s-399.00s)RPM2000 1,closed (422.00s-424.00s)RPM2100 1,closed (422.00s-424.00s)RPM2100 1,closed (422.00s-424.00s)RPM2100 1,closed (422.00s-424.00s)RPM2100 1,closed (422.00s-424.00s)RPM2100 1,closed (422.00s-424.00s)RPM2100 1,closed (447.00s-449.00s)RPM2200 1,closed (447.00s-449.00s)RPM2200 1,closed (447.00s-449.00s)RPM2200 1,closed (447.00s-449.00s)RPM2200 1,closed (447.00s-449.00s)RPM2200 1,closed (447.00s-449.00s)RPM2200 1,closed (469.00s-471.00s)RPM2300 1,closed (469.00s-471.00s)RPM2300 1,closed (469.00s-471.00s)RPM2300 1,closed (469.00s-471.00s)RPM2300 1,closed (469.00s-471.00s)RPM2300 1,closed (469.00s-471.00s)RPM2300 1,closed (491.00s-493.00s)RPM2400 1,closed (491.00s-493.00s)RPM2400 1,closed (491.00s-493.00s)RPM2400 1,closed (491.00s-493.00s)RPM2400 1,closed (491.00s-493.00s)RPM2400 1,closed (491.00s-493.00s)RPM2400 1,closed (513.00s-515.00s)RPM2500 1,closed (513.00s-515.00s)RPM2500 1,closed (513.00s-515.00s)RPM2500 1,closed (513.00s-515.00s)RPM2500 1,closed (513.00s-515.00s)RPM2500 1,closed (513.00s-515.00s)RPM2500 1,closed (535.00s-537.00s)RPM2600 1,closed (535.00s-537.00s)RPM2600 1,closed (535.00s-537.00s)RPM2600 1,closed (535.00s-537.00s)RPM2600 1,closed (535.00s-537.00s)RPM2600 1,closed (535.00s-537.00s)RPM2600 1,closed (557.00s-559.00s)RPM2700 1,closed (557.00s-559.00s)RPM2700 1,closed (557.00s-559.00s)RPM2700 1,closed (557.00s-559.00s)RPM2700 1,closed (557.00s-559.00s)RPM2700 1,closed (557.00s-559.00s)RPM2700 1,closed (579.00s-581.00s)RPM2800 1,closed (579.00s-581.00s)RPM2800 1,closed (579.00s-581.00s)RPM2800 1,closed (579.00s-581.00s)RPM2800 1,closed (579.00s-581.00s)RPM2800 1,closed (579.00s-581.00s)RPM2800 1,closed (600.00s-602.00s)RPM2900 1,closed (600.00s-602.00s)RPM2900 1,closed (600.00s-602.00s)RPM2900 1,closed (600.00s-602.00s)RPM2900 1,closed (600.00s-602.00s)RPM2900 1,closed (600.00s-602.00s)RPM2900 1
Standard\All\Original section,Section1,Section1,Section1,Section1,Section1,Section1,Section1,Section1,Section1,Section1,Section1,Section1,Section1,Section1,Section1,Section1,Section1,Section1,Section1,Section1,Section1,Section1,Section1,Section1,Section1,Section1,Section1,Section1,Section1,Section1,Section1,Section1,Section1,Section1,Section1,Section1,Section1,Section1,Section1,Section1,Section1,Section1,Section1,Section1,Section1,Section1,Section1,Section1,Section1,Section1,Section1,Section1,Section1,Section1,Section1,Section1,Section1,Section1,Section1,Section1
Standard\All\Outer run slope,Time Tracking,Time Tracking,Time Tracking,Time Tracking,Time Tracking,Time Tracking,Time Tracking,Time Tracking,Time Tracking,Time Tracking,Time Tracking,Time Tracking,Time Tracking,Time Tracking,Time Tracking,Time Tracking,Time Tracking,Time Tracking,Time Tracking,Time Tracking,Time Tracking,Time Tracking,Time Tracking,Time Tracking,Time Tracking,Time Tracking,Time Tracking,Time Tracking,Time Tracking,Time Tracking,Time Tracking,Time Tracking,Time Tracking,Time Tracking,Time Tracking,Time Tracking,Time Tracking,Time Tracking,Time Tracking,Time Tracking,Time Tracking,Time Tracking,Time Tracking,Time Tracking,Time Tracking,Time Tracking,Time Tracking,Time Tracking,Time Tracking,Time Tracking,Time Tracking,Time Tracking,Time Tracking,Time Tracking,Time Tracking,Time Tracking,Time Tracking,Time Tracking,Time Tracking,Time Tracking
Standard\All\Point direction, +X, +X, +X, +X,None,None, +X, +X, +X, +X,None,None, +X, +X, +X, +X,None,None, +X, +X, +X, +X,None,None, +X, +X, +X, +X,None,None, +X, +X, +X, +X,None,None, +X, +X, +X, +X,None,None, +X, +X, +X, +X,None,None, +X, +X, +X, +X,None,None, +X, +X, +X, +X,None,None
Standard\All\Point direction absolute,X,X,X,X,None,None,X,X,X,X,None,None,X,X,X,X,None,None,X,X,X,X,None,None,X,X,X,X,None,None,X,X,X,X,None,None,X,X,X,X,None,None,X,X,X,X,None,None,X,X,X,X,None,None,X,X,X,X,None,None
Standard\All\Point direction sign, +, +, +, +,,, +, +, +, +,,, +, +, +, +,,, +, +, +, +,,, +, +, +, +,,, +, +, +, +,,, +, +, +, +,,, +, +, +, +,,, +, +, +, +,,, +, +, +, +,,
Standard\All\Point id,FLH botton,FLH up,RLH bottom,RLH up,out,Pump,FLH botton,FLH up,RLH bottom,RLH up,out,Pump,FLH botton,FLH up,RLH bottom,RLH up,out,Pump,FLH botton,FLH up,RLH bottom,RLH up,out,Pump,FLH botton,FLH up,RLH bottom,RLH up,out,Pump,FLH botton,FLH up,RLH bottom,RLH up,out,Pump,FLH botton,FLH up,RLH bottom,RLH up,out,Pump,FLH botton,FLH up,RLH bottom,RLH up,out,Pump,FLH botton,FLH up,RLH bottom,RLH up,out,Pump,FLH botton,FLH up,RLH bottom,RLH up,out,Pump
Standard\All\Point id component,,,,,,,,,,,,,,,,,,,,,,,,,,,,,,,,,,,,,,,,,,,,,,,,,,,,,,,,,,,,
Standard\All\Point id node,FLH botton,FLH up,RLH bottom,RLH up,out,Pump,FLH botton,FLH up,RLH bottom,RLH up,out,Pump,FLH botton,FLH up,RLH bottom,RLH up,out,Pump,FLH botton,FLH up,RLH bottom,RLH up,out,Pump,FLH botton,FLH up,RLH bottom,RLH up,out,Pump,FLH botton,FLH up,RLH bottom,RLH up,out,Pump,FLH botton,FLH up,RLH bottom,RLH up,out,Pump,FLH botton,FLH up,RLH bottom,RLH up,out,Pump,FLH botton,FLH up,RLH bottom,RLH up,out,Pump,FLH botton,FLH up,RLH bottom,RLH up,out,Pump
Standard\All\Polarity, +, +, +, +, +, +, +, +, +, +, +, +, +, +, +, +, +, +, +, +, +, +, +, +, +, +, +, +, +, +, +, +, +, +, +, +, +, +, +, +, +, +, +, +, +, +, +, +, +, +, +, +, +, +, +, +, +, +, +, +
Standard\All\Position ID,,,,,,,,,,,,,,,,,,,,,,,,,,,,,,,,,,,,,,,,,,,,,,,,,,,,,,,,,,,,
Standard\All\Resolution,1 Hz,1 Hz,1 Hz,1 Hz,1 Hz,1 Hz,1 Hz,1 Hz,1 Hz,1 Hz,1 Hz,1 Hz,1 Hz,1 Hz,1 Hz,1 Hz,1 Hz,1 Hz,1 Hz,1 Hz,1 Hz,1 Hz,1 Hz,1 Hz,1 Hz,1 Hz,1 Hz,1 Hz,1 Hz,1 Hz,1 Hz,1 Hz,1 Hz,1 Hz,1 Hz,1 Hz,1 Hz,1 Hz,1 Hz,1 Hz,1 Hz,1 Hz,1 Hz,1 Hz,1 Hz,1 Hz,1 Hz,1 Hz,1 Hz,1 Hz,1 Hz,1 Hz,1 Hz,1 Hz,1 Hz,1 Hz,1 Hz,1 Hz,1 Hz,1 Hz
Standard\All\Sample frequency,20480 Hz,20480 Hz,20480 Hz,20480 Hz,20480 Hz,20480 Hz,20480 Hz,20480 Hz,20480 Hz,20480 Hz,20480 Hz,20480 Hz,20480 Hz,20480 Hz,20480 Hz,20480 Hz,20480 Hz,20480 Hz,20480 Hz,20480 Hz,20480 Hz,20480 Hz,20480 Hz,20480 Hz,20480 Hz,20480 Hz,20480 Hz,20480 Hz,20480 Hz,20480 Hz,20480 Hz,20480 Hz,20480 Hz,20480 Hz,20480 Hz,20480 Hz,20480 Hz,20480 Hz,20480 Hz,20480 Hz,20480 Hz,20480 Hz,20480 Hz,20480 Hz,20480 Hz,20480 Hz,20480 Hz,20480 Hz,20480 Hz,20480 Hz,20480 Hz,20480 Hz,20480 Hz,20480 Hz,20480 Hz,20480 Hz,20480 Hz,20480 Hz,20480 Hz,20480 Hz
Standard\All\Source data Dir,D:\42NVH\01Part\22.30B-X hyd. pump MNT\260921 25B-X hydraulic mount,D:\42NVH\01Part\22.30B-X hyd. pump MNT\260921 25B-X hydraulic mount,D:\42NVH\01Part\22.30B-X hyd. pump MNT\260921 25B-X hydraulic mount,D:\42NVH\01Part\22.30B-X hyd. pump MNT\260921 25B-X hydraulic mount,D:\42NVH\01Part\22.30B-X hyd. pump MNT\260921 25B-X hydraulic mount,D:\42NVH\01Part\22.30B-X hyd. pump MNT\260921 25B-X hydraulic mount,D:\42NVH\01Part\22.30B-X hyd. pump MNT\260921 25B-X hydraulic mount,D:\42NVH\01Part\22.30B-X hyd. pump MNT\260921 25B-X hydraulic mount,D:\42NVH\01Part\22.30B-X hyd. pump MNT\260921 25B-X hydraulic mount,D:\42NVH\01Part\22.30B-X hyd. pump MNT\260921 25B-X hydraulic mount,D:\42NVH\01Part\22.30B-X hyd. pump MNT\260921 25B-X hydraulic mount,D:\42NVH\01Part\22.30B-X hyd. pump MNT\260921 25B-X hydraulic mount,D:\42NVH\01Part\22.30B-X hyd. pump MNT\260921 25B-X hydraulic mount,D:\42NVH\01Part\22.30B-X hyd. pump MNT\260921 25B-X hydraulic mount,D:\42NVH\01Part\22.30B-X hyd. pump MNT\260921 25B-X hydraulic mount,D:\42NVH\01Part\22.30B-X hyd. pump MNT\260921 25B-X hydraulic mount,D:\42NVH\01Part\22.30B-X hyd. pump MNT\260921 25B-X hydraulic mount,D:\42NVH\01Part\22.30B-X hyd. pump MNT\260921 25B-X hydraulic mount,D:\42NVH\01Part\22.30B-X hyd. pump MNT\260921 25B-X hydraulic mount,D:\42NVH\01Part\22.30B-X hyd. pump MNT\260921 25B-X hydraulic mount,D:\42NVH\01Part\22.30B-X hyd. pump MNT\260921 25B-X hydraulic mount,D:\42NVH\01Part\22.30B-X hyd. pump MNT\260921 25B-X hydraulic mount,D:\42NVH\01Part\22.30B-X hyd. pump MNT\260921 25B-X hydraulic mount,D:\42NVH\01Part\22.30B-X hyd. pump MNT\260921 25B-X hydraulic mount,D:\42NVH\01Part\22.30B-X hyd. pump MNT\260921 25B-X hydraulic mount,D:\42NVH\01Part\22.30B-X hyd. pump MNT\260921 25B-X hydraulic mount,D:\42NVH\01Part\22.30B-X hyd. pump MNT\260921 25B-X hydraulic mount,D:\42NVH\01Part\22.30B-X hyd. pump MNT\260921 25B-X hydraulic mount,D:\42NVH\01Part\22.30B-X hyd. pump MNT\260921 25B-X hydraulic mount,D:\42NVH\01Part\22.30B-X hyd. pump MNT\260921 25B-X hydraulic mount,D:\42NVH\01Part\22.30B-X hyd. pump MNT\260921 25B-X hydraulic mount,D:\42NVH\01Part\22.30B-X hyd. pump MNT\260921 25B-X hydraulic mount,D:\42NVH\01Part\22.30B-X hyd. pump MNT\260921 25B-X hydraulic mount,D:\42NVH\01Part\22.30B-X hyd. pump MNT\260921 25B-X hydraulic mount,D:\42NVH\01Part\22.30B-X hyd. pump MNT\260921 25B-X hydraulic mount,D:\42NVH\01Part\22.30B-X hyd. pump MNT\260921 25B-X hydraulic mount,D:\42NVH\01Part\22.30B-X hyd. pump MNT\260921 25B-X hydraulic mount,D:\42NVH\01Part\22.30B-X hyd. pump MNT\260921 25B-X hydraulic mount,D:\42NVH\01Part\22.30B-X hyd. pump MNT\260921 25B-X hydraulic mount,D:\42NVH\01Part\22.30B-X hyd. pump MNT\260921 25B-X hydraulic mount,D:\42NVH\01Part\22.30B-X hyd. pump MNT\260921 25B-X hydraulic mount,D:\42NVH\01Part\22.30B-X hyd. pump MNT\260921 25B-X hydraulic mount,D:\42NVH\01Part\22.30B-X hyd. pump MNT\260921 25B-X hydraulic mount,D:\42NVH\01Part\22.30B-X hyd. pump MNT\260921 25B-X hydraulic mount,D:\42NVH\01Part\22.30B-X hyd. pump MNT\260921 25B-X hydraulic mount,D:\42NVH\01Part\22.30B-X hyd. pump MNT\260921 25B-X hydraulic mount,D:\42NVH\01Part\22.30B-X hyd. pump MNT\260921 25B-X hydraulic mount,D:\42NVH\01Part\22.30B-X hyd. pump MNT\260921 25B-X hydraulic mount,D:\42NVH\01Part\22.30B-X hyd. pump MNT\260921 25B-X hydraulic mount,D:\42NVH\01Part\22.30B-X hyd. pump MNT\260921 25B-X hydraulic mount,D:\42NVH\01Part\22.30B-X hyd. pump MNT\260921 25B-X hydraulic mount,D:\42NVH\01Part\22.30B-X hyd. pump MNT\260921 25B-X hydraulic mount,D:\42NVH\01Part\22.30B-X hyd. pump MNT\260921 25B-X hydraulic mount,D:\42NVH\01Part\22.30B-X hyd. pump MNT\260921 25B-X hydraulic mount,D:\42NVH\01Part\22.30B-X hyd. pump MNT\260921 25B-X hydraulic mount,D:\42NVH\01Part\22.30B-X hyd. pump MNT\260921 25B-X hydraulic mount,D:\42NVH\01Part\22.30B-X hyd. pump MNT\260921 25B-X hydraulic mount,D:\42NVH\01Part\22.30B-X hyd. pump MNT\260921 25B-X hydraulic mount,D:\42NVH\01Part\22.30B-X hyd. pump MNT\260921 25B-X hydraulic mount,D:\42NVH\01Part\22.30B-X hyd. pump MNT\260921 25B-X hydraulic mount
Standard\All\Source data Name,25B-X hyd. mnt.lms,25B-X hyd. mnt.lms,25B-X hyd. mnt.lms,25B-X hyd. mnt.lms,25B-X hyd. mnt.lms,25B-X hyd. mnt.lms,25B-X hyd. mnt.lms,25B-X hyd. mnt.lms,25B-X hyd. mnt.lms,25B-X hyd. mnt.lms,25B-X hyd. mnt.lms,25B-X hyd. mnt.lms,25B-X hyd. mnt.lms,25B-X hyd. mnt.lms,25B-X hyd. mnt.lms,25B-X hyd. mnt.lms,25B-X hyd. mnt.lms,25B-X hyd. mnt.lms,25B-X hyd. mnt.lms,25B-X hyd. mnt.lms,25B-X hyd. mnt.lms,25B-X hyd. mnt.lms,25B-X hyd. mnt.lms,25B-X hyd. mnt.lms,25B-X hyd. mnt.lms,25B-X hyd. mnt.lms,25B-X hyd. mnt.lms,25B-X hyd. mnt.lms,25B-X hyd. mnt.lms,25B-X hyd. mnt.lms,25B-X hyd. mnt.lms,25B-X hyd. mnt.lms,25B-X hyd. mnt.lms,25B-X hyd. mnt.lms,25B-X hyd. mnt.lms,25B-X hyd. mnt.lms,25B-X hyd. mnt.lms,25B-X hyd. mnt.lms,25B-X hyd. mnt.lms,25B-X hyd. mnt.lms,25B-X hyd. mnt.lms,25B-X hyd. mnt.lms,25B-X hyd. mnt.lms,25B-X hyd. mnt.lms,25B-X hyd. mnt.lms,25B-X hyd. mnt.lms,25B-X hyd. mnt.lms,25B-X hyd. mnt.lms,25B-X hyd. mnt.lms,25B-X hyd. mnt.lms,25B-X hyd. mnt.lms,25B-X hyd. mnt.lms,25B-X hyd. mnt.lms,25B-X hyd. mnt.lms,25B-X hyd. mnt.lms,25B-X hyd. mnt.lms,25B-X hyd. mnt.lms,25B-X hyd. mnt.lms,25B-X hyd. mnt.lms,25B-X hyd. mnt.lms
Standard\All\Span,8000 Hz,8000 Hz,8000 Hz,8000 Hz,8000 Hz,8000 Hz,8000 Hz,8000 Hz,8000 Hz,8000 Hz,8000 Hz,8000 Hz,8000 Hz,8000 Hz,8000 Hz,8000 Hz,8000 Hz,8000 Hz,8000 Hz,8000 Hz,8000 Hz,8000 Hz,8000 Hz,8000 Hz,8000 Hz,8000 Hz,8000 Hz,8000 Hz,8000 Hz,8000 Hz,8000 Hz,8000 Hz,8000 Hz,8000 Hz,8000 Hz,8000 Hz,8000 Hz,8000 Hz,8000 Hz,8000 Hz,8000 Hz,8000 Hz,8000 Hz,8000 Hz,8000 Hz,8000 Hz,8000 Hz,8000 Hz,8000 Hz,8000 Hz,8000 Hz,8000 Hz,8000 Hz,8000 Hz,8000 Hz,8000 Hz,8000 Hz,8000 Hz,8000 Hz,8000 Hz
Standard\All\Spectrum format,linear,linear,linear,linear,linear,linear,linear,linear,linear,linear,linear,linear,linear,linear,linear,linear,linear,linear,linear,linear,linear,linear,linear,linear,linear,linear,linear,linear,linear,linear,linear,linear,linear,linear,linear,linear,linear,linear,linear,linear,linear,linear,linear,linear,linear,linear,linear,linear,linear,linear,linear,linear,linear,linear,linear,linear,linear,linear,linear,linear
Standard\All\Spectrum scaling,RMS,RMS,RMS,RMS,RMS,RMS,RMS,RMS,RMS,RMS,RMS,RMS,RMS,RMS,RMS,RMS,RMS,RMS,RMS,RMS,RMS,RMS,RMS,RMS,RMS,RMS,RMS,RMS,RMS,RMS,RMS,RMS,RMS,RMS,RMS,RMS,RMS,RMS,RMS,RMS,RMS,RMS,RMS,RMS,RMS,RMS,RMS,RMS,RMS,RMS,RMS,RMS,RMS,RMS,RMS,RMS,RMS,RMS,RMS,RMS
Standard\All\Standard metatype,Function,Function,Function,Function,Function,Function,Function,Function,Function,Function,Function,Function,Function,Function,Function,Function,Function,Function,Function,Function,Function,Function,Function,Function,Function,Function,Function,Function,Function,Function,Function,Function,Function,Function,Function,Function,Function,Function,Function,Function,Function,Function,Function,Function,Function,Function,Function,Function,Function,Function,Function,Function,Function,Function,Function,Function,Function,Function,Function,Function
Standard\All\User channel ID 3,,,,,,,,,,,,,,,,,,,,,,,,,,,,,,,,,,,,,,,,,,,,,,,,,,,,,,,,,,,,
Standard\All\User channel id,,,,,,,,,,,,,,,,,,,,,,,,,,,,,,,,,,,,,,,,,,,,,,,,,,,,,,,,,,,,
Standard\All\User comment,,,,,,,,,,,,,,,,,,,,,,,,,,,,,,,,,,,,,,,,,,,,,,,,,,,,,,,,,,,,
Standard\All\Value type,Complex,Complex,Complex,Complex,Complex,Complex,Complex,Complex,Complex,Complex,Complex,Complex,Complex,Complex,Complex,Complex,Complex,Complex,Complex,Complex,Complex,Complex,Complex,Complex,Complex,Complex,Complex,Complex,Complex,Complex,Complex,Complex,Complex,Complex,Complex,Complex,Complex,Complex,Complex,Complex,Complex,Complex,Complex,Complex,Complex,Complex,Complex,Complex,Complex,Complex,Complex,Complex,Complex,Complex,Complex,Complex,Complex,Complex,Complex,Complex
Standard\All\Weighting,Linear,Linear,Linear,Linear,Linear,Linear,Linear,Linear,Linear,Linear,Linear,Linear,Linear,Linear,Linear,Linear,Linear,Linear,Linear,Linear,Linear,Linear,Linear,Linear,Linear,Linear,Linear,Linear,Linear,Linear,Linear,Linear,Linear,Linear,Linear,Linear,Linear,Linear,Linear,Linear,Linear,Linear,Linear,Linear,Linear,Linear,Linear,Linear,Linear,Linear,Linear,Linear,Linear,Linear,Linear,Linear,Linear,Linear,Linear,Linear
Standard\All\Window correction mode,amplitude,amplitude,amplitude,amplitude,amplitude,amplitude,amplitude,amplitude,amplitude,amplitude,amplitude,amplitude,amplitude,amplitude,amplitude,amplitude,amplitude,amplitude,amplitude,amplitude,amplitude,amplitude,amplitude,amplitude,amplitude,amplitude,amplitude,amplitude,amplitude,amplitude,amplitude,amplitude,amplitude,amplitude,amplitude,amplitude,amplitude,amplitude,amplitude,amplitude,amplitude,amplitude,amplitude,amplitude,amplitude,amplitude,amplitude,amplitude,amplitude,amplitude,amplitude,amplitude,amplitude,amplitude,amplitude,amplitude,amplitude,amplitude,amplitude,amplitude
Standard\All\Window type,Hanning,Hanning,Hanning,Hanning,Hanning,Hanning,Hanning,Hanning,Hanning,Hanning,Hanning,Hanning,Hanning,Hanning,Hanning,Hanning,Hanning,Hanning,Hanning,Hanning,Hanning,Hanning,Hanning,Hanning,Hanning,Hanning,Hanning,Hanning,Hanning,Hanning,Hanning,Hanning,Hanning,Hanning,Hanning,Hanning,Hanning,Hanning,Hanning,Hanning,Hanning,Hanning,Hanning,Hanning,Hanning,Hanning,Hanning,Hanning,Hanning,Hanning,Hanning,Hanning,Hanning,Hanning,Hanning,Hanning,Hanning,Hanning,Hanning,Hanning
Standard\All\X axis,0-10240 Hz,0-10240 Hz,0-10240 Hz,0-10240 Hz,0-10240 Hz,0-10240 Hz,0-10240 Hz,0-10240 Hz,0-10240 Hz,0-10240 Hz,0-10240 Hz,0-10240 Hz,0-10240 Hz,0-10240 Hz,0-10240 Hz,0-10240 Hz,0-10240 Hz,0-10240 Hz,0-10240 Hz,0-10240 Hz,0-10240 Hz,0-10240 Hz,0-10240 Hz,0-10240 Hz,0-10240 Hz,0-10240 Hz,0-10240 Hz,0-10240 Hz,0-10240 Hz,0-10240 Hz,0-10240 Hz,0-10240 Hz,0-10240 Hz,0-10240 Hz,0-10240 Hz,0-10240 Hz,0-10240 Hz,0-10240 Hz,0-10240 Hz,0-10240 Hz,0-10240 Hz,0-10240 Hz,0-10240 Hz,0-10240 Hz,0-10240 Hz,0-10240 Hz,0-10240 Hz,0-10240 Hz,0-10240 Hz,0-10240 Hz,0-10240 Hz,0-10240 Hz,0-10240 Hz,0-10240 Hz,0-10240 Hz,0-10240 Hz,0-10240 Hz,0-10240 Hz,0-10240 Hz,0-10240 Hz
Standard\All\X axis increment,1 Hz,1 Hz,1 Hz,1 Hz,1 Hz,1 Hz,1 Hz,1 Hz,1 Hz,1 Hz,1 Hz,1 Hz,1 Hz,1 Hz,1 Hz,1 Hz,1 Hz,1 Hz,1 Hz,1 Hz,1 Hz,1 Hz,1 Hz,1 Hz,1 Hz,1 Hz,1 Hz,1 Hz,1 Hz,1 Hz,1 Hz,1 Hz,1 Hz,1 Hz,1 Hz,1 Hz,1 Hz,1 Hz,1 Hz,1 Hz,1 Hz,1 Hz,1 Hz,1 Hz,1 Hz,1 Hz,1 Hz,1 Hz,1 Hz,1 Hz,1 Hz,1 Hz,1 Hz,1 Hz,1 Hz,1 Hz,1 Hz,1 Hz,1 Hz,1 Hz
Standard\All\X axis quantity,Frequency,Frequency,Frequency,Frequency,Frequency,Frequency,Frequency,Frequency,Frequency,Frequency,Frequency,Frequency,Frequency,Frequency,Frequency,Frequency,Frequency,Frequency,Frequency,Frequency,Frequency,Frequency,Frequency,Frequency,Frequency,Frequency,Frequency,Frequency,Frequency,Frequency,Frequency,Frequency,Frequency,Frequency,Frequency,Frequency,Frequency,Frequency,Frequency,Frequency,Frequency,Frequency,Frequency,Frequency,Frequency,Frequency,Frequency,Frequency,Frequency,Frequency,Frequency,Frequency,Frequency,Frequency,Frequency,Frequency,Frequency,Frequency,Frequency,Frequency
Standard\All\X axis unit,Hz,Hz,Hz,Hz,Hz,Hz,Hz,Hz,Hz,Hz,Hz,Hz,Hz,Hz,Hz,Hz,Hz,Hz,Hz,Hz,Hz,Hz,Hz,Hz,Hz,Hz,Hz,Hz,Hz,Hz,Hz,Hz,Hz,Hz,Hz,Hz,Hz,Hz,Hz,Hz,Hz,Hz,Hz,Hz,Hz,Hz,Hz,Hz,Hz,Hz,Hz,Hz,Hz,Hz,Hz,Hz,Hz,Hz,Hz,Hz
Standard\All\Y axis quantity,Acceleration,Acceleration,Acceleration,Acceleration,Pressure,Pressure,Acceleration,Acceleration,Acceleration,Acceleration,Pressure,Pressure,Acceleration,Acceleration,Acceleration,Acceleration,Pressure,Pressure,Acceleration,Acceleration,Acceleration,Acceleration,Pressure,Pressure,Acceleration,Acceleration,Acceleration,Acceleration,Pressure,Pressure,Acceleration,Acceleration,Acceleration,Acceleration,Pressure,Pressure,Acceleration,Acceleration,Acceleration,Acceleration,Pressure,Pressure,Acceleration,Acceleration,Acceleration,Acceleration,Pressure,Pressure,Acceleration,Acceleration,Acceleration,Acceleration,Pressure,Pressure,Acceleration,Acceleration,Acceleration,Acceleration,Pressure,Pressure
Standard\All\Y axis unit,g,g,g,g,Pa,Pa,g,g,g,g,Pa,Pa,g,g,g,g,Pa,Pa,g,g,g,g,Pa,Pa,g,g,g,g,Pa,Pa,g,g,g,g,Pa,Pa,g,g,g,g,Pa,Pa,g,g,g,g,Pa,Pa,g,g,g,g,Pa,Pa,g,g,g,g,Pa,Pa
Standard\All\Zero compensation,0 g,0 g,0 g,0 g,0 Pa,0 Pa,0 g,0 g,0 g,0 g,0 Pa,0 Pa,0 g,0 g,0 g,0 g,0 Pa,0 Pa,0 g,0 g,0 g,0 g,0 Pa,0 Pa,0 g,0 g,0 g,0 g,0 Pa,0 Pa,0 g,0 g,0 g,0 g,0 Pa,0 Pa,0 g,0 g,0 g,0 g,0 Pa,0 Pa,0 g,0 g,0 g,0 g,0 Pa,0 Pa,0 g,0 g,0 g,0 g,0 Pa,0 Pa,0 g,0 g,0 g,0 g,0 Pa,0 Pa
Standard\All\label,AutoPower FLH botton:+X,AutoPower FLH up:+X,AutoPower RLH bottom:+X,AutoPower RLH up:+X,AutoPower out,AutoPower Pump,AutoPower FLH botton:+X,AutoPower FLH up:+X,AutoPower RLH bottom:+X,AutoPower RLH up:+X,AutoPower out,AutoPower Pump,AutoPower FLH botton:+X,AutoPower FLH up:+X,AutoPower RLH bottom:+X,AutoPower RLH up:+X,AutoPower out,AutoPower Pump,AutoPower FLH botton:+X,AutoPower FLH up:+X,AutoPower RLH bottom:+X,AutoPower RLH up:+X,AutoPower out,AutoPower Pump,AutoPower FLH botton:+X,AutoPower FLH up:+X,AutoPower RLH bottom:+X,AutoPower RLH up:+X,AutoPower out,AutoPower Pump,AutoPower FLH botton:+X,AutoPower FLH up:+X,AutoPower RLH bottom:+X,AutoPower RLH up:+X,AutoPower out,AutoPower Pump,AutoPower FLH botton:+X,AutoPower FLH up:+X,AutoPower RLH bottom:+X,AutoPower RLH up:+X,AutoPower out,AutoPower Pump,AutoPower FLH botton:+X,AutoPower FLH up:+X,AutoPower RLH bottom:+X,AutoPower RLH up:+X,AutoPower out,AutoPower Pump,AutoPower FLH botton:+X,AutoPower FLH up:+X,AutoPower RLH bottom:+X,AutoPower RLH up:+X,AutoPower out,AutoPower Pump,AutoPower FLH botton:+X,AutoPower FLH up:+X,AutoPower RLH bottom:+X,AutoPower RLH up:+X,AutoPower out,AutoPower Pump
,,,,,,,,,,,,,,,,,,,,,,,,,,,,,,,,,,,,,,,,,,,,,,,,,,,,,,,,,,,,
Hz,g,g,g,g,Pa,Pa,g,g,g,g,Pa,Pa,g,g,g,g,Pa,Pa,g,g,g,g,Pa,Pa,g,g,g,g,Pa,Pa,g,g,g,g,Pa,Pa,g,g,g,g,Pa,Pa,g,g,g,g,Pa,Pa,g,g,g,g,Pa,Pa,g,g,g,g,Pa,Pa
Linear,Log (RMS),Log (RMS),Log (RMS),Log (RMS),dB,dB,Log (RMS),Log (RMS),Log (RMS),Log (RMS),dB,dB,Log (RMS),Log (RMS),Log (RMS),Log (RMS),dB,dB,Log (RMS),Log (RMS),Log (RMS),Log (RMS),dB,dB,Log (RMS),Log (RMS),Log (RMS),Log (RMS),dB,dB,Log (RMS),Log (RMS),Log (RMS),Log (RMS),dB,dB,Log (RMS),Log (RMS),Log (RMS),Log (RMS),dB,dB,Log (RMS),Log (RMS),Log (RMS),Log (RMS),dB,dB,Log (RMS),Log (RMS),Log (RMS),Log (RMS),dB,dB,Log (RMS),Log (RMS),Log (RMS),Log (RMS),dB,dB
1000,0.000392089,0.00074556,0.000270758,0.000922071,12.65266507,36.43093149,0.000106149,0.002048281,0.000110117,0.001658621,16.30445961,45.45877454,0.001543973,0.004437998,0.001452066,0.00522023,20.27376725,59.761541,0.0002058,0.001027927,0.000257998,0.001414826,25.59689546,43.01725918,0.000309771,0.000478138,5.52E-05,0.001320916,17.26077391,44.4256425,0.000441705,0.000749984,0.000318104,0.001901324,19.46343331,45.3279088,0.000202715,0.000558764,0.000220755,0.001018826,13.52731202,46.5700391,0.000604807,0.000808049,0.0003878,0.001400322,22.20756282,46.04941231,0.000461517,0.001668731,0.000432028,0.002007289,20.25824075,35.48074985,0.00031898,0.002104046,0.000280744,0.001248088,16.22728863,47.47606222
1001,0.000104031,0.000323838,0.000147013,0.000457764,8.64981888,38.43832775,0.000777889,0.003665239,0.000781951,0.000863249,23.75162707,57.31477033,0.000712264,0.001710273,0.000587814,0.00212773,19.03859765,51.51064087,0.000395385,0.001187847,0.000229404,0.000723415,18.33313216,30.87007291,0.000226634,0.000529174,0.000132813,0.000790941,19.4030194,43.83818863,0.000275395,0.000703194,0.000142926,0.001950081,20.33743204,39.29570608,0.000277071,0.001057157,0.000303485,0.001864592,18.25331644,47.85196053,0.000877685,0.000766344,0.000418867,0.002063374,26.0361868,37.09196918,0.00040194,0.000645782,0.000370002,0.001744076,13.07872967,44.83352851,0.000701847,0.001242728,0.000579183,0.000948091,19.3782112,47.57027381
1002,0.000220514,0.000229087,0.000126451,0.000315678,13.5541799,33.35290971,0.001186932,0.005598825,0.001231153,0.001926332,25.49012439,59.73429735,0.000439912,0.000398683,0.000324657,0.001394066,13.90648631,43.61091873,0.000205286,0.001560205,0.000177563,0.001093566,18.96212232,40.44375883,0.000233433,0.000596441,0.000112147,0.00086365,19.7095615,39.78046335,0.000374472,0.000712404,0.000210756,0.001386001,18.21748753,42.09432404,0.000484492,0.000770405,0.000345361,0.001948405,17.63034742,49.26215136,0.001456711,0.001257353,0.000465386,0.002342161,23.08162077,48.59657686,0.000348752,0.000676347,0.00044994,0.00039727,14.21036064,46.78521234,0.000461924,0.001857606,0.000492925,0.001899637,19.74231178,47.68717031
1003,0.000271347,0.000226154,0.000134608,0.000240649,18.64124573,38.45812452,0.000539342,0.001378563,0.000600057,0.002982181,16.42891345,50.49406734,0.000268669,0.000236767,0.000122205,0.000987791,17.99118475,34.10207195,0.000661309,0.001200723,0.000501484,0.000907492,19.01764377,43.2337893,0.000420895,0.000506909,0.000330225,0.001340227,20.50994289,48.30996048,0.000347525,0.000956549,0.000260061,0.001651323,14.25789541,45.65769558,0.001000731,0.003534044,0.000742889,0.00137154,20.51881379,53.59593521,0.000611308,0.001273934,0.000133143,0.001696503,15.86774476,47.23189141,0.000302963,0.001151238,0.000366056,0.000490542,16.26828558,46.35366893,0.000157756,0.001663314,0.00020388,0.001783944,19.99596301,42.07639533
1004,0.000173435,0.000186013,0.000123769,0.000600559,16.89539768,41.0542047,0.000334363,0.00094133,0.000208754,0.003249605,12.59621501,45.1705138,0.000282783,0.000316267,0.000135077,0.001274302,20.27526254,35.96875038,0.00192873,0.001633518,0.001234833,0.002646748,26.62650287,48.41416568,0.000124577,0.00088972,0.000221163,0.001044256,17.3972891,49.26557679,0.000195184,0.000948568,0.000136473,0.001068764,18.47218257,43.98280926,0.000961143,0.003704931,0.000701659,0.001341985,20.07246743,53.33306745,0.000668526,0.000584767,0.000481029,0.001684785,16.29650816,42.75259824,0.000211367,0.001058282,0.000221598,0.001017452,11.62931504,43.95336323,0.000281009,0.000204946,0.000279858,0.00096098,18.93920148,45.1788332
1005,0.000154984,0.000321397,0.000183454,0.000668833,13.06071059,37.90179975,0.000248786,0.000333011,0.000189084,0.001892486,13.01330118,40.03939513,0.000449123,0.00042657,0.00020456,0.001313755,16.88214478,26.86260256,0.001756109,0.001453586,0.000889205,0.00288049,26.26984746,48.02545476,0.000513426,0.00163571,0.000485759,0.002459135,22.11037095,49.32690852,0.000216738,0.000901533,0.000126962,0.001463581,21.5115566,47.0501999,0.000433802,0.001461422,0.000214244,0.00093548,19.18910996,38.78214639,0.000597668,0.000574271,0.000353942,0.001825705,16.00608602,44.38203174,0.000158845,0.000732912,0.000128501,0.000970185,16.57730909,36.43093454,0.000358718,0.000441573,0.000328742,0.000920752,21.99287715,47.63440927
1006,0.000173409,0.000381064,0.000203461,0.000550411,13.64917616,39.04347398,0.000294676,0.000612828,0.000169707,0.000862187,10.43689218,43.2413203,0.000456182,0.00069965,0.000141575,0.001579239,12.43347704,38.54845941,0.000551925,0.00039068,0.000393752,0.001348098,17.88257132,43.69623135,0.000654749,0.001763783,0.000614138,0.003453155,23.15217133,48.88656529,0.000474022,0.001602943,0.000322771,0.00241306,19.25873427,46.33003157,0.000362246,0.0016255,0.000268154,0.001259543,24.76692967,45.89025601,0.000432566,0.000408386,0.00011745,0.000830699,16.19284856,46.47847594,0.000391089,0.000292545,0.000242829,0.001570233,21.53126181,39.87910464,0.000418526,0.000909231,0.000395424,0.001388582,23.55994469,48.74922987
1007,0.000118105,0.000520762,9.20E-05,0.000892228,14.02846208,38.47128388,0.0002952,0.000614747,0.000192403,0.000749747,17.58852561,38.81725443,0.00027723,0.000337468,0.000121768,0.001423868,18.03703877,38.56890189,0.000525168,0.000405151,0.000450912,0.001216331,20.19001156,37.47139859,0.001403736,0.005133983,0.00190053,0.010800725,34.15705206,59.54131708,0.001093828,0.001660074,0.000569982,0.002740765,19.5304932,48.08159247,0.000528888,0.00112118,0.00028852,0.000734558,25.64835356,45.91057766,0.000404266,0.000122441,0.000236658,0.000688436,12.4402325,43.47309804,0.000397065,0.000573972,0.000337828,0.000946337,23.07560502,40.47223751,0.000340921,0.001101763,0.00028512,0.001343602,23.1143514,46.54662336
1008,0.000144801,0.00063269,2.89E-05,0.000367683,16.95934548,36.19293613,0.000207902,0.001631617,0.000239395,0.001567437,16.86652224,40.61984201,0.00037896,0.000756071,0.00024668,0.001154641,20.00074422,38.93549635,0.000256936,0.000421454,0.000260268,0.001211495,20.68738297,43.68523475,0.00449211,0.014290563,0.005894018,0.028907671,41.53699073,67.87259757,0.001671671,0.001348844,0.000679071,0.004065845,20.59495209,44.09615752,0.000685956,0.001149322,0.000413915,0.000575919,26.44682493,46.48656726,0.000544962,0.000432876,0.000403877,0.000611462,20.7576194,41.32594841,0.000494857,0.000728904,0.00034811,0.001100488,23.77455175,39.85370877,0.000347787,0.000876053,0.000336301,0.001028668,23.74895629,43.81913893
1009,0.000371205,0.000584509,9.56E-05,0.001226584,17.38840193,39.93503811,9.00E-05,0.00282462,0.000190977,0.002549103,20.72578427,42.1922271,0.0004538,0.000882663,0.000181808,0.001254698,19.70192234,39.44412722,0.000165882,0.000527501,0.000185857,0.001683384,15.21269123,43.20560789,0.003558095,0.010745073,0.004603888,0.02172261,38.39369021,65.65360062,0.004612426,0.003457264,0.001598838,0.012977249,26.18110653,53.45818943,0.000511336,0.000857167,0.000375596,0.000208776,22.78562741,46.1328859,0.000297021,0.000214435,0.000201474,0.000645708,22.15882927,39.23657356,0.000658793,0.000544542,0.000370321,0.002035121,20.73699244,46.84928637,0.00023145,0.000703751,0.000205995,0.000730924,25.69270877,39.90424041
1010,0.000352095,0.000707513,0.000102933,0.001340635,17.85092035,37.07440353,0.000275151,0.011142421,4.66E-05,0.009181364,22.30923363,52.92657105,0.000889696,0.002205734,0.000453612,0.001342496,20.59801085,41.34019473,0.000162612,0.000568998,0.000100744,0.001068933,14.95722678,42.06869537,0.00068339,0.001514729,0.00074919,0.003630606,21.76243813,51.18253183,0.005840152,0.004085671,0.002330348,0.015806609,29.26213604,57.29788197,0.000198205,0.00058205,0.00017477,0.00078268,17.72871264,36.66784606,0.000539462,0.001184378,0.00036418,0.001479134,22.4190936,46.57739599,0.000497549,0.000444879,0.000284008,0.001503051,14.40976514,45.81091591,0.000369803,0.001937827,8.34E-05,0.001686171,20.14007482,44.9208562
1011,0.000192635,0.000684088,0.000125732,0.001026943,15.98125975,35.44529687,0.000337004,0.018655763,0.000263203,0.01486237,25.81750548,57.2268134,0.001040199,0.002180897,0.000503266,0.001563042,20.88424417,37.83311769,0.000273858,0.000665682,0.000131485,0.000836465,20.18901789,41.32350635,0.000536232,0.001044235,0.000721257,0.00342485,27.34022406,48.8353957,0.001897543,0.001215174,0.000783649,0.00570415,19.32328134,48.83622128,0.000122795,0.000786963,0.000180954,0.000760121,23.66352335,39.73170188,0.0012336,0.002265369,0.000737697,0.003379702,26.64257916,50.27121571,0.000353224,0.000453235,0.000275522,0.001009806,18.49229035,41.39496708,0.00056937,0.001364659,0.000367672,0.002847659,19.38964893,50.51742651
1012,0.000160453,0.000506336,0.000185545,0.000592528,15.17014336,33.49797568,0.000239938,0.008256032,0.000310327,0.006768142,20.15082158,49.29761882,0.000417459,0.001372756,0.000158981,0.001247333,21.69945534,46.2534483,0.000249503,0.000533209,0.000112432,0.000935573,21.32398691,36.42929193,0.000341751,0.000714575,0.000305645,0.002579287,25.78247078,45.76510897,0.001235999,0.000812408,0.000561585,0.002801017,15.30438322,38.49359128,0.000329584,0.000532069,0.000242213,0.001176535,20.86804545,37.94853548,0.000862832,0.00159365,0.000542347,0.001480826,21.23845923,50.23494272,0.000389324,0.000653905,0.000312962,0.001529712,11.6253439,44.56873007,0.000706907,0.00053956,0.000418393,0.00221878,22.36139943,47.79158552
1013,0.000164573,0.000141491,0.000184374,0.000225423,16.90253341,35.13040971,0.000255332,0.002593863,0.000248121,0.002523211,13.43255529,36.20296479,0.00035533,0.001865396,0.000162561,0.001600609,22.17309798,45.54072139,0.000145167,0.000414046,5.32E-05,0.001865945,21.15678927,38.06987123,0.000192841,0.000617626,0.000196582,0.001543576,21.49120726,44.31951324,0.001028149,0.000542468,0.000493997,0.001484312,20.10998512,37.39534538,0.000332754,0.00044485,0.000192225,0.001325538,10.73348612,40.0381831,0.000119743,0.000807347,0.000131056,0.00133556,18.95034106,44.49112714,0.000404123,0.00039858,0.000201419,0.001023281,20.90310895,37.39974972,0.000642813,0.001091939,0.000390181,0.001384396,25.04000698,46.48063974
1014,0.000142117,0.000233086,0.000122307,0.000396786,18.27926212,34.74062468,0.000219306,0.001349624,0.000109267,0.001515756,12.92786747,32.33402403,0.000339613,0.000702787,0.000209536,0.001513912,19.13001069,38.6205373,0.000240159,0.000486119,0.000102132,0.002048634,19.14445398,36.05336279,6.01E-05,0.000460733,5.62E-05,0.001011419,25.43289393,44.63656997,0.000637869,0.000560971,0.000322467,0.001554638,21.9809296,41.80095314,0.000330116,0.001361963,0.000147847,0.001155695,16.51063816,42.84589192,0.000326622,0.000660363,0.000284814,0.001227227,17.55629269,35.767539,0.000350008,0.000833246,0.000223452,0.000961199,22.98866144,44.01566431,0.00013593,0.001680774,0.000118648,0.002068887,26.48113805,42.19700629
1015,0.000134986,0.000134804,8.18E-05,0.000753457,16.37565096,39.39039346,0.000265787,0.001218473,0.00013518,0.001392271,13.21041012,31.20988044,0.000277638,0.000872925,0.00023121,0.00112268,13.47472495,34.83605647,0.000435762,0.000680185,0.000292606,0.001817357,18.87820207,37.36616556,0.000242445,0.000443064,0.000196277,0.000978614,26.06649345,43.16115975,0.000440743,0.000766369,0.000226402,0.000378316,20.32921663,42.56783558,0.000422297,0.002059138,0.000245764,0.001969789,16.97549862,40.65566747,0.000162916,0.000496904,7.14E-05,0.000450911,21.12100691,39.83951424,0.000256432,0.000950268,7.57E-05,0.001064269,19.27286013,46.08576486,0.000566911,0.000691585,0.000513859,0.001902097,24.82801002,36.47880416
1016,0.000100202,0.000415016,9.59E-05,0.001157992,18.54648205,41.26437595,0.000315758,0.001065643,0.00010243,0.001336959,13.60314343,38.98212347,0.000214575,0.000507629,0.000238589,0.002173549,19.97942085,36.93048927,0.000689799,0.000802495,0.000450589,0.003956825,16.78048651,45.05567712,0.0004598,0.000381373,0.000341107,0.000314195,28.59565583,44.14877186,0.000258629,0.000614172,0.00020602,0.000950605,25.85594257,45.7473696,0.000436267,0.001062722,0.000331184,0.001244329,19.74678828,40.07253035,0.000440848,0.000717998,0.000315202,0.001016069,22.42894499,37.94640438,0.000454237,0.001742222,0.000160531,0.001121555,19.3385481,44.52624556,0.000637347,0.000867707,0.000621713,0.000732736,19.85771094,41.61929183
1017,0.000255188,0.000564496,0.000149486,0.001317672,22.83164389,39.07659609,0.000238473,0.000629099,6.62E-05,0.001274053,18.79837924,38.18992953,0.000358888,0.000454178,0.000257927,0.00197745,20.71063233,43.8737314,0.002734818,0.003789059,0.001357295,0.013355308,20.11271295,51.79295421,0.000198849,0.000361235,0.00018301,0.00101762,29.69618689,38.69550959,0.000407467,0.000631854,0.000277198,0.001124733,26.39402647,44.92757886,0.000240259,0.000486869,0.000170084,0.001075567,20.65212302,43.12307678,0.000303318,0.000343919,0.000178685,0.001379543,17.22028435,32.98866017,0.000439947,0.002580132,0.000133203,0.001115604,22.43348397,39.72981456,0.000485727,0.001369759,0.000378921,0.001760187,18.21648418,45.71749236
1018,0.000237128,0.001281034,0.000110247,0.001345583,21.53340685,33.39329024,0.000139742,0.00055484,0.000172711,0.001506666,16.4592394,29.17407511,0.000328351,0.000407779,0.000220284,0.001291716,20.80460771,42.75735717,0.007565945,0.011802148,0.003875968,0.039268318,28.79249276,57.91485343,0.00035623,0.000381722,0.000255458,0.00101853,27.30985308,38.64681228,0.000352459,0.000593651,0.000241391,0.001289521,24.36324581,41.6704731,0.000360497,0.000366605,0.000206966,0.001450872,21.37310408,42.43278689,0.000347971,0.000337855,0.00028924,0.001261935,21.18951772,36.60419418,0.000270285,0.001205738,0.000109388,0.000509299,17.99814511,43.49925021,0.000659523,0.001565198,0.000438377,0.001862504,22.13957776,45.43056727
1019,0.000175522,0.001233993,8.99E-05,0.001348418,19.12321383,36.77358293,0.000123507,0.000670412,0.000160145,0.001375477,13.42685809,40.32502723,0.000291305,0.001015998,0.000174367,0.000960024,21.1949168,23.17510424,0.006784536,0.011107351,0.003536377,0.034928216,27.50403073,56.96529238,0.000541375,0.000828892,0.000369909,0.00090161,25.50696843,40.99466851,0.000488589,0.000193345,0.000434888,0.001787129,26.01529132,42.94721816,0.000688445,0.000620378,0.000474967,0.001675251,24.0605544,44.96198248,0.000278908,0.000236388,0.000221832,0.000816068,23.8244336,37.34964227,0.000295071,0.000967088,0.000199854,0.00122473,13.27271366,45.94445094,0.000431668,0.000637297,0.000309638,0.000725393,20.09644374,46.2435226
1020,0.000204647,0.000724935,0.000106155,0.001167928,16.33196836,35.41312508,0.000197553,0.000472058,9.58E-05,0.000807214,13.29266353,43.23816089,0.000359502,0.002048433,0.000292761,0.001239105,20.30011746,37.39555419,0.001312121,0.002385496,0.000739242,0.005441464,24.88198807,41.76422241,0.000480529,0.00068496,0.000320393,0.000909061,26.41114628,37.8261262,0.001030313,0.000859274,0.000949673,0.003107784,28.38601544,52.22965262,0.000655833,0.000797716,0.000461446,0.001650791,23.84598613,46.33031845,0.000258688,0.00049556,0.000210023,0.000602954,19.97854027,40.3437756,0.000483603,0.001870262,0.000412566,0.001530654,20.70951359,45.76551717,0.000923,0.002317716,0.000517139,0.001683957,27.91047502,53.21644043
1021,0.00030636,0.000776658,0.000155508,0.000904084,13.8194149,38.56865806,0.000228228,0.000998917,6.76E-05,0.001972,17.69381273,42.43463673,0.000791231,0.005142708,0.000500436,0.003564695,22.57320736,41.29328183,0.001063709,0.001188826,0.000532049,0.005630505,25.40085702,43.47710015,0.000701803,0.001242724,0.000202656,0.000627482,26.57535898,39.10165404,0.002985402,0.003226595,0.002616942,0.007800638,31.00704969,61.5009314,0.000269428,0.000538735,0.00024418,0.001199532,21.12207611,41.65745392,0.00032398,0.000673643,0.000321023,0.001128513,16.84357326,43.8112524,0.000392224,0.005737697,0.00034649,0.005553791,25.47816382,45.76378478,0.000775281,0.001645745,0.000464509,0.00119962,29.58228526,50.42942528
1022,0.000546236,0.001049616,0.000268745,0.001055131,17.49401894,34.94173268,0.000156745,0.001233559,0.000178348,0.002024103,16.89073068,39.78339927,0.001733308,0.012003537,0.00115512,0.008401274,23.12170287,49.1603651,0.000905266,0.000764863,0.000413073,0.003696659,25.27455893,35.47308371,0.001015888,0.002653967,0.000419615,0.001930292,23.47447425,45.29365355,0.003048865,0.003190763,0.002677485,0.007982945,30.02754813,62.2203863,0.000120044,0.000152596,8.71E-05,0.000559907,21.09404465,38.53434286,0.00022317,0.001140115,0.000188831,0.001542683,23.3608486,42.17881248,0.000104881,0.007993733,0.00025432,0.007469487,24.60413309,44.136654,0.00057773,0.000637145,0.000406322,0.00172057,24.59883028,47.67080944
1023,0.000252771,0.001234032,0.00015926,0.001049235,22.23821247,40.69417289,0.000198313,0.00074073,0.000249011,0.002691201,20.55325717,35.65014682,0.000837986,0.007844679,0.000628357,0.00653253,12.17189269,40.36959737,0.000552078,0.000842042,0.000290511,0.002107914,24.63809215,40.53422556,0.001149854,0.004407846,0.000596669,0.002558014,25.99277199,48.06219279,0.001047509,0.002680096,0.000859874,0.003221467,29.59916448,54.59272146,0.00011126,0.000371229,5.19E-05,0.001452564,22.07693174,45.12411295,0.000347198,0.002398148,0.000182782,0.002949177,25.58529573,40.42062061,0.000347821,0.003305606,0.000296856,0.003429298,21.93154462,40.25238886,0.00036711,0.000850625,0.000212906,0.002179683,14.32348427,47.12855133
1024,0.000184034,0.001040097,0.000119582,0.001164408,17.6277817,38.65693773,0.000158554,0.000829656,0.00021764,0.003344905,22.1154074,40.88775155,0.000703857,0.002336375,0.000546712,0.006356122,19.4107203,50.47738682,0.000196908,0.000886181,0.000173198,0.00177143,21.23147489,43.38689145,0.000671617,0.002405321,0.000360413,0.001558307,18.93939428,48.01509468,0.000533448,0.004151661,0.000484856,0.002004259,28.93396517,44.8512493,0.000416516,0.000671496,0.000271064,0.001713192,24.48055479,41.98880504,0.000290273,0.001361435,0.000216474,0.001648224,14.27224812,41.35467035,0.000417817,0.001621501,0.000219898,0.001966634,21.78916497,42.09977198,0.000369711,0.000600192,0.000271827,0.0019335,17.68123925,47.56305831
1025,0.000214033,0.000338707,0.000143388,0.000766556,12.25296444,35.9795688,0.000329447,0.000751881,0.000288203,0.001920143,20.03280396,46.38669735,0.000437456,0.001408435,0.000321391,0.004341954,20.87172298,47.17656081,0.00025371,0.001041022,0.000124157,0.00192308,16.56211763,40.06263548,0.000404596,0.000778269,0.000136124,0.001360264,18.18153282,45.37357577,0.001124906,0.003617567,0.000857338,0.001830603,20.28802506,38.78321371,0.000474372,0.000683626,0.000331795,0.001532973,20.06739193,40.59410402,0.000225175,0.001190307,0.000160735,0.000730429,22.3018117,42.10849159,0.000475323,0.000897235,0.000271329,0.001274498,18.6602172,37.42186995,0.000321644,0.000865554,9.32E-05,0.000688558,23.39402601,46.03010215
1026,0.000129242,0.000282972,0.000114598,0.000150289,20.27880011,37.08109573,0.000295042,0.000788438,0.000201218,0.002528962,22.336975,46.61520535,0.000499684,0.001332031,0.000339028,0.00180476,20.60769218,45.04344212,0.000268965,0.001896621,0.000208682,0.002208421,20.15826913,42.51178775,0.000457812,0.000884875,0.000191067,0.000965767,25.94678621,41.31905017,0.00075207,0.001660955,0.000518204,0.001419174,27.71203036,37.66461168,0.000403474,0.000450033,0.000300646,0.001695316,12.85635441,42.09784943,0.000204625,0.001153864,0.00017523,0.001746285,25.25149395,44.70908645,0.000707609,0.000883496,0.000452193,0.002129011,18.58532956,43.15825362,0.000355729,0.000640756,0.000194366,0.001010172,23.42922111,40.21091237
1027,0.00018107,0.000437965,8.66E-05,0.00082595,22.22352595,43.5955474,0.000311955,0.000885995,8.21E-05,0.002634092,18.09981208,43.57727642,0.000431659,0.00074547,0.000223976,0.001257373,21.31947376,42.30860054,0.00043255,0.002011714,0.000235845,0.001695739,23.17246243,41.91093499,0.000153714,0.000829222,0.000240961,0.001456486,27.26341192,40.02495662,0.000516989,0.000588425,0.000306337,0.00064654,28.11160359,35.72006367,0.00046968,0.000318559,0.000338416,0.001211013,21.14725831,33.98048643,0.000131105,0.002208225,0.000170753,0.002781039,25.43439839,45.0410587,0.000657531,0.000878146,0.000405913,0.001452338,17.46605008,42.66188644,0.000597526,0.000741851,0.000320569,0.001534523,17.76493623,40.05975078
1028,0.000236979,0.00282377,0.000138581,0.00316621,22.31475453,46.61112233,0.000261985,0.000771547,0.000199931,0.003411142,14.23600578,41.12377145,0.000267299,0.000419742,8.48E-05,0.000819795,15.77568157,37.40830641,0.000519224,0.002491105,0.000329119,0.001165226,28.90941619,44.90013698,0.000146791,0.000713097,0.000139261,0.00130778,25.72828641,41.27739685,0.000399629,0.000569755,0.000274989,0.001138437,21.62852713,39.85689091,0.000183986,0.000984079,0.00014976,0.001086059,24.14931278,34.2360507,0.000218903,0.002979641,7.00E-05,0.003711172,22.77424789,45.49368021,0.000316109,0.001239674,0.000285051,0.000874192,25.42874228,43.58309859,0.000664172,0.000931958,0.000256193,0.002088959,25.62106568,42.39135398
1029,0.000269883,0.004656434,0.000227159,0.00471267,18.29570555,39.84819303,0.000201434,0.000638862,0.000280179,0.003628912,19.36237544,34.49612375,0.00018717,0.000467027,6.93E-05,0.001804503,13.36523042,40.29977092,0.001255095,0.009486085,0.000955443,0.005130485,31.25971139,53.72206574,0.000386189,0.000917287,0.000239222,0.000833228,23.96867486,39.62737949,0.000249799,0.00074306,0.000228346,0.001653146,23.65177999,40.10465752,0.000186878,0.001168467,0.000133198,0.001347734,23.5051531,36.79243989,0.000422839,0.002572452,0.000222602,0.003743604,19.13298954,46.50235234,0.000353751,0.002996382,0.000333031,0.002708058,26.48112127,41.24244985,0.000821271,0.002284033,0.000421429,0.003332733,24.70702177,47.54955398
1030,0.000250004,0.002775485,0.000136152,0.002868813,14.68272045,35.1598271,0.000189594,0.000635826,0.000241675,0.003712287,11.62039587,42.37332771,0.000227685,0.000642741,0.000110533,0.002167099,13.11065273,41.35922244,0.003885416,0.030506098,0.003308428,0.016803478,36.96453762,63.76622152,0.000578468,0.000745736,0.000397179,0.001764597,26.98564214,46.37680734,0.000310755,0.000551183,0.000216873,0.001415338,28.52962197,31.34787818,0.000249403,0.000938615,0.000242648,0.000525603,19.36558977,41.73617299,0.000515697,0.00594074,0.000248942,0.007067889,21.12645484,48.57915906,0.000487395,0.002462994,0.000319394,0.002712596,22.22331264,26.49909565,0.000918162,0.002251012,0.000586315,0.003827902,24.30234328,50.72724351
1031,0.0002795,0.001202773,0.000129941,0.001385144,17.08576358,36.77411948,0.000214058,0.001090669,0.000287598,0.003206129,10.26177448,42.44558175,0.000222118,0.000959604,0.000176382,0.002146147,16.08933484,38.35843716,0.003881195,0.029172729,0.003272653,0.016052261,35.99612595,63.59958089,0.002285848,0.003084295,0.001698955,0.007341025,33.1622845,56.85840754,0.000330415,0.00091121,0.000246825,0.00128717,30.78147779,38.74550105,0.000247559,0.002632297,0.00018999,0.002256113,20.32551022,42.45186614,0.000530359,0.003968815,0.00028105,0.004739013,20.69655521,47.61056634,0.000527127,0.003134102,0.000307249,0.003101677,18.92905782,38.78931036,0.00054959,0.001147051,0.000497789,0.002438944,22.80668867,50.02749156
1032,0.000193085,0.000774461,0.000120363,0.000814213,16.24360643,36.60846558,0.000276546,0.001251343,0.000364299,0.002493036,14.58704218,37.78269941,0.000213121,0.001313697,0.000181878,0.002295415,20.73363958,41.36882822,0.001104403,0.005465031,0.000768592,0.003532687,22.65289436,50.95812014,0.006031244,0.007976618,0.004545937,0.017298816,38.84412364,65.30969562,0.000215423,0.001446288,0.00031786,0.001367705,25.32190194,42.55042632,0.001028288,0.004961833,0.000851384,0.006432294,25.05029024,55.25892738,0.000442648,0.001155468,0.00028742,0.001785497,21.73437942,44.04700279,0.000730679,0.003293286,0.000394671,0.002940242,15.44213779,45.36464869,0.000362824,0.001844878,0.00037417,0.002809199,24.34951061,44.2245892
1033,0.000223851,0.000704066,0.000184291,0.000501472,20.26563664,41.09203208,0.000304679,0.001191056,0.000294173,0.003308381,12.00260418,42.74091996,0.000164022,0.002557421,0.00014124,0.002957349,20.1262614,39.86074597,0.000464453,0.005024506,0.000501004,0.003491826,26.53146826,49.6453514,0.007402707,0.010641883,0.00564955,0.021265966,39.00957345,66.97797119,0.000359717,0.001466057,0.00045507,0.001596939,26.7957003,42.07203522,0.002552246,0.00326471,0.002085879,0.006279078,28.92569701,62.09182855,0.000505755,0.001860261,0.000391827,0.002094763,25.2904188,43.05875988,0.000845624,0.001464399,0.00049926,0.001828254,19.91954231,47.21314737,0.000126581,0.002809574,0.000223616,0.003573935,25.96907337,38.01613912
1034,0.000296499,0.000665208,0.000241556,0.000552726,24.18546918,41.22444398,0.000342815,0.002239816,0.000353034,0.005683086,18.04710617,40.97752176,0.00020209,0.002895029,0.000220328,0.003111733,12.06712978,41.96462016,0.000285929,0.002437488,0.000226066,0.002212136,23.02670402,44.74648022,0.015735916,0.019226264,0.011782793,0.041176154,45.46962471,73.53797132,0.000427276,0.002329362,0.000434384,0.000588735,29.64817702,45.81584115,0.001154457,0.012365943,0.001082734,0.011466994,24.3141105,58.10117071,0.000605228,0.001258566,0.000278813,0.002002641,21.27691381,40.42863505,0.000558051,0.001373837,0.000616428,0.001122403,24.48192651,42.57360436,0.000313557,0.001888623,0.00016896,0.001249231,27.76988967,44.59679432
1035,0.000253718,0.000828302,0.00013598,0.000636802,23.11370141,37.92318133,0.000408723,0.001691716,0.000515327,0.009201473,23.13616429,42.34131595,0.000263193,0.002198927,0.000279648,0.005032565,17.89371571,47.96341455,0.000285401,0.001372504,0.000156408,0.001365816,19.91746518,38.58206247,0.068976188,0.084335511,0.051595134,0.181838241,57.39475333,86.06755108,0.000752714,0.003652989,0.000500245,0.002122391,26.9522817,50.89382428,0.001175889,0.034428022,0.001246381,0.030795866,30.55118629,54.79792317,0.000418803,0.000250492,0.000102394,0.001356531,17.52047892,41.86470715,0.000527297,0.000426998,0.000459951,0.000421732,23.51979122,37.09899667,0.000567382,0.002744237,0.00031269,0.002124728,27.58276077,49.2139557
1036,0.000211861,0.00060251,0.000145863,0.001039274,19.94850843,39.65805909,0.000288382,0.002835357,0.000358396,0.005282663,19.52608199,43.93567483,0.000435248,0.001750695,0.00022515,0.003566364,23.73481228,46.63242018,0.000326699,0.000819342,0.00027073,0.00090965,18.43824332,29.97441567,0.073764636,0.088326812,0.054989949,0.19249935,57.92440531,86.52956594,0.001720817,0.006615922,0.00110684,0.006758541,32.34621775,56.47112957,0.001294056,0.026627367,0.001250064,0.024070364,26.92407224,54.47025681,0.00029104,0.000434738,0.000193986,0.000685967,18.84876083,41.74102438,0.000492423,0.000956301,0.00032013,0.002096316,21.96343314,38.48287072,0.000673819,0.001813214,0.00043288,0.002003508,24.4092111,47.6195722
1037,0.000201634,0.000565626,0.000120941,0.001650536,17.23445676,38.4479803,0.000367323,0.002841715,0.000390254,0.002657175,19.03856658,43.07176763,0.000288353,0.001193082,0.000206108,0.001669777,20.12568586,43.00120819,0.000446771,0.000604693,0.00026974,0.000658109,22.68814973,38.59391748,0.019535974,0.023631029,0.014630237,0.051344035,45.55997771,74.90149213,0.002122769,0.009192697,0.001499876,0.010334241,32.8412237,57.75321999,0.000351508,0.004053055,0.000287814,0.003670381,21.26881799,45.51473622,0.000380051,0.001213817,0.000217454,0.001546701,20.80744669,38.90440178,0.000589516,0.001417936,0.000392533,0.003179082,24.14433899,41.29024836,0.000600889,0.000785415,0.00043122,0.002651684,21.6647962,42.47986591
1038,0.000114602,0.000598779,7.34E-05,0.001036074,15.74013757,38.61456531,0.000405884,0.001535111,0.000440179,0.003986381,13.89591776,36.59060005,0.000110113,0.001175706,8.91E-05,0.001449275,15.30058657,41.74619147,0.000491505,0.000526915,0.000287693,0.000902526,22.38997717,42.71894335,0.010271876,0.011814731,0.0074341,0.026373395,41.54358351,69.4901275,0.001018648,0.004473915,0.000694175,0.005474187,29.70181614,51.0960664,0.000559802,0.004915499,0.000399038,0.004660499,20.65469109,46.55875256,0.0002463,0.001344164,0.000186297,0.001583585,17.24042248,40.71899843,0.000514553,0.000645928,0.000486076,0.00186991,22.34162118,43.50978398,0.000444199,0.001375606,0.000409149,0.002173484,24.39150204,39.18257946
1039,0.000214709,0.000829465,0.000123757,0.000755039,16.64767707,33.62946098,0.000263968,0.000523914,0.000171869,0.001964539,18.71246121,37.86272377,0.000163199,0.000805816,0.000148412,0.001186053,16.4566511,41.36825467,0.000640164,0.000194082,0.000350761,0.000906842,22.09039561,43.80510754,0.00737445,0.009746138,0.005404279,0.020972008,36.97539316,66.54728004,0.000296697,0.000450118,0.00017598,0.002047619,29.48953393,44.54102686,0.000499303,0.003629949,0.000269847,0.004158182,18.55506128,42.35036588,0.000494039,0.001628905,0.000290111,0.001561357,22.38910264,42.31227172,0.000589364,0.000897771,0.000469065,0.0017509,22.16859414,38.10325261,0.000295072,0.001275109,0.000198557,0.001149767,27.40059591,43.83063687
1040,0.000152241,0.000570145,5.40E-05,0.000466497,19.56129112,38.66844,0.000153582,0.000796897,0.00017967,0.001684478,17.18867001,32.72113084,0.000159028,0.000813162,0.00015362,0.001204629,7.42340985,38.14380015,0.000707501,0.001364745,0.000425987,0.001687988,17.53045321,43.27319475,0.003329424,0.004675672,0.00232541,0.009761293,24.77094727,58.93970709,0.000322926,0.000719462,0.000122521,0.000564245,27.63353224,43.534904,0.000243766,0.002015546,0.000132505,0.001621778,24.80960034,36.74098826,0.000533758,0.001853975,0.000339032,0.002668866,23.36097135,49.2254017,0.001650486,0.002362698,0.000631869,0.005411688,23.24401346,40.83068723,0.000266725,0.000688438,0.000231747,0.000907942,28.20980302,47.23900405
1041,0.000135054,0.001267587,6.43E-05,0.001931724,17.97502619,39.65743169,0.0002625,0.0008044,0.000157942,0.001433888,18.55067079,36.86210781,0.000420065,0.000824773,0.000274302,0.000972105,13.06593061,35.69984227,0.000639267,0.001247792,0.000421263,0.000618647,15.9577514,40.42013506,0.001024571,0.001097517,0.000736172,0.003168096,26.52533207,47.76252044,0.000166115,0.000612004,0.000149314,0.000657389,20.58361337,44.82763983,0.000372993,0.000996342,0.000319916,0.00052285,26.95586543,36.30393348,0.001007564,0.00378676,0.000586917,0.001939309,23.52526542,53.9281387,0.00198297,0.002466968,0.000622561,0.005657907,22.02206746,42.45152988,0.000485256,0.000670047,0.00034457,0.000992417,27.8178105,47.10832665
1042,0.000204038,0.000982998,0.000134939,0.001292115,16.21576026,37.87542342,0.000248585,0.00082096,0.000161324,0.002514145,17.04294777,42.30104327,0.000519426,0.000500789,0.00033235,0.001212442,18.17520605,38.29516986,0.001106378,0.001065469,0.000706711,0.001613521,20.40943591,44.87024777,0.000556802,0.000574186,0.000524273,0.002338398,24.12489482,43.34503424,0.000127522,0.000423209,0.000128215,0.000981991,23.09821871,42.42724113,0.000385033,0.000611773,0.000341661,0.0008843,19.25294594,43.97135431,0.001098706,0.005881277,0.000556699,0.002435134,19.77456998,55.80514795,0.000664822,0.00086355,0.000336096,0.001672847,22.10324734,44.6360553,0.00066753,0.001509291,0.000335652,0.002723846,28.1424943,48.26833878
1043,0.000162988,0.000405536,9.92E-05,0.000776052,19.83331615,47.19025156,0.000186274,0.001007952,8.83E-05,0.002186125,12.92790171,41.31351563,0.000233855,0.000538015,0.000225084,0.001286771,15.54061691,39.27742501,0.00214701,0.003237044,0.001409018,0.004905388,20.94479601,53.85649503,0.000682362,0.00095223,0.000389639,0.002084737,20.66444648,44.00045115,0.000236017,0.000704602,0.000202562,0.001148682,22.48903464,38.06901754,0.000404523,0.00045526,0.00031956,0.001328033,21.22123548,46.78069617,0.000387913,0.002212939,0.000314765,0.002442729,25.23365607,48.83029936,0.000529018,0.000590345,0.000394684,0.000693944,20.20513083,46.4016516,0.000711167,0.002138116,0.000220783,0.003106351,27.17446348,47.60751767
1044,0.000692031,0.001921163,0.000335312,0.002081337,19.33876906,48.57088073,0.000268394,0.00161356,0.000129411,0.001135367,17.79258389,32.55195674,0.000387695,0.000591672,0.000230998,0.001015865,14.4725831,43.53198091,0.005056335,0.007770999,0.003473048,0.013207734,19.12578756,64.27520007,0.000494248,0.001277009,0.000266432,0.003127953,20.91134164,40.18546409,0.000384404,0.000904402,0.000394274,0.001094069,24.6789056,40.88759636,0.000329461,0.001784413,0.000143883,0.001663751,16.17689337,42.36836744,0.000776023,0.001999863,0.000488915,0.002401929,20.61868232,50.02405858,0.000152115,0.001343521,0.000189266,0.002043927,18.31272041,47.18685808,0.0007343,0.00094536,0.000270262,0.001202867,18.2916005,46.45400756
1045,0.000797019,0.002440142,0.000441621,0.002694607,19.70856033,42.61912803,0.000842709,0.008886482,0.000515546,0.005592956,19.25273518,48.72037991,0.00044356,0.000923085,0.000222579,0.001146797,19.27854937,45.26536786,0.004966592,0.007894048,0.003571497,0.013307004,21.34512814,64.775948,0.000372434,0.000712914,0.000200407,0.002562379,24.93470611,41.09541902,0.000247577,0.001215131,0.000274705,0.002003225,19.37218403,41.95616575,0.000467404,0.001735975,0.000211243,0.003006307,17.46617952,44.39689451,0.00031249,0.001780817,0.000217441,0.001888236,20.89952617,46.17238489,0.000703836,0.001763593,0.000455023,0.003259916,24.16783339,49.33774708,0.000595471,0.000687262,0.000253608,0.001630663,23.81205517,46.19945749
1046,0.000308421,0.001767044,0.000184212,0.001341856,19.54848313,39.57974876,0.001528132,0.011843876,0.00088526,0.00859391,16.45389472,51.62637278,0.000607074,0.000713374,0.000273459,0.000535223,17.74773491,46.45785164,0.001342388,0.001906977,0.000965687,0.003118254,15.91934182,51.61551199,0.000674579,0.001606523,0.000308226,0.003268816,24.92049267,43.94795035,0.000540088,0.001970122,0.00028494,0.002482025,22.16934346,43.89657086,0.000529188,0.002863119,0.00029375,0.002741192,19.3203486,46.17855826,0.000345697,0.000676807,0.000220127,0.001453449,24.79662861,35.43176699,0.000684754,0.001445747,0.000485194,0.003434414,26.348521,49.23460492,0.000302765,0.001016373,0.000127171,0.00166591,25.5921755,41.16243616
1047,0.000295025,0.000954837,0.000130581,0.000933392,19.38205689,39.0186991,0.000979536,0.004950942,0.000486796,0.004550969,17.03846695,43.13112038,0.001179014,0.001155517,0.00067893,0.00168051,14.15648747,52.77445538,0.000482267,0.001199335,0.000359115,0.002151168,11.7006553,50.57862391,0.000672763,0.002403712,0.000464062,0.001864287,22.82339889,48.85225292,0.000772736,0.002919793,0.000624605,0.002927657,21.07158602,49.9146724,0.000523352,0.003839754,0.00024947,0.003062309,20.30683178,46.28317226,0.000618325,0.000492328,0.000324416,0.000949307,21.92051753,37.73991622,0.000557793,0.001596994,0.000255977,0.002905054,27.83968463,46.92749091,0.000430032,0.001433982,0.000309837,0.001984957,24.75762163,49.53662113
1048,0.000324173,0.00028041,0.000164084,0.000972049,21.19482647,39.68057619,0.000600268,0.001390145,0.000315578,0.002660474,18.3993798,38.59659853,0.001347598,0.004009005,0.000845764,0.003150128,12.64960383,55.5818401,0.00053115,0.000847945,0.000297008,0.001923338,19.14293701,48.0602877,0.000857068,0.003680936,0.000809723,0.001716275,25.43077033,53.52657394,0.001595609,0.005266531,0.001205572,0.00539282,21.39368216,55.54156177,0.00121113,0.001783716,0.000412893,0.004113617,12.71040375,52.85174615,0.000754694,0.001397768,0.000394561,0.000874962,22.99507076,40.71088238,0.000506794,0.002900073,0.000182179,0.003875683,28.41144961,49.59610782,0.000820573,0.001653049,0.000454987,0.002324012,24.83014486,47.16515146
1049,0.000265939,0.000279229,0.000187753,0.000759416,19.72701255,41.61123356,0.000528247,0.002085292,0.000286357,0.003054969,20.1780589,44.76701334,0.002953373,0.007883616,0.001835159,0.003462818,19.18703796,60.52590961,0.000561586,0.000329668,0.00028065,0.001426063,21.7161458,45.19797078,0.001178072,0.002451229,0.000824873,0.003830222,27.42813212,51.02427596,0.005540921,0.017915494,0.004393215,0.016836818,26.65411647,67.35856982,0.001742192,0.001433937,0.000641929,0.003685199,22.72415952,54.04450522,0.000842786,0.001483872,0.000403423,0.00184265,16.43650368,46.98015152,0.000733087,0.00326039,0.000455969,0.003293251,25.54515404,51.62139539,0.000914949,0.001264539,0.00036156,0.001806877,26.64567253,46.60222995
1050,0.000287077,8.08E-05,0.000214409,0.000990064,14.36260419,38.92336284,0.000570177,0.002016847,0.000357522,0.001751608,19.88416913,46.36562144,0.001570779,0.004188954,0.001095128,0.00256296,20.60793084,55.56538483,0.000167123,0.000466841,0.000144369,0.001326033,21.51183061,38.90657241,0.001312699,0.001963153,0.000601072,0.003789736,25.77404206,43.10242506,0.008899659,0.028164355,0.007036808,0.026111638,33.97905568,71.50867096,0.001059221,0.001279356,0.000487478,0.006546842,24.78854685,48.57418291,0.000876226,0.001811046,0.000622838,0.002274277,21.82171276,49.65028834,0.000819069,0.001566537,0.000421793,0.001274386,21.98483784,45.85952392,0.000718224,0.000639721,0.00034406,0.00151148,24.86648201,41.9043855
1051,0.000193509,0.000929963,9.69E-05,0.000649287,18.36711009,41.27282525,0.000525437,0.001049981,0.000273537,0.000985765,19.7150535,45.52064042,0.000434899,0.002375577,0.000275853,0.002173883,21.6730266,48.63381869,0.000384539,0.000622668,0.000186346,0.001730639,22.68553927,36.61843645,0.000777413,0.000590479,0.000358869,0.001436409,33.39150354,43.01899865,0.004918372,0.014390582,0.003806747,0.013252246,29.31439186,65.70788585,0.003878476,0.005123591,0.001229734,0.023314719,30.087058,57.87191158,0.000506506,0.002390723,0.000421034,0.002395607,22.98863994,43.93016023,0.000704519,0.001203432,0.000423563,0.000932177,25.6050821,39.40629236,0.000731293,0.000863893,0.000371751,0.001851562,24.46704178,40.35305939
1052,0.000304086,0.000813042,0.00011614,0.00053411,20.98832197,41.81767258,0.000830984,0.001970915,0.000370257,0.00152057,23.10491197,44.47731385,0.000413367,0.001612316,0.000208125,0.00423317,24.95641887,47.30862369,0.000496167,0.00079927,0.000243269,0.001575917,25.27904441,39.81143051,0.000421629,0.000864945,0.000271623,0.002622554,32.09354973,43.18017701,0.000589422,0.003941257,0.000668208,0.004593453,24.92537549,53.40485529,0.003640694,0.00519563,0.001193957,0.020429571,29.06693495,56.10328575,0.000133499,0.001687102,7.75E-05,0.002029463,31.4040833,46.62635752,0.000431578,0.001243399,0.000298012,0.000720534,21.69088271,43.64523545,0.000766639,0.001765873,0.000400488,0.00162896,23.93108102,38.45499389
1053,0.000427246,0.000626589,0.000171348,0.000983058,22.00638155,37.86510176,0.000587349,0.001902323,0.000255011,0.001237852,24.7825633,39.2258083,0.000572868,0.0007649,0.000178879,0.004474941,23.91400554,46.61225024,0.000385772,0.000375124,0.000185307,0.001090057,23.34731905,39.44709606,0.000264792,0.000753311,0.000149787,0.001181032,29.77314359,41.33970163,0.000769819,0.002374814,0.000290587,0.003496046,33.86023021,39.37720124,0.000789049,0.001942015,0.000390804,0.004179729,14.05940883,37.46036573,0.000544578,0.002026863,0.000363354,0.002160855,29.98066073,50.29320775,0.00037208,0.001229036,0.000162892,0.001421043,23.21980774,39.85008927,0.000877086,0.003219347,0.000552445,0.002612375,24.28878368,43.32115485
1054,0.000321835,0.00099389,0.000109941,0.000872453,22.49874923,36.38287478,0.000661258,0.002244391,0.000310118,0.001192946,24.06441913,38.74531295,0.000581209,0.001119252,0.000148844,0.002763858,20.37977475,43.31642865,0.000387101,0.001071607,0.000142755,0.001245086,17.64837577,39.55971439,0.000376568,0.000788713,0.000110263,0.001108313,31.75066658,39.83577546,0.000650286,0.001068519,0.000248478,0.002719466,32.08523236,43.41411018,0.001222167,0.001977891,0.000468646,0.005708764,14.68059055,42.14060482,0.000719837,0.002457279,0.000434221,0.002696006,23.17024716,48.89977113,0.000614497,0.001205103,0.000298811,0.002297814,25.24442179,43.60742238,0.000718038,0.002540634,0.000287709,0.004384319,29.53869011,46.49578078
1055,0.000258236,0.000647732,0.000105658,0.000599484,21.5706267,36.04827555,0.00058168,0.001251079,0.000288999,0.001082087,20.16363602,34.93294492,0.000482842,0.000883847,0.000234994,0.002404957,19.58701296,38.1506595,0.000680573,0.000986253,0.000358727,0.002086124,16.12037378,38.08494784,0.000789545,0.000911991,0.000200235,0.000912917,29.04578461,44.07299868,0.000524415,0.000400142,0.000261417,0.000992963,25.55466527,41.86014803,0.000564893,0.001983073,0.000267593,0.004320324,17.19995462,38.79542945,0.000560909,0.001629793,0.000299079,0.00244959,26.56270898,46.26930273,0.000622424,0.000930952,0.000296387,0.002000808,21.03561624,45.77071486,0.000599953,0.001168729,0.00013048,0.003801234,27.58361918,45.69532988
1056,0.000460072,0.001722764,0.000262571,0.001688176,20.94268596,41.23821844,8.79E-05,0.001190799,0.000114811,0.001461836,22.45712264,39.18094343,0.000967515,0.002452413,0.000462553,0.002118369,16.55556852,45.11228783,0.001043868,0.002152615,0.000521375,0.003373548,22.49597976,47.84515322,0.000728037,0.000519264,0.000181969,0.000776803,31.00171672,44.57807161,0.000298883,0.000565288,0.000223743,0.0011357,26.58843753,42.11040624,0.000508124,0.001095092,0.000221073,0.00191983,20.87819433,43.06437589,0.000682733,0.000433276,0.000342672,0.002237224,31.82448325,45.83877773,0.000515152,0.000982047,0.000193509,0.001771745,15.49845703,44.28229726,0.000387243,0.001173154,0.000186873,0.0019242,22.44184112,43.60377438
1057,0.000532211,0.00254711,0.000336908,0.00193303,9.657975402,40.10876868,0.000285736,0.001678412,0.000172949,0.001395394,19.24312787,39.47154107,0.001118787,0.004821599,0.000596209,0.002107983,18.06370711,47.78347119,0.001076243,0.002568154,0.000475804,0.002260398,26.20112457,52.03685314,0.000722613,0.000513001,0.000236924,0.001282508,22.6691127,41.59672612,0.000739248,0.000728237,0.000339,0.001455204,27.07663705,45.41772071,0.000519812,0.001170865,0.000234179,0.001727883,20.58225003,41.34623624,0.000777148,0.000704694,0.000293557,0.00147698,27.62037831,46.22710756,0.000672925,0.000918347,0.000330398,0.000762442,24.65197,44.09220731,0.000680099,0.00310654,0.000502315,0.002818895,19.03826796,44.91414154
1058,0.000191031,0.001367284,0.000151146,0.001092495,18.96943063,35.6958964,0.000355413,0.001538627,6.87E-05,0.001589786,16.27806643,40.58462637,0.002658855,0.016970249,0.001833476,0.012868116,26.21308312,55.1218325,0.000949722,0.00219282,0.000317101,0.000807298,22.75667162,49.11990805,0.001106907,0.00220946,0.000423354,0.003773207,26.47577404,42.48168979,0.000692796,0.000854426,0.000231192,0.00094806,26.5551509,43.75044313,0.000307656,0.00085917,0.000328217,0.001511209,18.93802674,40.70082248,0.001064884,0.00198941,0.000421818,0.002587669,26.30069006,49.20085686,0.001211462,0.000926011,0.000510208,0.00145388,28.20342315,48.47519532,0.00181398,0.008593948,0.001264573,0.007485568,25.33355692,52.56413238
1059,0.000258326,0.000853112,0.000130411,0.001081181,20.57789145,39.32603866,0.001056055,0.001247816,0.000324815,0.002353786,20.29206038,40.06019364,0.002969423,0.020149134,0.002111043,0.017666364,27.02936693,56.28247675,0.00089527,0.001785906,0.000382678,0.001639851,18.33143142,44.94232867,0.00154899,0.004442445,0.00068204,0.007019728,25.75517096,45.46704937,0.000219948,0.001006211,9.73E-05,0.00074193,28.91223719,41.75835252,0.000248098,0.000804988,0.000353629,0.002162849,19.69164315,43.38208718,0.000850035,0.001686371,0.000321871,0.002479535,32.5167446,44.76177021,0.000818639,0.000426726,0.000215764,0.001174534,25.20805287,48.46340453,0.001045005,0.005752857,0.000773454,0.005028744,18.42646162,48.55369984
1060,0.000269416,0.000623036,9.84E-05,0.00069723,16.03793595,42.30516278,0.001176485,0.001853749,0.000410272,0.002778532,20.56077234,43.3940768,0.00104012,0.006482183,0.000670071,0.006663031,19.86946184,48.36745423,0.000695176,0.000509123,0.000240639,0.0006608,22.23405501,32.69563186,0.001946495,0.006002146,0.000898849,0.009354227,18.41153822,49.44545663,0.000303906,0.000472312,0.000189466,0.000587508,29.63516115,41.43018443,0.000483967,0.001662067,0.00033453,0.003031524,21.16334417,46.69071019,0.000259838,0.000416009,0.000168434,0.000622114,32.43247724,42.8182526,0.000558275,0.001607107,0.000371169,0.001770296,19.84266979,46.88494167,0.000736441,0.000896387,0.00024977,0.001633805,21.79256406,46.55442896
1061,0.000548168,0.001806301,0.00026949,0.001915939,20.67608366,48.82424454,0.000558133,0.000728192,0.000289008,0.00118013,13.37131862,43.48904875,0.000765388,0.004192401,0.00047765,0.001728429,14.91938281,45.22222576,0.000439848,0.000829835,0.00020617,0.001039885,24.38632255,41.19512178,0.001399778,0.004653702,0.000564682,0.007147113,29.86867124,49.48141307,0.000483153,0.000788631,0.000241105,0.001197563,28.29960018,41.66000853,0.000409079,0.002972357,0.00031567,0.00411098,24.11394196,49.47540235,0.000840563,0.001484698,0.000404802,0.002488184,33.24150354,42.9224369,0.001029437,0.00240777,0.000553137,0.002285082,19.63801841,43.48570472,0.000715178,0.001187999,0.000291566,0.00240625,25.28270818,48.9149868
1062,0.001185582,0.004469142,0.000622198,0.004206842,19.94915749,46.22175017,0.00057954,0.001580741,0.000316412,0.001437333,18.95486132,42.70432206,0.000424902,0.001721382,0.000233049,0.001867336,21.35952918,43.44555788,0.000270137,0.000625284,9.43E-05,0.000392941,20.73910895,36.62056518,0.009993809,0.039171176,0.005775012,0.061594959,41.47795316,66.35341416,0.000615183,0.001500738,0.000235586,0.001824651,30.26698444,43.85273585,0.000836765,0.011030258,0.00094176,0.013222787,31.80292715,59.95459627,0.000770373,0.001172936,0.000314789,0.002478959,29.44242449,39.5813586,0.000767823,0.001585959,0.000390287,0.002159158,24.53780827,44.43333605,0.000548006,0.000600295,0.000305297,0.001292949,22.03175513,41.96862018
1063,0.00081833,0.003207288,0.000388719,0.002621531,20.19277681,38.34745053,0.000262064,0.001341005,0.000151698,0.001079861,16.87821122,35.72843851,0.000316854,0.001190758,0.00023235,0.002147475,20.89458853,44.27454164,0.000383504,0.000909052,0.000175613,0.001281982,16.1862404,36.1199812,0.015131732,0.057009194,0.008452084,0.089087253,44.9163568,69.19609684,0.000930453,0.001343142,0.000379008,0.001685561,28.51093464,48.45855558,0.001263382,0.011338933,0.000986235,0.013601623,30.14918637,60.50845883,0.000671046,0.001140045,0.000178608,0.001465587,23.7078894,40.74210832,0.000721233,0.002370773,0.000318973,0.002749318,16.94643958,47.00666859,0.000688367,0.001081944,0.00025613,0.001193561,18.65475663,46.73798133
1064,0.000181562,0.000889649,0.000100199,0.000533935,20.61011319,39.58747847,0.000521655,0.000514142,0.00021345,0.001059744,19.52892541,39.41612911,0.000278642,0.001055697,0.000148402,0.001817317,12.94311615,40.8638456,0.000476771,0.000820934,0.000195367,0.00154517,15.27933631,42.90054462,0.006292763,0.022707545,0.003414546,0.036548545,40.36924559,60.98926727,0.000695594,0.001504792,0.000242686,0.002069134,27.61782947,45.57197371,0.001140896,0.00525423,0.000745182,0.004202719,24.9535617,51.50292854,0.000666639,0.001298826,0.000324559,0.001684991,31.5898993,41.08129016,0.000776911,0.002753821,0.000303953,0.003276589,23.99957565,46.00021043,0.000684235,0.001136061,0.000246875,0.001176969,22.58906939,46.57305984
1065,0.000286198,0.000775325,0.000140394,0.001162119,21.62575192,40.85347383,0.000464577,0.000795202,7.80E-05,0.000894136,22.08849264,41.83681965,0.000309338,0.000824976,0.000191163,0.001894841,17.44083472,42.11736569,0.000535102,0.00051425,0.000188403,0.000937943,17.84162842,45.84773058,0.001385681,0.006223297,0.001002484,0.007780561,33.38495292,50.88834582,0.000627753,0.002791565,0.000291166,0.003907416,30.33385658,50.77294509,0.001549177,0.008112212,0.001132735,0.005504174,25.95892419,49.95442858,0.000462601,0.000409355,0.000186036,0.001474934,31.10767095,38.96915951,0.000663026,0.002887747,0.00034038,0.002993722,25.53706505,42.55422053,0.00077702,0.000982214,0.000346815,0.001036024,23.83836185,44.5420561
1066,0.000315651,0.000910468,0.000155397,0.001340825,24.51156026,45.34682161,0.000359556,0.001022822,0.000113459,0.000801877,18.93272739,41.85140334,0.000564889,0.000379204,0.000196024,0.000886062,18.81734915,41.18713544,0.000742296,0.001357534,0.000358867,0.002455795,22.49217728,43.61000724,0.001421554,0.00617958,0.001005434,0.007968802,26.75559148,49.16289715,0.00053851,0.002032357,0.000231004,0.002812235,27.16662597,48.36490087,0.000785944,0.0033674,0.000467832,0.002896367,23.29994638,46.34441537,0.000525422,0.000616771,0.000247209,0.001668437,18.90962557,37.48515917,0.000861327,0.002745754,0.000417802,0.002449236,20.32183694,30.84367422,0.00094432,0.00101037,0.000422111,0.001565296,24.82894811,44.42085048
1067,0.000367075,0.001995799,0.000251504,0.001126091,26.56705647,40.10760225,0.000220425,0.000749059,8.89E-05,0.000704238,14.09924801,39.13597407,0.000621991,0.001364248,0.00031035,0.001903899,12.7233479,40.36290352,0.000839761,0.003173789,0.000452738,0.003999453,26.81597122,33.02531437,0.000583393,0.002600889,0.000481638,0.003386229,29.82343472,44.16864986,0.000687044,0.000984937,0.000214665,0.001530347,25.15266203,44.47229346,0.000530389,0.000729588,0.00033169,0.001338629,22.71317174,46.54729812,0.000157913,0.000616245,0.00016576,0.00134305,26.10927201,34.95669957,0.000936212,0.004593975,0.000534645,0.004145433,17.04039088,44.04805103,0.00095671,0.001219151,0.000316556,0.001305814,25.29877433,45.46307332
1068,0.000358088,0.002008362,0.000194541,0.001282526,20.65797262,36.08387938,0.00030465,0.000718198,0.000102958,0.000985906,19.08236417,40.32321242,0.000497477,0.001564441,0.00026223,0.002538388,16.93000909,36.89032641,0.002161349,0.009904488,0.001265555,0.008496025,26.32116121,47.77149336,0.000115507,0.001271467,0.000141922,0.001212418,25.76412379,36.10183817,0.00054745,0.001281346,0.000250675,0.00213155,20.52986755,38.67007411,0.00054571,0.001345438,0.000385774,0.002068396,14.21679594,42.10514192,0.000466465,0.00063719,0.000101018,0.000760114,30.06537511,38.02264419,0.001163187,0.006746449,0.00070515,0.005894671,17.11527015,50.24984269,0.001009299,0.002922382,0.000554483,0.002178822,25.33745622,46.15770019
1069,0.000365862,0.001052219,0.000174591,0.001949983,7.604378527,35.45191821,0.000388334,0.000980538,0.000184216,0.001080349,17.94686628,37.45989365,0.000425207,0.001326442,0.000184051,0.001133493,15.43657941,35.38856702,0.002439387,0.010704794,0.001372778,0.007178518,24.08342476,50.52644842,0.000315357,0.000918265,0.00018419,0.001101093,23.18283294,35.53294753,0.000276876,0.000809217,0.000173787,0.000856671,27.2368746,41.79801957,0.000637168,0.000779826,0.000269587,0.001120992,14.85057313,43.06583172,0.000616543,0.001190408,0.000176246,0.000763327,24.86699663,39.2833427,0.001338068,0.003561407,0.00061993,0.003440538,16.96643785,49.45229189,0.000634613,0.001590915,0.000422547,0.002325708,26.19723896,46.61384833
1070,0.000165376,0.001260615,0.000155322,0.001409637,16.87519604,35.49074363,0.000353881,0.000879865,0.000183665,0.001824072,20.68437889,41.25615468,0.000423843,0.002566608,0.000235318,0.002982678,10.10523489,36.44405892,0.000839898,0.003152803,0.000601375,0.005725718,22.37583467,50.82264991,0.000356662,0.000866185,7.41E-05,0.001496861,24.38373318,29.75146541,0.000268908,0.002678994,0.000373879,0.00261273,28.91676898,44.07098087,0.000560216,0.000352376,0.00023763,0.000607933,15.62582265,38.95094979,0.000736043,0.001852905,0.000332948,0.001839081,19.17573177,40.35525042,0.000832588,0.002502292,0.000375522,0.002529463,18.75324552,44.86576365,0.000619722,0.002804649,0.000190717,0.003676676,23.88306987,44.21916424
1071,0.0002927,0.001254831,0.000113709,0.000713951,14.9152705,36.16317372,0.000294386,0.000667092,0.000154369,0.001869838,19.77414838,41.46887893,0.000568045,0.00202894,7.82E-05,0.002960679,12.17051287,35.66377166,0.000613379,0.005313345,0.000576152,0.008738888,26.41979646,50.21348452,0.000462615,0.001471028,0.000178918,0.001154422,26.14970857,38.82424653,0.000786452,0.00326375,0.000465974,0.003745255,26.12783138,45.24872766,0.000452583,0.00075364,9.75E-05,0.000642142,16.91373499,38.95985682,0.001097905,0.004305238,0.000700726,0.003919913,23.00740853,49.47351631,0.000927001,0.0021648,0.000491378,0.002478936,20.43581472,44.59561665,0.000935426,0.002591869,0.000363044,0.00332216,19.85319741,41.68294382
1072,0.000217538,0.000545684,6.66E-05,0.000941357,5.968186469,35.94294595,0.00022273,0.001221088,8.91E-05,0.000780554,15.42224475,35.33516738,0.000725573,0.001209009,0.000186731,0.001413246,18.05184485,39.17213468,0.000654147,0.002460034,0.0003767,0.003256472,17.23784924,38.95911763,0.000650726,0.002932917,0.000486963,0.002202667,18.3875536,45.67043605,0.000952363,0.005893033,0.000756279,0.005747465,22.35345999,49.07071224,0.000720649,0.001194115,0.000242367,0.001568596,17.44390837,44.12243848,0.001472582,0.009103989,0.001037943,0.009990642,26.09887269,54.24770484,0.001015022,0.002470079,0.000639958,0.003248798,15.93785111,46.88934176,0.000759873,0.001220595,0.000306713,0.002339925,22.54970294,44.06063898
1073,0.000207498,0.000986255,9.84E-05,0.001257857,10.91879836,31.27581413,0.0006894,0.002018736,0.000344857,0.002962689,17.81284744,40.02864509,0.000691572,0.000951986,0.00029101,0.001422626,21.31665558,40.93065895,0.000572383,0.001534872,0.000316374,0.001952885,18.44399741,39.05939419,0.000538903,0.00222224,0.000410331,0.001815022,16.10865703,47.06314773,0.002719071,0.012245182,0.001743502,0.012594546,27.11320244,54.96710728,0.000423219,0.000935722,0.000203334,0.001217871,20.39260763,41.53899493,0.001427129,0.011414894,0.000951566,0.011576505,24.32529335,54.49990962,0.00059225,0.001514633,0.00031966,0.002186581,18.24389384,42.52543163,0.00059563,0.001368759,0.000182147,0.002264297,25.26057196,43.69746614
1074,0.000181557,0.000388832,0.000100576,0.000973784,16.59201746,35.75164568,0.000699434,0.001015569,0.000360201,0.002918351,20.915345,40.77925438,0.000837558,0.001812762,0.000341653,0.002746076,17.58769469,43.96103596,0.000239797,0.001160125,0.00014617,0.001901466,19.91520567,37.41661507,0.002107005,0.008397876,0.000950194,0.004965983,19.52668399,51.07043985,0.003311819,0.013510324,0.001952542,0.013800182,28.76580883,55.34662177,0.000599698,0.002058638,0.000210496,0.003213392,16.38196326,38.20117555,0.003955131,0.02029911,0.002428857,0.015890675,27.49897229,57.62465534,0.000716418,0.000649377,0.000284168,0.000738636,16.45506866,37.12252263,0.000699847,0.001923111,0.000325267,0.002747706,26.51383309,44.40880528
1075,0.000248473,0.001151609,0.000101675,0.001574069,11.35720592,35.25274409,0.000411997,0.001498548,0.000196555,0.001553664,20.61375491,36.46409997,0.000461273,0.000912434,0.000155646,0.001341239,14.0253282,36.87692397,0.000344339,0.000630524,0.000218654,0.000868214,12.92765989,30.98726943,0.007156081,0.027463445,0.00319181,0.017664276,21.63619259,60.89733549,0.00671652,0.028793323,0.003927733,0.027597708,32.69573208,62.05272137,0.001252509,0.003496701,0.000530675,0.00530492,23.13477676,43.81318217,0.005710297,0.030130543,0.003670796,0.024171517,29.34770871,59.86518677,0.000973292,0.001431362,0.000386202,0.002303919,15.60039709,39.2580834,0.000603201,0.00120501,0.000302243,0.001876659,25.29524855,43.62579732
1076,0.000505108,0.000518224,0.000182499,0.000951296,11.14074024,32.36218474,0.000248597,0.000660062,0.00010155,0.000845726,15.37808802,37.64637341,0.000409813,0.000669983,9.43E-05,0.000779516,15.43672689,33.30435084,0.000358519,0.000718555,0.000261472,0.001404765,14.26135764,36.31392993,0.005964597,0.023725068,0.002792971,0.015843917,23.7191124,59.66178052,0.010758654,0.052220662,0.006705077,0.050658198,39.03137234,66.59028825,0.001050521,0.003045805,0.000534091,0.004198278,25.86777585,44.59903781,0.00218363,0.011776401,0.001598875,0.009227592,27.91842082,52.78866316,0.000692278,0.00134565,0.000332602,0.001825218,17.40402435,44.65509968,0.001166631,0.001580152,0.000359304,0.002616644,26.77401103,36.54761561
1077,0.00030154,0.000971747,0.000114777,0.001014732,17.60096985,33.94176522,0.000373479,0.000665351,0.000176256,0.001652011,6.325361869,35.49047088,0.000397021,0.000616778,7.72E-05,0.000218034,14.59694765,35.68178745,0.000316689,0.000799194,0.000129786,0.000920297,15.06107638,31.76879148,0.001030286,0.004572569,0.00055969,0.00347483,26.70210223,46.26726747,0.036216314,0.162365529,0.020839906,0.154019268,49.01716233,75.55165883,0.001403568,0.006177809,0.000675944,0.006438828,26.21968101,46.71147411,0.000591964,0.004260672,0.000394358,0.003206008,26.9001262,42.95164205,0.000825808,0.000840907,0.000388179,0.001090203,19.22412801,40.90293033,0.000940856,0.000916823,0.000202896,0.001118754,29.43476742,45.73501901
1078,0.000280161,0.001355406,0.000108755,0.001276734,18.47882684,33.81410688,0.000411492,0.002024428,0.000304562,0.002703878,13.02735783,33.1893807,8.89E-05,0.000454545,0.000192872,0.000634212,15.21252673,41.56088639,0.000359853,0.001201974,0.000102055,0.000923979,17.79514946,35.57708279,0.000850438,0.003828313,0.00049679,0.003572138,30.11280375,43.19829285,0.080332868,0.370940619,0.047532948,0.351389379,57.29224135,82.41288944,0.005952807,0.020914676,0.002750659,0.02244804,33.93872714,57.467744,0.000722627,0.004325717,0.000425089,0.00363912,14.04243197,42.39494277,0.00070102,0.001906476,0.000305751,0.001075495,18.42759628,36.7570633,0.001473193,0.002843055,0.000277964,0.004190661,27.38408242,43.76937727
1079,0.000249084,0.001871313,0.000131719,0.001448791,19.51374262,34.74866794,0.000245626,0.002394802,0.000326907,0.002537232,17.45076946,36.40896315,0.000509423,0.000609021,0.000211316,0.00113673,10.98381624,38.8047143,0.000391961,0.001971926,0.000257462,0.00186381,5.920801912,40.48950615,0.000943723,0.003198775,0.000395532,0.003041928,30.80541053,39.81978846,0.059610771,0.29846051,0.036447861,0.283386701,55.69792598,80.30635014,0.005433073,0.019027856,0.002556137,0.020418846,34.16169621,57.36035316,0.000511557,0.003707201,0.00042743,0.003014531,13.17362688,42.34259779,0.001005141,0.003778535,0.000438994,0.002914525,19.09472258,41.59721831,0.00278106,0.006208815,0.000767229,0.009257573,16.99131795,44.67219709
1080,0.000156785,0.001762892,9.75E-05,0.001252839,20.1318834,33.23295857,0.000678296,0.005470352,0.000452286,0.00320163,20.18769755,44.15579522,0.000511948,0.000893638,0.000188475,0.00159246,14.30204634,26.27551318,0.000691911,0.002805862,0.000427494,0.003269502,21.23012507,42.2924559,0.000759885,0.001535034,0.000280578,0.001422925,28.38891732,37.6699124,0.016977601,0.082381847,0.009892248,0.077060987,45.62112312,68.69081371,0.000716535,0.003312836,0.000475846,0.004003754,23.23390567,45.30171695,0.000601888,0.002088755,0.000306669,0.002135342,15.82404575,39.89984716,0.001587432,0.006265436,0.000816319,0.004290315,22.86772814,50.20911047,0.002279325,0.004385964,0.000699701,0.00658379,24.4493875,45.62382413
1081,0.000172904,0.000691154,8.24E-05,0.000784463,17.97067171,30.68077009,0.000767913,0.006640155,0.000476511,0.003691499,15.01243726,42.75071397,0.000498614,0.001320327,0.000209423,0.002926136,10.2457713,35.35237327,0.001221527,0.002324538,0.000558843,0.005461641,25.81194525,44.54278076,0.000529155,0.000839448,0.000198539,0.001986705,25.44811723,38.19973382,0.00782598,0.036693131,0.004351413,0.034136088,38.79250756,60.80211565,0.001471383,0.004865725,0.000704821,0.005973,17.61336968,38.12323409,0.000762229,0.001526465,0.000283355,0.001866524,20.43145538,38.44400481,0.001717459,0.005623633,0.000874367,0.003978369,21.7918936,47.89592976,0.001214093,0.000674783,0.000333508,0.001016172,25.30846783,45.1081926
1082,0.0001647,0.000426008,0.000111635,0.000624696,16.22930723,37.2890921,0.000465418,0.002635157,0.000138611,0.001948969,16.61696663,36.11971882,0.000551713,0.001663087,0.000225283,0.002592355,15.76747048,37.34039032,0.001157949,0.002132399,0.000458191,0.005994594,24.63745708,42.10718663,0.000485391,0.001518585,0.000299971,0.002532459,26.9959015,37.04256509,0.004956783,0.024272907,0.002529776,0.02367606,33.21553587,55.74419424,0.001267972,0.004358757,0.000481838,0.004775098,21.5996249,37.77408644,0.000676926,0.001752483,0.000335702,0.001751348,15.27762212,39.92443551,0.00079579,0.00291352,0.000387746,0.002348223,25.11713193,43.28960648,0.000905012,0.000941884,0.00033995,0.000694081,23.104927,39.91524958
1083,0.000313238,0.000412226,0.000153154,0.000903492,17.97260898,41.79722374,0.000463012,0.001966885,0.000115039,0.001829363,22.43162414,34.29919617,0.000936049,0.004413351,0.00034884,0.005038006,18.10750012,35.84589613,0.000692433,0.001073522,0.00028744,0.002656701,21.36772018,33.39588229,0.000603789,0.001581776,0.000247048,0.002664456,21.63497857,37.5453766,0.001483456,0.00765926,0.001057713,0.007626934,19.76052295,40.90282735,0.000725502,0.001534247,0.000330539,0.001531679,19.93214435,35.43588768,0.001266927,0.002061811,0.000582399,0.002177815,18.69218362,41.81186006,0.00066572,0.00319823,0.000350648,0.002442124,24.73054376,44.48736403,0.000321192,0.000481617,0.000192192,0.001205889,12.7684986,35.18917863
1084,0.000471516,0.001216171,0.000246893,0.002013422,18.85962635,37.64405877,0.000489791,0.001232726,0.000175796,0.001161992,21.44274992,33.65194682,0.001198075,0.004064427,0.000483025,0.004804961,18.22864851,39.5674258,0.000586416,0.000948986,0.000298856,0.001836466,20.92246877,32.33701817,0.000690245,0.00139653,0.000197539,0.002780274,18.80199417,40.71701645,0.00092755,0.00521454,0.000654576,0.005570525,25.88746565,39.12125052,0.000691317,0.001116214,0.000245617,0.000710422,19.63146276,36.3272067,0.001399394,0.002710666,0.00060869,0.002577941,14.3549295,40.68138569,0.000723265,0.001723838,0.000341091,0.001681576,22.34127753,43.49646586,0.000359259,0.000690391,0.00018498,0.001164453,23.82529618,27.103001
1085,0.000596182,0.001715454,0.000301004,0.002362531,20.79052814,31.85938797,0.000257907,0.000791128,0.000113335,0.000873491,18.01605732,26.81894696,0.000718346,0.001114926,0.000330226,0.002053122,12.80431056,36.53752163,0.000473126,0.000879235,0.000211722,0.001872992,19.37809103,31.44973999,0.000652115,0.000955208,0.000258399,0.001820519,20.50078492,35.68516895,0.000680024,0.002915689,0.000397982,0.003536855,22.4077492,35.48838544,0.000876642,0.001696063,0.000301788,0.001971728,20.44653392,34.60174714,0.000680068,0.002140562,0.000289615,0.001973188,16.49107198,34.80382612,0.00076572,0.001269469,0.000221837,0.002470019,24.18057541,41.28381626,0.000312695,0.00121448,7.62E-05,0.002427562,22.43791558,42.48831107
1086,0.000400212,0.000696019,0.000175716,0.00121423,17.13250164,36.42015964,0.000259093,0.000839213,5.62E-05,0.001155745,17.46229021,34.21680713,0.000672776,0.002640877,0.000340772,0.0019364,13.1973709,33.98191694,0.000505171,0.000722033,0.000235504,0.001601355,13.71363752,34.40622163,0.000759449,0.000361188,0.000232589,0.000664547,23.16441542,31.88699985,0.000359,0.003629192,0.000441579,0.00285197,20.67281482,40.21899142,0.000965833,0.002255991,0.000410838,0.002903358,15.8236185,39.87970855,0.000509969,0.001611063,0.000215679,0.001985074,15.57022692,35.57513922,0.000862517,0.00210105,0.000290218,0.003466114,27.13810282,39.11367837,0.000982569,0.003246449,0.000341431,0.005219857,20.11145396,46.09955259
1087,0.00020975,0.000874211,0.000193165,0.001480311,22.58666547,36.45375859,0.000436947,0.001141031,0.000101929,0.001951432,13.09212658,34.44129827,0.000393905,0.001762508,0.000244982,0.00101917,14.80268918,35.38959435,0.00036008,0.000470016,0.000239206,0.001131267,16.81825569,37.87609813,0.000912064,0.00186204,0.00036084,0.001939324,22.87335659,30.13705949,0.000546274,0.00339196,0.000566243,0.002449976,27.17103859,45.37717975,0.000849457,0.002311715,0.000269508,0.002767418,20.09197194,41.18633807,0.000657837,0.003174618,0.000280367,0.003281018,20.72067762,36.1513959,0.000635215,0.001268869,0.000252665,0.002423846,24.08430939,40.11502258,0.001220278,0.00260288,0.000383752,0.004286652,24.26235838,40.868665
1088,0.00017258,0.00044213,0.000131349,0.001432152,23.61985691,46.85312025,0.000400792,0.000559808,0.000164506,0.001600404,5.718706851,30.74251726,0.000296971,0.001308043,0.000242208,0.001125657,14.73615181,36.44907941,0.000234562,0.000742687,0.000257589,0.000948871,17.90723693,34.63950995,0.000556103,0.001831609,0.000382103,0.001828886,23.87601122,36.57650924,0.000568726,0.002796237,0.000358648,0.00262148,27.10961337,40.20598726,0.001010611,0.002252964,0.000488593,0.002705988,20.64493353,42.43546028,0.001155788,0.004483011,0.000615792,0.004989212,13.62827723,34.85679468,0.00085524,0.000513065,0.000254263,0.001127633,20.75944888,35.17727779,0.000664814,0.001943942,0.000350296,0.002081317,24.91718881,40.37040454
1089,0.000545736,0.003327338,0.000252446,0.001578169,22.38531358,52.28926293,0.000335022,0.000874611,0.000132828,0.001296243,9.535774409,31.75083713,0.00034099,0.001066914,0.000165537,0.001311703,14.49706837,39.33886577,0.000452265,0.001308886,0.000346274,0.002180028,11.98713313,35.66444963,0.002007224,0.008412039,0.000888947,0.004849032,29.08145032,50.364228,0.000468235,0.002526114,0.000260378,0.002918949,25.59090663,32.42641979,0.000626054,0.001937608,0.000531719,0.003578749,20.84625251,47.58216807,0.002171846,0.008603825,0.000940607,0.009522373,20.2387726,38.32275343,0.000577605,0.001138848,8.46E-05,0.000945398,22.69248298,39.09503723,0.000507832,0.002394672,0.000357238,0.003201346,22.73523398,37.95855195
1090,0.001027509,0.007446464,0.000468974,0.003207253,21.165057,47.53005356,0.000462678,0.001465904,0.000113813,0.002520617,13.20848691,21.70417322,0.00041825,0.00098076,0.000136592,0.001082531,13.79508585,35.02820175,0.000511807,0.001354017,0.000315853,0.002565514,17.74009378,34.82369176,0.003598985,0.018530882,0.001875483,0.011526387,33.35437676,56.34780772,0.000799435,0.003685339,0.000310724,0.003789625,25.03521297,38.30865072,0.000751837,0.002328111,0.000462865,0.004852484,19.07493027,45.70373016,0.001918815,0.006211541,0.000825512,0.00790059,22.0540201,36.42045127,0.000319819,0.001915512,0.000180606,0.001720961,15.14326881,33.77353452,0.000817458,0.001183486,0.000342085,0.00242718,18.03851774,33.75930808
1091,0.000722591,0.004694834,0.000294151,0.002188019,19.86951765,32.01627581,0.000473016,0.00116309,0.000100061,0.001984509,13.12791617,22.69201202,0.000412304,0.001004747,0.000241844,0.001738674,13.1671903,33.63127572,0.000223149,0.000923196,0.000201889,0.001174165,7.722607779,35.03676479,0.001583815,0.009983093,0.001146727,0.005889603,26.33400185,51.26843734,0.001047275,0.007261912,0.000521826,0.007023367,22.41921702,41.14013471,0.001984149,0.013666943,0.001626638,0.021782388,27.19927132,56.53082192,0.001779988,0.003838776,0.00072577,0.00676709,20.41550602,36.85774666,0.000694189,0.001292765,0.000323242,0.000767925,14.17138753,36.37351622,0.000642511,0.001607248,0.000291924,0.0018406,26.19218744,30.71663508
1092,0.0003763,0.000557156,0.000159023,0.000963986,12.31566332,30.30994981,0.000385578,0.001248055,0.000195656,0.001513973,10.76562426,30.16248977,0.000469195,0.001221498,0.000180382,0.002086497,17.81858251,38.46004074,0.000514567,0.001034607,0.000345082,0.001823838,16.63278336,31.94304831,0.000417467,0.001703755,0.000124073,0.001159019,18.02786463,37.1723218,0.000751251,0.005984553,0.000592764,0.006337378,22.84926682,41.68728216,0.004295034,0.030161634,0.003631771,0.048211269,35.1056251,63.01269432,0.002678031,0.004318541,0.000784686,0.010369431,23.91622425,44.14069266,0.000600807,0.001982707,0.000138756,0.002267568,11.93684972,37.19269267,0.000496851,0.001600225,0.00024638,0.003132877,28.80645478,34.80517876
1093,0.00028043,0.000731186,0.000197819,0.00113429,19.02229395,29.67496122,0.000378621,0.001389831,0.000275428,0.001916633,3.104402284,28.85887482,0.00053462,0.002442821,0.000136135,0.002826132,18.23151922,39.39766867,0.000471105,0.00103453,0.000345185,0.001358621,13.71863138,34.02223508,0.000379046,0.002394014,0.000332638,0.001229182,17.28382313,37.92231952,0.001587268,0.003413432,0.000454579,0.005466749,27.8899753,42.7039984,0.002077359,0.015924792,0.001984988,0.025485338,30.51846341,57.94956729,0.008292476,0.013945005,0.002567486,0.027235724,23.87194356,50.22594298,0.000548234,0.002580658,0.000167997,0.002807944,22.54943057,37.9000306,0.000387407,0.001352354,0.000241463,0.002231583,25.15968854,34.37426827
1094,0.000314137,0.001347458,0.000154569,0.00121233,20.93383594,38.0224131,0.000324644,0.001048483,0.000226661,0.001889383,10.31720679,31.87756972,0.000215978,0.004608294,0.00021268,0.006339243,16.5465619,40.96532261,0.000470455,0.00178874,0.000277431,0.001380226,14.86129106,37.82907511,0.000479403,0.001160996,0.000193728,0.001024382,15.18124207,32.2154321,0.002239875,0.005126488,0.000758539,0.007666493,29.21755414,43.5812402,0.000360386,0.003711033,0.000279926,0.004481301,20.6786581,44.27780427,0.005636383,0.009049983,0.001836501,0.017133451,14.51926036,46.44578763,0.000675718,0.001137056,0.000347584,0.001167127,22.08673339,40.98293319,0.000655326,0.001567439,0.000289556,0.003288257,25.70721718,40.16370462
1095,0.00032519,0.003982886,0.00018496,0.003002883,17.0628946,36.84646387,0.000269974,0.001364035,0.000256339,0.002476666,16.47060965,33.39909572,0.000443268,0.01029376,0.000472631,0.010500558,19.40813222,43.47099831,0.000643841,0.003509075,0.000351565,0.002940654,20.29004295,41.57745837,0.000558609,0.000804634,0.000181346,0.000648026,11.18721916,29.182661,0.000966594,0.002494768,0.000503539,0.003708759,30.5084002,41.20858118,0.000283555,0.004675308,0.000405889,0.006961934,20.91088128,46.47707149,0.001553845,0.003624642,0.000700447,0.006037659,18.80281461,38.87645288,0.001037236,0.00079974,0.000429307,0.002024648,22.71561673,38.78713929,0.001069775,0.002077657,0.000367945,0.004065299,27.69188325,41.25631305
1096,0.000218973,0.002978857,0.000176312,0.002542974,21.80003943,28.45727342,0.000336938,0.003333038,0.000296104,0.002658456,8.344290371,37.21738894,0.000632124,0.008366423,0.00030973,0.008478798,16.60293219,42.12030983,0.001098642,0.007623187,0.000691238,0.005029965,21.63238087,48.27779235,0.000596863,0.001523493,0.00024751,0.001486813,17.82413275,28.73897244,0.000450451,0.002341698,0.000396309,0.003276773,29.62115715,37.98538452,0.000510339,0.002534394,0.000181547,0.004603783,23.98310507,44.21542892,0.002054428,0.004339752,0.000835152,0.006397035,21.80608245,38.3991874,0.000751154,0.000597633,0.000184359,0.000779064,20.33520197,35.23468408,0.000945931,0.001262637,0.000138188,0.002605427,18.38539466,35.88754476
1097,0.000202182,0.001022904,0.000134625,0.001566051,19.21161132,33.71059667,0.000692577,0.006273508,0.000425627,0.004148869,10.13652164,43.57501279,0.000880952,0.004778916,0.00038944,0.005024087,10.44777977,38.70945305,0.001314557,0.009687354,0.000755847,0.006196883,18.75472342,49.37777118,0.000266759,0.001528796,9.95E-05,0.001859107,18.07228724,30.13333121,0.000416925,0.002763697,0.000288485,0.003906503,28.74866023,37.40929706,0.000590257,0.002057458,0.000129596,0.003752309,23.22911013,40.68187088,0.001725979,0.003072324,0.000705786,0.005163126,22.85785479,39.25921,0.000804017,0.002930589,0.000399835,0.003303662,21.59354168,30.69972604,0.000942781,0.000576071,0.000314054,0.000935653,24.96598808,34.17223908
1098,0.000242332,0.000617544,0.000172179,0.000861241,18.30162013,33.4529746,0.000559256,0.003199938,0.000238429,0.00309866,6.290046256,37.97598873,0.000745631,0.004206669,0.000428379,0.003691477,13.06869631,36.41209681,0.00058961,0.004247918,0.000219214,0.003734373,16.46037557,39.96618585,0.000382487,0.002055461,0.000162378,0.002754016,17.29907918,31.54097765,0.000541157,0.002572858,0.000262947,0.003505258,26.97473818,39.75888556,0.000491455,0.003066666,0.000192298,0.004147083,23.10114765,37.12359499,0.001149054,0.002540565,0.00047412,0.004267219,26.70178028,36.52404371,0.000360224,0.002965521,0.0003202,0.003024911,24.8090685,36.59995657,0.000770758,0.001846935,0.000346875,0.001791791,25.53726616,33.15055812
1099,0.000266413,0.000670994,0.000156388,0.001218519,21.27141589,29.74778265,0.00019518,0.001241478,0.000173689,0.001841753,14.52657647,34.66280675,0.000384193,0.004883835,0.000335076,0.004170535,16.22268381,40.82526559,0.000230044,0.000796467,0.000215841,0.002256069,8.872947827,37.11664517,0.000422046,0.001199842,0.00013242,0.001010002,22.27881748,24.82501673,0.000465866,0.001442807,0.000324609,0.002356794,23.94371655,37.4748308,0.000593861,0.002211259,0.000213631,0.002391641,24.57500287,35.3601915,0.000832174,0.002066429,0.000517884,0.003494727,24.27604965,42.33365106,0.000805174,0.002169158,0.000332907,0.002367973,23.62983357,35.9910211,0.000760232,0.002356839,0.000233601,0.003202516,19.11427324,36.81727515
1100,0.000136544,0.001136345,9.29E-05,0.001510484,15.95811977,23.10491992,0.000278511,0.001472215,0.00011967,0.002207519,13.17479104,32.69009013,0.000308961,0.002829698,0.000202493,0.002805535,13.01705806,38.4993934,0.000316589,0.000739273,0.000179868,0.001358867,15.47405267,39.37704371,0.000199833,0.001771218,0.000139488,0.001934668,12.9503662,30.78671329,0.000261953,0.001280377,0.000259239,0.001184183,23.6376372,37.14152247,0.000592997,0.002947577,0.000154393,0.004926455,19.53754607,41.9659451,0.000627429,0.002364806,0.000377865,0.004194311,20.94550737,45.07927291,0.000955525,0.002014833,0.00036044,0.002656338,24.73980249,36.95229274,0.000559897,0.002415451,0.000165652,0.003719924,20.03459184,41.64981149
1101,0.000170335,0.001280072,0.000172512,0.000349763,16.61688826,32.18745634,0.000358496,0.001587784,6.06E-05,0.002820106,10.98500106,23.81008358,0.000418144,0.001253424,0.000159077,0.002794616,10.86248862,33.69760428,0.000424238,0.001241867,0.000113263,0.001121595,11.29353896,32.8754779,0.000151742,0.001087502,0.000166274,0.001604438,22.39173845,36.93955308,0.00025024,0.001607076,0.000297125,0.001526205,22.69545001,41.60766716,0.000202397,0.002870433,0.000190294,0.004201598,18.78632202,40.18437226,0.001207925,0.004865666,0.000800427,0.007112449,16.70533753,48.09804374,0.000842324,0.001855493,0.000316605,0.002662029,26.1605485,33.22680718,0.000295506,0.001437718,0.000160108,0.001618642,26.96085374,40.76471984
1102,0.000143505,0.00120762,0.000142489,0.001491241,19.58426076,31.14147856,0.000273783,0.00127971,0.00013061,0.002010543,14.43354744,30.37705356,0.00026098,0.001165543,0.000202745,0.003332233,17.61398106,29.10338628,0.000228636,0.001811731,0.000134478,0.001603109,11.33821594,31.84191046,0.000488497,0.003128711,0.000248388,0.003971759,22.8172445,38.64327551,0.000289461,0.001419395,0.000443797,0.002348787,20.87706954,39.58252096,0.000242402,0.002955742,0.000194804,0.004196171,22.07456296,38.12569176,0.001917445,0.012237719,0.001490548,0.016080954,23.42296587,55.32181388,0.000660201,0.001838427,0.000360442,0.00277514,22.87314413,42.82343085,0.000616987,0.002679956,0.000313807,0.003064862,28.25260918,43.77559918
1103,0.000156038,0.001182647,0.000155484,0.001228618,20.92723383,28.56410793,0.000116812,0.000419652,8.81E-05,0.000714064,16.25354351,28.5154777,0.000147369,0.000597568,0.000152122,0.001310597,18.8679948,32.13849728,0.000240167,0.001993795,0.000188838,0.001846939,18.18462866,32.86967751,0.000394696,0.003295725,0.000180497,0.00417838,20.73839499,35.58269568,0.000322823,0.001968552,0.000661785,0.001382231,25.30597874,40.48268316,0.000302331,0.003594361,0.000243074,0.00451933,16.60622832,39.17711408,0.003491535,0.026225655,0.00300731,0.034767353,27.75991987,60.87059768,0.000513135,0.001251564,0.000415129,0.001809697,23.71899543,42.13617246,0.000213352,0.003119309,0.000198121,0.002884931,27.48849857,44.19000066
1104,0.000209283,0.00098181,0.000151378,0.000842707,22.03009041,27.92584172,0.000112571,0.001403926,0.000162853,0.001776361,18.46829052,31.76743171,0.000391026,0.000747818,0.000196234,0.00138118,20.47958602,36.9484853,0.000344865,0.002161637,0.000141735,0.002456739,15.77590974,36.80538239,0.000330883,0.003722737,7.63E-05,0.004384693,23.12380088,38.00520486,0.000375482,0.005947205,0.00077039,0.005681881,27.35537795,38.32380821,0.000210524,0.001352427,0.000216459,0.001731541,23.4372172,38.40144669,0.001551448,0.012792182,0.001744622,0.018762161,27.00952592,55.28750029,0.000338592,0.001566167,0.000352029,0.001933607,25.82233026,43.79594707,0.000537819,0.00380411,0.000296397,0.003864437,24.42016816,42.99630103
1105,0.000297621,0.000988782,9.97E-05,0.001171086,18.52939844,23.93161718,0.00010847,0.001785395,0.00019199,0.002080189,21.45674753,34.08884978,0.00050324,0.001797244,0.000246096,0.002730066,20.10619144,39.88849069,0.000506314,0.006518762,0.000255297,0.006731668,15.56306429,44.51672003,0.000437253,0.005272107,0.000160435,0.004962347,23.54450601,37.26318032,0.000829027,0.01304397,0.001432787,0.011922389,27.24182441,46.21333407,0.000393169,0.002651928,0.000151613,0.003019848,22.32933026,35.35817203,0.00077853,0.006241036,0.000415301,0.004918003,19.66642874,44.3009979,0.000384567,0.001313223,0.000327476,0.00166969,23.37361399,43.05813202,0.000917723,0.006029012,0.000548729,0.006054423,23.34821314,46.81671014
1106,0.000366866,0.001698227,0.000215949,0.002334802,16.68228963,28.56468886,0.000428119,0.001561353,0.000252011,0.001096607,21.52380647,36.36500737,0.000199668,0.002196573,0.00020219,0.002093786,15.88979157,33.22583124,0.001410142,0.025079314,0.000802969,0.025471193,18.68999695,52.28490061,0.000246618,0.002718795,0.000145079,0.001887658,21.56515807,37.4282094,0.001699003,0.036371816,0.004099783,0.029870691,38.66097033,57.90616199,0.000131035,0.002936394,0.000338198,0.003213641,17.43204808,35.92938322,0.001163108,0.004433278,0.000818618,0.005696404,22.54762746,47.88199098,0.000293091,0.002217778,0.000214143,0.002680263,19.29174215,37.10906637,0.001190212,0.015719194,0.000740302,0.015819192,25.53155431,50.85543828
1107,0.000285259,0.001183786,0.0001973,0.001886273,15.4329187,30.3964221,0.000418644,0.001790317,0.000211463,0.001406069,10.5467465,37.86410681,0.000566567,0.002041145,0.00036193,0.002302365,15.47994445,31.23684176,0.002211853,0.034178175,0.001346651,0.034300664,19.18619125,53.26434395,0.000264181,0.001259517,0.000109438,0.001293337,23.11745676,39.29831554,0.001601146,0.04362019,0.005085378,0.035936268,39.91552935,60.09509445,0.000368708,0.004401774,0.000469069,0.004065825,10.43620228,40.58899847,0.001395026,0.003368675,0.000934741,0.005139891,20.17789172,48.33596346,0.000235568,0.002009342,0.000173141,0.002335248,17.08246856,41.34803905,0.000702857,0.011590551,0.000378111,0.011628391,26.08115128,47.63464187
1108,0.000210104,0.001609314,6.42E-05,0.00164591,11.18959654,24.65431866,0.000181803,0.0017197,0.000130146,0.001809098,14.40419711,36.85331142,0.00097826,0.003711221,0.000439896,0.00291739,13.92907819,38.19284714,0.001227568,0.014002691,0.000708667,0.014080026,16.35451649,45.54119797,0.000312842,0.000724258,0.00031025,0.000840865,24.50098897,36.93400813,0.000620778,0.017554482,0.001930571,0.014696564,29.43977142,52.30244961,0.000824637,0.006708584,0.000606136,0.006286917,19.14968012,46.37966608,0.000987455,0.002540524,0.000599306,0.003749392,19.82531568,45.5620092,0.000308458,0.000979021,0.000203488,0.001321282,10.49464871,41.06119295,0.000545255,0.002352323,9.07E-05,0.002810524,26.02916135,41.51447152
1109,0.00017203,0.00139112,0.000136947,0.001654979,19.18122316,30.45395735,0.000323828,0.001349118,0.000231172,0.000777469,12.86496846,32.72511376,0.001191708,0.005641783,0.000445095,0.0051963,21.14946265,42.33471533,0.000398796,0.004429098,0.00037106,0.004543808,13.78046896,36.71907575,0.000201238,0.001112422,0.000280854,0.001995991,26.01266976,37.60888278,0.000127192,0.006370731,0.000708543,0.004780192,18.4061521,43.32537996,0.000434466,0.004336059,0.000434842,0.005261471,21.59058582,46.83607998,0.000480114,0.001682648,0.000344694,0.001924114,24.51306091,43.26373254,0.000512749,0.00168594,0.000382923,0.002537236,21.31648613,44.16854035,0.000450233,0.002977793,0.000359061,0.003669374,25.14396126,47.46670764
1110,0.000158407,0.001399021,0.000170747,0.001336298,19.02984863,34.6665941,0.000465993,0.003081619,0.000329905,0.003053016,18.20243594,34.86414759,0.00071469,0.004093338,0.000376198,0.004819337,20.98800499,41.5769288,0.000457594,0.003271847,0.000173666,0.00372378,10.7796326,39.05896993,0.000234411,0.000730422,0.00026741,0.001810819,23.75085727,37.80411412,0.000298212,0.004039476,0.000544527,0.003458319,22.5564048,39.60282994,0.000392768,0.002576121,0.000343772,0.002806348,20.21069833,41.3420785,0.000658004,0.000977829,0.0006177,0.001150673,24.6278786,43.99456705,0.000256119,0.002293698,0.000336277,0.003024748,19.74912585,40.96778787,0.00087596,0.005656671,0.000518398,0.007244351,27.80493908,48.78445251
1111,0.000257997,0.001255308,0.000247792,0.001727171,19.07580336,43.91483124,0.000456508,0.002406039,0.000295442,0.002592412,14.83868054,29.91576346,0.000219265,0.000851126,0.000262798,0.001858211,15.95784399,39.77621921,0.000448879,0.002307223,0.000120978,0.002986579,20.3390872,39.48874933,0.000462374,0.00164765,0.000358483,0.001979307,20.90901,41.70593337,0.000435555,0.00237527,0.00036968,0.002745713,23.33944454,40.8611785,0.000444696,0.002448584,0.000236711,0.002972008,18.69307033,36.296071,0.000578578,0.001405513,0.000549271,0.001374532,21.72043524,42.18487765,0.000994252,0.007186115,0.000702625,0.005931041,23.5688741,45.69068453,0.000758253,0.003540219,0.000545366,0.004313553,27.84522883,45.47532439
1112,0.00038857,0.002406092,0.000498762,0.001185769,16.82810512,45.41896055,0.000454908,0.00198095,0.000280655,0.002692571,16.89505163,37.46903684,0.000380603,0.0015082,0.000341928,0.002551193,14.41508678,37.27873805,0.000464681,0.00133847,0.000233967,0.00177302,22.84480158,34.32937343,0.000532335,0.00332705,0.000385276,0.003793931,21.19313933,41.47731171,0.000494027,0.001422432,0.000443133,0.002012481,22.36840401,39.3297931,0.000364051,0.002565929,0.000329674,0.003307818,20.96529897,41.20406476,0.000408072,0.00228265,0.000427425,0.002433982,22.65864975,45.12791157,0.001316192,0.008927107,0.001081394,0.006286563,25.64467191,54.13368196,0.00058983,0.000801913,0.000453178,0.000453609,23.14008253,37.72207017
1113,0.000294275,0.002901968,0.000434588,0.001430873,15.86711725,39.01101092,0.000515529,0.002112677,0.000261947,0.002564667,18.06978489,38.12076128,0.000406988,0.001504856,0.000315048,0.002180027,11.27737091,36.36464702,0.000220164,0.000823905,0.000210819,0.001903599,25.68204006,42.05349844,0.000499152,0.003711791,0.000235911,0.004281199,16.89909136,37.85814245,0.000362564,0.001874088,0.000481108,0.002599732,19.73302925,40.48283046,0.000547121,0.001821582,0.000353989,0.002549392,24.94156189,40.27199719,0.000388645,0.002857896,0.000354278,0.003113334,20.14474258,47.22036344,0.001479601,0.012656407,0.001084172,0.011035485,26.5031714,52.6915764,0.000376171,0.002254295,0.000304294,0.002077766,23.63165679,41.66587178
1114,0.000200552,0.001236113,0.000234426,0.001832947,17.476758,36.5284482,0.00049681,0.002856658,0.000420662,0.001483554,20.62531314,39.93217288,0.00033539,0.001432269,0.000446536,0.003708286,16.54821144,42.85619064,0.000174653,0.000376973,0.000266075,0.001586497,25.79089847,40.24261822,0.000882539,0.010484982,0.000645073,0.00972836,17.16300403,43.09882263,0.000199311,0.002181889,0.000284095,0.002834153,22.84104584,41.00595932,0.000475143,0.002717949,0.000304324,0.00384139,23.59336458,42.79047077,0.000364146,0.002323534,0.000352128,0.001929459,19.48737351,46.17622849,0.001917334,0.032112606,0.001180971,0.032174094,24.10012816,48.098152,0.000447713,0.00202184,0.000468526,0.001366952,27.54160706,42.61869122
1115,0.000230286,0.000803268,0.000176206,0.001383117,10.13787309,34.82853577,0.001104365,0.009980946,0.000721793,0.009326856,15.9414125,38.43285709,0.000362392,0.001607756,0.000390818,0.003822329,19.55999016,43.12384817,0.000243352,0.002448876,0.000399598,0.003170207,22.40862186,37.44036938,0.001700875,0.025361639,0.001288792,0.024072864,19.63481239,48.3170684,0.000273561,0.002347818,0.000102199,0.002650092,19.91217187,38.90241132,0.000503011,0.004387192,0.000604983,0.004659138,19.5734052,43.91308116,0.000358294,0.003638919,0.000517533,0.003403433,18.60468762,46.33368608,0.001586479,0.03823676,0.000992673,0.0389622,25.2802757,53.14692043,0.000280179,0.001500427,0.000327694,0.00170426,28.70540804,42.48494067
1116,0.000321799,0.00095853,0.000123354,0.001262553,20.70863702,36.29839403,0.00119887,0.009536581,0.000735078,0.009488416,16.63575633,38.13072479,0.000237022,0.001775534,0.000282116,0.002715933,19.86534338,41.15657873,0.000197005,0.001709176,0.000255574,0.002339455,23.33911151,38.76296455,0.0012835,0.020033956,0.001208055,0.018763731,22.00094516,45.22369774,0.000363647,0.002492633,0.000314124,0.002461087,25.55103641,46.17717497,0.00066988,0.001568833,0.000787077,0.001131945,25.52179484,50.91484659,0.000175784,0.005052383,0.000262834,0.004675095,24.92281574,43.57379733,0.000779134,0.016633918,0.000188779,0.016818032,27.01263567,46.568544,0.000352706,0.002988023,0.000208149,0.002367449,29.61330424,41.55236611
1117,0.000279526,0.001080102,0.000166303,0.001539993,18.06680732,31.20872173,0.000402737,0.002478398,0.000255998,0.00251009,17.99524,36.29712341,0.000378186,0.002511312,0.0003005,0.003429895,18.88903946,41.98568324,0.000446797,0.001394109,0.000303828,0.001850792,23.44972394,35.75776162,0.000210061,0.007288193,0.000709094,0.005742101,24.64326738,46.08158481,0.000720361,0.002743159,0.000321676,0.003676937,23.57247714,46.94979617,0.000602906,0.009257947,0.001305401,0.004784886,32.67517582,53.52735199,0.000321171,0.007319185,0.000449169,0.007798456,24.35378184,47.9146397,0.000633368,0.009388233,0.000513556,0.009234528,24.67973456,40.7588955,0.000369928,0.000794104,0.000226804,0.001127211,29.56780921,45.64820686
1118,0.000224322,0.000373181,7.43E-05,0.000684762,18.10261717,36.53055236,0.000161213,0.001231823,0.000123384,0.001227177,18.68405799,31.7635769,0.000418067,0.00233247,8.55E-05,0.003339268,14.46258014,37.52853722,0.000403577,0.002840557,0.00024361,0.003476484,20.98447568,42.31446191,0.000319357,0.00552385,0.000409934,0.003582816,20.78217258,45.96167311,0.001469477,0.007235621,0.000383029,0.007114208,23.808083,47.41420197,0.001253994,0.026724785,0.004220209,0.012481473,40.51847468,62.26839701,0.000887052,0.014075849,0.000482345,0.013872165,22.14146463,48.10349671,8.01E-05,0.006135733,0.000233942,0.004962102,19.96955766,40.5470545,0.00042396,0.003345916,0.000240018,0.002712732,23.00652158,48.61285699
1119,0.000192195,0.000506426,0.000145895,0.001175924,20.79268067,36.15969012,0.000291357,0.000663854,0.000276991,0.001195017,15.79820801,42.58850347,0.000690246,0.002376114,0.000372005,0.003013169,19.33237118,43.16320294,0.000153198,0.002978539,0.000204218,0.003307902,19.11954135,40.84954374,0.000503082,0.002264301,0.000202713,0.001311322,18.56305043,41.40787121,0.004676052,0.02930632,0.001042125,0.027272924,28.21215548,53.52077174,0.002067659,0.030652219,0.004943136,0.014933385,41.80994084,63.31385324,0.003036241,0.045454221,0.001421452,0.045137227,22.73664346,57.24322151,0.000226489,0.002905027,0.000262198,0.00240646,20.16668495,43.88234721,0.000624738,0.006028335,0.000268857,0.005050492,16.54840986,45.87312292
1120,0.000305694,0.00087588,0.000267988,0.001481464,18.93737254,39.94318642,0.000345534,0.001678512,0.000295575,0.001869819,16.73722285,41.54843027,0.000660425,0.002673726,0.00051438,0.003017694,21.49310677,44.8644417,0.000255506,0.000937351,0.000293088,0.001336763,19.637743,39.99426215,0.000384804,0.001143047,0.000263513,0.001030375,20.50916098,37.10326307,0.006911009,0.038369478,0.001745906,0.035758326,28.92564002,55.22802197,0.002638053,0.038795177,0.006305125,0.018062549,45.07330667,65.36584608,0.003581067,0.053098159,0.001861132,0.053260544,24.66958318,59.256369,0.000294962,0.002235889,0.00019406,0.002642118,22.98709512,38.55915965,0.000418533,0.004155014,0.000396295,0.003230173,21.84039567,41.44634315
1121,0.000335749,0.000994197,0.000354852,0.001717504,13.90291155,36.72515099,0.000400538,0.002744986,0.00022978,0.00201421,19.95183525,41.46711727,0.000501058,0.0013694,0.000351742,0.00135626,19.36598545,43.27780586,0.000206623,0.000499636,0.000316933,0.000548393,17.24145138,43.84709819,0.000361033,0.000504161,0.000340142,0.001773448,26.67907051,44.47356348,0.003425146,0.01648699,0.000961593,0.016241786,23.20178765,50.25915726,0.007765027,0.181210653,0.02774371,0.086126607,57.09287589,78.9809327,0.00127877,0.0177591,0.000658372,0.017925137,18.49145057,50.76843362,0.000537472,0.000271874,0.000357928,0.000757407,20.74938458,42.0816771,0.000588324,0.006560335,0.00056588,0.006848943,22.52214974,45.95540371
1122,0.000348804,0.002013077,0.00031437,0.002265122,18.91227841,39.45116477,0.000434714,0.001830535,0.000265754,0.002153414,15.69662519,29.31489531,0.000321601,0.00228144,0.000141404,0.001820701,16.16696543,36.87707246,0.000785861,0.002093614,0.000364916,0.002790234,13.71660708,38.29421559,0.000341161,0.001246892,0.000373449,0.001792227,27.13543123,43.03566346,0.000943016,0.006522026,0.000350369,0.006504171,27.10527317,45.65351264,0.007354947,0.200221645,0.029927997,0.096165914,57.62817383,79.7871991,0.000912416,0.007320781,0.000664965,0.007465463,25.19670483,45.41333707,0.000245572,0.002124314,0.000373314,0.001768125,23.0871159,40.83722766,0.000824819,0.005486345,0.000592651,0.005913971,23.72676056,46.03015973
1123,0.000401499,0.003619559,0.000330595,0.002933714,18.99324706,36.65448801,0.000310705,0.000777493,0.000280923,0.002069503,11.7032642,40.6448515,0.000558279,0.002416929,0.000329177,0.001949797,16.14164353,40.7623815,0.001036469,0.003332645,0.000648487,0.003974343,24.79923891,41.96334663,0.000533805,0.001614841,0.000348821,0.001847273,21.85102953,42.71192513,0.000673516,0.002674138,0.000366274,0.002789763,25.18852314,43.55517629,0.002262405,0.049727443,0.007623417,0.024146214,45.58244898,67.98979709,0.000666028,0.006538901,0.000541078,0.006173148,24.42353895,46.87789762,0.000508664,0.001541786,0.00012703,0.001183624,25.15696587,39.71544258,0.000833291,0.001796059,0.000633906,0.002102893,27.62496044,46.2554435
1124,0.00022287,0.002335863,0.000130011,0.001831109,15.89056756,41.90631806,0.000348766,0.001501309,0.000215906,0.002607579,10.5688629,35.68376631,0.000846657,0.002340728,0.000372727,0.0022876,11.33974051,43.54080037,0.000772192,0.000986869,0.000620382,0.00114501,26.25595392,45.0267093,0.000193278,0.001077847,0.000201103,0.001150538,26.71601532,41.95953301,0.000498614,0.00139565,0.000320797,0.001835462,25.99624693,40.04847389,0.000980205,0.031983762,0.004013123,0.016838691,41.8647716,62.42006622,0.000533684,0.004111043,0.000389632,0.004032862,11.92652332,43.45333427,0.000624189,0.001274278,0.000361218,0.001953708,25.48125772,42.79578214,0.000413513,0.002430685,0.000411301,0.002210179,28.52532976,45.03340834
1125,0.000477187,0.001549428,0.000277473,0.002095322,19.66924891,43.55831177,0.000361157,0.00192851,0.000192938,0.002541371,16.74622062,38.51199,0.0005391,0.001616305,0.000279154,0.00202429,16.73761205,43.94429623,0.000282347,0.001364319,0.000314834,0.001717713,24.23070121,44.54893517,0.00043757,0.0021024,0.000113502,0.001924455,28.40294908,42.83524393,0.000428638,0.001451967,0.000403669,0.001815842,27.6077114,43.5225681,0.000983169,0.028638048,0.003450392,0.015687793,40.65389232,61.54973125,0.000485458,0.00160696,0.000203041,0.001508209,21.55522288,35.02123491,0.000292555,0.001886086,0.000374759,0.002323672,24.47399046,46.28644741,0.000962297,0.00246523,0.00050027,0.002146264,24.54197219,47.36794369
1126,0.000464154,0.001092865,0.000283094,0.001820118,21.67636462,36.97861324,0.000701316,0.00192582,0.000389449,0.002501302,15.59056602,42.44887134,0.000383211,0.001757221,0.000292603,0.001264164,16.20747289,43.74421171,0.000477182,0.001349736,0.000335948,0.001916814,18.79492908,42.03242173,0.000334858,0.002414798,0.000257455,0.002151668,25.32350108,46.82867739,0.000569848,0.001160139,0.00047641,0.001031191,26.94109872,43.49166231,0.000508265,0.013065624,0.001431958,0.006753511,36.08128075,55.57114368,0.00047269,0.001299993,0.000207031,0.001410615,23.44338312,40.29357048,0.000270184,0.003564662,0.0002356,0.003184944,27.36969984,43.06136043,0.000844289,0.0011705,0.000603645,0.00091905,28.46809191,43.70652114
1127,0.000451518,0.001389616,0.000323432,0.002291317,23.42967589,37.92806414,0.000840657,0.001977852,0.000421524,0.002548243,14.41271527,40.40026291,0.000529711,0.001339026,0.000351438,0.00112689,20.84482943,41.63681822,0.000567386,0.001641947,0.000370777,0.001711041,17.72144992,40.43724499,0.000473107,0.003016106,0.000196816,0.003081734,23.11609803,40.66848507,0.000525516,0.001509328,0.000427729,0.0011694,25.18791802,39.91588059,0.000337188,0.007338976,0.001000153,0.004266914,29.51923033,50.08186484,0.000458043,0.001975605,0.000416307,0.002281287,25.35766866,41.57616559,0.000456839,0.003730779,0.000124167,0.002914585,22.61205972,36.70942657,0.000361592,0.002068008,0.000413597,0.001587645,30.60547308,48.01993087
1128,0.001106678,0.005355834,0.000820837,0.006718588,22.46823726,42.63977958,0.000580481,0.001754613,0.000204064,0.001907808,12.46519564,40.36420973,0.000436563,0.000798086,0.00032497,0.001527211,20.77868516,42.20966686,0.000221589,0.002040637,0.000167257,0.001623045,15.92591366,39.84615331,0.000657952,0.003435904,0.000386288,0.003330373,21.81220438,38.06255597,0.000630831,0.001274322,0.000344612,0.001179917,27.62572328,37.10876593,0.000493188,0.004112239,0.001075334,0.001942244,25.7975188,48.86639857,0.000293636,0.003602604,0.000417277,0.003759057,28.04245306,47.71596746,0.000509843,0.00259992,0.000378897,0.002689319,23.79544362,44.16439819,0.000687631,0.002997307,0.00037963,0.002874347,28.07772154,47.43521674
1129,0.00130545,0.005626803,0.000925452,0.007383838,16.3365956,39.83103503,0.00053476,0.00210398,0.000273204,0.001006637,20.37718157,41.31728304,0.000536619,0.00213764,0.000253827,0.002773305,12.07127798,40.51620153,0.000243949,0.001341797,0.000257518,0.001230341,20.04125285,41.73264511,0.000474882,0.003190018,0.000320903,0.00176519,23.7867238,43.37002198,0.000578235,0.000460886,0.000307617,0.000589586,21.80232506,39.50971716,0.001135401,0.002092627,0.000898301,0.002199051,25.05113397,48.80438746,0.00043603,0.003803722,0.000499375,0.00395214,27.74298109,48.09247184,0.000860283,0.005157303,0.00067688,0.005638292,23.08597568,42.35803839,0.000502728,0.003640744,0.0003354,0.003247706,27.88219521,46.86474112
1130,0.000860909,0.003031951,0.000588355,0.004668647,7.098083492,34.75293052,0.000848057,0.002666853,0.000380288,0.002814901,16.74712779,40.14014547,0.001012035,0.003242456,0.000627917,0.004288054,13.06462748,41.24130695,0.00034384,0.001697036,0.000147575,0.001652606,18.83437276,38.16729506,0.000737815,0.006471194,0.000312161,0.004379346,24.55544776,44.19233298,0.000487578,0.000581413,0.000199347,0.000636326,15.86423034,44.30516539,0.00085867,0.001523338,0.000669292,0.001471746,18.32136333,47.67189059,0.001282403,0.005755481,0.000773078,0.00676905,24.970829,49.47875287,0.001298757,0.004775443,0.000533587,0.004970211,18.51171262,36.24333801,0.000640063,0.003001775,0.000476915,0.002505203,23.77662962,46.1674659
1131,0.000691435,0.001988258,0.00041835,0.003243687,17.40795175,39.39071235,0.000658209,0.001875391,0.000288593,0.002359718,15.04131808,37.18470596,0.001524719,0.00763108,0.00080482,0.008029951,16.46909903,41.3631827,0.000380414,0.002018615,0.000394048,0.002119351,24.04026033,42.99062361,0.00021429,0.003116888,6.97E-05,0.001709059,25.13443086,39.12062172,0.000611891,0.000666193,0.000304562,0.000846188,13.43390533,44.25315809,0.000508545,0.001366473,0.00034225,0.001523834,15.25849704,42.63050202,0.000911235,0.006068684,0.000626056,0.007854331,27.58280618,46.68656512,0.001693243,0.000911045,0.000633348,0.001572011,24.74431505,37.06772531,0.001118727,0.002097272,0.000750653,0.000918008,24.00264247,49.05830423
1132,0.00046167,0.000923139,0.000297729,0.001398449,17.69166551,42.61550275,0.000758932,0.001540566,0.000389642,0.002056472,15.74106017,35.11130154,0.00152639,0.008399984,0.000862602,0.007321824,13.3008742,42.29997875,0.000612879,0.002278835,0.000564829,0.002777854,25.58730616,45.35558853,0.000387361,0.000962334,0.000141154,0.001725557,23.45934702,37.96984079,0.000357427,0.001547152,0.000317483,0.001654757,18.33783446,44.78042927,0.000381823,0.001011658,0.000287104,0.001106873,12.53644871,34.84931205,0.00161816,0.01234629,0.000876666,0.014421662,28.56386083,49.87470811,0.002551108,0.00120355,0.001072725,0.00347216,26.92112319,45.60892344,0.000754525,0.002035687,0.000476287,0.001622371,29.23308902,45.57006223
1133,0.000408641,0.001126166,0.000278909,0.001013256,16.51991135,42.34559008,0.000413025,0.00089735,0.000351153,0.000987848,7.73714288,35.69594702,0.000945922,0.004092768,0.000485522,0.003766995,14.27222918,40.29216756,0.000965744,0.003577723,0.000619533,0.004781912,23.16802166,40.94646487,0.000229108,0.000574513,0.000169813,0.001119682,23.1865997,37.77562475,0.000583619,0.002119646,0.000434525,0.00171451,19.37590202,45.26404027,0.000293911,0.001445896,0.000305636,0.002422527,18.32120538,42.65475639,0.010260246,0.04243343,0.003950161,0.04729299,28.72890923,61.65716733,0.002316121,0.002778,0.000971325,0.004136823,22.9066222,43.78705678,0.000317941,0.001285577,0.000285894,0.000469025,28.66604533,45.25500757
1134,0.000226317,0.000836187,0.000180354,0.000603269,15.15549482,34.84085513,0.000519884,0.001713599,0.000243013,0.000941246,14.92151167,28.74770828,0.001034634,0.00474684,0.000658397,0.004252256,16.38399224,39.67259503,0.000594819,0.000860854,0.000381284,0.00198851,12.3560165,40.05812577,0.000451331,0.001498979,0.000276844,0.001049708,20.11618576,39.45186326,0.001585405,0.007600942,0.001321458,0.003773596,23.42528122,52.91040919,0.000506894,0.002229679,0.000148047,0.002940925,23.00273136,45.67691131,0.015582226,0.058518145,0.005974532,0.064722081,31.29660285,64.49397722,0.00444879,0.006340485,0.001558616,0.007175923,18.69777417,42.60186184,0.000954823,0.001999782,0.000589804,0.001335135,24.91435603,48.25861623
1135,0.000666122,0.002529594,0.000423239,0.003743298,15.63280209,36.31703239,0.000442067,0.000916909,0.000159328,0.001135442,18.41918735,27.28627951,0.00065801,0.002503356,0.000412327,0.001598549,19.14233363,38.29977546,0.000937929,0.002341139,0.000484389,0.002270223,18.60274455,45.24405276,0.000817957,0.002128976,0.000496327,0.001493558,17.74244297,43.53682145,0.002423272,0.012574407,0.002346846,0.005331742,29.45595261,59.3164265,0.001203708,0.003589384,0.000474127,0.004868098,24.67450945,49.52671693,0.006261625,0.022471598,0.002405289,0.024870177,26.23137411,55.08192997,0.009788366,0.013589961,0.003321373,0.014345258,22.34230457,48.29167436,0.000980293,0.001031191,0.000576752,0.000874361,25.23385534,47.231595
1136,0.000928917,0.002610913,0.000527717,0.003727453,17.0329407,27.8711739,0.000389646,0.001015114,0.000126065,0.00126642,17.90847686,40.44369157,0.000543247,0.001603448,0.000223856,0.000920362,14.7785363,38.98113375,0.000770126,0.001590762,0.000419833,0.001847721,21.91072116,45.11623189,0.000924733,0.00177911,0.000574246,0.002062589,18.14021155,39.4755237,0.001601703,0.007845773,0.001548318,0.003417897,26.7416271,57.17709663,0.001431858,0.003197083,0.00046284,0.003226052,19.47076248,48.52063034,0.002532336,0.009379178,0.000844679,0.010141454,18.91360703,47.71858996,0.006410943,0.00837588,0.002292647,0.008644619,21.63426914,49.03647941,0.000628361,0.001877618,0.000421711,0.002747804,26.83687726,46.23869502
1137,0.000437483,0.000841134,0.000216355,0.001338484,15.70264886,31.58941001,0.000458277,0.001405802,0.000323512,0.001151198,13.88595345,40.93704378,0.000643242,0.000932001,0.000281607,0.001916188,16.88392724,40.24923539,0.000503942,0.000805495,0.000332092,0.000878713,21.59430073,44.2478607,0.000885129,0.001089069,0.000541582,0.001706364,17.38923677,44.08333661,0.001036254,0.0028426,0.000346725,0.002513457,25.10516162,45.01259336,0.000974875,0.002089623,0.000346327,0.001476048,17.30909804,47.23067931,0.001881319,0.00758048,0.000500241,0.008803871,22.17794377,47.10832665,0.002864889,0.002240206,0.001239092,0.002800317,21.7881136,41.91452666,0.000792493,0.001881645,0.000393109,0.002304199,26.24738829,46.80710044
1138,0.000251793,0.000607253,0.00016397,0.000716541,17.34524316,37.15538036,0.000802562,0.00189622,0.000329006,0.001667697,13.99696572,30.48819338,0.000382409,0.000277008,0.000273861,0.001272211,18.16911189,38.63373295,0.000605033,0.001066104,0.000435512,0.001043765,18.53280304,43.31752193,0.000821065,0.001176074,0.000471891,0.00098486,15.19378517,45.42884579,0.000905395,0.001416756,0.000550632,0.001612694,25.16844887,43.29927018,0.001565479,0.002221895,0.000285534,0.003113552,16.99457716,40.77699946,0.001271185,0.004733183,0.000707902,0.005852923,26.93591079,45.01019465,0.001917575,0.00333929,0.000865854,0.003763538,23.02793143,39.4163746,0.000878194,0.001978306,0.000473291,0.00138651,21.78054455,45.14054802
1139,0.000510585,0.001031433,0.000270868,0.000964356,20.24386203,37.86235777,0.000636724,0.001861026,0.000312642,0.001869554,16.01787189,37.48686767,0.000427942,0.001202384,0.000198084,0.001175632,14.97268056,41.00427956,0.000523607,0.001176267,0.000423537,0.001600294,17.98773873,42.88588085,0.000497091,0.000941403,0.000150825,0.000896129,21.29437283,44.1168165,0.000634707,0.000574513,0.000417784,0.00055648,23.36027945,40.49856013,0.003112265,0.00268832,0.000907882,0.004799636,11.85639464,43.9640469,0.000625775,0.0019968,0.000426932,0.002342126,22.52403565,43.62126004,0.001118165,0.003359253,0.000526533,0.003445373,24.13287265,38.46191129,0.000565922,0.001941241,0.000348279,0.002439646,21.66098396,39.4040904
1140,0.000628026,0.001074614,0.000250865,0.001280859,18.54216048,37.56898985,0.000456788,0.001232726,0.000255197,0.000937472,14.28635022,38.15159653,0.000687257,0.002343105,0.000139194,0.002573833,20.72884264,40.76789527,0.00043518,0.001106266,0.000342659,0.000959359,18.7570871,38.65136629,0.000264368,0.000931244,0.000165779,0.001144697,24.85714064,41.97978083,0.000652222,0.001396665,0.000317983,0.000922804,20.05952645,41.61761077,0.001926392,0.001970958,0.000585093,0.002409218,22.31082052,41.69183471,0.000997582,0.001069356,0.000395467,0.00068182,23.05279266,45.44192181,0.000943532,0.00239829,0.000248619,0.002469456,25.736264,45.48079438,0.00059165,0.001837042,0.000481168,0.00250084,20.8162762,45.59537614
1141,0.000707966,0.001222444,0.000318744,0.001477264,14.23585177,32.43830346,0.000609603,0.00159775,0.000281137,0.001455225,20.44494475,35.41275985,0.000823219,0.002413957,0.000311566,0.003021049,21.27926004,39.51038902,0.00050432,0.002007157,0.000276849,0.001454776,21.8692062,35.15436954,0.000379688,0.00148062,9.37E-05,0.001186991,19.65876993,37.99187188,0.001104874,0.001453365,0.000343668,0.001485898,14.35505721,43.41952501,0.00102835,0.001090642,0.000338061,0.000888108,22.4706523,42.54349538,0.000634842,0.00132953,0.000267462,0.001026749,24.04895147,42.58031599,0.001067897,0.004502988,0.000360938,0.00439365,24.26397775,50.46811381,0.00059027,0.002246578,0.000511245,0.00206895,22.170963,45.42560809
1142,0.000436879,0.000991344,0.000163398,0.00082556,17.69352509,38.73103965,0.000698848,0.001631616,0.000247803,0.00176212,18.6841602,34.61793198,0.00027762,0.000789684,0.000163066,0.001599297,16.72021993,37.8275008,0.000591093,0.001397316,0.000209883,0.001664828,19.86831788,33.511065,0.000651517,0.003750671,0.00024006,0.003606532,17.62464201,39.41308475,0.000996028,0.000894781,0.000291626,0.001367372,19.03730919,39.67426439,0.001024224,0.001709848,0.000443395,0.001847723,16.62603478,46.86457596,0.000353799,0.001962674,0.000242345,0.001060924,24.18470254,41.05029811,0.001211986,0.006254889,0.000572165,0.005618921,19.48970419,50.56834372,0.000836857,0.002262178,0.000507153,0.001880117,24.43013847,40.74487905
1143,0.000263898,0.000859422,0.000133129,0.000373363,17.16231189,42.30247923,0.000602815,0.002013961,0.000332303,0.001223293,8.054359487,41.65125306,0.000611621,0.001292691,0.000431158,0.001496464,10.58815758,40.03982896,0.000575686,0.00096698,0.000233693,0.002366124,16.20392992,41.87486213,0.00112095,0.004701703,0.000543309,0.004882461,17.77474001,39.62674881,0.000611997,0.000915325,0.000218458,0.001034958,21.52861064,44.10671184,0.000703781,0.002041951,0.000370412,0.001839358,18.17599433,41.97073596,0.000330424,0.001875255,0.000180788,0.000853022,22.42179493,43.43537347,0.002861627,0.014772746,0.001216533,0.013340774,26.20996099,56.45080851,0.000806569,0.001361804,0.000435336,0.001440799,22.78638955,37.44318209
1144,0.000521456,0.001094633,0.000253499,0.001021793,16.74274364,38.33937144,0.00235681,0.004883452,0.000892711,0.005252701,16.30203373,46.96764782,0.000730149,0.001407565,0.000444144,0.001401516,13.50340682,41.63274117,0.001346788,0.004381282,0.000695938,0.007457656,18.98200111,45.4548314,0.001329384,0.004190696,0.00075345,0.004817064,17.49431495,50.26610656,0.000241013,0.001081507,0.000169739,0.000601915,22.94117361,44.77215233,0.000589653,0.002163026,0.000278416,0.001748017,16.39870895,44.60759551,0.000844376,0.001766138,0.000291219,0.000996192,23.96084754,41.77591238,0.005940951,0.024435329,0.002475483,0.023219381,25.55357831,59.31906824,0.000921948,0.000864544,0.000537908,0.001154231,23.22339454,36.93603646
1145,0.0005124,0.001340047,0.000184583,0.001044234,17.98008824,31.89149407,0.003407296,0.006174748,0.001207138,0.008044633,18.28226479,47.42848316,0.00088542,0.00078736,0.000403981,0.000882837,10.74787274,33.08827935,0.002588297,0.007926002,0.001319589,0.011851492,18.48732042,46.44193532,0.001343222,0.002919307,0.000564799,0.004131903,20.75160471,52.18308237,0.000702167,0.001300359,0.000418123,0.001026067,25.8638508,39.68180087,0.000525481,0.001331838,0.000331613,0.000986896,20.96677821,46.00025097,0.001349936,0.002484056,0.000352329,0.001540166,22.2611623,40.62136526,0.004406149,0.012508421,0.002119425,0.012746685,23.76185443,53.18658714,0.001527681,0.002121538,0.000841289,0.002123442,18.16216074,42.01653106
1146,0.000293987,0.001499695,0.000115272,0.000773873,19.13471143,37.71611267,0.001005252,0.001678585,0.000394486,0.0026742,16.34069647,38.06545856,0.000942957,0.001559911,0.000335421,0.001679035,15.22091827,37.21178443,0.001637877,0.004060508,0.000923427,0.005909715,20.51731043,45.16047956,0.00101028,0.001288512,0.00022069,0.001742415,12.62899098,46.1540784,0.000958515,0.001159237,0.00042763,0.001853321,28.10131637,45.06150021,0.000868103,0.000785244,0.000385041,0.00121417,21.92755056,45.40399975,0.001079144,0.001798758,0.000428674,0.001330837,19.27974486,40.72382814,0.002949333,0.008211198,0.001497992,0.007079534,24.2865069,46.42760707,0.001696892,0.002135362,0.000818234,0.001963272,21.82644923,41.05253335
1147,0.000413684,0.001283932,0.000132131,0.000781575,12.03447588,39.53605849,0.000383052,0.001316205,0.000123491,0.001231587,13.99616027,37.21694665,0.000802558,0.002465225,0.00022399,0.002080282,19.98996127,41.68288551,0.000707895,0.001044871,0.000286447,0.001839375,20.29699593,40.25898485,0.000603277,0.000638637,0.000198807,0.00087009,17.96880745,42.21387852,0.000846164,0.001059222,0.000302387,0.001929956,22.51835397,44.79022642,0.001952362,0.003708803,0.000919082,0.003691209,19.79248718,42.56817866,0.00075783,0.000819092,0.00039813,0.000874534,14.25642578,44.26143305,0.002171767,0.006344823,0.00099091,0.005697007,18.71319927,41.90778831,0.00128094,0.0013779,0.000741076,0.001518415,24.72572107,46.34541968
1148,0.000669235,0.001086351,0.000188162,0.000987302,16.25959811,33.99432872,0.000447641,0.00146888,0.000131166,0.001474034,19.22356826,36.66904653,0.000191213,0.001596724,0.000218294,0.001304865,19.84928794,42.42158853,0.001011405,0.001641552,0.000414578,0.002885158,20.42073862,41.17867207,0.000747598,0.0008553,0.000224141,0.001226295,8.640778086,36.75235443,0.000678949,0.001111909,0.000200914,0.002935337,18.34508846,44.06746298,0.002880837,0.005974993,0.001516038,0.004763103,22.82214498,42.21416063,0.00062431,0.002060646,0.000460664,0.003183645,11.52044777,47.66944047,0.001244177,0.002628656,0.000684973,0.002369804,24.12799395,37.34521451,0.000786834,0.000924597,0.000387211,0.000598546,21.69545604,45.2738493
1149,0.000626679,0.000763737,0.000175083,0.000946319,18.65391913,37.3557769,0.000740727,0.001765225,0.00021252,0.001946219,20.78182892,37.90000355,0.000371824,0.001350306,0.000462724,0.001372974,20.12136433,47.24772731,0.000749109,0.001802381,0.000465369,0.003063149,24.1266587,42.94277328,0.000729224,0.001746985,0.000277455,0.001481923,21.24574678,34.83935601,0.000657476,0.000622616,0.000245901,0.001947853,14.56984882,41.64140901,0.002004434,0.003794126,0.001110666,0.003146551,17.69985587,46.0621026,0.00087647,0.002720226,0.000311786,0.003467921,17.84602377,41.98492051,0.001365796,0.002303917,0.00060535,0.001594245,20.46863931,41.70790145,0.000801968,0.002347137,0.00052377,0.001969053,27.05977577,39.66582874
1150,0.000517499,0.000889099,0.000153011,0.000749212,20.35938052,42.67887859,0.001070188,0.001840195,0.00034359,0.002334963,14.55389265,38.64177114,0.000603813,0.000764582,0.000168764,0.001669589,23.56503648,40.51591187,0.00077888,0.000981696,0.000254216,0.00154,21.49859755,40.27108574,0.000362047,0.002046286,0.000109531,0.001495813,25.29597608,40.49723481,0.001261413,0.001129433,0.000518636,0.001465903,20.08507311,41.43862485,0.00939627,0.018359829,0.004965011,0.013790656,33.02741157,56.74245307,0.002027972,0.005612032,0.000900906,0.007580201,16.07024877,40.59907161,0.001366111,0.001929142,0.000585984,0.000787626,19.41983941,41.31842381,0.001134131,0.002724761,0.000660573,0.001823553,27.55677774,45.3139952
1151,0.000300295,0.00087189,0.000136936,0.000696393,18.51668585,40.82360938,0.000805898,0.001051227,0.000260359,0.000786755,16.35515399,39.58874762,0.001180307,0.000293585,0.000312078,0.001945807,20.67436811,46.07572394,0.00067309,0.000838511,0.000108279,0.00136744,10.02401808,40.26931256,0.000634985,0.002418162,0.000225188,0.001967695,19.62794693,39.03393641,0.001645831,0.001143204,0.000618186,0.000934044,26.39366626,41.92694532,0.021702601,0.040913321,0.011279818,0.030051161,38.98146803,64.71217003,0.001436156,0.003379134,0.000794697,0.005606795,22.36321658,44.13544053,0.000324309,0.002311925,0.000278475,0.001037791,20.15626073,35.30098824,0.001934311,0.00873228,0.00137579,0.00628773,27.67823106,52.78871048
1152,0.000125221,0.000768087,9.11E-05,0.000821554,18.10039487,39.96049122,0.000309713,0.000623527,4.58E-05,0.00135259,17.45815528,31.37535072,0.00055851,0.000552916,0.000188768,0.000881771,14.43356124,42.50248838,0.000271902,0.000816623,7.54E-05,0.001115244,19.23909116,39.08461691,0.001114465,0.002749939,0.00045356,0.002825442,22.19524552,27.56610157,0.001623319,0.000838654,0.000529586,0.001493614,26.06542908,38.72001666,0.014122942,0.024269555,0.007242069,0.017862693,33.95661323,60.48800777,0.000828998,0.00173357,0.000354379,0.001275196,25.04837494,44.94592782,0.000748614,0.0021195,0.000391991,0.001151403,17.20606176,42.13364974,0.002606194,0.013744874,0.002192413,0.011325494,26.232789,54.71674625
1153,0.000484137,0.000861424,8.39E-05,0.001049386,15.97255758,40.88539588,0.000656577,0.00138872,0.000135059,0.001215948,12.00968324,38.70803871,0.000395713,0.000494966,0.000257056,0.000723106,16.70091468,34.47671893,0.000566721,0.000844673,0.000105774,0.000596788,22.49823447,38.03172396,0.001037278,0.002017035,0.000366708,0.002113586,18.08917329,40.17684056,0.001247353,0.001158943,0.000322788,0.001242214,20.72370988,39.16361871,0.002071869,0.005791938,0.00103139,0.003551093,23.83191319,44.57745736,0.000956098,0.001269381,0.000312506,0.000716528,18.7461319,46.16782282,0.000409721,0.002142875,0.000187265,0.000967643,22.35023107,42.93867434,0.003461033,0.012347511,0.001820251,0.013157648,23.88907601,48.11749068
1154,0.000605423,0.000840091,0.000129841,0.00083202,19.09344313,39.92730941,0.000787004,0.001105637,0.000229291,0.001402649,19.10193283,42.62758987,0.000596848,0.000903398,0.00024707,0.00040911,21.8865027,36.31813711,0.000599128,0.001090794,0.000133046,0.000939243,21.83914287,35.19136617,0.003960312,0.010862453,0.001434433,0.012158134,23.12660215,36.64584621,0.001121044,0.00139969,0.000254777,0.001197706,14.81663372,41.08731634,0.003676132,0.006319759,0.001825626,0.004432386,18.84572113,46.78525771,0.000915793,0.001679354,0.000281533,0.000173917,22.67215277,47.05730758,0.000815007,0.001638029,0.000286668,0.001196404,20.01560707,32.21937017,0.010302598,0.031894209,0.004189485,0.036757753,29.0087587,52.59659218
1155,0.000416384,0.000605983,0.000182527,0.000809906,20.47765416,32.60683498,0.000381364,0.000552841,0.000118858,0.000467088,18.81696678,38.9683078,0.000757228,0.000671408,0.000127582,0.001174745,21.81090646,36.41495662,0.000721903,0.001525559,0.000156087,0.001094901,21.41083091,37.65864575,0.007514208,0.019469164,0.002824978,0.022001469,26.98924435,38.43434057,0.000645468,0.001047553,0.000204399,0.001094263,14.12304807,42.76660177,0.002182959,0.003641313,0.001187891,0.002237831,21.46095973,44.64720814,0.001361844,0.001207779,0.000518272,0.001267813,25.46335702,43.66166153,0.001015804,0.001466094,0.000476147,0.001071482,21.19061378,38.80844693,0.00921022,0.026419789,0.003768042,0.03164441,26.61242605,53.26703391
1156,0.000345509,0.000897808,0.000178596,0.00168222,18.25968697,38.42749873,0.00028307,0.000913863,0.000227853,0.000336139,17.75370465,31.82274657,0.000831395,0.001135787,0.000104947,0.000997787,16.29957427,40.20252252,0.001064698,0.001607952,0.000232473,0.001334043,22.07860343,40.53399165,0.004246161,0.009806296,0.001488313,0.01174637,17.75110307,42.48699815,0.000188406,0.00107092,0.00017191,0.000793798,18.82447924,43.46941487,0.001068864,0.002283115,0.000499594,0.001010338,22.572556,43.39237117,0.001701709,0.001571602,0.000403181,0.000612412,24.35427186,39.78262016,0.001195806,0.002127451,0.000476057,0.001634525,18.28343693,42.67970456,0.001815287,0.005118066,0.000730989,0.006688564,28.95444703,45.87379038
1157,0.000645868,0.001163692,0.000290184,0.001759239,19.99625511,40.92922987,0.000417176,0.000494595,0.000347731,0.001377571,17.4428633,39.1868367,0.000809247,0.001186349,0.000193639,0.001686182,10.68065755,36.16926843,0.001144967,0.001151233,0.000226175,0.001574588,20.11432354,41.00461554,0.001341995,0.003668017,0.000417104,0.003082755,22.01911567,41.77902892,0.000389109,0.001432378,0.000104607,0.000504753,22.46770451,43.10781001,0.000648575,0.000750565,0.000305139,0.000811642,17.84327309,41.65098466,0.002265593,0.003762307,0.000805793,0.002856711,22.73186523,43.73262635,0.001353019,0.003010438,0.000438279,0.002371427,24.32358088,43.71423231,0.001036964,0.003385021,0.000524621,0.003412389,27.64546553,39.71903507
1158,0.001214742,0.001741094,0.000480331,0.003730763,20.63729002,38.97946729,0.000537635,0.000509616,0.000395646,0.001441078,21.69264597,44.72902171,0.0003406,0.000282208,0.00013836,0.001226991,14.71471626,31.52550905,0.001271219,0.000680323,0.000241187,0.001443743,25.22007843,36.68185035,0.001050801,0.003496752,0.000492134,0.003616537,26.20955967,39.09025307,0.000335297,0.00144201,0.000113219,0.001093864,23.60399775,41.29047235,0.000630781,0.001204195,0.000310516,0.001433997,24.4802122,48.30930244,0.003514186,0.007167501,0.001417238,0.003927203,29.11740998,51.60113441,0.002536534,0.006383491,0.000846072,0.006465206,23.55771867,43.31991714,0.001505619,0.003491111,0.000594894,0.00422016,21.83591134,43.83587886
1159,0.000968324,0.001669053,0.000331907,0.003287156,17.67662757,29.0617978,0.000377581,0.000617099,0.000154807,0.00075466,15.26211639,39.81415093,0.000609187,0.000627777,0.000155691,0.001013785,13.49448135,35.06293895,0.001875535,0.001161292,0.000502629,0.002172879,24.92560562,35.4278566,0.000467843,0.001198212,0.000235056,0.00160212,25.94811185,42.08008081,0.000567175,0.001632984,0.000308784,0.002121252,21.29153015,39.64546183,0.000852317,0.000776122,0.000426561,0.001443135,25.02465597,46.74735249,0.005597545,0.013177265,0.002556862,0.006379132,32.96830075,56.9430283,0.003686517,0.009511934,0.00115269,0.009970538,25.06184447,46.9963153,0.001576969,0.003103749,0.000529839,0.003001232,18.11835824,44.68673879
1160,0.000521763,0.001206492,0.000144638,0.001011084,21.46320978,39.50122023,0.000508059,0.001150243,0.000135623,0.001534494,17.41492896,36.79303452,0.000432186,0.000618585,0.000165473,0.001229483,16.69206407,32.27166066,0.00127509,0.001800735,0.000441232,0.001391548,19.53137104,38.04497569,0.000920438,0.001125011,0.000304876,0.000807781,22.88800415,44.46816492,0.00316765,0.005694943,0.001106022,0.007829999,11.67910112,38.56403422,0.00049454,0.001399997,0.000214414,0.00156284,23.75078505,40.29851263,0.00821141,0.019502992,0.003976188,0.00909045,35.17999144,59.39559753,0.006481993,0.016052015,0.002235981,0.020080591,30.28300395,50.07012663,0.000886405,0.001516661,0.000173031,0.000344345,20.22536724,42.24151825
1161,0.0012935,0.001219902,0.000360595,0.005743491,18.94782109,39.75192346,0.00065586,0.00125035,0.000293469,0.001689344,18.5034148,39.00283562,0.00064106,0.000897744,0.000152142,0.00161463,14.60431391,33.4330995,0.000278616,0.001415973,0.000121929,0.001118836,16.84759703,32.69834515,0.001289984,0.001229068,0.000365733,0.000944643,24.05469187,45.81564444,0.006547288,0.012050238,0.002161511,0.016552484,22.79601282,46.41619274,0.00117502,0.003950315,0.000475373,0.004996909,20.87760882,41.733562,0.013455103,0.029381112,0.006539135,0.013633811,36.55343225,62.54760378,0.011604211,0.027877975,0.004623662,0.037074102,31.53862423,53.4858829,0.000904423,0.001433942,7.89E-05,0.000590368,22.56484872,39.2432826
1162,0.001762276,0.001479677,0.000481682,0.007728904,20.64942516,35.56348718,0.000583485,0.000807306,0.000287954,0.001312965,18.60157018,36.57120399,0.000978282,0.002016531,0.000387877,0.002350553,18.78695282,37.87757136,0.000767219,0.000764331,0.000277457,0.001251715,15.95087927,38.72337475,0.000973737,0.000999208,0.000362392,0.000480533,26.90887137,42.20682659,0.005333953,0.009208236,0.001991574,0.01214318,28.9970324,47.02700501,0.001515202,0.004657638,0.000506038,0.006238044,23.82442628,44.27375222,0.021167424,0.046090701,0.009853673,0.021495046,39.81109466,66.43402136,0.00790855,0.017946404,0.003377547,0.02357098,29.38981478,49.34373791,0.001350226,0.001805234,0.000306103,0.001540129,27.05059474,41.27576092
1163,0.001157861,0.000830722,0.000370475,0.003618706,7.18525596,35.49806907,0.000424292,0.000971212,0.000136199,0.000811153,18.26092083,35.87670695,0.000632042,0.002027917,0.000196896,0.002203204,14.30777759,38.53445299,0.000898347,0.000681536,0.000375422,0.00122041,21.1750134,39.67221019,0.000363119,0.000339911,0.000326212,0.001436119,25.20014928,41.23595768,0.001632967,0.003830456,0.001284763,0.002973411,29.16665811,49.39968607,0.001628761,0.004782547,0.000668885,0.005433834,25.32377363,38.69743055,0.04097541,0.099049455,0.018421918,0.04460561,45.48311233,71.16050751,0.002416925,0.006712663,0.001365878,0.009221663,28.74144091,38.72550502,0.000665871,0.001172248,0.00030641,0.001113212,26.02443245,40.7104426
1164,0.00049335,0.000508377,0.000203391,0.001370534,14.72089195,38.30375235,0.000596436,0.001369354,0.000205051,0.001348894,17.25322,37.25324965,0.000601728,0.001290538,0.000218849,0.001459625,14.87656237,40.45933972,0.000741221,0.00088209,0.000311981,0.001237929,23.14924108,40.93782442,0.000526467,0.000867665,0.000378582,0.001179834,21.90317702,41.02742801,0.001243554,0.003948564,0.001112553,0.001433941,28.82123221,46.85033322,0.007028611,0.019472143,0.002560127,0.027805945,28.25669824,50.22024723,0.127072302,0.281206067,0.053415934,0.125916708,54.34617649,79.16218471,0.001239356,0.002946015,0.000833521,0.004878801,26.93909874,46.40460473,0.000649585,0.001812222,0.000231503,0.001246471,23.6308247,43.99616228
1165,0.000177238,0.000699433,0.00013187,0.000721996,18.96996289,40.58885012,0.000718537,0.001480434,0.000414066,0.001325278,17.0890008,37.47699291,0.00068107,0.001343875,0.000273638,0.001783348,19.91242148,42.73807633,0.000790901,0.001656735,0.000288124,0.001141064,20.99419586,37.99616863,0.00051274,0.000640701,0.000247883,0.000270172,18.43798082,41.12916181,0.000856918,0.000682045,0.000555733,0.001003997,19.17876931,45.83521673,0.009984547,0.025752639,0.003459908,0.036694882,32.24861967,54.56487119,0.123415533,0.249993294,0.050349744,0.112029843,53.73073234,77.88082876,0.001418329,0.00212359,0.000821523,0.002325348,26.26231712,45.81425028,0.000675621,0.001092675,0.000181831,0.000828773,23.1746026,45.14284277
1166,0.00053773,0.001339245,0.000167018,0.000970228,24.25332137,41.74218365,0.000497487,0.000416857,0.000361148,0.000879375,18.52837284,40.14171143,0.000631146,0.001649762,0.000241845,0.002917185,18.87542227,38.7366491,0.000305878,0.001062886,0.000225986,0.000727491,22.08842904,41.16688675,0.000690079,0.001098408,0.000245798,0.000462955,16.5349526,37.69810095,0.000867167,0.000503469,0.000588184,0.000667609,26.61043042,47.03475612,0.004390659,0.009020509,0.001697884,0.011666782,29.98724555,48.51583145,0.03276199,0.059465745,0.012823977,0.025906469,41.45452927,64.94060886,0.00075442,0.001108131,0.000391744,0.001561818,26.56974912,41.48253573,0.001157945,0.001578756,0.000452011,0.001674351,26.30697045,45.94087994
1167,0.000480279,0.001500528,0.000170348,0.001777858,22.31039622,36.20679258,0.000358215,0.000428456,0.000239351,0.001102819,16.82312759,38.70457257,0.001129313,0.001303452,0.000529278,0.003076476,20.93966681,42.60137095,0.000358338,0.001124067,0.000322932,0.000327132,21.63103275,42.82985955,0.000436603,0.000397238,0.000439449,0.00068155,21.13152487,42.29077438,0.000837085,0.001225754,0.000386933,0.000948572,26.0254128,44.12834411,0.001160495,0.003645763,0.000406853,0.005653099,20.71803007,45.98837427,0.019233798,0.043408734,0.00728581,0.020035895,35.34557276,61.00447574,0.000523358,0.000593499,0.000282837,0.00060302,20.79630086,34.37662459,0.001096611,0.002193254,0.000393315,0.00177851,27.29407043,46.43667897
1168,0.00042267,0.001214111,0.000167387,0.001589844,20.93709257,32.61423709,0.000881872,0.001926825,0.000609097,0.003070395,20.75093642,47.21859213,0.001711498,0.002945074,0.000657672,0.005867513,24.7449592,48.00391108,0.000624115,0.001494539,0.000385964,0.000661252,22.94256899,42.51026783,0.001140522,0.001548931,0.00052538,0.001008563,19.69584674,42.87666802,0.000472323,0.000358972,0.000230756,0.000687925,26.48781998,39.1718071,0.0012639,0.003804383,0.000365365,0.005626544,23.11269806,44.64352272,0.015561207,0.035904535,0.006071412,0.015972685,34.56139231,59.28160901,0.00031588,0.000856902,0.000299746,0.000867245,26.29282446,38.68169848,0.001219182,0.001923124,0.000386692,0.001042231,25.07501128,46.89735559
1169,0.000651989,0.001412087,0.000195142,0.001280378,23.38809792,33.50620046,0.000711858,0.002472901,0.000497361,0.003320614,15.70498068,45.34170338,0.000878185,0.001621125,0.000363043,0.004009863,17.19830915,44.60074967,0.000550919,0.001350889,0.000361552,0.000713805,27.40929603,44.22780042,0.000986811,0.001970496,0.000331043,0.001425445,15.74938903,40.78408674,0.000562838,0.000826739,0.000302701,0.001082119,27.83297459,33.07254394,0.000846559,0.002430304,0.000321109,0.003003448,24.38390105,44.03365849,0.007996632,0.018015831,0.002754324,0.007219065,27.01831493,51.33590906,0.000394992,0.000851161,0.000420925,0.001168835,23.19520454,36.6579236,0.001008176,0.003406216,0.00027966,0.00339874,25.00153013,46.06013898
1170,0.000771082,0.001471263,0.000272154,0.00142508,18.3521836,35.53590566,0.000311984,0.00107185,0.000159058,0.001134625,10.75123862,37.44367137,0.000566703,0.000887225,0.000327769,0.001894699,19.6468863,36.62998489,0.000406504,0.001025805,0.000309529,0.001231512,23.65219422,40.94380035,0.000941083,0.001951187,0.000366034,0.001377397,23.49473627,34.62448066,0.000549378,0.001282429,0.000299122,0.001200582,26.55386304,28.28271889,0.00071908,0.001548795,0.000417729,0.002491743,26.07516011,42.78179919,0.001939402,0.004861405,0.000565742,0.001618957,20.77582867,46.44298139,0.000490106,0.00246644,0.000305425,0.000973807,19.14444701,38.80352312,0.00121825,0.003931397,0.000232239,0.003067562,27.58212509,41.1359951
1171,0.000317899,0.000746441,0.000199171,0.001526325,16.7106765,38.48749222,0.000453123,0.000973367,0.000135222,0.000522397,11.45637948,38.04695297,0.000533391,0.00037387,0.000340832,0.001573895,15.37131538,38.17652682,0.000423635,0.000999042,0.000279905,0.001437709,11.06487374,34.79625812,0.000873756,0.002644667,0.000508346,0.001772642,25.89899461,40.37507269,0.000828178,0.001293764,0.000390179,0.000953488,21.90796568,38.59618552,0.000966497,0.001704445,0.000570538,0.001471183,27.24159049,39.67609874,0.001758288,0.005271105,0.000542312,0.001953031,24.77923206,46.18214404,0.000862087,0.003330072,0.000171282,0.001603651,25.39283694,40.86552711,0.001027213,0.002566561,0.00024141,0.000936362,26.58062097,43.97702322
1172,0.000594042,0.001437019,0.000309976,0.002047418,11.15537649,37.9747383,0.000508924,0.00165947,0.000179862,0.000912019,9.413254825,34.15945913,0.000705336,0.002183649,0.000536926,0.001619435,18.48993997,43.56345567,0.000664489,0.001491902,0.00037262,0.000868387,17.39461094,35.18471563,0.000579584,0.002323145,0.000540039,0.001574604,24.78159176,38.64831933,0.000754055,0.000834659,0.000413102,0.001320171,23.83817092,43.44879095,0.000893565,0.001219166,0.000440149,0.000714842,22.31289525,32.97097222,0.001979684,0.004947494,0.000702354,0.001864812,26.84597366,46.09825988,0.001305727,0.005142118,0.000228774,0.005396483,25.44675894,43.46614944,0.00027828,0.001976257,0.000142408,0.001045324,25.01557763,36.57065476
1173,0.000770568,0.001226551,0.000309624,0.001467135,18.95254088,33.77356145,0.00028566,0.000932132,0.000248722,0.00069224,16.17460437,37.18470876,0.000603254,0.002678001,0.000423996,0.001570306,16.57293682,43.4622244,0.000485704,0.001125351,0.000317373,0.000942346,17.48057242,33.45861096,0.000546374,0.000879919,0.000395536,0.0009094,23.15406069,35.5766756,0.000693145,0.000727952,0.000497726,0.000592641,20.16705692,40.11498965,0.000560714,0.00175651,0.000356039,0.000636389,20.68704138,37.82579827,0.00095767,0.002326735,0.00033097,0.001047162,27.12691466,43.84304279,0.001564069,0.008821327,0.000410954,0.008184214,21.11729841,46.4328583,0.000869074,0.001693341,0.000464674,0.00106754,24.61757578,38.38051746
1174,0.000599484,0.000863521,0.000257352,0.000472034,20.48691302,32.40268721,0.00053579,0.000319695,0.000274176,0.001030343,14.23953134,34.43961828,0.000910984,0.002427521,0.000534185,0.001014409,13.23403397,44.12403429,0.000470464,0.000517428,0.000189672,0.001074437,19.41627943,29.02914561,0.000393578,0.00076217,0.000235788,0.000609654,16.62164595,32.98768544,0.000822882,0.000897302,0.000475582,0.000827101,24.4294379,29.02631047,0.000788165,0.001492608,0.000502469,0.001492909,22.9027085,37.7448297,0.001016018,0.002903525,0.000263248,0.000966195,24.20365118,40.88827921,0.003324208,0.017344174,0.000575601,0.013791469,27.28340393,51.50128777,0.00174758,0.001450156,0.000811979,0.000751691,21.2496745,40.09936889
1175,0.000603613,0.000723266,0.000327296,0.000547494,19.37972972,34.83870298,0.000360547,0.000765888,0.000153448,0.000664958,17.43582955,33.92131212,0.000522805,0.00136817,0.000237186,0.001375512,11.56737593,37.06659996,0.000263503,0.000692499,0.000248463,0.001285906,15.27482806,41.97513996,9.08E-05,0.000468069,2.82E-05,0.00085491,17.51456289,35.85602294,0.000478681,0.001341963,0.000388448,0.000811888,27.41952187,37.05883265,0.001240538,0.001056658,0.000802582,0.001148443,24.49075377,35.59658446,0.000642066,0.000610983,0.000265558,0.000252961,21.64017165,44.64469213,0.007995141,0.041272593,0.000847475,0.032559882,29.72974125,58.08546164,0.000908985,0.001398471,0.000469975,0.000917457,20.73927611,42.60088528
1176,0.000442259,0.000419822,0.000321616,0.000704349,18.69760383,36.29673003,0.000559189,0.001157442,0.00034899,0.001196823,20.07366691,31.82031011,0.000519398,0.000942875,0.000290601,0.000583642,12.49467719,35.80133359,0.000459384,0.001021009,0.000353072,0.000945124,17.90875666,41.25696315,0.000542538,0.00081094,0.000216121,0.001005259,13.69940823,36.93566882,0.000480838,0.001890493,0.0002288,0.001835771,21.96076695,39.97373096,0.000903363,0.002094284,0.000569491,0.000906306,23.58914897,33.56918716,0.000485541,0.001426723,0.000420275,0.001287709,23.54612287,44.86549512,0.010706393,0.055312994,0.000992219,0.043814804,33.73586868,60.34482017,0.001976159,0.002360538,0.000968094,0.002582836,20.90488071,35.92010426
1177,0.000446089,0.000688302,0.000184234,0.000416879,19.73946508,36.10113172,0.0006523,0.000947789,0.000456671,0.001241209,19.52169726,27.36507087,0.000509011,0.000809852,0.000391047,0.001010384,16.91250421,36.41828209,0.000674884,0.001143152,0.000314098,0.001048311,9.713740807,33.24110723,0.000731429,0.000881721,0.000300432,0.000828784,23.04351755,39.0584369,0.001634468,0.003071512,0.000691866,0.002428839,21.38166287,42.80212587,0.000413626,0.002631565,0.000289443,0.000577844,14.06676466,39.05253027,0.000705742,0.001911832,0.000244197,0.001150889,25.75287706,47.1569286,0.004709002,0.026759791,0.000472781,0.020042273,30.14395459,54.39478898,0.008053052,0.007144506,0.003296635,0.006125054,27.50033578,49.75021891
1178,0.000511281,0.000605696,0.000224569,0.000433839,13.46199298,36.63026882,0.000566074,0.001583949,0.000372791,0.001219012,17.02731394,35.89612386,0.000284182,0.0015089,0.00021026,0.001750503,16.58410967,37.68874132,0.000292236,0.000478296,0.000159812,0.000732454,16.07364209,40.63423073,0.000793494,0.000967458,0.000353713,0.000313484,24.85850618,37.25817377,0.002675162,0.003831481,0.00111109,0.001567669,22.49793394,45.73995926,0.000755268,0.003252,0.00041042,0.001665392,12.912687,44.3083488,0.001675717,0.002253799,0.000267906,0.003235743,20.88675367,47.82053147,0.00242689,0.013769924,0.0005225,0.009042776,21.13226604,49.05460568,0.007604319,0.006689222,0.003063123,0.004361451,27.59703812,51.68345167
1179,0.000197677,0.000360532,0.000136191,0.000620123,14.41063176,39.16788302,0.000607439,0.001398847,0.00032679,0.002439879,18.44613578,39.04778977,0.000638107,0.00094558,0.000313459,0.001433635,5.011409881,37.83769665,0.000452996,0.000847245,0.000253816,0.000752351,17.89116701,40.61352113,0.000704976,0.000998143,0.000312293,0.001009209,18.2852364,35.2802527,0.001567382,0.002191375,0.000757005,0.000400274,19.98906467,42.85755226,0.000579184,0.002427655,0.00058151,0.001863961,20.57721674,46.40676476,0.001552617,0.002367348,0.000334733,0.004225923,24.43685811,48.4288731,0.000992491,0.007352945,0.000365448,0.005355372,22.45977979,40.2546722,0.001812765,0.00179247,0.000821226,0.003117407,26.29445902,46.16923245
1180,0.000404949,0.001428224,0.000172572,0.000343979,21.54841473,39.93505747,0.000726867,0.001283478,0.000487679,0.002258778,18.41295479,38.39287385,0.000397349,0.001029539,0.000262069,0.001360774,14.02741695,37.139855,0.000312505,0.001321954,0.000218724,0.000604255,17.92959595,25.69515182,0.00044614,0.001138047,0.000238063,0.001080734,18.14008316,38.39481608,0.000883403,0.001091884,0.000595785,0.00054221,21.22741712,38.87323578,0.003201213,0.013459646,0.002157248,0.002241047,30.60498099,56.32976782,0.001408246,0.001857747,0.000474134,0.001551703,24.83394713,44.63333439,0.000559431,0.003757425,0.000291453,0.002619913,25.20434427,39.1225628,0.000505083,0.00155777,0.000426377,0.003528152,24.24026447,46.19130629
1181,0.000482933,0.002139477,0.000221841,0.00052742,21.86477548,38.44409613,0.000749645,0.00030354,0.000591602,0.000599044,19.09928262,27.15368305,0.000304986,0.00106324,0.0001065,0.00106941,11.39535706,42.56642703,0.000302842,0.000973793,9.70E-05,0.001454545,20.45544999,38.63113792,0.00037255,0.000992579,0.00021656,0.000884131,19.47660956,43.64307056,0.000381161,0.000697714,0.000183682,0.000671215,22.88178382,40.46636122,0.004376008,0.016066449,0.00257543,0.00226924,29.94939044,58.30150685,0.001871358,0.001083895,0.000796745,0.000897174,16.49550835,39.15176983,0.000899216,0.003574769,0.000536343,0.002845829,27.33455048,42.30406619,0.000803784,0.001408009,0.00045298,0.001088309,13.67352466,42.09606785
1182,0.000428037,0.001193997,0.000294409,0.00082761,16.01553259,35.54820419,0.000550899,0.000937654,0.000191655,0.000813635,16.44620551,37.55484434,0.000579864,0.001546728,0.000249945,0.001113258,12.20343877,43.28266884,0.000245364,0.001245918,0.000191347,0.002766566,18.21617143,42.18450258,0.000811592,0.001906601,0.000333556,0.00118916,23.30166645,38.64944516,0.000991105,0.00052271,0.00058447,0.000521303,21.24802261,37.57535321,0.001642765,0.00464709,0.001084981,0.0015368,24.83216976,50.79997939,0.001770687,0.001388906,0.000646153,0.002456967,22.86253514,43.59285861,0.000604764,0.001733084,0.000469334,0.002406906,29.07451759,38.31410499,0.001300484,0.003397906,0.000599824,0.003687838,26.81552831,42.63787441
1183,0.00037628,0.000451894,0.000319469,0.000335829,13.46634386,35.23587764,0.000705027,0.001599479,0.000312712,0.001204167,12.75407095,39.01086588,0.000563704,0.001395936,0.000275564,0.001045445,12.56981331,43.13572084,0.001064694,0.002958193,0.000271701,0.004528027,19.19155465,35.80993598,0.000557142,0.001785583,0.000165847,0.001337473,20.8485873,27.80804375,0.001135343,0.001430777,0.000640627,0.00122437,16.74814973,41.23557616,0.000728332,0.003026735,0.000600858,0.001393743,24.48157341,45.51028761,0.000939529,0.001421908,0.000538159,0.003338957,23.90919088,43.6591139,0.000639868,0.000906672,0.000468374,0.001636646,26.63775839,43.67064923,0.002092075,0.009676051,0.000669123,0.003784982,28.08078209,48.96490863
1184,0.000381954,0.000610475,0.000314106,0.000499343,13.79132866,32.96222783,0.000689639,0.001181488,0.000367653,0.001760291,18.24323703,28.34787387,0.000594493,0.00116909,0.000351593,0.000586802,9.869953445,37.21552907,0.00081088,0.002682421,0.000264149,0.003515209,18.99720102,38.1400293,0.000468402,0.00086379,0.000242214,0.000779025,21.20182658,28.97908055,0.000671515,0.001763678,0.000309005,0.001322868,23.19712742,39.96145717,0.00079838,0.003313448,0.000509716,0.001036773,22.13544004,46.81646749,0.002448599,0.000865566,0.001173411,0.002997146,21.97488018,46.9522826,0.00034654,0.001638487,0.000238384,0.001764443,25.426483,44.09330186,0.004827547,0.023958256,0.001458652,0.012705592,23.98700281,48.21047061
1185,0.000273446,0.000711136,0.000246707,0.000513203,12.72690013,33.32854596,0.000940198,0.001849909,0.000620563,0.003262695,19.43074677,38.98289822,0.000716371,0.001309088,0.000476572,0.001456129,8.624430329,38.88153277,0.000515332,0.001438935,0.000492517,0.00156124,18.18733719,40.74284726,0.000633714,0.000572155,0.000401592,0.000703279,17.97572034,38.78061177,0.000327857,0.001191793,0.000202646,0.000747706,24.50042284,43.60187299,0.000329465,0.002463813,0.000358271,0.00129142,21.82130692,40.71998972,0.001669986,0.001199035,0.000724163,0.001318497,22.36910166,45.34879704,0.001007231,0.002751905,0.000583589,0.001497941,24.73160387,43.05149583,0.006258904,0.031034573,0.002050363,0.017560842,24.08879668,48.70700516
1186,0.000309913,0.000684085,0.000129561,0.000365825,13.27571996,37.50780624,0.000601494,0.002046909,0.000315547,0.002294845,12.27851466,40.8891893,0.000450508,0.001776969,0.000307858,0.001614632,12.83367253,39.31575741,0.000722512,0.001111873,0.000551118,0.001564983,14.07345161,41.88793075,0.000511614,0.000609397,0.00038091,0.000555412,18.09567238,37.60069745,0.000700373,0.001548469,0.000465862,0.000391747,23.27001447,45.13132319,0.000655743,0.001921246,0.000331595,0.001140715,21.38388127,44.01204175,0.000896435,0.000773822,0.000305313,0.001735406,23.32802737,40.93819565,0.000927885,0.002512308,0.000533117,0.001112379,23.27370286,36.71810055,0.002019985,0.01048562,0.000748825,0.004509386,22.11246338,43.65646729
1187,0.000487707,0.000820026,0.000268987,0.000368347,17.24978754,39.19809505,0.000379042,0.001115764,0.000306429,0.00266407,17.83872479,38.82596214,0.000411553,0.001010664,0.000334204,0.001578803,2.462517402,38.99907499,0.000451659,0.000498771,0.000284744,0.001090336,12.20912649,37.71067622,0.000510091,0.001052929,0.00042009,0.000575191,17.10306512,41.21947097,0.000964017,0.001740804,0.000681188,0.000961606,22.05059605,44.53129789,0.000756832,0.001035425,0.000413881,0.000625302,20.31357201,42.42475108,0.000887544,0.001287627,0.000405858,0.001846471,23.22785505,41.32888962,0.000317219,0.001939624,0.000340793,0.001263235,23.05404929,34.61074463,0.001321977,0.00335838,0.000780811,0.006693578,23.62600447,45.17663709
1188,0.000401641,0.000869346,0.000165033,0.000282648,19.14319439,40.23091674,0.000610837,0.001127956,0.000435261,0.001452,18.36076981,38.57509418,0.000507909,0.000498766,0.000279103,0.001196814,11.10511354,35.26635147,0.000238724,0.001167814,0.000182966,0.001106056,15.63907639,31.98448536,0.000676249,0.001137198,0.000386892,0.000639312,23.04948882,41.95903268,0.000787911,0.00133045,0.000613465,0.000583531,22.73031374,42.24411839,0.000553516,0.000714596,0.00035547,0.000745766,17.35007529,38.75535229,0.000541523,0.000746663,0.000308743,0.000827113,24.46558834,30.17672851,0.000757276,0.001712219,0.000452818,0.001500685,25.63902169,35.35274276,0.001638222,0.002299969,0.000862928,0.005654565,22.79689496,45.59990611
1189,0.000598316,0.001075985,0.000291727,0.000208533,15.37871959,37.99500707,0.000568959,0.001490406,0.000474979,0.002007805,19.60790771,38.79009495,0.000423847,0.00050604,0.000469334,0.001011844,13.33387574,37.68726475,0.000716084,0.001052392,0.000497502,0.000884327,12.37139316,39.34152229,0.000286055,0.00089435,0.000239915,0.000849144,19.81528165,36.39754707,0.000865956,0.002527554,0.000479991,0.001533272,26.86493047,42.28901174,0.0007416,0.000998295,0.000538376,0.001098377,23.82013084,39.16934349,0.000765981,0.00225351,0.000386808,0.001279907,19.86026354,40.23106049,0.001039727,0.000564521,0.000560581,0.002027294,23.2911038,39.69522271,0.001236438,0.003264091,0.000350609,0.002291877,16.83819078,44.27385855
1190,0.000704705,0.001222312,0.000356218,0.000815615,15.05678388,38.18623098,0.000420655,0.001251505,0.000436094,0.002077889,17.61192799,43.07578509,0.000546204,0.000586749,0.000392567,0.001070998,14.44329211,32.57490039,0.00094142,0.000811797,0.000622715,0.00084717,19.11934621,40.54973628,0.000662769,0.00063212,0.000463514,0.000512942,19.98847807,38.73902749,0.001062517,0.002872217,0.000470176,0.002901826,26.07738869,45.05167437,0.000843084,0.001575002,0.000627511,0.000941249,23.74280152,44.53388295,0.00172989,0.004785054,0.000611035,0.001155284,19.61071654,46.11984284,0.000238715,0.001250519,0.000348562,0.00089477,14.18030556,40.47074056,0.000960066,0.002482355,0.000361767,0.001460998,22.68946301,42.98259655
1191,0.000796532,0.001967797,0.000401213,0.002106558,18.74097568,36.26758126,0.000600017,0.001384762,0.000469797,0.002219062,14.34782713,42.14619206,0.00034743,0.000567915,0.000172689,0.001957125,13.05799997,41.74497319,0.000513834,0.000411713,0.000327109,0.000534761,20.42862374,40.51287743,0.000399823,0.000691924,0.000244271,0.001391313,20.24452442,32.55636998,0.001058408,0.003933862,0.000852312,0.005314038,16.02210201,50.463657,0.000582104,0.001591164,0.000323681,0.001411953,21.42982925,47.22363116,0.003056667,0.006454335,0.000986325,0.003192405,22.84760412,47.96900519,0.000894013,0.002879564,0.000641053,0.00085673,21.73810009,41.81452475,0.000878864,0.001713927,0.000457314,0.001392256,19.09106258,42.19442263
1192,0.000603924,0.001572884,0.000371785,0.001449366,14.18927428,37.32486568,0.000614869,0.000794358,0.000299913,0.001765463,15.81515079,44.78019074,0.000480141,0.001337573,0.000486664,0.002260638,18.11574194,41.88871342,0.000290146,0.000843016,0.000396601,0.000523529,18.10553375,39.88329114,0.000697677,0.000756664,0.000393244,0.001891394,19.71522199,41.14867821,0.001328,0.005478251,0.001063756,0.007735845,20.87665878,53.56498912,0.000568916,0.00162904,0.000448759,0.001247538,16.81549501,47.33437371,0.002896613,0.006511652,0.001063257,0.004927924,28.4508263,45.69950061,0.000565393,0.003717359,0.000497273,0.002758737,22.71973669,45.15014255,0.000744534,0.001524403,0.000485533,0.000648284,23.83680255,38.69578161
1193,0.000529176,0.000771767,0.000291421,0.001855102,13.23603828,34.22761944,0.000485863,0.00253291,0.000302021,0.005903981,15.72269713,44.63078589,0.000322717,0.001623324,0.000395719,0.002154774,14.28636059,42.59414527,0.000341107,0.001115084,0.00028686,0.000571108,17.43531588,36.26483728,0.000804132,0.001729664,0.000457256,0.001327949,20.23339165,44.9576169,0.000899157,0.004047294,0.000453078,0.00463802,13.05684675,49.66960882,0.000588437,0.001686445,0.00044192,0.002889133,17.67494939,41.16725363,0.004752953,0.012202997,0.001677018,0.007371183,31.50283871,48.59227776,0.002262468,0.006432297,0.000750502,0.003991704,22.87118266,48.42383691,0.00066583,0.001459127,0.000287434,0.001437968,29.41675665,44.10197763
1194,0.000646357,0.001898569,0.000220375,0.003698362,14.57932684,33.63481042,0.000445686,0.002641678,0.000247941,0.005887316,17.14614727,43.86507463,0.000268836,0.001555055,0.00015348,0.001477545,13.998391,42.58910992,0.000237458,0.001910845,0.000193653,0.000649254,13.37293573,39.34728475,0.001660324,0.004403443,0.000509128,0.004796619,21.59092102,40.53877895,0.000433969,0.002086611,0.000172062,0.001674486,18.19459499,39.61358009,0.000668354,0.002036176,0.000467892,0.006421821,19.50807432,43.62926231,0.010485704,0.036552894,0.002756636,0.021333812,35.73433783,56.69473976,0.001709323,0.006621084,0.000471278,0.002875437,19.44304214,48.28564729,0.000484238,0.001127182,0.000389197,0.00158801,27.54644882,46.36166924
1195,0.001115494,0.003517129,0.000368214,0.005004555,18.07035313,36.17518375,0.000378204,0.002455043,0.000196036,0.005162548,19.26744083,46.04897692,0.000340307,0.001536911,0.000199103,0.001698721,16.40648236,43.2166782,0.000234604,0.001473494,0.000274508,0.001324756,18.22699074,38.25764863,0.001875196,0.006677027,0.000558937,0.007339239,21.99379149,42.0374024,0.000508187,0.0016197,0.000268041,0.000909425,25.23994951,43.26000743,0.000614115,0.001787121,0.000527721,0.00398696,22.4391317,44.12836989,0.021264564,0.069759112,0.005803581,0.040127498,42.77908052,63.68685791,0.000637718,0.004174896,0.000194977,0.001761329,23.55525704,47.93541534,0.000363399,0.001057203,0.000275728,0.002105141,21.6990505,43.07093338
1196,0.000374719,0.001496613,0.000285391,0.002123839,21.53610846,38.96867047,0.00018265,0.002289154,0.000178009,0.005998464,10.90744623,40.48738697,0.000218592,0.001477004,0.000265301,0.00169749,19.76800173,39.42934391,0.000273719,0.000560579,0.00038887,0.001089668,18.95532106,40.98733591,0.000963037,0.00372666,0.000440533,0.003725346,18.86698321,42.41697347,0.00075118,0.001330504,0.000434555,0.001157548,23.73410349,43.03584027,0.000219396,0.000907903,0.000162839,0.000653805,24.40358769,39.55910803,0.012086231,0.039181488,0.0033044,0.024370977,38.23109561,58.58316121,0.000306806,0.002754961,0.000301472,0.002299417,25.00530786,44.48032373,0.000802947,0.001443875,0.000500968,0.001702702,19.45864017,39.96924588
1197,0.000440975,0.000693663,0.000238805,0.000756835,18.19433903,38.18388261,0.000391897,0.002416497,0.00033779,0.004496927,11.55055917,35.69670796,0.000451776,0.00178623,0.000509818,0.002419464,18.44064479,40.91490521,0.000251208,0.000765484,0.000275004,0.001455932,12.29954195,42.8811766,0.000302036,0.00206607,0.00026443,0.001965732,19.30933379,41.47903378,0.000551995,0.001450155,0.00041003,0.001195247,21.5249338,36.07931261,0.000197189,0.00131475,0.000159045,0.00174288,16.07352291,44.02347756,0.003095856,0.00828227,0.001231803,0.005395998,22.03631347,44.00303136,0.000623834,0.005710677,0.000513006,0.002722655,25.91902819,44.74638362,0.000844663,0.00228647,0.000422393,0.002277514,21.95446024,41.47062488
1198,0.000183931,0.000476336,0.000163924,0.001096904,11.05295868,34.61300007,0.000412851,0.002771449,0.000364108,0.004334557,9.964071034,36.28889745,0.000422794,0.002663621,0.000604954,0.004475824,24.72688812,42.45476538,0.000103683,0.001497999,0.000240463,0.001699186,19.10907057,44.68037216,0.000448176,0.001182415,0.000151953,0.001667199,19.64070291,40.73638956,0.000410168,0.001106415,0.000314894,0.00245903,22.93121208,43.34484505,0.000288808,0.001818822,0.000250841,0.00223412,24.39867363,44.35213349,0.003171547,0.00950165,0.001067684,0.004189736,15.51424073,45.36624175,0.000859446,0.005088264,0.000528389,0.002417701,22.94934902,46.39550797,0.001169357,0.003010869,0.00055203,0.004482917,24.78601274,44.64987438
1199,0.000206629,0.000159724,0.000117537,0.000602655,17.04637858,32.87483316,0.000392382,0.002379737,0.000409141,0.004526047,18.8856862,39.03983368,0.000835991,0.004242771,0.0006776,0.008725188,27.17964309,44.69213639,0.000285015,0.002060241,0.000326853,0.001755265,22.06092895,45.85355143,0.000706806,0.003082604,0.000487524,0.003007006,21.69651712,40.45114238,0.000263731,0.001591448,0.000215137,0.001887864,21.14979041,34.96088568,0.000180487,0.002519751,0.00013002,0.002265478,20.43160572,45.11060708,0.002475271,0.008103838,0.000674427,0.004969682,16.98422262,43.47650114,0.000941622,0.003587984,0.000247271,0.001620137,24.3442539,47.62440329,0.001234499,0.002249227,0.000604495,0.006191119,22.9178767,48.79621975
1200,0.000111004,0.000662546,0.000237868,0.000703528,17.90516758,38.22985533,0.000115646,0.001947015,0.000161085,0.003117055,20.56160175,39.30045406,0.000784033,0.002404496,0.000190524,0.004938692,20.54703515,38.96183815,0.000291583,0.001127233,0.000169521,0.001234561,21.33493195,42.97145276,0.000609655,0.001464702,0.000552089,0.001435067,16.97242926,42.43123933,0.000683973,0.003359179,0.000396979,0.001557013,23.39437575,42.99985961,0.0004538,0.002571238,0.000405598,0.002082529,21.15133488,43.97548845,0.00120461,0.003857297,0.000372043,0.003629793,21.81926616,42.19322714,0.001751404,0.006350298,0.000527658,0.001935111,25.29887391,45.65391241,0.000844543,0.003034507,0.000533924,0.008563084,26.31696554,46.23203533
1201,0.000318045,0.000932801,0.000336357,0.001313293,16.23542065,35.54924825,0.000383415,0.002303456,0.000236041,0.003357977,20.62066251,39.07555072,0.000630922,0.001429653,0.000327758,0.001744071,17.65570727,40.91683346,0.000675905,0.003997299,0.000189424,0.002187923,18.75202494,42.08850536,0.000696571,0.001910466,0.000323368,0.000379184,17.0482253,42.5788764,0.000863474,0.004296438,0.000249395,0.003508029,21.68509629,42.92600492,0.000418561,0.00250189,0.000350638,0.00184601,20.55987766,41.02708034,0.000420717,0.001211388,0.000394107,0.002233103,19.58807397,41.09561957,0.002395632,0.013174805,0.000427569,0.001613682,20.48406892,48.9485388,0.002450279,0.008697993,0.000913015,0.012440719,28.2883068,51.14301758
1202,0.000317231,0.000795124,0.000261744,0.001036958,20.44448841,40.71273349,0.000494871,0.001841574,0.000358373,0.003310189,19.52163182,39.58748907,0.00029646,0.001028256,0.000273946,0.001060889,14.14240908,39.06846205,0.000419968,0.002804469,0.000273327,0.001117205,13.11658971,40.77948455,0.000569185,0.001744649,0.000350699,0.001276733,18.33715488,41.6491525,0.003224628,0.01133454,0.000665384,0.012782577,13.12161234,44.15539477,0.000291708,0.002794596,0.000257919,0.001493697,21.23384493,42.40380592,0.000658225,0.002132007,0.000454861,0.002627697,24.50972394,42.38528688,0.004995813,0.031636031,0.00089836,0.001859399,22.50156237,53.6395488,0.008834976,0.021001469,0.003575435,0.048219444,25.94315369,49.70213581
1203,0.000392442,0.000985448,0.000284587,0.001823245,16.42265713,42.80083757,0.000262879,0.001525243,0.000183409,0.00188955,14.90095612,38.78051228,0.000541142,0.00141528,0.000440377,0.001898717,23.14848462,40.15859182,0.000545691,0.000822769,0.000370632,0.001315347,13.57684188,35.86622422,0.000569427,0.001879721,0.000345686,0.0010016,21.04020695,44.06732181,0.004397502,0.014929415,0.00109457,0.017097045,18.36800468,44.61591538,0.000492317,0.003499709,0.000268699,0.002113623,22.54033861,46.96340516,0.001029904,0.003329459,0.000552818,0.00377145,24.26385242,47.35602535,0.00706585,0.041233816,0.001339089,0.001778236,26.40741457,55.90876499,0.009195578,0.019873075,0.0039089,0.048853591,26.10064935,50.25627353
1204,0.00050032,0.001263715,0.000310202,0.002605275,18.42883681,38.52371147,0.000225206,0.00173921,0.000177066,0.002774338,9.089434563,39.37093027,0.000283357,0.001039006,0.000311389,0.002179782,24.75818732,44.51074186,0.00046817,0.001042571,0.000426874,0.001756643,19.90474021,41.81887087,0.000352931,0.002256179,0.000206392,0.001956791,23.668433,44.320368,0.002196336,0.006825411,0.00080499,0.008054202,19.19184389,43.80847631,0.000696433,0.004048451,0.000130176,0.001768162,24.21170958,47.54441635,0.001080963,0.003442625,0.000611176,0.003966024,19.4505932,48.48057815,0.01465677,0.090573672,0.002643586,0.004268066,35.44334579,62.84974703,0.003001938,0.005459956,0.001394166,0.014444108,25.85330016,46.48377896
1205,0.000193126,0.001001892,0.000146938,0.00238526,16.03589332,40.38746853,0.000257623,0.001536886,0.000232095,0.003153874,14.15428088,40.52450241,0.000228399,0.001588893,0.000180199,0.002553913,20.26151482,43.0033373,0.000368545,0.000189475,0.000371304,0.001213779,18.14784674,39.87876525,0.000464482,0.002189196,0.000303872,0.00191833,17.17908924,41.6176754,0.000653225,0.001792029,0.00033109,0.001506044,23.273043,37.7388163,0.000576131,0.002704943,0.000422661,0.00120897,18.11094453,42.92398965,0.000819413,0.003185219,0.000625369,0.004531352,20.67289845,48.47177369,0.022816786,0.141069421,0.004067965,0.007443346,38.28988283,66.38784237,0.00165469,0.002200709,0.000957307,0.008442945,20.58976969,44.8570376
1206,0.000250163,0.000723059,0.000128363,0.00255259,18.58077799,43.78348084,0.000274381,0.001913809,0.000196939,0.003090175,16.31730124,36.17841622,0.000477903,0.001630214,0.000338737,0.003090909,18.5860257,39.255155,0.000501088,0.001089787,0.000286467,0.001256452,20.85924267,41.35975853,0.000298157,0.000774325,0.000186486,0.002913431,19.00194581,42.14936172,0.000373477,0.002001898,0.000317946,0.000527022,26.62710403,41.59230947,0.000638172,0.000942237,0.000534078,0.002232115,18.22103442,42.07715564,0.000737833,0.001299516,0.00064163,0.004245563,25.85718877,43.15155564,0.041415493,0.265021689,0.007589333,0.014337361,42.18893236,71.84411746,0.000977189,0.003884004,0.00058219,0.005771699,29.05550533,45.86251481
1207,0.000305709,0.001217565,0.00030714,0.001931444,18.54850348,40.72878906,0.000341103,0.002082304,0.000333378,0.003530226,19.57049862,37.04290407,0.000385973,0.001198306,0.00021027,0.002193424,16.56788028,40.57549137,0.000549681,0.001448809,0.000334042,0.001330546,21.60423181,42.22081353,0.00045208,0.001131675,0.000162475,0.002853236,20.91469146,40.28885147,0.000423219,0.002076093,0.000321436,0.0011274,24.4968046,35.59732981,0.002312958,0.00810669,0.000664912,0.007963922,20.94648391,44.37577743,0.001192902,0.004533558,0.000398896,0.008292694,23.0797147,45.63812976,0.0896059,0.619474322,0.019831956,0.044851552,48.27515634,78.83824292,0.00124997,0.002691251,0.00084665,0.00272737,28.74533488,38.09630912
1208,0.000201951,0.001222744,0.000236956,0.00091369,16.41591128,37.36220859,0.000238756,0.001183225,0.000375769,0.001616195,19.86739644,39.54412714,0.000474844,0.001226921,0.000248519,0.000724561,16.78061194,33.51512844,0.000533791,0.002434875,0.000384355,0.002112288,23.85698115,42.57145148,0.00053674,0.001186256,0.000363883,0.002458885,20.05130643,36.43404656,0.00023533,0.002151945,0.000107367,0.002061209,19.86641201,38.15105672,0.003726809,0.012450891,0.001190364,0.011889791,23.76116506,47.67287212,0.002272139,0.007350321,0.000694025,0.020332028,18.28457194,49.79985876,0.088844888,0.654153636,0.023661026,0.051339403,47.75131817,78.94258011,0.000519438,0.001545052,0.000345763,0.00123676,29.35423915,40.69849953
1209,0.00022839,0.001237154,0.000224554,0.000858068,18.64344101,33.0594834,0.00026278,0.002401847,0.000272215,0.002196648,14.94375743,36.14716546,0.000466268,0.001212225,0.000233049,0.000814573,22.59976637,35.93172725,0.000373778,0.002414691,0.000487464,0.001804027,23.84226904,42.56761288,0.000833502,0.002036274,0.000673394,0.002334351,16.72344237,40.08905318,0.000150656,0.002453741,8.50E-05,0.002551181,22.71892247,39.46113538,0.000961022,0.00506366,0.000266499,0.00557314,21.25958691,47.47212243,0.004918421,0.014788612,0.001499086,0.04796953,20.0362925,54.2620901,0.035672584,0.271395061,0.01079819,0.021063293,39.8258804,71.16229964,0.000326572,0.001996964,0.000269771,0.002827446,31.12240495,40.14480275
1210,8.35E-05,0.001581538,6.48E-05,0.001659333,20.47383882,38.98340294,0.000248743,0.002502133,0.000159539,0.003451515,21.12771319,41.10182732,0.000353564,0.001884695,0.000256594,0.001462619,22.82291488,41.51771808,0.000321214,0.001390248,0.00027811,0.000583776,18.73159242,37.71919646,0.001334193,0.004410668,0.000568537,0.004847621,21.00162753,36.34694914,0.000524142,0.003378185,0.000459659,0.003495005,27.65265503,43.7890488,0.002601575,0.011083654,0.000875988,0.002020427,27.29434933,48.81531125,0.003538152,0.010136681,0.001054732,0.033761836,19.79882674,52.74054558,0.020072716,0.145767276,0.004971435,0.012662053,33.40498266,65.49713333,0.000327069,0.001497465,0.000339137,0.00199138,29.47788344,39.91822043
1211,0.000210767,0.003007054,0.000182788,0.003726985,17.01311385,35.55377924,9.59E-05,0.001348209,0.000175839,0.002623783,19.15438764,42.69525335,0.000305692,0.002017466,0.000306276,0.00258797,17.01852623,40.78331988,0.000317569,0.002726788,0.000361474,0.002394859,20.82392713,45.01323665,0.001109314,0.004461478,0.000102427,0.004660945,19.70772048,31.65087266,0.000665872,0.002561478,0.000449058,0.003221709,27.58399082,42.2570669,0.001591122,0.006490243,0.000577231,0.00192106,25.01089789,42.79830876,0.000911276,0.003922707,0.000190237,0.009632452,25.2000951,48.39311586,0.010607875,0.084559162,0.003821932,0.011731472,30.75693529,59.95618832,0.00124317,0.003515002,0.001046637,0.003620608,28.16290412,41.35848223
1212,8.39E-05,0.002502418,0.000109745,0.003322534,19.89366845,37.57775572,0.000274113,0.001200138,0.00031108,0.001437392,11.86620744,42.02364621,0.00036713,0.000841445,0.000200605,0.001999903,11.6432713,37.93910677,0.000592279,0.002991512,0.000581802,0.003005882,23.8227611,43.84297133,0.000397482,0.00164737,0.000171577,0.0006738,19.05161692,35.53112177,0.000563438,0.001671716,0.000357164,0.002161805,19.36758632,42.13815691,0.000469933,0.001558728,0.000263857,0.00225302,20.92112633,43.0482666,0.001247508,0.005237291,0.000516119,0.0098514,26.4970433,46.52464725,0.004256142,0.036919868,0.002338533,0.00683652,26.72265313,52.69505182,0.001805017,0.006934153,0.001153653,0.003575511,26.63659812,44.67147548
1213,0.000254958,0.001090417,0.0001139,0.002003497,23.25297622,38.27825432,0.000229718,0.001733073,0.00028042,0.002114445,15.66262486,38.93448072,0.00028699,0.001440994,0.000341045,0.002854748,20.12435399,39.99416805,0.000375112,0.001393859,0.000318224,0.002087838,20.64051237,28.56511228,0.000535166,0.001988393,0.000347447,0.002601381,25.28423751,36.93974005,0.00059687,0.00245975,0.000267691,0.001916362,21.76843518,41.43550973,0.00042468,0.003403596,0.000311973,0.004194134,25.31051798,47.54772813,0.000942454,0.003046902,0.000580517,0.007324526,25.64483227,39.89117787,0.004392685,0.033894391,0.001757425,0.005269677,24.88428977,52.34688562,0.001457222,0.007652163,0.000991311,0.006174926,28.09591438,46.12676788
1214,0.000270126,0.001101066,0.000174667,0.001971373,20.0492568,32.46168075,0.000364173,0.001112492,0.000294292,0.001140068,16.08285875,37.1330919,0.000116236,0.001707617,0.000289308,0.003577079,15.9682379,42.64157467,0.000352668,0.001362413,0.000179034,0.001171128,17.62466611,41.21080245,0.000419792,0.002209371,0.0002674,0.001613673,23.45706959,38.04128964,0.000550412,0.002002278,0.000377869,0.001095652,21.92019329,36.01283082,0.000728465,0.002552755,0.000385711,0.003770352,24.95788817,46.3615516,0.000851016,0.0032708,0.000728486,0.00513305,27.14408994,43.57299586,0.00232021,0.016211434,0.000998178,0.003573394,24.34812778,47.38007224,0.001209687,0.008417043,0.000716241,0.003856062,30.15457206,47.20252382
1215,0.000518159,0.001319577,0.000404341,0.001768681,18.94766558,35.25929476,0.000430788,0.000651402,0.000243363,0.00198676,12.38419451,33.58797885,0.000267796,0.001873688,0.000300441,0.003473735,23.34239993,44.32446044,0.000363895,0.001739025,0.000175706,0.002078606,19.18846885,34.64427041,0.000231103,0.002634872,0.000111111,0.001882204,20.28104042,30.93130361,0.00063954,0.002433384,0.00055233,0.003786287,26.16523807,43.20162346,0.000834679,0.003085714,0.000442112,0.001724061,23.4074028,41.83384823,0.000856094,0.003190141,0.000563441,0.003515668,21.26110215,42.73633649,0.00041224,0.004444438,0.00050754,0.003084799,25.08196356,43.95449466,0.002068546,0.011051598,0.001132393,0.005560538,30.70130863,46.40158192
1216,0.000462719,0.001427906,0.000441412,0.003107443,21.28437088,39.98517513,0.000333031,0.001898736,0.00010824,0.004452082,13.62977351,37.3900123,0.000156747,0.0019788,0.000274765,0.002400442,22.41148156,40.8818904,0.000287892,0.002456694,0.000223113,0.002825235,18.22346877,39.82645088,0.000517669,0.001736744,0.000282134,0.001351147,17.23268484,37.46379892,0.000580059,0.001632322,0.000427628,0.003965368,26.54013999,44.5847576,0.000537931,0.002621479,0.000576646,0.001873533,24.68898717,43.2257461,0.000457702,0.001797022,0.000511879,0.001352375,27.5795687,40.95878197,0.000721474,0.004544965,0.00068569,0.001890422,24.6390169,40.0926125,0.002892796,0.019469245,0.001998255,0.008912549,28.35509343,48.91634171
1217,0.000360701,0.000938477,0.000330629,0.001557543,23.30513582,39.66924169,0.000225151,0.002432943,6.50E-05,0.004045875,21.25629205,41.56257508,0.000125779,0.001438337,0.000283278,0.000681014,15.45205338,36.91281584,0.000150812,0.000859633,0.000115306,0.001313177,21.61626519,38.83338616,0.000642274,0.001281188,0.000184209,0.002360575,18.36179632,41.83496406,0.000443193,0.00144008,0.000290657,0.002363274,24.94069457,41.98704439,0.000462877,0.002728085,0.0005227,0.002457976,25.22329818,42.58259962,0.000610637,0.002396122,0.000333861,0.002871009,28.69288835,46.13821856,0.000414351,0.002548277,0.000301719,0.0017458,20.61492903,37.49227997,0.011722969,0.084759705,0.006509971,0.036781539,30.20428354,60.25941139
1218,0.000329632,0.000989295,0.000343261,0.002627797,21.91588482,37.08216685,0.000130345,0.001270103,0.00015715,0.004019546,18.44593021,36.5172131,0.000227268,0.001298804,0.00025747,0.002153471,26.15380034,41.94380419,0.000558953,0.002465599,0.000304657,0.003186454,21.50734763,40.72138198,0.000448051,0.001353705,0.000240166,0.001327311,18.96967542,35.26949766,0.000313471,0.001218228,0.000332396,0.002962703,25.81052162,42.37710239,0.000503022,0.003874648,0.000434936,0.00280742,25.11398692,41.7209158,0.001225304,0.00337233,0.000622779,0.005341722,29.91684503,49.52501492,0.000574773,0.00523509,0.00041702,0.002322704,25.20524953,38.88044871,0.014370707,0.102100633,0.008098544,0.043205364,32.69032003,62.12083565
1219,0.000251638,0.001649424,0.000328568,0.001794204,16.14488693,33.89869018,0.000239902,0.001470662,0.000180503,0.006547358,17.0844429,35.14719207,0.00033335,0.000732185,0.000444792,0.001291984,26.51025337,41.12650391,0.001034567,0.003995847,0.00067775,0.004922348,27.37161067,46.01751975,0.000400022,0.001708132,0.000350749,0.002035353,20.95094751,37.00357008,0.000491005,0.002573044,0.000314093,0.003377706,25.44926674,44.522631,0.000285366,0.00343157,0.00024943,0.003494733,26.3467645,39.16537656,0.001154802,0.002231241,0.00079028,0.004549265,24.51799183,46.51260406,0.000666822,0.007177482,0.000195859,0.003700932,26.92033121,45.97293261,0.00449262,0.02762181,0.002697059,0.014670006,33.03163884,55.56684782
1220,0.00025206,0.00156269,0.00022102,0.001505049,16.9579552,28.22538904,0.000337,0.003947354,0.000288163,0.009624946,18.33683114,34.68090721,0.000442588,0.001488153,0.00024851,0.001475296,19.71101797,33.7706043,0.000740431,0.003783936,0.000436012,0.004852898,25.89550938,44.59220667,0.000352084,0.003601789,0.000272561,0.002951838,27.99788124,41.00637088,0.0005839,0.003742682,0.000235484,0.002193765,28.19623772,39.37020676,0.00055523,0.003102495,0.000296596,0.003596578,28.91229427,43.3488331,0.000655262,0.001959443,0.000552612,0.002139421,20.76602638,42.09737925,0.000734834,0.007428539,0.000462301,0.003910577,25.35126884,43.94802481,0.002245453,0.013995505,0.001880543,0.009957444,30.14401906,48.58069691
1221,0.00017283,0.003049903,0.000105932,0.002706517,22.62812934,38.30828031,0.000222427,0.002059728,0.00036543,0.003935852,16.55455843,37.65928522,0.000494689,0.001390365,0.000310569,0.001823813,22.14867344,36.74469651,0.000807208,0.004448092,0.000177957,0.004815176,24.47307743,39.33084927,0.000420286,0.003442939,0.000141194,0.002644885,29.41934155,42.31196411,0.000286009,0.003044917,0.000550349,0.00319073,26.33558175,45.54717018,0.001004721,0.003167998,0.00056003,0.002629779,29.50725329,44.38826385,0.00074461,0.004017115,0.000483221,0.0034328,21.64640584,40.88339762,0.000640537,0.00787614,0.000455607,0.007254692,24.49399482,44.14546416,0.001369865,0.011260963,0.000902998,0.006202131,24.40676705,36.30778047
1222,0.000426994,0.00508329,0.00010848,0.003381262,21.70344864,38.04684724,0.000227376,0.00116813,0.000508249,0.001987026,15.78117562,36.49984108,0.000562305,0.001088958,0.000650331,0.002841347,24.09018354,41.19417798,0.000578746,0.00309971,0.000182699,0.003935161,24.35275654,25.90125025,0.00043212,0.003672255,0.000182255,0.002731105,28.35179173,43.7786188,0.000299994,0.00231249,0.000359787,0.003252802,24.48192047,45.43137946,0.000886481,0.004228319,0.000758868,0.004233595,30.84330208,46.22545151,0.001020735,0.006580647,0.000797955,0.003135873,22.32017999,46.09117466,0.001655392,0.006832601,0.000711066,0.009967579,27.33316398,49.13193443,0.001286075,0.012431731,0.000586989,0.0047751,8.061715908,43.09721304
1223,0.001232674,0.013822125,0.000726853,0.01030416,28.50401254,53.28853247,0.000125648,0.001123588,0.00025772,0.000715945,19.46297415,35.37997313,0.00043225,0.004551839,0.000557987,0.00545246,24.12558423,43.8257647,0.00042132,0.00185306,0.000276337,0.001969771,20.496473,39.90258298,0.000310375,0.002939113,0.000236708,0.00249962,23.92835551,42.10787523,0.000220463,0.001387215,0.000108127,0.001746149,27.40047622,33.21030185,0.000393524,0.003927357,0.000479825,0.00344633,30.97296316,44.01249282,0.00109103,0.007105626,0.000668456,0.005373685,24.48400782,46.8190588,0.001148634,0.006047442,0.00037151,0.007730489,25.84715292,48.84788359,0.001149917,0.006228345,0.001087598,0.006027836,23.60811189,48.7955226
1224,0.003868442,0.051647867,0.001455818,0.038458138,29.24230678,52.2784888,0.000129374,0.0014036,0.000133473,0.001647386,24.2169141,36.16064119,0.000376398,0.007248752,0.000356257,0.008384106,22.56650059,44.6034927,0.000423321,0.003213646,0.000356024,0.003445763,22.00146215,41.07893996,0.000246377,0.002282025,0.000305472,0.003483646,21.20829315,44.11034679,0.000431446,0.002803307,0.00033043,0.00312933,29.48335559,37.94680848,0.000656982,0.005494009,0.000309678,0.005970946,32.47993759,46.61118468,0.002098141,0.013037129,0.000881311,0.009215276,27.95285388,45.47713196,0.000775955,0.005619233,0.000514105,0.007061223,25.77530332,45.12217489,0.00112019,0.003201592,0.001069284,0.008153204,28.41034382,51.01035023
1225,0.003056318,0.040929974,0.000934996,0.031697723,28.94596821,54.02480955,4.97E-05,0.001199807,0.000141621,0.000909029,17.59337772,31.66722369,0.000252315,0.00389124,0.000333443,0.002955485,24.31903571,42.052277,0.000570139,0.00543099,0.00030096,0.005122554,27.25666295,43.86169598,0.000470595,0.002285044,0.000322566,0.002319688,24.71842988,43.97058422,0.000630543,0.003478259,0.000367089,0.003829724,28.14845212,42.48102944,0.000662044,0.004807272,0.000377028,0.004568614,32.09939553,46.03093744,0.005601201,0.036684008,0.001623551,0.01851634,27.13938247,56.05568842,0.001159102,0.005171517,0.000888108,0.009996815,29.45825446,49.19450281,0.000886931,0.004595986,0.000942932,0.00770963,29.89032314,49.46812838
1226,0.001622392,0.014742992,0.000496727,0.006358896,29.15380123,52.86242871,0.000178296,0.001550292,0.000218654,0.001326068,21.28240007,35.24362305,0.000547174,0.002860756,0.000260341,0.001718629,25.39631383,39.31979077,0.000706176,0.005900748,0.000236818,0.006167293,26.09063215,45.11495313,0.000809519,0.006162101,0.000418804,0.005068107,30.41917985,50.55252493,0.000601575,0.004002193,0.000221394,0.004550527,27.1682132,44.62592647,0.001809845,0.005597521,0.001183402,0.004071772,26.51738268,46.33136146,0.006563333,0.043280008,0.002219321,0.02001234,30.22845215,59.02257538,0.000859841,0.003406074,0.000740687,0.008291746,28.91717014,48.67893918,0.00094067,0.006327621,0.000724755,0.00561375,26.06596663,46.01322576
1227,0.001730701,0.020339873,0.000450969,0.009323533,22.44347266,46.15232073,0.000251704,0.001085404,0.000296215,0.001405799,23.37078581,33.63639788,0.000433633,0.004085278,0.000258654,0.003427735,22.41750628,42.26458227,0.001165468,0.007047155,0.000493228,0.007931931,26.98000994,46.81627097,0.000525074,0.004026748,0.000309583,0.004085657,28.65100781,48.32877178,0.00070956,0.0047644,0.000311222,0.005312634,28.87536248,44.47896655,0.001723341,0.004350528,0.001229467,0.003920856,25.07378578,45.93182855,0.002530902,0.016482365,0.001238465,0.008534821,28.64946705,52.97821001,9.36E-05,0.002413829,0.000363167,0.003737229,25.63123714,41.51670764,0.00105597,0.003303168,0.000782795,0.005108358,20.42673707,44.8694241
1228,0.001192353,0.011196588,0.000298408,0.008696087,22.2374378,45.10236758,0.000294006,0.002026307,0.000215182,0.003267148,21.67137041,35.32052376,0.000219837,0.004599649,0.000478847,0.005013615,25.80103773,45.51288823,0.001039065,0.006483384,0.000535377,0.007693862,27.64107356,47.64634439,0.000328341,0.002965892,0.000179114,0.002353489,21.74088101,35.53252982,0.000562736,0.003611639,0.000249522,0.003586271,28.44341241,41.0450056,0.000369462,0.001943751,0.000480819,0.004194436,25.718141,43.3317565,0.001927468,0.010394149,0.000559357,0.007222339,21.77920585,43.36321695,0.000520978,0.002782534,0.000263752,0.001091162,21.37799446,39.2330945,0.001027828,0.003499757,0.000781333,0.004820914,21.95468227,46.86113175
1229,0.000933121,0.006288719,0.000183091,0.005253813,22.57205217,40.08697115,0.00012747,0.001821384,0.000145061,0.001795009,18.98067012,34.11659392,0.000531533,0.002641845,0.000494712,0.002809958,26.14307723,42.14133266,0.000409847,0.002781665,0.000429209,0.003006887,24.261477,39.2439434,0.000336209,0.003775526,0.000184397,0.003583955,23.44624981,39.11611192,0.000100714,0.002219447,0.000230843,0.002274468,22.22089732,36.92860582,0.000392534,0.002063402,0.000178182,0.002705644,23.61838288,37.64461312,0.001263755,0.008148584,0.000276315,0.007169253,29.43785869,44.66230602,0.001246278,0.004422437,0.000522506,0.006164202,24.5972461,39.78007652,0.000838216,0.006385967,0.000597503,0.008924715,30.75117887,49.95991451
1230,0.000613597,0.004460694,0.000302446,0.002630947,20.85884251,33.49540698,0.000257813,0.001093087,0.000131915,0.002044779,22.02145254,39.05705516,0.000675746,0.001694779,0.000262191,0.002329873,25.24511835,36.16803301,0.000566173,0.002957402,0.000383377,0.002338394,20.15943634,42.25997888,0.000341881,0.002673691,0.000187708,0.00340792,20.73531153,42.25111905,0.000417326,0.000811272,0.000213795,0.002055866,19.96175539,29.65690997,0.00062958,0.003152041,0.000440916,0.003390837,23.98991998,38.90759588,0.00106439,0.006687687,0.000682619,0.007343002,30.39860611,47.40637372,0.002168747,0.007247131,0.001072284,0.009813059,32.50011118,47.1237427,0.00095056,0.006892067,0.000712493,0.009543589,29.50214073,48.91221254
1231,0.000433843,0.004365671,0.00016982,0.003054054,17.61250037,25.62119207,0.000451087,0.002210431,0.000196492,0.002420428,24.97007872,40.04908524,0.000275515,0.001678826,0.000228901,0.002867806,22.10076069,38.26438289,0.000739129,0.002987435,0.000404475,0.002220218,21.43753704,40.86122246,0.000534353,0.00454183,0.000343279,0.005877368,27.95869037,45.89129165,0.000618033,0.002214484,0.000331417,0.002413594,27.24741618,41.61437699,0.000673047,0.003622138,0.000556898,0.00409839,25.8315933,40.18678637,0.000689297,0.004938668,0.000595137,0.005766909,28.8351573,46.77551024,0.001208116,0.001986483,0.000880185,0.002661528,25.16062428,39.92916093,0.000983595,0.00404463,0.000710083,0.005202273,27.09073002,43.8921858
1232,0.000256853,0.002235904,7.80E-05,0.001787446,15.67885179,33.13691811,0.000499453,0.002011169,0.000301322,0.00260512,24.41678542,39.25962239,0.000253254,0.002226019,0.000292448,0.002618904,11.51977504,39.42158616,0.000496559,0.00237104,0.000331332,0.003037311,17.35346235,35.73804083,0.000275379,0.003092033,0.000250091,0.003939483,23.03845089,43.84318376,0.000560708,0.00528159,0.000372308,0.006501868,30.10355389,46.203302,0.000537002,0.0023064,0.00029499,0.002221678,21.09046119,35.13891687,0.000469423,0.003399177,0.000212598,0.004084476,26.98224436,42.72674122,0.00063994,0.005948635,0.000596078,0.006519492,29.66129975,44.9437922,0.000419183,0.001214225,0.000673081,0.002895675,21.03775263,42.18236746
1233,0.000191598,0.002517227,9.94E-05,0.001536862,17.0596432,31.65604434,0.000477564,0.002191702,0.000239137,0.00230892,21.94512039,38.36975028,0.000269394,0.003274706,0.000320313,0.004532995,18.09401501,40.78118709,0.000273243,0.001590976,0.000313563,0.002590813,25.53331786,30.37131238,0.000253834,0.002303527,0.000157188,0.001990182,23.58854024,39.07385503,0.000455968,0.005347335,0.000152944,0.004995766,21.54614803,40.17173251,0.000768785,0.002979841,0.00032006,0.003267151,27.78514583,42.20639756,0.001107612,0.005180877,0.000540856,0.005317714,25.3915155,46.21406292,0.00028696,0.003312495,0.000573016,0.005036122,27.82574805,45.21140098,0.000557465,0.002635422,0.000819736,0.00045874,26.24121315,44.45562643
1234,0.000224423,0.001353078,0.000153678,0.001728687,17.92409827,36.81206025,0.000289752,0.001438243,0.000115103,0.001368194,21.16838554,37.57972,0.000361512,0.003754502,0.000365228,0.005697101,22.48932409,40.9854052,0.000424552,0.001920628,0.000256657,0.002201773,22.8473974,32.93232012,0.000448455,0.002731131,0.000247683,0.004320667,26.21017989,38.72643531,0.000468649,0.003188124,0.000248481,0.002124629,22.71083153,39.94069142,0.000538354,0.002486926,0.000200927,0.003742979,28.41773323,42.51501149,0.001030673,0.004123258,0.000600723,0.003726047,27.6339978,44.41917939,0.000545268,0.005687735,0.000372582,0.011802296,28.73727709,40.5584243,0.00043262,0.0027648,0.000876793,0.004989385,28.80059128,45.32176523
1235,0.000205913,0.001550508,0.000144026,0.002638049,15.32755201,37.71749229,0.000353712,0.003082734,0.000154514,0.001810346,19.83158945,33.0699114,0.000259895,0.00551358,0.000326209,0.007733087,24.57088762,41.96860084,0.000861714,0.002613307,0.000402027,0.004480275,18.77131173,35.47087061,0.000425727,0.003730172,0.000181313,0.008022958,24.86208159,33.88406171,0.000297331,0.002278128,0.000222772,0.002511127,16.61976874,38.79807283,0.000406066,0.001497184,0.00023361,0.003360454,18.9324344,37.64194714,0.000606973,0.003955677,0.000360902,0.004512202,25.64964771,40.05756327,0.001314409,0.009898436,0.000697992,0.011435623,31.50751528,43.83309957,0.001245992,0.004856252,0.001255546,0.014336056,28.98374565,47.20698562
1236,0.000207077,0.001495778,0.000234685,0.001161408,21.78039009,41.73603803,0.00019091,0.002439518,7.03E-05,0.001978042,17.40364429,34.69657854,0.000507787,0.006942372,0.000138575,0.009148126,21.94233942,41.95126911,0.001531855,0.00526717,0.000621616,0.009266066,23.56825641,39.9115872,0.000373446,0.002103833,0.000271263,0.003418189,24.13921323,29.67897775,0.000342605,0.002185675,0.0002564,0.002570452,19.31510998,39.54405148,0.000444534,0.003760325,0.000159896,0.003899295,25.61628866,38.89788433,0.000869672,0.006578813,0.00038637,0.008311754,29.35192076,46.17961469,0.002826138,0.025354194,0.001278609,0.019820641,30.88321588,48.71973371,0.000925936,0.007626224,0.001052314,0.015846231,30.27460134,47.04838008
1237,0.000505998,0.001850924,0.000245969,0.002009674,26.76562432,42.26543067,0.000359119,0.001852399,7.47E-05,0.002742948,22.49875492,36.11476203,0.000592833,0.005304475,0.000174741,0.007423796,21.25399815,39.78079883,0.001143865,0.005415904,0.00053966,0.00848965,24.48139761,37.02911098,0.00071968,0.004664778,0.000448094,0.002566383,27.36240213,42.1351856,0.000342602,0.002553558,0.000267101,0.002825495,21.44630334,39.53398628,0.000930315,0.007267969,0.00027389,0.004155087,29.53965952,37.85050609,0.000725928,0.005685314,0.000313988,0.00675117,26.43742763,40.32431519,0.003622341,0.036970063,0.001575967,0.036280759,29.87274361,45.67288549,0.00044802,0.007481403,0.000528855,0.01124026,31.15702725,46.54182806
1238,0.000571516,0.002947169,0.000295977,0.008486503,26.04346752,39.5009798,0.000332234,0.001728213,8.92E-05,0.001389688,20.51381389,32.58496766,0.000589682,0.004323309,0.000277038,0.006279819,17.3511453,39.08331011,0.000452245,0.002343639,0.000282619,0.003376118,25.20750254,40.75075731,0.000472131,0.002818238,0.00039179,0.00387685,28.60735078,39.78639949,0.000524647,0.001418484,0.000276169,0.001508854,26.26164345,40.06011732,0.000484837,0.005216246,7.61E-05,0.004009439,24.1932395,41.60506852,0.000812525,0.005007193,0.000384703,0.006012087,20.93677031,39.33437183,0.007156121,0.074660445,0.002293732,0.073728715,34.77012521,52.43334764,0.000606166,0.007004034,0.000492532,0.005854533,28.32562659,47.25001055
1239,0.000658384,0.004971468,0.000225951,0.010901925,17.62850084,35.63783651,0.000355773,0.003906906,0.000141872,0.003243865,19.92356757,30.09642741,0.000497599,0.004183635,0.000348768,0.006591923,22.02674399,40.77638918,0.000218701,0.00270954,0.000113435,0.003553885,15.56921232,37.02214068,0.000587001,0.002217611,0.000231384,0.00401556,28.08652929,37.6464059,0.000813906,0.001861019,0.000286016,0.004057365,28.05493153,43.02336543,0.001314234,0.017813884,0.000554499,0.016447945,28.57921179,53.14941114,0.000779235,0.003945844,0.000525273,0.00801358,25.50024158,42.63052891,0.014686777,0.157412909,0.004152408,0.158366131,38.56463187,59.96532844,0.00050195,0.004470802,0.000521779,0.004959689,28.24334793,47.87703898
1240,0.000495521,0.003189172,0.000140194,0.004207887,20.54000934,30.13041957,0.001195805,0.010439681,0.000291972,0.005245481,24.19936393,32.66333085,0.000362309,0.003647757,0.000172759,0.004121007,23.24494782,37.05469836,0.00028213,0.003205903,0.000117912,0.004105019,14.7140351,33.50251475,0.000738375,0.004808471,0.000122375,0.007491956,24.84085609,43.35522474,0.000883169,0.002609501,0.000233207,0.004290859,27.29821149,41.37892379,0.001413963,0.021842299,0.000681966,0.021170797,28.55979122,54.76347057,0.001432803,0.007953518,0.000803309,0.018496883,19.44634734,43.33216232,0.012116245,0.1308133,0.002825166,0.130275022,36.48605979,58.92357253,0.001164496,0.005563995,0.000624782,0.00224684,27.4485061,47.43580613
1241,0.000574801,0.002023003,7.96E-05,0.001272431,19.64825657,35.64004507,0.000928464,0.00747021,0.000269592,0.004358143,25.04137662,31.71952223,0.000636357,0.006138227,9.71E-05,0.009274515,19.85923719,32.89180041,0.000495657,0.003242004,0.000216512,0.003647431,18.58423615,38.11984729,0.000805295,0.004872189,0.000242701,0.006898535,25.32578731,43.73345336,0.000751052,0.004344474,0.000171549,0.004184073,25.57985608,39.48104609,0.00039607,0.006109936,0.000266309,0.008084791,25.65220312,44.42319638,0.000963754,0.004836726,0.000484566,0.011073819,23.49807361,42.93205155,0.005068883,0.052448878,0.001394401,0.049913345,30.04334126,51.91099963,0.000633383,0.00511082,0.000176122,0.004401778,22.07846015,41.32479648
1242,0.00046028,0.002518845,0.000140287,0.002838526,16.13641035,35.43205443,0.000433316,0.003554698,8.12E-05,0.004203266,21.4195469,32.60296449,0.000278428,0.003649637,0.000153264,0.009094227,16.20063215,29.55157599,0.000718342,0.002258707,0.00029801,0.002957544,26.02606398,39.58988142,0.000530347,0.003671357,0.000228769,0.005610144,26.26226611,40.74375787,0.000734983,0.004444202,0.000212816,0.004705438,23.14444784,39.06567057,0.000739998,0.003213233,9.37E-05,0.005777687,26.59599334,39.7615622,0.001135166,0.006344609,0.000617053,0.008603719,24.71396261,44.46000601,0.002159276,0.027306302,0.001120697,0.031658152,26.55226053,42.05750004,0.001548213,0.013393992,0.000421808,0.007086264,28.5765734,50.98483687
1243,0.000234386,0.001468253,0.00013648,0.002748061,15.17848455,35.7023834,0.000257524,0.002442318,7.46E-05,0.002311428,18.09803985,32.53640737,0.000585564,0.004434678,0.000254417,0.007877117,19.84898378,32.08871765,0.000506515,0.00044982,0.000143006,0.001487952,25.57942523,37.59733062,0.000304327,0.003518158,0.000122275,0.005320258,25.12208561,37.49174415,0.000786443,0.0017741,0.000320785,0.003559868,22.86368325,38.48357391,0.000582264,0.004349289,0.000133838,0.006612545,26.23222406,43.99771701,0.001151529,0.004880558,0.000355488,0.005552713,25.46582366,42.56462086,0.001777824,0.022295906,0.000373826,0.026483805,29.92943862,41.53918549,0.00147176,0.010768828,0.000658842,0.005119533,31.94139463,51.35770444
1244,0.000229475,0.001714591,0.000101221,0.002702455,17.94171113,32.90377298,0.000361401,0.003406802,7.31E-05,0.003462827,14.55965228,33.7547752,0.000479331,0.004504238,0.000258737,0.007810538,21.47298668,38.42766596,0.000436515,0.001210564,0.000185901,0.001861637,21.4334844,39.78065676,0.000651733,0.004691509,0.000159832,0.006415605,28.27219846,38.99131263,0.00156991,0.00740463,0.000392038,0.008023621,24.1162361,40.7279894,0.00109008,0.004723245,0.000236281,0.00567871,29.637451,44.29531522,0.000927198,0.001853423,0.000214601,0.004533155,26.70928078,40.36170768,0.001326,0.013908419,0.000397633,0.015718624,33.1303443,42.5568666,0.001861263,0.012104562,0.000706422,0.011399973,32.68963383,50.36266712
1245,0.000224732,0.000983708,8.82E-05,0.002894416,13.01348907,27.62595759,0.000391246,0.001934032,0.00012495,0.003388299,15.72163296,31.74904122,0.000526472,0.00164106,0.00014816,0.003754012,20.96159975,40.8383093,0.000542011,0.001365027,0.000199987,0.001746973,22.35090125,41.65967609,0.00056318,0.004445606,0.000149394,0.005510978,26.57003328,37.36544388,0.001184666,0.00641339,0.000216389,0.005909324,26.83761131,33.05842102,0.000925726,0.003214607,0.000121321,0.00444079,26.57970014,38.47598386,0.000824568,0.002322866,0.000294292,0.004897261,24.65457161,40.25826344,0.00102849,0.01171732,0.00044502,0.017275622,33.08143706,44.3067791,0.004257551,0.034834907,0.001114161,0.023956167,33.36355435,57.94782577
1246,0.00029824,0.001468775,7.86E-05,0.002378657,21.90320748,35.02468631,0.000364027,0.002146804,0.000163847,0.003613749,17.11703536,31.5935791,0.000602524,0.002257256,0.00014021,0.001610975,21.08381757,37.33337272,0.000328631,0.001886605,0.000179165,0.002130918,20.43896308,38.51279584,0.000481683,0.003140466,0.000145109,0.003499064,22.33563051,30.98668718,0.000370307,0.006643912,0.000165438,0.006495834,11.86728588,42.78227485,0.000341174,0.000885453,0.000196539,0.000858181,21.39424412,36.8460081,0.000605256,0.003687622,0.000262548,0.004685737,26.28183019,41.02108414,0.000421163,0.0069397,5.85E-05,0.011799383,29.22580004,41.2947655,0.008657043,0.069214336,0.00180319,0.048968042,32.32344981,61.59134691
1247,0.000587191,0.002140856,9.21E-05,0.002355593,18.96003321,48.66579198,0.000346734,0.002480466,0.00016736,0.002815982,19.5382979,23.54860893,0.000757249,0.001368921,0.000253109,0.002442106,26.50973008,38.01603111,0.000559117,0.002245397,0.000138817,0.002963542,17.02843157,27.23669165,0.000424511,0.002011821,0.000176291,0.003014891,19.41685191,37.05503119,0.001064025,0.009841578,0.000237254,0.008859813,26.26447792,46.70196223,0.000316423,0.004240174,0.000189209,0.004024495,26.35714012,42.89120671,0.00053231,0.002045842,0.000175683,0.002044561,20.69063816,33.80087321,0.000364368,0.003621748,0.000230709,0.006930867,24.00096885,41.03902805,0.010093145,0.085828962,0.001448966,0.064556802,31.81550647,63.21876352
1248,0.001641376,0.015902576,0.000369914,0.015818882,27.72523694,55.54976594,0.000289825,0.001780297,7.11E-05,0.001308316,17.81951592,36.04066142,0.001089532,0.003016646,0.000288942,0.006546194,27.1510562,39.78984155,0.000962945,0.002867313,0.000271876,0.004409837,25.06092061,41.96736579,0.000406265,0.000952447,8.54E-05,0.001411221,18.72359802,36.42153452,0.001738261,0.013961042,0.000199541,0.008905498,27.9493167,49.34683692,0.000254787,0.006539371,0.000262143,0.002753275,23.1293699,41.98331117,0.000857815,0.00250855,0.000310299,0.003200676,25.31206504,35.83434303,0.000498789,0.00357098,0.000296685,0.006752464,17.89578941,42.79278266,0.018952781,0.154218042,0.002730092,0.110863551,34.01714928,68.75201
1249,0.00342835,0.032491735,0.000583825,0.027723239,25.86275808,50.91172058,0.000322061,0.002646531,0.000142864,0.003115486,14.39268816,31.63859197,0.000609717,0.002881917,0.000223206,0.008678542,24.12217914,36.25471178,0.000710298,0.00417349,0.000181229,0.006332828,23.99395352,43.05566849,0.000637773,0.002394223,0.000213923,0.005366948,22.90346134,38.69776183,0.001452885,0.012615022,0.000220726,0.007243949,26.61570662,48.05871486,0.000667523,0.004068125,0.000294114,0.002088291,27.91034284,41.36351545,0.000788402,0.002876208,0.000304409,0.00444057,24.81275945,39.18144622,0.000749341,0.005837249,0.000401279,0.007604278,24.79765522,44.33778178,0.034821259,0.273403129,0.005878772,0.223640524,41.44183308,73.97220676
1250,0.001754944,0.017742179,0.000468801,0.013846251,19.08308551,30.71644738,0.000288704,0.003017848,0.00022114,0.004813019,19.68531856,41.02925779,0.000527793,0.002633428,0.000262586,0.003127173,23.844183,38.25652276,0.000617395,0.004187898,9.44E-05,0.004949495,23.34536635,40.2694302,0.000455709,0.004874099,0.000184025,0.007989679,23.42044358,40.51547164,0.001071637,0.007389571,0.000137679,0.003888581,27.05531185,42.11667309,0.002852587,0.017122697,0.000954467,0.009481,29.66281488,45.01138387,0.00092336,0.00498423,0.000418156,0.007423711,24.4476357,44.6465952,0.0004887,0.003443807,0.000200494,0.008998182,28.97275754,35.9569683,0.137508076,1.033457121,0.018184276,0.851689858,52.07115703,85.10946544
1251,0.000255444,0.002334472,0.000283865,0.008471084,21.23776598,39.95385157,0.000464882,0.002981602,0.00022383,0.005265895,18.17664688,40.55492661,0.000580373,0.004829974,0.000225774,0.003642553,24.77075606,40.62973934,0.00045511,0.002120235,0.000216283,0.003417547,21.38352128,39.20070295,0.000694425,0.005359938,0.000249491,0.007453992,28.3467,42.87964085,0.00079624,0.004707374,0.00015481,0.004959751,26.73688371,38.54288849,0.004409603,0.026525591,0.001396007,0.011350431,26.82327124,49.55941105,0.000681289,0.007068257,0.000294929,0.009808935,25.56102297,43.20149687,0.000767725,0.005563578,0.000486221,0.01597742,31.43195855,46.06454567,0.151682101,1.124378581,0.018641354,0.921081355,53.01786047,85.82907425
1252,0.000731343,0.005261937,0.000207204,0.007254672,18.56491591,41.58971887,0.000467597,0.002107277,0.000162544,0.003440587,19.39416925,30.09618549,0.000529764,0.003581666,0.000215693,0.00414177,23.08803628,41.19227068,0.000624432,0.00754648,0.000290328,0.007272821,17.92662609,39.39981429,0.000720037,0.004069002,0.000412978,0.005374391,31.56298857,43.76366294,0.00053827,0.003743185,0.00015781,0.002042125,23.91791186,30.23793092,0.00213945,0.012914286,0.000728761,0.006304158,19.28246346,44.17365932,0.000519345,0.004982689,0.000310316,0.007097114,22.07603407,43.62610905,0.000535588,0.013214357,0.000414572,0.019310333,32.16795951,46.54042906,0.04079236,0.29906313,0.004979978,0.248423643,42.02975182,74.63229752
1253,0.000881996,0.005462153,0.000203557,0.005304343,10.37790526,38.18865658,0.00059277,0.004670075,0.000198281,0.004033556,16.14990433,36.03332958,0.000437183,0.001224546,0.000198888,0.002758374,20.38006935,38.33381726,0.001526635,0.024095168,0.000624446,0.023458861,20.13752975,48.82245335,0.000744443,0.012422311,0.000677617,0.006804203,28.01222295,42.85525682,0.000474495,0.001898703,0.000209546,0.001956056,23.17681063,37.38002675,0.000662316,0.005947826,0.00011012,0.003904495,25.66852743,34.7307973,0.001642113,0.009319205,0.000536333,0.012676007,25.1611713,44.73211452,0.002522516,0.025615,0.001371241,0.036123752,27.19858873,48.95834421,0.02210736,0.158259122,0.002002375,0.141171957,33.8806485,68.87300937
1254,0.000725863,0.003146481,0.000190079,0.003254083,17.14515617,36.57145459,0.000451844,0.005555307,0.000154045,0.001006487,20.03999038,37.12373792,0.000737139,0.002933573,0.000278688,0.003878175,20.16620384,33.05554464,0.001409988,0.01969613,0.00060107,0.021096844,20.90323255,50.63504836,0.000874528,0.014596125,0.00050633,0.00958755,19.82109496,42.90355055,0.000324359,0.003007916,0.000186163,0.003606373,13.55114298,38.05161549,0.001087215,0.00704558,6.72E-05,0.006084747,24.91295114,37.21301238,0.003901927,0.021659384,0.001127639,0.019665719,26.67414276,45.18784915,0.004566312,0.039906634,0.002130718,0.060446804,23.31039468,53.51052616,0.012969916,0.091555127,0.001067075,0.082486874,33.81934898,64.1117099
1255,0.00042617,0.001996474,0.00012902,0.002325309,17.0706335,32.84968649,0.000939185,0.009386495,0.000191449,0.005925458,18.78085728,37.16467232,0.000887451,0.004086258,0.000321607,0.005497769,21.44833787,40.24988877,0.000298276,0.005186882,0.000184055,0.006615298,14.93897082,45.11781282,0.000381609,0.004126182,0.000191745,0.002216144,16.78732935,34.0597665,0.00086659,0.004089545,0.000420999,0.004058295,23.24962942,40.05499842,0.000846953,0.003860702,0.000148771,0.003007236,20.34364682,39.16039655,0.002389742,0.016321359,0.000541266,0.007735026,22.91262955,49.64760344,0.002803508,0.018931739,0.000840153,0.031234468,21.88874739,47.68255773,0.009683341,0.07720188,0.001649741,0.074870099,24.54528706,62.65600919
1256,0.000224781,0.00175874,9.88E-05,0.002331431,19.13039978,33.27596529,0.000812041,0.006049297,0.000586952,0.004671187,13.81375209,34.80730706,0.001822682,0.005554307,0.000668663,0.007713703,25.08197553,43.57395212,0.000596421,0.005429653,0.000150173,0.006189158,18.96449005,40.29848429,0.000366527,0.004387275,0.000175473,0.003231681,21.79955758,36.47807007,0.000840781,0.00224797,0.000424529,0.00438622,20.4682465,35.33997134,0.000905555,0.005207532,0.000237778,0.008070405,19.41966779,41.78246965,0.004179333,0.025913796,0.000645586,0.014985913,23.63989854,53.06424451,0.002403935,0.01323763,0.000820158,0.012000517,26.42612042,41.52639624,0.003704534,0.023354416,0.000641824,0.027985297,27.57951906,51.50520091
1257,0.000564541,0.002491083,0.000176295,0.004949725,19.54697252,31.45905264,0.000763341,0.005399527,0.000904633,0.005610902,19.20130922,33.69046052,0.001905931,0.007649274,0.000709975,0.008107171,21.98716686,42.57705402,0.000689407,0.00285328,0.000355854,0.003151026,24.66086272,39.99939167,0.000580815,0.003825375,0.000197795,0.003653593,21.45371856,36.57344035,0.000727233,0.002485873,0.000357335,0.00240719,21.39932381,37.42001593,0.000736086,0.004841185,0.000219726,0.00780344,20.46551368,41.66189185,0.003423943,0.018612964,0.000484139,0.015652254,16.17163622,48.61408958,0.001454275,0.009018567,0.000722028,0.011268881,22.89540381,43.7528906,0.002018253,0.019598323,0.000792344,0.02013567,30.0428982,52.40128564
1258,0.000995339,0.003708365,0.000315558,0.005884414,19.17159756,34.71306918,0.000407086,0.004949254,0.000436323,0.004175188,18.29683281,36.91047831,0.000543341,0.004740711,0.000153242,0.00550585,14.87633724,36.45681607,0.001151166,0.003305713,0.000451434,0.003333185,23.26625422,40.70908866,0.000462466,0.003759303,0.000158021,0.003194039,19.71174056,37.1708367,0.000506393,0.003707386,0.000258883,0.005105747,20.61029758,41.58430785,0.000210058,0.00425418,0.000118933,0.004433418,21.68954,40.51858518,0.001440858,0.006555503,0.000373381,0.009133908,24.7646266,36.83456519,0.000798837,0.002811849,0.00045375,0.005402185,20.19120605,39.62189447,0.002211486,0.015681404,0.00064632,0.015723388,27.27093662,50.53795895
1259,0.00047274,0.00691543,0.000273627,0.004682956,24.10126018,39.58652569,0.000629968,0.004040095,0.000174963,0.001998811,17.88728211,37.95896636,0.000478433,0.0030427,0.000145838,0.005302643,17.00878705,32.45974292,0.000710217,0.003008211,0.000509915,0.002716677,23.36193098,39.38309478,0.000608865,0.003928208,0.000256251,0.004453442,27.2440935,40.91287095,0.000746355,0.003896264,0.000266126,0.005424265,22.39498172,40.26723016,0.000526158,0.005616013,0.000146213,0.007072883,25.25214092,42.86054619,0.000748382,0.005024872,0.000395364,0.00962769,22.90376716,38.97208007,0.000566777,0.005920953,0.000351573,0.007900639,18.72662294,45.21028212,0.001900332,0.009693494,0.000578457,0.011122724,25.57077709,46.34470079
1260,0.001228136,0.006411982,0.00086944,0.013499255,31.52899635,36.74272157,0.000694763,0.002127122,0.000276691,0.00258674,21.9617109,38.36636308,0.000656832,0.003791269,0.000260422,0.00426754,25.11949064,33.73431542,0.000633305,0.00333096,0.000522038,0.004463025,22.59199035,39.95139115,0.000872547,0.004534407,0.00039045,0.006008829,27.79640659,42.17337138,0.001050624,0.003457546,0.000365971,0.005355244,22.70955016,34.11811664,0.000922277,0.004259418,0.000400819,0.005949242,25.84720256,43.10515897,0.000600327,0.00542508,0.000130324,0.011688431,18.23613592,35.37709054,0.000792054,0.00596134,0.00050037,0.009089104,24.20865343,43.32556131,0.001516074,0.008949716,0.000554258,0.010981682,26.45989164,45.80244658
1261,0.003336554,0.023745206,0.002059521,0.032669456,27.99024762,37.01658194,0.000837041,0.002447059,0.000323044,0.003344454,23.09025757,39.24725051,0.000986694,0.003949468,0.000348939,0.004289451,24.68837864,35.91808712,0.000318857,0.003814599,0.000112856,0.005291429,18.05028825,35.68421671,0.000372265,0.004094767,0.000250783,0.005274649,20.79437878,37.19925599,0.001755136,0.006534118,0.000406108,0.00765953,23.82848127,38.75271339,0.000795106,0.003757276,0.000333359,0.004184093,22.67731408,30.98127457,0.000887233,0.004838562,0.000170303,0.006924956,23.72683545,37.14400376,0.000810825,0.003474262,0.000400801,0.005700901,22.8498577,42.32121262,0.00115835,0.006907119,0.000176394,0.010440083,25.81378352,36.28512429
1262,0.002395009,0.019211747,0.001680445,0.025545191,15.6595577,34.23064656,0.00058939,0.001123575,0.000210672,0.001320402,17.05838061,35.48732808,0.000778983,0.003044608,0.000208256,0.003829623,18.52645081,34.16146946,0.000720969,0.003039913,0.000404804,0.004883681,20.69974924,31.43349725,0.000775242,0.001687203,0.000301255,0.002892664,20.55423494,36.47701585,0.002535678,0.012650881,0.000580455,0.013890691,28.09583177,44.07443787,0.000935263,0.005490429,0.000333961,0.007700124,26.46281351,44.67981465,0.000351413,0.002469189,0.000141849,0.003484359,24.61081764,35.12595628,0.00075154,0.006393499,0.000400299,0.008270269,25.00561756,40.72632849,0.00088071,0.003800527,0.000407176,0.010571289,25.78826347,40.31352312
1263,0.00064405,0.003375139,0.00069985,0.006640966,10.8462949,24.35948809,0.000746273,0.002437481,0.000234464,0.003242882,15.28003496,35.47293897,0.000374988,0.002650028,6.71E-05,0.004932322,17.74917389,33.46873604,0.001069179,0.003971642,0.000365134,0.006383791,24.87145804,36.6382449,0.001124298,0.001834647,0.000448698,0.005624632,25.40830619,42.06797178,0.00164597,0.007777991,0.000484191,0.00947504,27.67314821,43.62799914,0.000855469,0.004140687,0.00031449,0.004846169,25.20173905,43.17560005,0.000153546,0.001881074,0.000101662,0.003570793,16.95656738,34.00486587,0.000949042,0.005801194,0.000511776,0.007036621,27.02241047,44.2550448,0.000956527,0.00168513,0.000310158,0.008701001,22.10191877,37.3791148
1264,0.00046105,0.003674491,0.000254283,0.003735521,14.83333389,35.29378058,0.001147093,0.004517385,0.000261342,0.006138847,21.20126578,42.08372813,0.000467631,0.003930292,0.000230583,0.005818503,24.37657672,34.93911557,0.00074873,0.002521234,0.000209649,0.004148192,25.5291785,37.31871331,0.000853214,0.001233254,0.000301376,0.005178388,25.52501375,41.84805602,0.000851455,0.001774725,0.000327292,0.004784242,27.38292097,40.69983647,0.000421715,0.001201051,0.000233268,0.00171056,22.94185106,32.93145998,0.000531552,0.003348167,0.000329655,0.005198532,14.52655807,30.43868964,0.001284073,0.004035009,0.000750145,0.00304438,28.34279338,41.50044036,0.001141258,0.001155976,0.000484155,0.006522475,22.44663277,40.49865369
1265,0.000359737,0.003751235,5.94E-05,0.003018546,18.53778291,30.60939317,0.000865912,0.004128133,0.000212294,0.005320643,15.16280674,35.54009723,0.001058526,0.004598128,0.000433303,0.005080198,26.48812002,37.4005879,0.0007723,0.004354084,0.000251497,0.004472329,26.10274431,36.62337882,0.000515166,0.003229858,0.000100437,0.004159372,20.59851641,34.70557604,0.000872832,0.001096662,0.000408329,0.001159276,24.85616946,36.79056503,0.000667708,0.00440687,0.000261149,0.004368376,26.23549541,35.85554308,0.000774477,0.00225465,0.000493287,0.003632339,20.74331256,33.75654475,0.000559126,0.004622901,0.000328902,0.005904907,23.05439165,40.18878426,0.001252902,0.00619675,0.000469982,0.011190223,25.22916716,36.37885918
1266,0.000263694,0.001065461,7.67E-05,0.0016063,20.24126544,34.66125507,0.000791061,0.007464115,0.000305319,0.005926927,19.4806736,41.11261594,0.000756918,0.004115451,0.000345661,0.004070977,20.38999774,37.83922244,0.001013463,0.004711949,0.000319837,0.005599638,27.48547348,38.24841737,0.000358723,0.003504355,0.000117054,0.004849616,18.55097247,36.68520405,0.000274907,0.002314875,0.000225019,0.003228294,23.86671681,32.14997362,0.000824463,0.004746345,0.000232229,0.005064076,26.45038036,40.62679146,0.000885493,0.002723505,0.000469076,0.003475686,21.35264804,38.97173234,0.001339408,0.007100646,0.000467863,0.007717072,27.92611983,42.52644922,0.001420427,0.004688779,0.000712744,0.009038826,28.58959088,39.50936997
1267,0.000364511,0.001989148,0.000152684,0.000983847,16.95964145,34.15108501,0.000742752,0.005948682,0.000246846,0.003050992,17.44080333,37.8514657,0.000267407,0.001708857,0.000126736,0.002395999,14.42092776,26.82169405,0.000819318,0.00354315,0.000277012,0.004911545,25.2649123,33.12033246,0.000216219,0.003716408,0.00014137,0.005019922,9.441505342,32.22104605,0.000541822,0.003478004,0.000187876,0.003147729,23.89882662,37.38559072,0.000581333,0.00492943,0.000146263,0.004823981,27.40521568,42.71445184,0.00077723,0.00455244,0.000346272,0.005711945,20.8136749,35.94442589,0.001448717,0.007434114,0.000540389,0.008937248,28.35566823,42.7276572,0.000975779,0.003385211,0.000237432,0.006876169,29.57690867,38.74480647
1268,0.000676877,0.004643018,0.000210481,0.004759296,21.31462419,35.7020799,0.000406813,0.002580326,0.000157438,0.002321584,19.55642399,32.00069768,0.000302239,0.002968071,0.000170545,0.002505979,23.83787516,29.82548952,0.000298198,0.002546202,0.000258911,0.003547888,21.53197812,32.38267955,0.000406131,0.006695881,0.000123019,0.008309091,20.37561899,30.80034669,0.000829527,0.004038641,0.000244454,0.003735353,24.87286172,39.32690735,0.000671019,0.004721456,0.000245717,0.008466012,26.9781921,39.97870131,0.000778405,0.003388306,0.000284874,0.007670129,25.21237444,38.77162259,0.002000399,0.012654557,0.000377874,0.013918067,25.36538801,45.39625298,0.00158435,0.003931467,0.000558602,0.008247183,27.77320109,43.38167409
1269,0.000975091,0.006522069,0.000187969,0.005712095,23.0856452,41.83052525,0.000508017,0.002201075,0.000227558,0.003249341,23.1352948,30.32339993,0.000603984,0.00401652,0.000302307,0.002886298,25.50895081,30.07370822,0.000664386,0.002515643,0.000290655,0.002761507,25.56149804,37.10201245,0.000567397,0.006894246,0.00013289,0.009290077,24.6560485,33.54830146,0.000735457,0.003493659,0.000257383,0.004536162,26.03360688,39.73564468,0.001216636,0.003364363,0.000295246,0.012221029,28.10733529,36.85778804,0.000848721,0.002092602,0.00037565,0.003956845,20.64303693,41.25169182,0.00299521,0.016418929,0.000312595,0.019999394,28.10947219,48.88017128,0.000902088,0.003626523,0.000295902,0.003758849,19.07314375,41.55451895
1270,0.000843265,0.00502654,0.000309355,0.009033119,29.31759717,54.53911821,0.000564927,0.004869936,0.000270851,0.005127628,19.86783599,30.12531279,0.000602551,0.001278974,0.000251722,0.001565449,23.76757716,32.59956818,0.000913157,0.004408705,0.000297643,0.005145676,22.72149057,34.38411535,0.000429574,0.004166307,0.00017412,0.006751974,23.80160528,29.54355542,0.000840976,0.001872105,0.000385151,0.00440926,27.87750442,38.42025307,0.001054421,0.003588753,0.000348254,0.007276327,26.77563689,34.79413355,0.00090894,0.005501195,0.000541708,0.006720882,25.15521429,40.61452453,0.004906593,0.022021464,0.000254228,0.040278682,32.89961583,53.72863519,0.000816417,0.003964921,9.52E-05,0.002448504,25.1942259,37.52316159
1271,0.005018026,0.028837695,0.001199749,0.0500918,31.93068576,56.58187599,0.000571802,0.010302776,0.000197728,0.009798274,18.55663522,31.25075212,0.000967088,0.003839665,0.000276628,0.00511771,27.15687415,34.77865862,0.000455152,0.003383795,0.000191082,0.005013835,15.63954257,29.67870318,0.000388751,0.003703601,5.37E-05,0.005484887,19.90597905,33.94567831,0.000711906,0.003931951,0.000256714,0.006162454,27.0948273,36.2738004,0.000702342,0.00369815,0.000251354,0.003742151,28.04371182,36.01855456,0.000329492,0.005501372,0.000325021,0.007335053,22.35442294,38.76379583,0.00712145,0.029680134,0.000410612,0.068998817,33.50306595,56.48853921,0.000867135,0.003757709,0.000184796,0.003499453,29.45044868,38.58256959
1272,0.006531896,0.037133922,0.001639738,0.066134665,27.14223947,49.13974107,0.00023868,0.009735293,0.000192587,0.008184396,22.78973448,34.89009972,0.000757562,0.005456685,0.000216761,0.0066883,25.89051916,30.61250547,0.000415242,0.004387114,0.000115162,0.005769221,25.44770814,32.32152679,0.000884264,0.004760295,0.000175646,0.008247315,24.9407418,34.53797515,0.000527455,0.003453895,0.00012474,0.004998132,22.86017028,34.34189919,0.000488776,0.003478721,0.000187363,0.003192073,23.03098313,33.08738297,0.000418495,0.003369361,3.39E-05,0.004627232,23.64828528,37.0553633,0.004384184,0.017615009,0.000472009,0.046408871,31.03626481,52.0376058,0.000502608,0.001956646,5.61E-05,0.004208767,29.7656643,41.36219389
1273,0.002926397,0.014439821,0.000754924,0.029191218,17.27085693,38.5945535,0.000558663,0.002703112,0.000275555,0.001912517,23.09366988,31.55073069,0.000325613,0.004223312,0.000166167,0.006800523,26.1379118,35.14498718,0.000587609,0.004925576,0.000139376,0.006583841,28.26728039,34.00742735,0.000880235,0.004912289,0.000202773,0.007631049,26.11503403,34.01158904,0.000436723,0.002462447,0.000153608,0.003968643,18.70745657,35.62218176,0.000648526,0.003371171,0.000167813,0.006462909,30.17859335,31.5795697,0.000966109,0.005968817,0.00034109,0.006629436,30.65977908,37.93402109,0.001939676,0.009571025,0.000208614,0.021146995,28.53483,47.76761505,0.001209933,0.002963263,0.000253248,0.006086466,27.56681353,41.51328146
1274,0.000996283,0.003639009,0.000353247,0.006153029,21.97572695,37.00737272,0.000523657,0.002403483,0.000275269,0.002341198,23.22787248,28.92698513,0.000418362,0.007255312,0.000236305,0.008007094,24.80634487,36.87756644,0.000349382,0.004067029,0.000122311,0.005535726,23.00219999,28.65249509,0.001103805,0.00382871,0.000519288,0.006583074,25.0801982,37.17095854,0.000465321,0.002737426,0.000153521,0.004034788,22.6215929,35.70900395,0.000722209,0.004265906,0.000182234,0.006819884,29.97604389,36.23106612,0.001444057,0.007641705,0.000516336,0.009442587,30.37860573,40.61828835,0.001521627,0.005181079,0.000213885,0.009066592,24.54199616,44.21785025,0.001039504,0.001157238,0.000213143,0.002306699,26.01651297,43.59122167
1275,0.000824845,0.004358013,0.000319871,0.00531025,22.34634783,34.01159105,0.000346475,0.003266717,0.000235509,0.004038803,23.31683071,31.80536589,0.000410772,0.005817832,0.000319556,0.009701179,12.54804205,31.48663106,0.000226379,0.001173463,7.55E-05,0.002749857,19.97015949,28.86220803,0.001174538,0.004951128,0.000504981,0.005824584,28.86821405,38.08514386,0.000615102,0.001115727,0.000226727,0.001942498,25.71518271,30.59651934,0.000286208,0.001986224,7.13E-05,0.002827418,20.64362849,36.69165525,0.001508238,0.009198762,0.000639699,0.009503974,21.25382146,36.93144524,0.001083694,0.003064769,0.000332851,0.007404331,24.35995253,42.93652355,0.00127577,0.007676446,0.000479799,0.002861223,26.87383659,40.75581781
1276,0.000719957,0.003369826,0.000239042,0.003544618,14.75460683,27.11098251,0.000302932,0.002881473,0.000194867,0.007377115,22.71837345,28.55678259,0.000438759,0.005729706,0.000182789,0.009475731,20.31735359,29.91377109,0.000433655,0.00356204,6.32E-05,0.004979984,24.87514709,35.57763129,0.000276617,0.002713106,0.000151532,0.004145913,25.94800288,31.37411151,0.000620975,0.00453655,0.000297922,0.003564965,24.9507093,37.24531846,0.000160624,0.003623709,0.000110791,0.006101615,24.04833686,35.51226154,0.000959799,0.008279509,0.000443805,0.009654294,26.73313627,36.50317278,0.000443263,0.001717201,0.000379753,0.005213364,23.68609687,34.21899211,0.001438427,0.010229683,0.000672179,0.005256572,25.69097927,35.92091616
1277,0.000255865,0.000832899,0.000136994,0.002256752,18.15059726,30.84637666,0.000410746,0.004381803,0.000281255,0.011000604,21.27851658,33.55028037,0.000480816,0.011489237,0.000310422,0.016542264,20.93749594,40.39206953,0.000395942,0.003290901,8.99E-05,0.004921428,22.1736747,30.51089392,0.000666312,0.001764164,0.000222116,0.002978221,25.37241415,35.70666367,0.000442787,0.007466606,0.000176838,0.005714704,27.78479509,40.07598919,0.000191512,0.003489577,0.000134756,0.0051966,21.80985156,37.44070201,0.000909522,0.003016694,0.000389998,0.00491029,26.79953352,38.31707386,0.000447474,0.001969911,0.000308285,0.003286329,27.34998759,34.37217226,0.000896313,0.004661195,0.000488595,0.005772251,23.49459849,40.78643218
1278,0.000555124,0.002953533,0.000130576,0.003533307,13.14560243,31.42457713,0.000423806,0.001292311,0.000197331,0.004472323,19.93726,35.3776785,0.000551693,0.0113619,0.000450088,0.020245839,19.57163733,43.46855895,0.000462349,0.005961949,0.000176718,0.00684891,21.28619245,34.52838365,0.000812165,0.003176815,0.000297988,0.003481609,27.92720275,37.19189495,0.000593827,0.004514508,5.59E-05,0.003390325,28.26848065,36.59713609,0.000516167,0.002984858,0.000145761,0.00347849,25.69940893,36.49217977,0.000735371,0.004213083,0.000316298,0.004468253,24.42169304,32.87483258,0.000730847,0.003503691,0.000336258,0.004156913,29.26218217,37.02201816,0.000847066,0.002569938,0.000579706,0.007989616,21.9787066,41.16117829
1279,0.000530065,0.001340612,0.000179074,0.001851113,3.296159933,28.53651517,0.000289252,0.002003559,0.00016271,0.004098141,22.60528644,34.29971075,0.000531748,0.005509534,0.000289617,0.008288319,16.25886217,37.90992305,0.000816893,0.012594261,0.000220208,0.014642508,26.37407544,41.51817911,0.00072711,0.003724473,0.000244257,0.00407402,26.88020322,34.94902943,0.000386162,0.002460311,0.000113294,0.003672098,25.23816548,28.82123038,0.000594303,0.003798424,0.000130121,0.005772631,26.10397125,36.1215269,0.000957256,0.002275493,0.000464869,0.001679267,21.95839654,32.66027234,0.000708604,0.004078152,0.00032032,0.004987167,29.11706752,37.7513256,0.000913947,0.004193181,0.000545076,0.006789616,22.72668083,28.06226973
1280,0.000200892,0.002089285,0.000187604,0.001958522,12.77324077,24.0916483,0.000163853,0.000712672,0.000193944,0.002743977,20.18468507,27.59700491,0.00055102,0.004980815,0.000260051,0.007366303,22.8342555,29.2440276,0.000765711,0.011686504,0.000263098,0.014475605,26.0136818,42.27749099,0.001139397,0.005961434,0.000298969,0.004497586,26.9603898,40.59275542,0.000377576,0.003897259,0.000154856,0.004734019,25.01403645,30.87903819,0.000267352,0.002958116,0.00016571,0.002749283,24.7309558,36.81768138,0.000848691,0.003622665,0.000322547,0.005506801,24.86518918,38.97848807,0.001012635,0.004540429,0.000231526,0.009550095,32.59764665,40.19087863,0.001805776,0.004069261,0.000476837,0.01125037,22.45513353,38.80221629
1281,0.000250837,0.000787996,0.000114873,0.005235346,20.39468955,37.08524576,0.000547677,0.004118919,0.000131223,0.002651792,13.6221453,32.30266866,0.000394959,0.003636383,0.000103335,0.003827235,25.58847194,34.05805215,0.000541978,0.00387376,0.000215791,0.004702644,23.48009308,37.38066861,0.001218988,0.007901235,0.000276281,0.003168399,25.03111466,42.93810623,0.000658655,0.003768754,0.00020311,0.003764474,22.99592217,34.32599189,0.000422752,0.002999747,0.000138093,0.002358689,27.27469379,33.18614412,0.000664593,0.004502262,0.000262705,0.005051346,26.18555808,36.55799921,0.001066626,0.003153596,0.000293912,0.006234113,30.9122431,39.5424427,0.00347531,0.00966444,0.000334067,0.020042072,29.17084893,46.7635103
1282,0.000479474,0.001487586,0.000337859,0.00607188,19.7099477,42.00893508,0.000544598,0.00270848,0.000166288,0.00300288,21.5150719,31.51707301,0.000400855,0.002319571,0.000137939,0.002660901,21.30875383,32.67437561,0.000223264,0.001821351,0.000132903,0.004427388,22.29990018,32.26204719,0.000503627,0.002697354,0.000130432,0.001033171,21.62766259,35.36844219,0.00074893,0.003460787,0.00024917,0.005576619,23.26529177,36.05941007,0.000425994,0.003870929,0.00034701,0.002448096,22.67307824,24.81407317,0.000609017,0.004269881,0.000198097,0.002962451,28.83188045,34.40128937,0.000801792,0.003328781,0.000342817,0.003477121,27.24984784,33.98365143,0.005360661,0.012706122,0.000762501,0.031581554,28.12055174,50.26883388
1283,0.000585651,0.001022611,0.000380912,0.011324326,20.23163254,43.17806206,0.000600538,0.009141554,0.000228864,0.005924276,19.18890459,30.15025811,0.000431352,0.002906872,0.000181977,0.003615509,22.08102183,29.92306547,0.000423324,0.002053816,0.000118215,0.001092478,25.51507612,31.93586945,0.000300399,0.000956146,0.000106205,0.001961849,19.68138785,25.53949748,0.000882685,0.003740688,0.000189105,0.005730676,26.30621646,32.96832517,0.000563626,0.003426162,0.000354597,0.002212681,20.4280366,31.600821,0.000802019,0.005096058,0.000292307,0.006054151,30.20262258,33.50173063,0.000494673,0.003534549,0.000303228,0.00282071,22.82117588,36.73874386,0.018462505,0.048513403,0.00278869,0.085944444,35.68590507,62.00754381
1284,0.000755653,0.002481743,0.00045719,0.016913543,10.05545126,39.34856442,0.00110523,0.01815743,0.000379994,0.011956497,19.77374363,37.14625822,0.000417083,0.003393884,8.87E-05,0.003861528,16.94775986,24.51321728,0.000524873,0.002483365,0.000206075,0.001636465,23.40380749,34.8044597,0.000285574,0.002344135,0.000107942,0.002378004,22.80995902,30.88540432,0.000756745,0.004205872,0.000114567,0.005672006,26.10523369,27.57062783,0.000574906,0.001153654,0.000207614,0.002896988,25.55173949,32.68429134,0.001164578,0.004920827,0.000506372,0.00945416,30.09297745,37.9416235,0.001057758,0.003737239,0.000282119,0.002160626,24.16492373,39.00829839,0.017282118,0.048355169,0.003172228,0.082647181,34.03588246,61.82468379
1285,0.000795558,0.00255811,0.000263971,0.00842928,12.32596797,34.91534812,0.003986827,0.055345,0.001180819,0.038303426,16.9402837,47.83030924,0.000329233,0.005672598,0.000149542,0.007360032,22.14529934,35.38245299,0.000588295,0.002390919,0.000246885,0.003876952,20.5028041,35.99769304,0.000581954,0.00218324,0.00017719,0.0026337,24.29274021,32.13667851,0.001327223,0.004572955,0.00038155,0.008846238,26.30609843,35.87310082,0.000692367,0.003012494,0.000164818,0.005435001,25.16373222,31.84470419,0.001064678,0.003630108,0.000466654,0.006333475,24.03878767,34.10338189,0.001095618,0.001542903,0.00028121,0.005797973,25.65083022,37.77603949,0.003738928,0.011748465,0.001077969,0.022677522,20.10486407,48.31121195
1286,0.000921237,0.002102628,4.85E-05,0.006091741,13.35094483,32.37956859,0.008516277,0.111815813,0.0025789,0.079960701,25.70674804,54.59595235,0.000347914,0.004241575,0.000227706,0.005843435,19.96005277,30.03637774,0.000760445,0.003518819,0.000348892,0.003494254,21.9855529,34.56285982,0.000737304,0.002453561,0.000228908,0.002402253,22.24069915,25.90768139,0.001552962,0.003890644,0.000469133,0.00850611,25.66053083,36.71904035,0.000406596,0.002335854,0.000176327,0.003998709,20.59678311,30.45735716,0.002130972,0.007747968,0.000236622,0.007079217,13.178293,40.10236737,0.000449462,0.002912634,0.000333755,0.01095431,23.28967156,34.79125701,0.003051129,0.007529541,0.000453845,0.014943804,25.91255426,44.08477599
1287,0.000470985,0.001862172,7.88E-05,0.004796208,18.47055331,35.63617471,0.003102504,0.053354406,0.002145298,0.038592303,22.07683322,52.39317272,0.000496548,0.003880299,0.000235086,0.004149606,21.17810746,27.13227116,0.000608361,0.001420228,0.000282684,0.00242192,21.55760395,25.4658533,0.000380632,0.001100195,0.000124339,0.003078133,19.93703529,33.66787097,0.001156432,0.00229252,0.000392104,0.00530617,26.50394316,34.12204062,0.000396872,0.002927626,0.0002677,0.004585373,21.95318643,31.93637735,0.002598773,0.016693118,0.000484291,0.010155799,16.64794667,46.504887,0.001049556,0.00316196,0.000319001,0.003241075,23.66796072,33.78706214,0.002549263,0.005962181,0.000411536,0.009946986,25.78800057,42.71439192
1288,0.000943358,0.002311718,1.00E-04,0.006868755,24.90736163,35.78380008,0.002638124,0.013530872,0.001565164,0.007094855,11.4704584,48.0920576,0.000580531,0.005121809,0.000204992,0.003247672,20.51168348,25.31549833,0.000535929,0.002624349,8.67E-05,0.003051883,18.79922833,26.76502164,0.000624597,0.00119598,7.98E-05,0.002790538,19.2686076,33.82659905,0.001328468,0.00310495,0.000477006,0.003731235,26.05857953,32.86207257,0.000760669,0.002862371,0.000358948,0.00493764,19.6958487,30.85636172,0.001015516,0.010733139,0.000504899,0.006226601,21.43403254,43.56989316,0.000955615,0.00205273,0.000300157,0.005390177,20.48509694,26.62003239,0.001672665,0.006557761,0.000585651,0.008454707,27.20361169,35.36310126
1289,0.000819469,0.003416413,0.000167709,0.00781739,24.68507077,41.09810962,0.00184022,0.007390333,0.001008796,0.025800776,21.80194502,38.65037123,0.000388915,0.005291054,0.000139214,0.00272496,16.78269178,28.16743642,0.000576681,0.001810685,0.000195294,0.001042044,14.33532302,24.87343655,0.000772284,0.002764813,0.000182302,0.005818582,19.45377304,27.66819831,0.001563698,0.003212881,0.00044765,0.004195754,24.58836697,29.15602686,0.001142976,0.001556462,0.00040333,0.003854993,23.3152983,33.92810432,0.000897181,0.003738899,0.00030358,0.004222015,17.30532735,32.18364366,0.000784481,0.004291869,0.000302744,0.005731496,15.83450086,31.77275804,0.00077388,0.003324528,0.000299687,0.002087209,25.48067602,36.99550681
1290,0.001773956,0.006650837,0.000213187,0.013112537,25.83236833,44.77375045,0.003077058,0.008764062,0.000978999,0.029606481,21.10299573,33.98681831,0.00062563,0.003279317,0.000225062,0.001689584,21.40231588,32.05934884,0.000941594,0.00248653,0.000372655,0.001914399,15.10100132,29.8520415,0.000832348,0.005785866,0.000129323,0.007759109,18.87315966,30.39601578,0.001122988,0.001681654,0.000285326,0.002965719,23.32067262,36.67938461,0.00112501,0.002832325,0.000308336,0.003864728,18.76075715,32.92331861,0.001734557,0.003704366,0.000687657,0.005242986,23.62067506,36.42529163,0.000962935,0.004521587,0.000326211,0.003479661,13.27447465,34.1339887,0.00098321,0.000428856,0.000467052,0.003454725,18.9684564,34.67241629
1291,0.004372149,0.017620566,0.000384545,0.032049982,21.19862534,47.15209749,0.000811004,0.003050215,0.000343648,0.008179536,16.60042002,35.38147903,0.001134558,0.003051852,0.000426397,0.003216755,22.5874387,30.68706601,0.000964026,0.005136047,0.000399718,0.004342021,19.17650376,20.9785235,0.002685912,0.00959917,0.000606998,0.006145063,21.72511273,37.58082422,0.00072564,0.003003053,0.00029685,0.002842549,19.65975517,33.99147963,0.001695365,0.003309129,0.000644493,0.003058766,18.94633788,31.66941588,0.002069345,0.004919945,0.000875084,0.006215822,25.65134063,37.42155292,0.00075589,0.002158301,0.000283631,0.002520885,15.25235535,29.12984984,0.00146558,0.002157275,0.000416499,0.003678846,20.42067601,37.99467909
1292,0.006111255,0.025126683,0.000510033,0.044546805,32.18847542,48.98192143,0.000724097,0.004063448,0.000195605,0.003180254,17.53968203,35.8194904,0.001033035,0.002628719,0.000310553,0.003946362,21.10273913,32.3253247,0.000711337,0.006003402,0.000231324,0.005635853,19.22826838,18.04610272,0.002486248,0.007102805,0.000687566,0.003819443,23.30769785,36.55760995,0.000578291,0.005639468,0.000354128,0.004595344,21.67753432,34.34226288,0.001893426,0.003938561,0.000696518,0.005028705,25.26113617,30.17691963,0.001866236,0.004745252,0.000825389,0.004847459,22.97618932,38.90192711,0.000732887,0.001703739,0.000210612,0.002797779,20.26704018,32.26755598,0.001364595,0.001445978,0.000513824,0.003006938,24.46796829,33.80192183
1293,0.017353992,0.06734701,0.001849483,0.13121277,41.03924157,60.395896,0.000969638,0.003281946,0.000243789,0.004811799,14.69158944,32.66838228,0.000932049,0.002961652,0.000309733,0.004899224,21.20924004,32.346942,0.000692539,0.005773691,0.000211313,0.006060711,18.86834325,28.29139721,0.000878208,0.001466836,0.000352043,0.002594855,13.14862453,19.52368161,0.00049617,0.003865572,0.000242045,0.003667378,22.99410644,34.17340302,0.001376047,0.001751281,0.000649669,0.00564126,22.69830856,28.45973066,0.001592991,0.004417,0.000582831,0.00533596,21.09880508,39.43836287,0.000636083,0.00239567,0.000248447,0.005386281,23.18329906,38.55227629,0.001422761,0.002023076,0.000706312,0.003751484,24.13934665,29.12177586
1294,0.064222623,0.248329993,0.006394338,0.477603811,40.79965141,59.06552891,0.000873598,0.003040433,0.000253459,0.003528872,8.702644709,34.93120424,0.000334435,0.001655269,0.000188277,0.003429405,17.7083775,25.3451594,0.000676126,0.004101374,0.000173062,0.005062054,20.62557954,31.44988747,0.000792208,0.002784057,0.000254785,0.003783551,18.49271359,27.93928128,0.000472217,0.001853314,0.000190513,0.002287145,19.38082993,31.50719337,0.00133996,0.004216838,0.000636998,0.01020729,20.70329939,31.37352323,0.000972753,0.0027851,0.000354671,0.002770374,22.66773591,34.49173514,0.000838976,0.002450323,0.000334475,0.003271149,24.58858608,39.45099782,0.000985241,0.003436371,0.000313661,0.004044044,20.21458599,38.75893004
1295,0.061174065,0.234972971,0.006261519,0.452313326,29.03501947,46.74505786,0.001056359,0.005085694,0.000320403,0.004577171,13.46269726,36.08052102,0.000700483,0.002136373,0.00022507,0.003825578,20.33393287,32.61932483,0.000782534,0.00223759,0.000223354,0.004047368,20.77848697,30.75000425,0.000863118,0.001921251,0.000349866,0.004051366,18.16408701,34.13703969,0.000323824,0.001746408,0.000159899,0.001305749,21.71426176,26.47200881,0.000693332,0.002358163,0.000409565,0.006324791,17.862571,33.44822897,0.000687034,0.003119888,0.000117141,0.002859358,19.15850707,28.6526594,0.001324097,0.001794919,0.000614778,0.004852732,22.12301105,37.80928226,0.001693016,0.004218203,0.000382426,0.007202521,20.57802508,38.35981676
1296,0.017824929,0.066503106,0.002062637,0.130245823,18.87429284,38.86239651,0.000872312,0.006119364,0.000159818,0.003881773,10.48262977,38.71922396,0.000985043,0.005183137,0.000277987,0.005121203,18.84741504,39.04672061,0.000575468,0.001833293,0.000162159,0.002908229,20.0420422,32.53088912,0.00102071,0.001560992,0.000372756,0.003607098,21.2273628,35.10773078,0.000693623,0.00207451,0.000242231,0.003892829,19.35011034,29.63561216,0.000550524,0.003011913,0.00018945,0.003815198,15.10961223,38.93893384,0.001235618,0.005849358,0.000551645,0.007094222,21.78416213,35.93737634,0.000715495,0.001250337,0.000432681,0.003617445,23.52992298,38.24573493,0.000613636,0.003616039,0.000206722,0.007447368,27.12389566,39.83872211
1297,0.003875187,0.014181946,0.000745084,0.03116775,17.4172733,34.96754913,0.000908615,0.003672508,0.000195547,0.003229959,18.17568713,36.22763541,0.000768479,0.004863966,0.000162822,0.004495007,14.45590031,37.30075362,0.001029306,0.003525639,0.000387526,0.007602534,8.05111791,35.53856112,0.001402918,0.001957647,0.000615604,0.00577474,20.86971459,28.53361677,0.000738276,0.002503787,0.000365017,0.003833247,19.84950143,37.54963179,0.001034206,0.004515686,0.000269392,0.005186418,21.42463757,42.41932417,0.001967023,0.006463924,0.000732036,0.006814201,22.67314607,40.86607442,0.001710793,0.003895706,0.000576056,0.00609684,23.62948153,40.89859038,0.002853068,0.006848184,0.001020748,0.008170071,29.23004279,42.91365031
1298,0.002694032,0.008187729,0.000647354,0.022150551,20.73862544,36.99823302,0.000810058,0.000960582,0.000274845,0.004201721,20.9957412,29.66314313,0.000767718,0.004006267,0.000213372,0.00211159,20.35972371,34.64578954,0.000921783,0.002231353,0.000364184,0.009637901,15.64538476,35.20331448,0.001276634,0.001450367,0.000688741,0.004441415,21.96912177,30.16191936,0.001072003,0.003456514,0.0002909,0.003304604,22.4216046,39.65211192,0.001812767,0.009834868,0.000296787,0.004999945,20.21139717,40.13776513,0.000935976,0.009826035,0.000646889,0.008317069,25.9856098,45.10046289,0.001714187,0.00557244,0.000602589,0.007625924,19.38511336,39.84884642,0.006114852,0.018166457,0.001701303,0.017878906,25.01782718,49.41520893
1299,0.003147773,0.010529537,0.000712188,0.02601078,13.05699012,37.62739121,0.00058627,0.001540389,0.000514517,0.00568788,17.94016591,29.54809632,0.001413785,0.00919684,0.00012633,0.003363993,22.29404373,39.19740857,0.000308272,0.002338903,0.000109161,0.002769698,17.62201727,37.17454793,0.001087751,0.002348129,0.000541622,0.004627517,18.56846162,36.3217948,0.00066594,0.001861651,0.000174236,0.002549664,19.84407451,36.92163579,0.001907911,0.01093018,0.000303507,0.003673974,19.38391397,37.02190489,0.001823759,0.010790182,0.00110032,0.009836529,26.97895109,45.52249105,0.002085591,0.006613555,0.001073454,0.007169438,24.15145496,42.6411651,0.006152087,0.022574325,0.001543237,0.025622698,21.99460829,50.05860122
1300,0.000974181,0.00446848,0.000258412,0.008142259,16.62057171,37.23405496,0.000821141,0.002379656,0.000899894,0.01093108,20.41908872,30.43245061,0.000826358,0.005024837,0.000207252,0.004477935,21.51773782,31.52213978,0.001190104,0.002489948,0.000202762,0.004566857,23.84997022,40.62723079,0.000849313,0.002940926,0.000305273,0.003936172,17.73370039,36.21954414,0.001081989,0.001409571,0.000420836,0.000842096,21.00339282,31.15949824,0.001241565,0.002537343,0.000474656,0.002132557,22.35037861,37.10268507,0.001180798,0.004523876,0.00063672,0.004625359,18.48671111,38.91916398,0.003843605,0.012775399,0.001972466,0.014967653,19.19150055,47.12138772,0.002110382,0.008773353,0.000800214,0.006837406,18.1354668,40.19852073
1301,0.001548434,0.005255539,0.000311254,0.011380593,17.12723901,39.20851477,0.000954259,0.00443619,0.001015981,0.015649923,16.98054887,38.86829272,0.000562716,0.002230002,0.000179418,0.003822453,15.82024979,34.23912003,0.001086758,0.003460189,0.000163239,0.00451016,22.76166984,35.1126382,0.000998692,0.00307715,0.000336754,0.003063314,19.84783776,37.45027228,0.000670161,0.002009776,0.000307512,0.002762963,24.63488813,34.61981736,0.000909455,0.003723272,0.000473491,0.003037977,23.84224224,38.66155957,0.001635659,0.004029012,0.000664402,0.002559729,22.96202688,33.30525133,0.002258182,0.01304314,0.001404299,0.012283971,24.94432215,48.53723494,0.001451695,0.003561724,0.000594432,0.004705214,24.24710543,34.63901698
1302,0.001289151,0.005192092,0.000327534,0.006747967,11.79940177,39.15126254,0.000448996,0.003298594,0.000456865,0.007081678,18.61507025,33.68451607,0.000492134,0.001397948,0.000148767,0.004741384,20.88514201,37.12423426,0.00072546,0.002564456,0.000271908,0.002345991,20.27244994,34.23912591,0.000550108,0.003498793,0.000312903,0.003367141,19.49267947,29.39525955,0.000864016,0.003416159,0.000380763,0.003272385,27.06629785,40.79650879,0.001069513,0.003431135,0.000323038,0.003227309,21.47950028,36.31950043,0.001531638,0.004112864,0.000474602,0.004242781,21.50793788,37.08817937,0.002832402,0.009828258,0.000944917,0.013806153,26.87021598,44.84262677,0.001281615,0.005395709,0.00037293,0.004072689,26.51988492,43.63182603
1303,0.000561428,0.004287461,0.000272752,0.00369264,16.06981159,33.7947224,0.000446944,0.003264067,0.000244825,0.004064096,20.20880382,37.20582342,0.000690628,0.000995761,0.00031554,0.003963635,22.83480362,39.36438823,0.000598665,0.002782456,0.00032297,0.004482442,22.3278966,36.7799161,0.00040943,0.003396278,0.00016377,0.003390538,20.0324262,32.58909004,0.00095944,0.002757322,0.000496166,0.001825692,27.44283524,38.65235652,0.000795139,0.001528011,0.000368472,0.003243246,23.09927239,35.87019597,0.001268279,0.001938258,0.000387947,0.004345912,24.67899632,38.10886375,0.004757552,0.010493035,0.001735447,0.021263092,24.93620057,46.69343193,0.001825035,0.003465888,0.000656346,0.00647571,20.29746252,43.8902651
1304,0.001070034,0.002770199,0.000442533,0.01151043,19.68906671,36.72106492,0.000588587,0.004223048,0.000224743,0.003966846,17.3154733,39.15780102,0.000558792,0.001909356,0.000267878,0.003106654,20.67474879,39.51753399,0.000835221,0.003184827,0.000446813,0.006519674,23.92067526,38.31023663,0.000704951,0.002244012,0.000106349,0.003522339,13.63427594,33.90255437,0.001045559,0.002941233,0.000707024,0.002174203,24.36379112,30.48641804,0.001004813,0.001485008,0.000375654,0.003003836,24.45764944,41.1215438,0.001121162,0.000623943,0.000511403,0.002526257,23.95173735,41.33134839,0.002291786,0.00544708,0.001177729,0.010643631,22.97931128,44.24556432,0.0022586,0.00250152,0.000900107,0.004907913,20.37383337,43.63676427
1305,0.001660495,0.002884872,0.000683291,0.019532204,18.99914222,38.86537853,0.00068652,0.003314619,0.00015382,0.002525045,9.216184271,39.61751135,0.000847423,0.002198164,0.000187406,0.002632414,16.92359929,39.95544843,0.000577245,0.003868619,0.000594045,0.010794223,21.58709464,40.43670171,0.000614753,0.002186746,0.000230457,0.00259555,16.18790786,35.40905962,0.001100529,0.005302397,0.000889154,0.003077131,13.34499326,40.78099393,0.000818559,0.001400755,0.000341143,0.00161914,15.77660554,40.83812842,0.000852223,0.001543002,0.000394323,0.002217898,18.61517699,41.11185174,0.001745331,0.002563499,0.00065005,0.004131969,23.55635491,42.28593772,0.001291951,0.003501567,0.000575942,0.003259722,22.81026724,39.32916501
1306,0.001363197,0.003554318,0.000845674,0.013602755,19.63802434,39.68030605,0.000770377,0.003256675,0.000233228,0.002425184,13.03568003,38.98306078,0.000912299,0.001821889,0.00021596,0.002224603,16.43254882,40.75116722,0.000365819,0.00434697,0.000623353,0.011931258,17.45573808,39.90508077,0.000466692,0.001742484,0.000282176,0.001447651,16.56408618,38.71211334,0.001723336,0.005197111,0.000416525,0.003120062,23.79583636,44.78644736,0.000740943,0.00216715,0.000317553,0.001204775,16.46869096,41.87073797,0.000714663,0.002920771,0.000374107,0.003806796,18.16913608,41.60425734,0.002346841,0.00371414,0.00065429,0.00306425,23.65072649,44.03479412,0.000826296,0.003218186,0.000615311,0.00503898,18.64461785,40.22440088
1307,0.000864865,0.002606163,0.00061811,0.00488642,22.05687028,36.79885727,0.000719829,0.003028794,0.000210987,0.002446293,18.6889159,37.08125775,0.000870962,0.001969604,0.000246717,0.002399319,17.44768892,40.24761891,0.00039335,0.002082253,0.000365598,0.005986315,18.0946525,37.68427521,0.001887953,0.006709425,0.000314368,0.004689662,23.4844288,45.01812991,0.00127909,0.003538596,0.000340032,0.003230847,23.7285726,42.219234,0.000556388,0.002116515,0.000194737,0.001698532,20.4510939,34.93995755,0.000535519,0.002323141,0.000341456,0.003493426,19.61228285,39.60994901,0.001478073,0.003055486,0.000660082,0.003219872,26.59028197,44.03694169,0.001618396,0.003419582,0.000813663,0.005704787,21.9747382,44.08725612
1308,0.000750655,0.001177591,0.000183685,0.00216962,17.80743153,33.86865482,0.00051984,0.002236544,0.000188403,0.002779607,16.04402805,35.70676395,0.000900996,0.002637845,0.000351485,0.003247454,19.50507019,40.01208863,0.000158794,0.001713023,0.000303372,0.002452943,15.41865458,36.41039178,0.003171408,0.012009315,0.000693769,0.009947268,27.43060881,49.07437477,0.001011392,0.002263158,0.000432362,0.001267234,23.44706238,39.44330844,0.001239745,0.002246235,0.000359534,0.002226596,18.16598241,38.8797194,0.000787497,0.001244855,0.000190136,0.002630318,20.39219808,39.59688136,0.000585367,0.002579951,0.000387168,0.003103015,24.14496724,40.14072553,0.001350962,0.003534544,0.000622007,0.006294567,19.75118249,42.23301333
1309,0.00061676,0.000680721,0.000286912,0.00176235,6.987392262,34.40567096,0.000462312,0.001666081,0.000370973,0.004308879,21.45894578,36.37773377,0.000871953,0.002797328,0.000231433,0.003509471,11.79950655,36.95710908,0.000539469,0.00248852,0.000252779,0.002578634,16.82185201,37.53019555,0.002340871,0.006260496,0.000542327,0.006938974,24.57841186,45.72674989,0.00103998,0.001671794,0.000416085,0.00140776,24.40933055,38.86568388,0.000998658,0.002233418,0.000270379,0.00213606,19.06736124,41.07129206,0.001424994,0.002147523,0.000460268,0.001634005,23.49005134,39.75245981,0.001396012,0.002315583,0.000586945,0.0044464,23.73924133,43.13060069,0.00094556,0.002027915,0.000538917,0.002891323,20.12298454,45.07444443
1310,0.000452644,0.001110465,0.000272666,0.001644513,11.42352305,37.64612812,0.000562734,0.001445695,0.00042297,0.005993215,16.27280515,37.64603464,0.000926342,0.002542061,0.000228848,0.004388486,14.09260086,30.96580333,0.001011183,0.00306675,0.000330645,0.003449311,20.82845643,37.22672755,0.001019738,0.003617758,0.000266636,0.003459665,21.08343153,43.32304834,0.000615492,0.001900274,0.000108178,0.001514847,21.35376265,37.1379405,0.000492616,0.001623535,0.000381273,0.002261249,20.65201456,38.56849889,0.000652139,0.001797108,0.000306586,0.002593828,19.05089155,40.79023028,0.002358154,0.002440479,0.00091799,0.004699511,22.74768636,45.63114381,0.001042735,0.003105606,0.0003608,0.002428075,17.86563313,39.68868469
1311,0.000223392,0.000977842,0.000165247,0.002051154,14.96618104,39.46368056,0.002748518,0.004552341,0.001793219,0.015703531,23.28764613,51.76464485,0.000670489,0.001352828,0.000108644,0.003542494,15.48770453,32.88046084,0.00090648,0.003194602,0.000482321,0.003894932,19.59293002,39.94068022,0.000740651,0.002367954,0.000440355,0.002901743,20.10388809,41.79929537,0.000817835,0.001181403,0.000371428,0.003525141,17.52158952,40.66650932,0.000723222,0.00164714,0.000417039,0.003261617,20.73263475,39.53168466,0.001048137,0.001644316,0.000198415,0.002849064,23.21937412,43.31350221,0.001864255,0.001321567,0.000658339,0.002807366,23.19952213,44.26211959,0.001427705,0.001694151,0.00049814,0.004659875,23.71636322,48.28576415
1312,0.00050429,0.000227011,0.000267801,0.003183415,17.64890184,36.42104215,0.004123818,0.008231133,0.002393181,0.022854818,23.49894556,55.23906655,0.000642713,0.001991951,0.00022322,0.001297125,19.08032977,40.23115206,0.000597285,0.001422423,0.000390736,0.002878946,13.66165787,36.13102108,0.001101997,0.001355371,0.000363703,0.004645547,18.84403123,38.67283661,0.001085122,0.001392983,0.000520213,0.003491365,20.52882161,44.99840326,0.000563963,0.001944854,0.000384372,0.002956395,15.30110385,39.86984086,0.00122704,0.002399872,0.000508415,0.003382765,21.35197737,38.30048565,0.001428561,0.001336475,0.000496231,0.002416486,25.44855127,43.67673894,0.001767371,0.001732966,0.000420454,0.005673317,28.0783499,47.18289985
1313,0.000578782,0.001833247,0.000361514,0.003286831,15.53767063,39.35528665,0.001943584,0.004326416,0.000973289,0.014426196,17.60773718,48.60099329,0.001078848,0.003939626,0.000568265,0.00335227,20.41776977,43.07255494,0.001211262,0.003625169,0.000441034,0.003864703,4.841549401,40.86081129,0.000882905,0.002829311,0.000167342,0.005457933,22.32507597,40.37508818,0.000798736,0.002331229,0.000398755,0.003441932,19.07003458,43.88477654,0.000888584,0.002324864,0.000180554,0.001639295,17.7573364,39.2601377,0.000877344,0.001398214,0.000685835,0.003039606,16.35994283,35.58082736,0.00128671,0.00137317,0.000597861,0.002200685,23.25952961,43.75484519,0.001275981,0.002468128,0.000621066,0.004018071,24.37154268,48.20207149
1314,0.000796279,0.001824619,0.000222804,0.007235582,16.7017222,35.24758579,0.000713748,0.000855312,0.000711354,0.009107057,12.88919905,41.88259738,0.001737302,0.005260127,0.000848281,0.005799125,17.10805764,42.89971114,0.001187574,0.001916052,0.000399519,0.004344802,20.34781547,37.22974174,0.001020838,0.003907488,0.000299265,0.005031464,22.87557536,41.01136297,0.000632072,0.001696636,0.000258859,0.001880409,23.70838178,42.83023915,0.00192327,0.004083471,0.000231062,0.001867576,15.3162254,41.28090425,0.000996715,0.001251496,0.000585457,0.003193855,18.97956708,42.96181046,0.000952325,0.002410578,0.000503352,0.003128782,21.69605652,42.51255481,0.001870272,0.004098375,0.001113799,0.005257314,26.43351375,50.50723526
1315,0.000330562,0.001569425,0.000382828,0.004884517,23.43213334,54.12590477,0.000418169,0.001549346,0.000506672,0.004522148,17.86711088,38.2663411,0.001070681,0.002749387,0.000412546,0.003046568,12.49805585,39.43221742,0.000995246,0.001833645,0.000253556,0.003364704,24.80782161,42.17389337,0.001190926,0.003605455,0.000330262,0.004916552,22.92194068,39.74169173,0.001601094,0.003092232,0.00049581,0.003224906,27.80691397,48.59730595,0.001444498,0.001840413,0.000382757,0.002222713,20.87610974,43.37923829,0.000747284,0.001836003,0.000460755,0.005545682,21.0972958,42.00285737,0.001612062,0.003254843,0.000408305,0.004856325,17.86339462,45.13666257,0.002787478,0.005375706,0.00162862,0.011474736,24.91860593,51.89255954
1316,0.0030738,0.01157664,0.001589191,0.033102503,30.27061086,60.94457349,0.000608269,0.001818652,0.000241647,0.002342858,14.93493798,42.38855561,0.000494468,0.001196483,0.000882238,0.003173259,14.10454774,36.66445744,0.000497819,0.001853872,0.000203413,0.003984008,22.55643211,40.35496213,0.001180554,0.002644744,0.000317711,0.002345161,17.58534082,42.69631722,0.001656727,0.002645956,0.000544926,0.002762915,28.16884697,49.11362621,0.000623377,0.002382737,0.000195125,0.003644452,21.71695386,44.16664226,0.000922419,0.002536231,0.000422874,0.005214645,13.7972236,43.11460185,0.00131939,0.001511334,0.00051028,0.00335577,17.96519038,44.68359026,0.009157049,0.018424019,0.005269455,0.030083608,30.81486417,60.23153054
1317,0.006620255,0.024627413,0.003866324,0.077144048,26.74468715,57.97677158,0.000511642,0.001534773,0.000291675,0.003234013,16.39329817,42.68852611,0.000486153,0.001059772,0.000481416,0.001680008,20.28644453,36.64341636,0.000545391,0.002283301,0.00018804,0.003683687,17.6082574,33.94481644,0.000797816,0.001507545,0.000188748,0.00212213,17.58829536,40.05274942,0.001043044,0.001751249,0.000381057,0.00232998,24.27592218,46.25985257,0.000441902,0.002776274,0.000199721,0.003121319,23.82071297,39.92749193,0.001287913,0.003134071,0.000495655,0.008100505,11.63003236,44.66640125,0.001033365,0.002430549,0.00041301,0.003455577,17.39001691,39.36342535,0.008320594,0.016208955,0.004376154,0.02562126,27.88060979,59.33919223
1318,0.004559413,0.016695345,0.002875757,0.05342234,20.09121526,44.31621088,0.000197063,0.000982175,0.000155926,0.002655859,17.65764987,32.04323056,0.00040209,0.001636674,0.000117597,0.001542125,19.25200713,37.56949952,0.000658634,0.003253626,0.000236728,0.005632003,18.29782385,37.30676844,0.00076645,0.000950092,0.000196672,0.000537271,20.84912205,42.85096634,0.000516881,0.00159333,0.000237566,0.003176989,16.19046675,43.21117241,0.000641138,0.00220409,0.000256781,0.0018689,23.8397056,43.20419768,0.000537625,0.003172136,0.000541953,0.009323185,15.50209288,33.34344234,0.001651904,0.002176009,0.000343992,0.004406819,16.55887703,45.05207851,0.002254543,0.002894719,0.000916485,0.006695576,18.69854945,42.39255936
1319,0.000978631,0.003263979,0.000795592,0.010900073,19.59415917,40.10330069,0.000463399,0.001237002,0.00025643,0.003419927,15.89532343,37.78779943,0.000400463,0.001469212,0.00021273,0.001815562,12.20885451,35.96710004,0.000326846,0.002188422,0.00026562,0.003258932,18.68134849,37.39953828,0.00049038,0.001219515,0.000153243,0.000596723,16.84637319,40.3335507,0.00029123,0.001734492,0.000165994,0.003608998,18.79413621,36.84355872,0.00065097,0.003278445,0.000259518,0.003325027,21.22385753,46.24802834,0.000978951,0.002260552,0.000382654,0.004730853,13.85607253,46.71662654,0.000849312,0.000388218,0.000335543,0.002428098,23.66656859,36.55352924,0.001265038,0.00165382,0.00069422,0.006319242,23.4286181,44.90202227
1320,0.000196572,0.001536587,0.000305384,0.00486372,13.521179,39.04513441,0.000674619,0.001226345,0.000179164,0.003030631,12.91507331,36.62175281,0.000905357,0.001698134,0.000363534,0.001417225,15.17024585,41.94090311,0.000556195,0.001865917,0.000201081,0.003763746,14.7596151,39.82685009,0.000181528,0.001575873,0.00017642,0.0027653,22.51646682,38.60062954,0.000452088,0.002123065,0.000198829,0.002887933,21.32356799,36.70685933,0.000868378,0.001741676,0.000261635,0.002232178,24.12269655,44.60389741,0.00071107,0.001331172,0.000213018,0.000983828,20.2049148,45.68160662,0.000389174,0.001347187,0.000241591,0.002598647,20.07724681,37.56900056,0.001380356,0.001477896,0.000545886,0.002853848,17.61417985,48.50297052
1321,0.00039045,0.00162004,0.000379123,0.005338742,21.23218838,37.75285157,0.000483482,0.001211961,0.000385174,0.002994583,13.91330157,33.67224934,0.000940942,0.001113774,0.000445526,0.003905561,16.15143901,42.14144251,0.000482054,0.002127183,0.000220363,0.003748675,20.43435043,37.7206124,0.000427654,0.001516354,0.000108342,0.002172737,23.83394405,37.68406531,0.000441098,0.001712611,0.000262013,0.00210453,24.6111291,39.76686523,0.000908051,0.001991243,0.000259608,0.00232471,26.90089717,44.13350692,0.000774344,0.00151306,0.000320426,0.002518548,18.78158301,46.10103545,0.001109829,0.001882821,0.000379891,0.002080141,21.78322648,44.6348189,0.000959689,0.0032695,0.000743047,0.00194201,21.60391393,46.17340829
1322,0.000403371,0.001244476,0.000265336,0.003939937,19.01062027,41.23251807,0.000428568,0.001315042,0.000663566,0.005462282,16.58367607,37.90493094,0.000494429,0.001684274,0.000394008,0.004774382,18.22313146,38.26898016,0.000516181,0.002111016,0.000294334,0.002278013,18.39643255,33.53763521,0.000411174,0.001312664,0.000221355,0.002524562,15.46244251,36.41444402,0.000473085,0.001556147,0.000189514,0.001227944,22.61475876,36.60791122,0.000559664,0.002199097,0.000317481,0.002434744,20.52578955,43.64113454,0.000621416,0.001854118,0.000276328,0.002777821,19.55818565,40.9178752,0.000997955,0.001262209,0.000326104,0.001856115,21.08451094,44.76829005,0.000467018,0.002049013,0.000442313,0.001787,20.6460835,38.82242174
1323,0.000276852,0.000885186,0.000136413,0.002011972,12.40692896,41.01603286,0.001053331,0.003531457,0.000648915,0.011015893,15.35638282,43.76092536,0.000674131,0.00311678,0.00044776,0.006749399,21.45719054,39.42553126,0.000436069,0.001362747,0.000318943,0.00197627,18.87798634,34.04479085,0.000426285,0.001961736,0.000241035,0.004037189,20.86015912,38.5633214,0.000375356,0.001534427,0.000206685,0.001442644,17.55628264,39.28362821,0.000387703,0.001800938,0.000236969,0.001203483,24.36514241,43.37298636,0.000238152,0.000982721,0.000235273,0.001311317,20.75724929,39.59290048,0.00125425,0.001865142,0.000257127,0.0028535,13.56797436,45.92836376,0.000778779,0.000972627,0.000390895,0.00042462,24.43491642,44.52529011
1324,0.000182701,0.00148022,0.000121408,0.003332794,19.74648376,40.8617325,0.00340763,0.007405573,0.002583173,0.038210509,21.63165917,41.35431044,0.000890082,0.003012907,0.000430202,0.008662569,21.82453057,42.15224058,0.000462751,0.001196397,0.00023839,0.002202552,22.52356398,38.39010665,0.000512084,0.001720825,0.000193935,0.002771106,19.6506787,43.54094767,0.000205785,0.001653747,0.000189656,0.001416909,18.38798806,39.10179476,0.000488289,0.001737722,0.000251881,0.001614692,22.8388,42.21000792,0.000344879,0.00124534,0.000148181,0.001640664,20.81510367,35.40783043,0.002177849,0.001073686,0.000681772,0.002750363,24.58007333,43.24371016,0.000508482,0.000914601,0.000174669,0.00236639,22.81937259,41.42762137
1325,0.00049589,0.003139327,0.000121465,0.004413425,19.07807775,39.45564177,0.003525991,0.008941401,0.002962321,0.041373606,23.39379854,39.30003922,0.000616874,0.002245074,0.000207635,0.003637108,20.77194956,42.59106333,0.000322635,0.00114034,0.000188505,0.002031309,23.58387051,41.54403979,0.000531677,0.000882307,0.000197504,0.001220633,19.57506984,36.72544583,0.000252678,0.001558639,0.000131515,0.000707895,21.79520322,31.60876963,0.000637056,0.001154576,0.000165805,0.000832234,22.58122933,37.14960302,0.000991732,0.002256564,0.000352349,0.002153954,22.35844611,44.77162228,0.001875722,0.002490706,0.000693383,0.002867341,25.97619013,45.54382567,0.00064922,0.002857824,0.000136267,0.003929452,25.31079916,45.74453868
1326,0.000198133,0.002445197,0.000361781,0.004836945,20.93240046,41.02660507,0.000835952,0.003332827,0.000966904,0.013055536,18.86811432,39.9094019,0.00039744,0.003018999,0.000270857,0.002688624,23.81405564,40.38549262,0.000315179,0.001787257,0.000128455,0.001386367,21.93621046,42.43130888,0.000661159,0.001137187,0.000225215,0.001346537,20.63004769,38.71415023,0.000598919,0.001657372,0.000383742,0.001459137,13.66848055,33.59845143,0.000432953,0.000627584,0.000263226,0.0024795,23.24926163,39.34210422,0.000964694,0.003051353,0.000275841,0.002598957,23.79861356,44.01537007,0.001124433,0.002197362,0.00037722,0.001409253,20.09538804,42.55042405,0.000797207,0.002487899,0.000274631,0.002437849,21.51482135,40.80013004
1327,0.001945116,0.010135503,0.00119942,0.030720648,25.39313924,45.67812364,0.000428066,0.001295016,0.000370577,0.00649328,10.54517191,39.77460461,0.000497471,0.002350007,0.000234835,0.001925322,24.40840461,34.11081713,0.000274584,0.001968132,0.000133972,0.002037245,22.34560494,36.17981735,0.000843823,0.002065251,0.00046555,0.003982572,19.85907148,40.7602695,0.000747005,0.002571911,0.000615378,0.002636591,13.02353204,38.51511095,0.000351768,0.00291902,0.00018998,0.002380418,25.21135755,41.82718462,0.000649024,0.002079792,0.000277078,0.00229124,19.38470838,39.48848496,0.000675631,0.000582494,0.000274385,0.00285917,23.00287002,30.60956606,0.000837683,0.001582949,0.000446328,0.002347419,19.65525659,40.57386918
1328,0.002372957,0.012181546,0.001360084,0.03506501,24.01678796,43.41221459,0.000272575,0.001382428,0.000226513,0.003153495,13.9726793,36.82397593,0.000325469,0.000608598,0.000313154,0.001960823,19.90144324,35.04620838,0.000306466,0.002052294,0.000119459,0.001802343,19.54093211,38.89437026,0.000691649,0.002599492,0.000694766,0.004862364,20.84910829,36.965834,0.000736658,0.002674844,0.00030699,0.001576551,17.32955582,38.729922,0.000704054,0.003963696,0.000242827,0.002317263,20.21864447,41.62132579,0.000657955,0.000724446,0.000279256,0.00258275,16.65234639,38.34559738,0.000376734,0.001788274,0.000209291,0.003263449,25.54226445,41.40899155,0.000999078,0.002155674,0.000310036,0.002426643,25.84743466,44.87754259
1329,0.001156614,0.005561854,0.000622308,0.011078179,20.90510678,42.46879433,0.000383729,0.001894004,0.000194805,0.004343476,16.79731258,38.49086441,0.000814756,0.001626329,0.000443291,0.002074329,8.661124435,36.97719919,0.000207045,0.00198587,0.000167897,0.002800873,17.11814591,42.2351251,0.000206514,0.00197533,0.000556298,0.001434156,23.34687455,38.02261689,0.000640462,0.001147428,0.000266732,0.001934155,23.8055486,37.58971762,0.000607984,0.001857316,8.87E-05,0.002320655,20.31388716,40.46395745,0.00049757,0.001204335,0.000211315,0.002681332,18.38625922,41.95113907,0.000345269,0.002178827,0.000291622,0.001725069,23.55074323,42.50889157,0.000955221,0.001884858,0.000181488,0.001424179,28.45529681,45.88618515
1330,0.000412829,0.001906236,0.000572357,0.002505063,11.2259048,39.11079105,0.000315606,0.001368073,0.000213485,0.001829045,18.74487088,35.93216497,0.001701594,0.003006012,0.000603443,0.004124888,20.74845926,41.7219094,0.000626125,0.003101538,0.000441664,0.003957808,18.28553282,42.96801544,0.000428725,0.001474908,0.000290873,0.001839861,21.03986215,37.91771814,0.000563086,0.0026813,0.000313862,0.002270848,26.57317453,42.69197049,0.000551118,0.001442171,0.00022183,0.002590697,23.86808776,44.71675105,0.000436989,0.002111241,0.000223816,0.002062172,24.40298395,44.96317317,0.000450096,0.001737697,0.00025351,0.001858145,18.1918428,39.40042157,0.000311056,0.002407659,0.000311539,0.001541441,17.88897618,43.43975027
1331,0.000239439,0.001240518,0.000500018,0.00303489,16.38463428,32.29217284,0.000439554,0.001023465,0.000152057,0.002820623,15.90812699,36.49890677,0.002408085,0.00497945,0.000729552,0.005116954,24.40486201,41.97465503,0.000707315,0.004500888,0.000464006,0.00408038,18.50205347,39.02173942,0.0005722,0.001956223,0.000235578,0.002072678,19.29081644,39.35939968,0.000507474,0.001883423,0.000400022,0.0019145,24.76588628,40.43450805,0.000394719,0.002469164,0.00025127,0.002689871,27.54162244,47.05930228,0.000338769,0.002796765,0.000251734,0.001378131,25.99512638,42.67196469,0.001006914,0.001406454,0.000639053,0.002567699,16.13645472,40.71035688,0.000853848,0.003015433,0.000956227,0.0023158,21.7135375,40.64722639
1332,0.000258265,0.001037415,0.000339265,0.002901417,15.90126815,26.96562946,0.000189383,0.000849876,0.000331307,0.002132074,18.78022531,38.64926737,0.001244622,0.001780931,0.000589085,0.004131029,25.09129496,35.94529197,0.000693957,0.005449499,0.000628327,0.005809259,22.41417569,42.22003672,0.000252737,0.001952265,0.000492807,0.001940372,17.04372144,40.12142254,0.000563605,0.001673123,0.000337068,0.002230351,20.15861602,41.21392359,0.000499258,0.001403935,0.00021932,0.001299353,21.96650268,39.93177033,0.000470746,0.00226619,0.000153528,0.000831544,19.34804233,39.857446,0.001233048,0.003680941,0.0008095,0.003062586,23.30826008,41.86760443,0.00087211,0.002985071,0.00095135,0.002226492,25.91135758,41.05914343
1333,0.000342202,0.000861292,4.61E-05,0.001058293,19.40300722,29.82045892,0.000616605,0.001079517,0.000562047,0.004666625,19.71236967,46.86229557,0.000628105,0.000951665,0.000558097,0.003150042,24.11665551,39.47949109,0.000526056,0.002506474,0.000772774,0.003147895,24.29685216,38.0221636,0.000388171,0.002231778,0.000349469,0.003364781,16.4845098,28.86870853,0.001360883,0.004204644,0.000752624,0.002780343,21.72222672,46.49702236,0.000504507,0.000562123,0.000356601,0.000809621,17.82735698,36.726418,0.000553712,0.001260784,0.000170673,0.000854972,23.79831482,43.13147506,0.001188691,0.004086746,0.001008676,0.003596478,25.48375625,40.47120892,0.000640973,0.001177996,0.000368453,0.002613958,24.85300224,42.19942747
1334,0.000293155,0.000887218,0.000178392,0.002165655,22.24440929,30.14144605,0.001315024,0.003307579,0.000564308,0.008366163,24.2933316,46.06958964,0.00048392,0.001159589,0.000310744,0.00204961,22.63063759,38.62018469,0.00042754,0.003430528,0.000913462,0.006921965,13.85001921,36.11932364,9.83E-05,0.003273449,0.000598716,0.004823946,18.68505876,40.21359241,0.001611358,0.004431571,0.000958144,0.00294656,20.99352624,44.18249702,0.000446778,0.001287235,0.000320734,0.001375763,22.22466582,40.74224293,0.000549966,0.000714456,0.000408143,0.001347333,23.64322712,45.95500026,0.002170448,0.006873711,0.001722237,0.002917378,23.46700509,48.49026478,0.000863276,0.000823891,0.000438901,0.002846587,21.06924057,41.49159401
1335,0.000159955,0.000404416,0.000168957,0.002737109,19.09910245,27.5224522,0.004033519,0.011026227,0.002368208,0.025896599,31.64380603,57.938795,0.000496962,0.001356797,0.000305281,0.001696473,16.28348838,36.47435545,0.000972354,0.008311353,0.001296599,0.010532384,24.61180475,40.34255672,0.000583719,0.006157345,0.001454733,0.007172456,23.05834427,43.71085383,0.000758431,0.002366832,0.000416817,0.001066555,24.34363836,39.71094231,0.000275607,0.001580082,0.000310656,0.002512288,22.23971765,42.26451916,0.000416767,0.001601018,0.000520627,0.001991285,17.4036494,44.7073864,0.002665442,0.008882394,0.001971825,0.002957484,26.74759092,51.63846461,0.000997408,0.000934652,0.000598062,0.000791667,24.60242413,42.44519946
1336,0.000140507,0.001389959,0.000329273,0.001851906,16.66225758,35.95692723,0.004625705,0.012136787,0.002797938,0.028783564,30.85524471,59.61655373,0.000769325,0.001632783,0.00057804,0.002302534,20.96915827,36.44037086,0.001204374,0.009442138,0.001396302,0.011025768,26.19245015,39.17901257,0.00063364,0.004917031,0.00114992,0.005660985,25.2277652,43.24539373,0.000511262,0.001353585,0.000236876,0.001484394,24.63346251,38.18415056,0.000163229,0.002203606,0.000241788,0.003428855,20.4304685,43.31643556,0.000468927,0.001925858,0.000318279,0.002009304,21.59718381,42.7785878,0.001424023,0.004095246,0.001067254,0.001437317,25.24400784,46.53490892,0.000671657,0.001507906,0.000416567,0.001605486,19.88475642,30.37100446
1337,0.000333013,0.001897119,0.000493718,0.001372341,22.54119522,36.81227626,0.001606517,0.004008693,0.000756271,0.010188104,22.62485893,49.65540879,0.000917001,0.003148065,0.000727672,0.003289531,22.58889019,37.43909236,0.000467351,0.004591987,0.000378418,0.006393235,22.17916242,35.45460629,0.000654239,0.001511742,0.000255017,0.002144814,23.61200809,33.48836775,0.000513562,0.001840298,0.000517845,0.001904026,23.98748282,45.26014953,0.00091275,0.003148777,0.000747267,0.003474734,21.14031107,38.37724172,0.000339454,0.00126795,0.000227599,0.00138301,21.36147932,41.00314542,0.001107109,0.001621047,0.000430208,0.002200503,26.88251955,42.78429979,0.000932303,0.001603596,0.000677146,0.002053686,25.99146012,37.89259596
1338,0.000328571,0.001125771,0.000179221,0.00125007,24.89243194,52.61660035,0.000906837,0.002726257,0.000408169,0.006767447,21.47043397,42.8051785,0.000578508,0.003160884,0.000511425,0.002008426,20.55847799,38.92356543,0.000552775,0.00141472,0.00047206,0.00134041,21.80454642,37.68573315,0.000805696,0.001907515,0.000153046,0.002358238,24.59754167,40.62469798,0.000430052,0.0011287,0.000403275,0.00101452,22.38203211,39.75328845,0.000961424,0.002207336,0.000823606,0.001724199,24.17467299,31.47450502,0.000398746,0.001082676,0.000349377,0.001813017,20.64395183,42.57592809,0.000717158,0.001827989,0.000271384,0.002046793,26.98355962,43.44388477,0.000780675,0.001327703,0.00093447,0.001974448,29.05182734,42.97003562
1339,0.001007239,0.009761803,0.002178883,0.008418692,24.03633401,56.24264453,0.00068466,0.001969668,0.000195745,0.003860143,21.18335426,36.29942525,0.000306078,0.002945082,0.000446155,0.001441602,21.09676498,42.75897725,0.000444555,0.001509789,0.000285275,0.001721361,23.29546653,37.93367861,0.000470514,0.001483055,0.000114977,0.002155813,22.99000801,31.58352235,0.000257927,0.000750739,0.000145117,0.000971686,22.79431332,25.72730985,0.000343887,0.001066268,0.000278291,0.001001404,18.97247003,31.94735967,0.000182227,0.001356053,0.000509871,0.00153289,16.46341098,43.5102187,0.000478273,0.001729758,0.000330873,0.001956201,26.25099428,44.47751012,0.000819818,0.001196881,0.00065216,0.00142615,28.534548,45.15903144
1340,0.001886369,0.014749117,0.003270868,0.013039814,20.47186318,50.48710464,0.000474895,0.001599776,0.000151125,0.002418247,20.70987701,36.87322103,0.000586455,0.002136477,0.00040988,0.001230384,21.38120413,40.8332305,0.000443811,0.000996771,0.000383561,0.002034503,23.25279978,40.39814889,0.000174592,0.001553847,0.00020818,0.002939408,23.73165928,37.67735771,0.000393998,0.001236935,0.000204524,0.001127868,23.12882418,37.96898296,0.000586141,0.000805961,0.000209842,0.001580972,20.25149979,34.15378115,0.000326506,0.00169877,0.000665239,0.002020547,17.37390581,43.01403148,0.000607143,0.001201302,0.000540705,0.002530824,24.79334498,39.90101011,0.001102281,0.001531462,0.000565247,0.002092087,29.74078885,46.68553112
1341,0.000990631,0.007339398,0.00163619,0.006399539,21.34718813,35.30786972,0.000314521,0.001022264,0.000313614,0.001680131,20.57634446,32.19862804,0.00092935,0.001717023,0.000521496,0.001906594,23.38707785,33.93824965,0.00050441,0.001437383,0.000560012,0.00145129,19.07429895,39.44736169,0.000351201,0.001083124,0.000175664,0.002269683,21.78482495,40.4997831,0.000611024,0.001613894,0.000169433,0.000614192,21.73488975,39.56434259,0.000792258,0.001601141,0.000395775,0.001695382,23.18091215,41.83193468,0.000412899,0.001072236,0.000521776,0.001938118,21.39083034,41.4156624,0.000642454,0.001931344,0.000621297,0.002616906,27.6358435,36.44642567,0.001054608,0.002493274,0.000631006,0.001489596,30.10486902,49.03616786
1342,0.000446637,0.000927712,0.000197572,0.00183346,22.76834346,30.5495551,0.00043056,0.000642196,0.000286272,0.001197436,20.30076397,37.16988991,0.00092389,0.004457934,0.00039907,0.004695636,21.05946588,42.98625252,0.000568071,0.001899896,0.000326976,0.000937656,18.41575613,40.61888913,0.000279278,0.000995925,0.000192992,0.001288925,18.70298397,39.8685146,0.000635674,0.001483738,0.000326315,0.00126056,22.69724957,37.32518144,0.000652751,0.001332968,0.000441648,0.001261529,20.79841968,38.48349625,0.000761046,0.001082564,0.000697918,0.002666978,23.50909828,44.28751814,0.000583537,0.001173328,0.000303617,0.001805545,25.6000137,40.71965837,0.00091979,0.002229689,0.000564389,0.000531883,28.76733186,46.65660982
1343,0.000496158,0.000249141,0.000147583,0.001371573,22.68010341,36.8105451,0.00040097,0.000778874,0.000233462,0.000986399,16.05916654,38.71982215,0.000682177,0.006412571,0.000289748,0.006366603,11.13234767,45.53664957,0.000515021,0.001244414,0.000187026,0.001486545,21.65708232,34.34740807,0.000407717,0.001864791,0.0002976,0.000760656,17.57085314,41.56352615,0.000466479,0.001839574,0.000416411,0.00148022,23.81880605,44.50108187,0.000822843,0.001299532,0.000443854,0.001520587,18.38522722,35.91650397,0.001212897,0.00048188,0.00057844,0.00478482,21.81573906,41.36478152,0.001500354,0.003128073,0.000703099,0.001247693,25.48233697,46.497254,0.000552107,0.001032991,0.00049252,0.001579692,26.75591841,41.73643545
1344,0.00060431,0.000879412,0.000221502,0.001006773,21.57560326,39.14592858,0.000617888,0.000935658,0.000124164,0.001416754,16.09217169,38.54642632,0.000783661,0.007600147,0.000447215,0.007739204,18.1322429,46.44028408,0.000559722,0.00077181,0.000184823,0.001875892,22.084068,36.77763192,0.000644989,0.001677741,0.000353827,0.002836859,15.6742504,40.75737486,0.000431317,0.001926316,0.000327122,0.000600541,20.79915063,43.06310317,0.00124752,0.001725344,0.000316657,0.002284554,15.32905567,39.13497157,0.001279745,0.001033113,0.000507231,0.004361143,24.35734457,43.83616234,0.001868605,0.003581731,0.00099271,0.002545242,25.29387027,48.14704993,0.001498623,0.001386899,0.000564434,0.002612877,22.8100514,44.97391234
1345,0.000602087,0.001149627,0.000301706,0.000789361,16.30585023,38.26876294,0.000618138,0.001722694,0.000144472,0.001274468,20.55271695,35.67503799,0.001561426,0.016193427,0.000952864,0.017331995,26.08290146,49.49150668,0.000357951,0.001552005,0.000165417,0.002302241,17.99848889,37.08476699,0.000429976,0.001861763,0.000284466,0.003141593,19.35982393,36.43543449,0.001119498,0.003198385,0.000336761,0.00177612,22.76716246,41.596435,0.000904296,0.000765894,0.000281245,0.00160642,21.59300246,38.91120662,0.000516886,0.001255393,0.000566977,0.001499819,20.06212523,43.13883882,0.001266299,0.002530802,0.00082573,0.003423967,27.2806154,45.37900785,0.002249888,0.002392469,0.000714817,0.002942482,22.88245594,44.13073076
1346,0.000492679,0.000974399,0.000382171,0.001157379,17.24403484,36.29619104,0.00121802,0.002382076,0.000722854,0.002426561,25.2674635,37.94833123,0.003485802,0.038293443,0.001709084,0.040064576,30.97315112,55.50286899,0.000628784,0.001290855,0.000308313,0.002197266,23.62115241,34.84768995,0.000264605,0.001961639,0.000527471,0.002738071,18.44553642,37.66914874,0.002191916,0.004363399,0.001025507,0.004236411,23.37523384,42.80609649,0.00035467,0.001404678,0.000396002,0.001299367,18.24476872,43.48727775,0.000436096,0.00207299,0.000478322,0.00117954,18.29064491,42.39974751,0.002297399,0.0021385,0.001265743,0.005020683,24.47350261,49.71296259,0.004536921,0.008403826,0.002038967,0.011456703,25.74102381,46.74687818
1347,0.000464642,0.000712531,0.000236342,0.001558061,13.93562106,36.58591614,0.001222683,0.001124421,0.000693369,0.002747011,24.93382449,42.64764135,0.006392602,0.067531221,0.003020567,0.070495957,35.01877623,61.00610773,0.00104608,0.000790438,0.000457653,0.001567096,27.82924045,40.26978407,0.000379991,0.00207382,0.00054393,0.002784376,16.700023,38.62919454,0.00164639,0.002988486,0.001037288,0.003844139,17.77489433,42.30818582,0.000504509,0.00101602,0.000258403,0.002144291,24.64730037,41.04639335,0.000541984,0.002459371,0.000551103,0.001046402,21.34187803,45.26611678,0.004069593,0.002872366,0.002185603,0.006517276,23.94985898,52.66163027,0.005561095,0.01263007,0.002696691,0.015154963,24.83511277,53.24362006
1348,0.000287077,0.000589789,0.00034727,0.001675169,16.06082972,37.84797901,0.001479259,0.003370098,0.001940853,0.010342033,18.41865058,42.66847667,0.002457042,0.029376162,0.002262369,0.028243882,31.46872254,57.71046248,0.001144324,0.001598409,0.000760278,0.002309081,28.43904772,44.86015047,0.000435544,0.001597121,0.000402404,0.001184432,15.36659552,35.60712,0.000640365,0.001428502,0.00058199,0.001891767,18.59010473,38.19556089,0.000418343,0.001207014,0.000179321,0.000984738,25.47708137,38.27364531,0.001602375,0.005862804,0.001194234,0.001390902,26.45878006,49.59024972,0.002462294,0.002006336,0.001674982,0.004546788,24.48613766,47.29449319,0.002182556,0.005214347,0.001442513,0.003946394,16.21285697,48.40300731
1349,0.000107533,0.00072147,0.000277142,0.003014634,19.87973213,45.58490582,0.001204621,0.003259239,0.002114227,0.010148626,16.02083309,41.95793187,0.001567063,0.012481861,0.00232991,0.013139434,25.07345524,52.14055672,0.000887925,0.001208877,0.000611964,0.002384945,25.61756111,42.43223821,0.000584379,0.000397946,0.000397519,0.001853152,18.73594286,39.28432713,0.000650745,0.001105628,0.000409112,0.000911169,23.73608254,43.08365989,0.000495291,0.001597775,0.000338931,0.000861762,25.91889392,41.86921007,0.001633373,0.00453816,0.000838092,0.001624346,27.19026702,46.13866346,0.001186217,0.001322473,0.00110931,0.002863896,24.03158432,41.36540454,0.002809641,0.01100897,0.004444237,0.004257271,22.95670652,49.91302666
1350,0.0007205,0.0019842,0.000986053,0.009230638,18.63529551,44.40923682,0.001350452,0.002021325,0.001525744,0.005988743,22.75311233,46.44671963,0.003816848,0.005219175,0.00288299,0.009145532,21.42540456,53.44838054,0.000488988,0.00086375,0.000398204,0.001007261,20.5699839,39.79783218,0.00080784,0.000414159,0.000571014,0.002421683,22.09450618,40.9342002,0.000166911,0.000741148,0.000299807,0.001524698,21.54017543,38.38901304,0.00063391,0.001262387,0.000354256,0.001033231,18.10485854,42.60947721,0.001310893,0.000788084,0.000347191,0.000144656,25.41597053,38.82562703,0.000612728,0.001257958,0.000631211,0.001928624,25.30812963,38.9393183,0.001814875,0.008541705,0.003613244,0.004363508,24.9320746,50.39998084
1351,0.000813732,0.001649768,0.000910062,0.007513283,13.66980096,39.99026041,0.000800069,0.002061745,0.001085126,0.003362748,19.41869481,46.25784264,0.004323656,0.009378929,0.002627815,0.015316129,22.73688604,55.25633762,0.000370162,0.001437156,0.000284219,0.000932059,17.00420022,40.86867598,0.000494188,0.000792216,0.000219027,0.001612992,23.27477968,36.3128239,0.000385959,0.00116853,0.000468728,0.001731696,22.96935839,41.64450891,0.000425191,0.000864928,0.000294938,0.000744838,23.56216931,40.23339473,0.000698204,0.001400623,0.000470672,0.001326943,21.21148972,37.00744907,0.000842569,0.001710299,0.000506323,0.001479439,22.26670896,44.25629619,0.001430116,0.002889736,0.00088392,0.003176868,26.03607198,39.40303497
1352,0.000432411,0.000801621,0.000262736,0.001697219,20.06139607,33.15790084,0.000616766,0.001640302,0.000675248,0.002973667,22.17841197,47.29311949,0.001399471,0.004307746,0.001228677,0.006805719,21.66973632,48.51581096,0.000670569,0.001130583,0.000274307,0.001347165,14.04436293,38.51546905,0.000574781,0.001272823,0.000366799,0.002103886,22.73877109,37.58780231,0.000934816,0.001570222,0.000427359,0.001476218,24.41481871,44.10200348,0.00062367,0.0012692,0.000387225,0.001158484,22.02822322,40.61555701,0.00110856,0.001865508,9.80E-05,0.001371697,26.24016936,39.18791762,0.000563945,0.001760398,0.000412988,0.000817619,18.93461161,43.31939965,0.001709307,0.00132008,0.000348498,0.001533547,25.74625717,38.62571041
1353,0.000237096,0.000842082,0.000215062,0.001599639,20.84646521,34.86186052,0.001282434,0.001851522,0.001196196,0.003755863,25.66071066,47.83505082,0.001453845,0.001340449,0.000601224,0.003740862,21.01857528,40.49577081,0.000887163,0.001004251,0.000147249,0.001516915,21.05016125,35.09082567,0.000631556,0.000959524,0.000337976,0.003229619,22.1376055,39.98836821,0.001064232,0.001722337,0.000369035,0.001216881,26.44116754,43.94614531,0.0005837,0.001234854,0.000411291,0.000729064,23.22985786,39.102703,0.000715277,0.001618487,0.00038077,0.000801638,21.76529276,38.09663896,0.000824953,0.001936624,0.000770174,0.002003082,21.55742223,39.23584153,0.000866777,0.002199667,0.000324668,0.001386186,25.61378889,43.27054862
1354,0.000169316,0.000845125,8.61E-05,0.001423333,15.7095332,37.55464268,0.002559026,0.001387479,0.001679151,0.005267219,27.12375818,46.08161694,0.000907493,0.001343215,0.000588572,0.002457635,20.28787405,38.79959798,0.000661343,0.00133845,0.000471816,0.000855951,15.67004455,41.98663574,0.000572673,0.000704337,0.000436168,0.005524413,22.57424681,43.06150046,0.000301283,0.001365304,0.000328693,0.000742695,24.86061982,40.98214124,0.00080366,0.001382086,0.000567506,0.000772752,20.23547271,39.96830718,0.000557975,0.000652252,0.000133534,0.001083348,11.12724047,39.47875563,0.001135824,0.001041199,0.000918118,0.002038025,21.65055686,38.76175364,0.000600373,0.001847744,0.000547438,0.001237455,17.12254798,39.85611373
1355,0.000175156,0.001236745,0.00014766,0.001399184,9.133018628,37.74540846,0.002790809,0.002537348,0.002462219,0.00703965,29.12819463,48.07469943,0.000558952,0.001093272,0.000370287,0.00282142,21.38432801,42.02881204,0.000453725,0.000739256,0.000580615,0.001384207,17.98154505,39.26758165,0.000599189,0.000840553,0.000276926,0.004254633,20.34790533,40.97104275,0.000596434,0.000706736,0.000171176,0.000512586,17.04408738,30.64218054,0.000274604,0.00153614,0.000531992,0.000963785,12.56365261,38.9022983,0.000533006,0.000582998,0.000498373,0.001912216,19.0504305,35.75066195,0.000712421,0.001249451,0.000303064,0.000199639,23.1069398,39.57256506,0.000584763,0.00076596,0.000160841,0.001031754,15.73789362,36.79112907
1356,0.000171868,0.001857454,0.000377663,0.002219383,16.87478579,36.840358,0.004027077,0.005294296,0.004117832,0.011719898,28.10299628,54.07544504,0.000731393,0.000510708,0.000490302,0.002206236,21.73106828,39.57392878,0.000806799,0.000831782,0.000609073,0.001310682,14.49496094,37.44648302,0.000342486,0.000724978,0.000518331,0.001537184,15.79704232,34.32731999,0.000567968,0.001196589,0.000482087,0.001173422,17.70239628,39.73803097,0.000438633,0.001496458,0.000635665,0.001557187,22.06510431,30.25993576,0.000497673,0.000763912,0.000414528,0.001022464,23.66588984,30.33533881,0.001088591,0.001463561,0.00032566,0.000891036,21.67217847,45.58629317,0.000756754,0.00145968,0.000430649,0.001917591,22.4833509,40.74673313
1357,0.000316389,0.001176576,0.000238439,0.002208915,22.10434557,41.43730695,0.008453457,0.010628524,0.009735069,0.024836912,35.35895192,61.42837527,0.000779854,0.000341111,0.000586598,0.002643029,21.57894783,39.42763923,0.001457296,0.001820401,0.000854916,0.003642244,24.09197026,39.52854443,0.000381989,0.001133399,0.00048303,0.000901973,21.25252052,41.26735992,0.000652011,0.000977586,0.000457439,0.00094833,20.55456519,40.14447755,0.000870999,0.001884346,0.001089905,0.001798912,18.53141113,43.34414808,0.000604542,0.000792387,0.00042736,0.001780084,17.19333333,39.20235078,0.001024565,0.000509305,0.000482015,0.001684141,19.86383425,41.68299131,0.000796741,0.001085932,0.000222361,0.001656354,25.1867626,44.12908589
1358,0.000472633,0.010469622,0.001192135,0.016791253,22.66243401,44.44123382,0.015293585,0.020959866,0.016727552,0.048586609,38.3193319,65.99147291,0.000536443,0.001117047,0.000247937,0.001987849,21.93151021,36.34882601,0.000982944,0.002836391,0.000966669,0.004891034,21.87123832,45.05436681,0.000949171,0.001400337,0.00048557,0.001632463,21.96761934,41.82807601,0.000937816,0.00082993,0.000639894,0.000879603,17.72961718,40.15081015,0.000545062,0.001905375,0.001206526,0.002151343,20.09434535,45.05133974,0.000456842,9.26E-05,0.000468676,0.001789004,16.17589422,39.01868212,0.000973714,0.001383802,0.00057767,0.001472444,20.38618842,44.94714189,0.000910005,0.00133743,0.0002325,0.002488951,15.09491619,43.75541022
1359,0.00069618,0.018363113,0.002577109,0.03036787,23.35261603,39.10889271,0.054526874,0.068788379,0.058995418,0.161613269,48.98518602,76.56321144,0.000484315,0.00128226,0.000263664,0.001135259,22.04307857,33.82443557,0.000219817,0.00166331,0.000694454,0.002777759,14.51724741,40.99829553,0.000813065,0.000944354,0.000410577,0.000981155,23.47130835,40.34997723,0.00129256,0.000989937,0.000686418,0.001696246,21.74757207,41.41603696,0.000782498,0.000738484,0.000479294,0.001225383,9.924722295,34.67346935,0.000418867,0.000708558,0.000248869,0.001653369,18.66398441,37.04524389,0.000484109,0.0014709,0.000258418,0.000521398,18.06970754,41.05848283,0.000898264,0.000833283,0.000245102,0.001616287,21.71896694,39.31608124
1360,0.001412186,0.009171849,0.002774328,0.016335697,24.43596013,43.35339462,0.05136811,0.06220717,0.055017379,0.147515036,48.36188265,75.82199173,0.000312987,0.000637167,0.000414756,0.002019684,20.12167656,30.38649626,0.000746194,0.001052054,0.00047981,0.000715246,18.08231625,37.08429809,0.000513726,0.000937611,0.000212299,0.002058663,21.82715901,36.30817257,0.001452543,0.002300579,0.000652906,0.001499218,23.58345301,45.27711762,0.00131414,0.001038448,0.000381966,0.000798255,17.6204432,41.72889123,0.000889802,0.001265647,0.000312987,0.001631207,19.96828409,35.69490882,0.001172574,0.001941752,0.000493371,0.002000202,17.56954734,37.26449108,0.001475744,0.00223591,0.000451605,0.002447053,26.60075812,44.5700488
1361,0.002214203,0.002829644,0.002014381,0.001291927,20.87782532,37.16430862,0.013049141,0.014734482,0.013633621,0.035055088,38.3218028,63.44587831,0.000532673,0.000885902,0.001005785,0.002303327,16.70677992,37.37427247,0.001038633,0.001187476,0.000587713,0.001608759,22.36063856,34.90556478,0.000911669,0.00146524,0.000367405,0.002068214,20.8834998,37.41273551,0.001425895,0.005437082,0.001707204,0.002198206,25.50515392,42.16978436,0.001033586,0.001301683,0.000485877,0.001342267,17.45749811,41.0244674,0.001222403,0.000878037,0.000651567,0.001283163,22.89871699,39.12717491,0.001146643,0.002391228,0.000621719,0.002401294,17.57572432,36.76618288,0.00135704,0.002484897,0.000496017,0.002341134,24.57511558,44.84460563
1362,0.001420413,0.004821748,0.001750882,0.003512527,14.16217135,32.54916634,0.008202528,0.009808832,0.008547163,0.021299012,31.38056014,59.12590593,0.000347471,0.000909031,0.00163265,0.003197732,15.78924036,38.55503232,0.000768859,0.001757107,0.00053459,0.002040645,22.14397324,33.26139856,0.001375667,0.002108718,0.001090382,0.003354526,25.52179952,38.60468658,0.001668338,0.00748983,0.003294059,0.003626577,24.88111333,39.10956773,0.00054982,0.000943808,0.000347471,0.001115592,21.69106217,34.5427584,0.001044052,0.000670755,0.000742667,0.000823801,21.56707789,39.15950769,0.001003115,0.001635859,0.000689954,0.00196574,19.00664549,41.58660188,0.000597227,0.001469206,0.000568456,0.001311459,18.94359479,39.40668537
1363,0.001022544,0.004372594,0.001995334,0.004266882,16.3237188,30.27091383,0.003823116,0.003679708,0.003335477,0.008418232,24.76392402,51.27217451,0.000842388,0.000902198,0.001190259,0.003005168,18.10822149,39.15492944,0.000959989,0.00129659,0.000532065,0.001211315,22.74754818,34.03282487,0.001196346,0.002407819,0.001276414,0.003369137,22.71129038,39.03764188,0.001054841,0.00458635,0.002274568,0.002284271,23.73263803,38.45693557,0.000765843,0.000780495,0.000446202,0.001473379,24.01467362,38.24753528,0.001099083,0.001104879,0.000696563,0.001046836,22.69529154,40.00387132,0.001571496,0.002149618,0.001092521,0.002292002,17.60608976,43.84503696,0.000589655,0.001817584,0.000905621,0.002095182,8.904453213,40.74548505
1364,0.000368818,0.001845655,0.000887603,0.00138513,20.89015462,31.9090416,0.003307592,0.004818295,0.00419653,0.009576726,29.5130883,52.29908046,0.000674526,0.000852438,0.00070371,0.001781991,20.77663896,37.63721999,0.000930381,0.00063734,0.000527354,0.001173842,26.27260988,39.2458323,0.00099875,0.00112531,0.000582449,0.001015536,21.7420043,30.77138282,0.000581194,0.001979277,0.0011307,0.000710004,23.83294738,36.74018181,0.000942793,0.000646347,0.00046093,0.001442066,26.5699443,40.34491366,0.0006892,0.001109926,0.00043557,0.001783034,15.19556105,40.89050269,0.001467368,0.001386142,0.000905542,0.002825211,24.28484388,41.24430674,0.000667386,0.001786245,0.00103289,0.002479914,15.98974061,44.89346442
1365,0.000219602,0.000617687,0.000552694,0.002225656,5.599482516,33.48317037,0.001623365,0.002620925,0.002483459,0.00511898,24.15210229,48.44462586,0.000195749,0.000341197,0.000465764,0.000866591,18.22677604,30.62028246,0.000633308,0.000653534,0.00047603,0.001544862,25.43913592,37.14459588,0.000770981,0.000987336,0.000518964,0.002296921,23.04928596,32.30707122,0.000991397,0.001441651,0.001021098,0.000915562,21.87528381,38.73876151,0.000668662,0.000639083,0.000178126,0.001425935,24.62848619,42.17107208,0.000733211,0.001390835,0.000833101,0.002121904,16.94824751,43.64435946,0.001325046,0.001320356,0.000934351,0.003772855,27.14058805,45.22456719,0.000824669,0.001207487,0.000809342,0.001583375,25.47118033,44.16711542
1366,0.000318445,0.000689937,0.000412646,0.001731084,10.72172533,34.61555471,0.001764402,0.001161052,0.00111612,0.00325685,23.14038894,42.53278341,0.000200974,0.000645225,0.000428471,0.000788597,13.93119212,34.47715054,0.000641873,0.000762374,0.000554856,0.001577775,21.25756673,30.20755534,0.000319036,0.001535946,0.000293684,0.002028392,17.05974073,38.05800807,0.00097706,0.001337037,0.000867229,0.001014542,15.39212722,38.49704885,0.000366382,0.00034766,0.00015604,0.000997652,20.43503753,38.90535841,0.000810922,0.001642192,0.00089492,0.002364951,18.67427215,39.42420724,0.001034673,0.001718319,0.000982723,0.003818599,23.39810061,40.99389386,0.001059404,0.000900693,0.000283639,0.000729012,25.72414413,43.45110267
1367,0.00043555,0.000785205,0.000256855,0.000397626,20.17873994,32.50652541,0.001701219,0.000936187,0.00079948,0.003731182,19.1808412,43.29699864,0.000307116,0.00082637,0.000516979,0.000802532,16.28268369,36.47615417,0.000818103,0.001065403,0.00045595,0.001750014,23.79944524,35.12325228,0.000574099,0.001819715,0.000360546,0.002425238,25.93061051,37.92563335,0.00077661,0.001255245,0.000460491,0.00113707,15.68005007,36.1303983,0.000807547,0.000758596,0.000456642,0.000899959,23.33956845,40.73732592,0.000820305,0.001573196,0.001021607,0.00247342,19.60756323,38.05747063,0.000424056,0.001748328,0.000885236,0.001978741,24.24148852,25.32051145,0.001266456,0.001205827,0.000679403,0.001045584,17.49836528,35.0053286
1368,0.000583648,0.000704218,0.000268402,0.000774045,19.88766217,26.51763813,0.001529543,0.001378321,0.001370357,0.003912063,17.05869805,44.26594751,0.000586689,0.000962639,0.000507225,0.000969465,19.35549058,33.78370574,0.000617687,0.000785399,0.000232015,0.002048162,23.07162386,36.67438356,0.00076994,0.00104122,0.000595701,0.002026283,26.94161257,40.49911387,0.000723716,0.000866394,0.00070099,0.001153685,22.00784218,40.17955985,0.001006072,0.000908056,0.000577922,0.000588013,25.33065217,40.5387761,0.000837946,0.001166853,0.00098251,0.001794505,21.35935841,40.48116887,0.001201958,0.001320789,0.001061361,0.002491595,26.76341875,40.67884993,0.001096251,0.001143506,0.000922543,0.001134183,18.42305449,31.3341192
1369,0.000532709,0.000486375,0.000188488,0.000639439,18.57282302,35.3942171,0.001609749,0.002796313,0.002122001,0.004455831,20.75465285,46.25143197,0.000605349,0.001109979,0.000463082,0.001597928,20.7944924,34.27963989,0.000742935,0.000872723,0.000262589,0.002961943,22.01861275,37.42039289,0.000749164,0.00042344,0.000505989,0.001000267,23.17209224,38.94010659,0.001054071,0.00092446,0.001195175,0.001472631,24.35935418,43.62982758,0.000908963,0.00073046,0.000514514,0.000962464,23.9534301,35.6515991,0.000402021,0.000826352,0.000365925,0.000908633,20.88836844,39.21593501,0.001547892,0.000730776,0.001018019,0.001303065,27.99545693,43.08460705,0.000582309,0.000796777,0.000603103,0.000810968,21.18721548,39.86859262
1370,0.00030803,0.000307776,0.000304292,0.000463636,20.06571617,38.99815018,0.001457409,0.002113819,0.001487407,0.001759352,7.449124963,42.04811644,0.001008177,0.001432938,0.000475631,0.00213632,27.26314737,36.10642636,0.001051994,0.000807597,0.000343616,0.004004948,26.1492534,37.40115664,0.000300438,0.000960518,0.000189383,0.001072279,13.8101164,28.50392897,0.000937164,0.0014762,0.000928762,0.001303792,26.258203,41.34692468,0.000540971,0.000891195,0.000669569,0.000885961,24.93918084,37.46374138,0.000742717,0.000617072,0.00056035,0.001127593,27.24973374,42.30188346,0.001789373,0.001612653,0.001126382,0.00178193,31.01818573,43.12467029,0.001027861,0.001246388,0.000688856,0.001369709,28.37929555,43.86850832
1371,0.000115194,0.0002327,0.000204732,0.00054721,20.37542713,30.30636139,0.001403691,0.001140854,0.000872141,0.002290132,15.87197746,37.71111579,0.001536221,0.00233616,0.000476851,0.002692678,30.00991226,36.82900597,0.000724104,0.001391998,0.00043523,0.002404937,25.11643064,36.94145213,0.000621748,0.000965686,0.000406154,0.002087311,23.81560274,38.52819451,0.00086558,0.001191665,0.000359757,0.001337836,22.39625855,36.07115425,0.00030517,0.000456068,0.000590032,0.000894758,23.2332271,41.89608602,0.000731518,0.000646898,0.000595705,0.000950325,26.66961572,39.6734329,0.001226833,0.001464181,0.000763723,0.001482394,30.34413469,41.51606226,0.001509619,0.001491542,0.000805219,0.000609045,29.98012392,42.87402029
1372,0.000310078,0.00067768,0.000386977,0.000907835,22.96372802,33.13802162,0.000959326,0.000836561,0.000995779,0.000956004,19.32691172,32.33953317,0.002166277,0.003846955,0.000480486,0.004828392,28.68788862,42.37715853,0.000582768,0.001748733,0.000653431,0.002207024,24.11810637,36.95446039,0.001005428,0.001783731,0.000456886,0.004144417,21.36563805,37.96924996,0.001041041,0.002218676,0.000855406,0.001378258,17.62027863,41.20578026,0.000617235,0.000654184,0.000324607,0.000667489,18.70589725,41.03561096,0.000860618,0.000778255,0.000717864,0.001001624,27.27085015,40.39195161,0.001214832,0.001712796,0.000879376,0.001459721,27.9458277,44.03420059,0.001676574,0.001329152,0.001027246,0.001029979,29.25871779,40.23132634
1373,0.000578768,0.000836711,0.000898605,0.000852077,20.2838796,35.11450883,0.001066757,0.001568307,0.000893519,0.000781028,21.79383696,32.25442373,0.002841616,0.008928707,0.001675164,0.013876354,31.71171571,52.20906908,0.000997268,0.001842542,0.000588367,0.002422726,21.3935212,40.68817493,0.000733978,0.001113748,0.000362278,0.003050645,18.99065717,38.83222146,0.000790779,0.001386057,0.000949864,0.000908066,19.68153011,37.7946439,0.0007071,0.000282823,0.00082949,0.001554942,26.30453456,40.85284414,0.000778912,0.000562397,0.000666629,0.000744399,27.95798959,40.24974926,0.000800671,0.001262665,0.000881509,0.00140307,25.20313619,42.28956644,0.002767454,0.001820227,0.001249129,0.002038792,18.53923811,39.79065472
1374,0.000414927,0.000501807,0.000618852,0.001007555,19.19405482,34.02436694,0.000676824,0.001161388,0.000651584,0.000477961,19.59014458,31.70038911,0.002968641,0.01116426,0.002101945,0.018981311,32.85377666,55.025129,0.001356552,0.002968475,0.000948383,0.002598316,24.7867587,42.00923757,0.000500242,0.000456953,0.000103021,0.000920659,24.34537064,39.23063164,0.000420656,0.001567161,0.000345652,0.001556533,24.54560462,35.09419705,0.000623867,0.000415557,0.000818057,0.00132443,29.19779194,44.01176969,0.000666691,0.00071343,0.000314613,0.000880757,22.99419956,37.76816518,0.000685382,0.001685245,0.000734243,0.001217855,26.44872615,42.80524951,0.00289178,0.002716306,0.001545531,0.002325321,28.59324991,40.4588218
1375,0.000416699,0.000586079,0.00031581,0.000662621,18.46996694,32.13506629,0.000361859,0.000727676,0.000820478,0.000581735,15.71307762,34.6849384,0.00069224,0.004291016,0.000865256,0.008297748,27.45435866,46.90813328,0.000798758,0.002241302,0.000937034,0.001316642,24.75200218,37.40640043,0.000644808,0.001218393,0.000184511,0.00160466,26.78911752,35.44974581,0.000613513,0.001971649,0.000623314,0.001694695,28.67652978,39.14112661,0.000727164,0.000930383,0.000574116,0.000811245,25.87696423,42.39703395,0.000426606,0.001120448,0.000250952,0.000966325,27.41367808,40.73320816,0.001066193,0.001572718,0.00092487,0.002505554,24.68269207,39.30965156,0.001297697,0.001073629,0.001213837,0.001624734,29.65482155,40.00755462
1376,0.000478576,0.000685853,0.000230794,0.000598009,21.5048135,33.89571868,0.000788073,0.00103897,0.000589886,0.000426105,21.67687472,34.90309586,0.000795167,0.002133747,0.000514487,0.00412225,22.41487636,36.84697777,0.00034305,0.000591799,0.000619331,0.001321412,25.11828192,26.75992594,0.000657685,0.001618455,0.000340469,0.002231468,25.32513758,30.41234667,0.00030963,0.000773892,0.000538592,0.001042062,22.69996488,40.04526964,0.000723693,0.000861633,0.000411692,0.000604677,23.53506016,38.92167323,0.000527389,0.000993034,0.000462457,0.00085212,25.69426471,37.1893204,0.000859112,0.001700632,0.000484339,0.002646569,24.16051554,33.69033665,0.001334694,0.00090145,0.001176548,0.001335579,28.55677221,43.14079641
1377,0.000613812,0.000411345,0.000159454,0.000588342,20.80661968,33.67716104,0.001037868,0.000920561,0.000230096,0.000854842,23.58573017,38.48132927,0.000359396,0.000871976,0.000308584,0.0018692,17.69375668,32.52450542,0.000576103,0.000315846,0.000456377,0.001062875,24.6506996,32.84745378,0.000528403,0.000991129,0.000512229,0.001074504,21.8449523,32.32019272,0.000648112,0.000760885,0.000182315,0.000652559,22.1027592,37.93784525,0.000734685,0.000751259,0.000762931,0.001565084,22.06085417,32.54220608,0.000273497,0.000869306,0.000236345,0.000940856,15.76968623,34.24458363,0.001116758,0.001429415,0.000671249,0.000723614,25.75426977,31.75108414,0.001245359,0.000839692,0.001176529,0.000949357,27.34068497,38.73819735
1378,0.000547751,0.000289342,0.00015942,0.000215075,16.9298741,33.83949253,0.000681877,0.001045496,0.000647613,0.000881751,21.75615194,38.88468759,0.000652511,0.00068828,0.000423447,0.001345897,16.04730113,36.18184995,0.000605224,0.000753874,0.0003018,0.00105879,22.33632114,36.30436522,0.000344024,0.001024782,0.000493807,0.002531216,23.53548587,34.42659025,0.000550247,0.000982983,0.000455272,0.000891181,26.24458397,40.11858124,0.000662847,0.000759529,0.000841442,0.001696997,24.45270987,27.80138232,0.001018695,0.001555561,0.00071398,0.001592387,25.05722632,37.29533244,0.001025015,0.00130311,0.000453038,0.000767641,20.91222814,39.00184542,0.000615877,0.001130728,0.001009795,0.001700376,20.33449173,35.0585642
1379,0.000330955,0.000319455,0.00049651,0.000333423,15.63287627,28.37640202,0.000579424,0.000610543,0.000518001,0.000846611,21.34985684,35.49197729,0.000805383,0.000862792,0.000434886,0.001207851,16.35965358,36.65699351,0.000539178,0.000884768,0.000531758,0.000652609,23.13211914,34.76981224,0.000339028,0.000585072,0.000981583,0.002577551,23.85097143,38.02742827,0.000707639,0.001175282,0.000906384,0.000884667,25.43028602,41.31800679,0.000612791,0.0008165,0.000318268,0.001432005,16.67739828,34.22329849,0.000991106,0.001841238,0.000670353,0.001863492,21.16422301,31.7300661,0.001224053,0.0005529,0.000823221,0.000367149,21.58064282,43.45522294,0.001044874,0.002585345,0.001287179,0.003902652,26.35499313,36.68765703
1380,0.000250349,0.000562575,0.000461716,0.000492021,17.17441126,32.21255127,0.000922894,0.000381898,0.001330019,0.001119274,24.01918827,41.25494007,0.000677457,0.001214974,0.000573427,0.001326695,18.9210321,37.03863492,0.000726934,0.000455348,0.000649397,0.001283568,19.42559729,33.9223463,0.000496685,0.000965726,0.001008314,0.002584492,26.01617596,38.79729651,0.000300808,0.00092441,0.000550084,0.000786067,16.62194899,34.44056092,0.001726381,0.000687737,0.000751535,0.00292914,20.84248331,38.69502311,0.000832531,0.00127256,0.000394022,0.001178946,20.76250179,35.85060029,0.001062082,0.000920841,0.001203303,0.001056934,23.35783679,41.18728449,0.001320685,0.003123389,0.001601389,0.003317031,26.90217799,41.44840945
1381,0.000355072,0.000496932,0.000345319,0.000589469,20.11671642,36.78800263,0.001454992,0.001044003,0.001942729,0.002901736,24.22419005,45.24267877,0.00067053,0.000773735,0.000648072,0.000901422,22.9361785,37.5504744,0.000641078,0.000360348,0.000411312,0.00103876,14.21285818,36.34620922,0.000481568,0.000489416,0.000560406,0.001823178,24.604874,35.58408951,0.000639722,0.001133472,0.000684597,0.001481194,19.98028994,39.04619925,0.001676999,0.00054733,0.000681569,0.002337687,19.91031072,37.57368208,0.000802027,0.001268684,0.000591799,0.001286472,23.0271215,37.29575557,0.000828082,0.001046526,0.000632471,0.001297892,23.23429676,39.40788162,0.001243845,0.002658029,0.002228362,0.001104075,28.94196182,40.97997724
1382,0.000380665,0.00035582,0.000309715,0.000581031,19.60783696,34.93557747,0.002327009,0.003510205,0.003580524,0.006335787,20.70359196,49.32247016,0.001016538,0.000629411,0.000530719,0.001029537,22.76324333,35.89746911,0.000503358,0.000861132,0.000154893,0.001025614,21.11696276,31.84551026,0.000611439,0.000402502,0.000581029,0.002173564,20.10533236,35.36221912,0.000657237,0.000779524,0.000480287,0.001462964,21.12997521,37.45436081,0.000877961,0.001220301,0.000553746,0.000830566,23.88989907,38.45364201,0.00069182,0.001511443,0.000481044,0.002056297,23.97775292,35.13786654,0.001147918,0.000603528,0.000448067,0.000995271,25.48592945,34.21052064,0.002533604,0.005276118,0.004750609,0.003406554,30.51792946,40.60402599
1383,0.000404958,0.000626021,0.000415156,0.000818234,20.2146834,32.05248389,0.007214437,0.01009346,0.00923249,0.018588074,31.46290109,58.15153848,0.000804365,0.002208157,0.000926776,0.000877646,20.18312956,38.3012179,0.000491897,0.000958726,0.001242652,0.002423478,18.62789141,34.16501166,0.000758357,0.000491462,0.000651028,0.002611176,23.51311421,33.17103631,0.000607936,0.000914997,0.000497959,0.001415274,25.1653733,34.58674188,0.000190474,0.000959344,0.000607836,0.000454278,17.77994704,35.36785361,0.000614325,0.001417442,0.00057188,0.001614374,23.48300101,41.63617835,0.001103213,0.000650649,0.001031429,0.00128904,18.55961888,37.01366683,0.001431268,0.003540233,0.002976453,0.002145492,25.85790227,36.5527646
1384,0.00071397,0.001142056,0.001007671,0.000941101,20.92049994,40.80170315,0.00528235,0.007464018,0.006784278,0.014102337,29.44468646,55.40237341,0.000739988,0.002558247,0.001101823,0.001227425,20.77101449,40.42378278,0.000864471,0.001782913,0.002143522,0.003958906,24.21082617,34.57650841,0.000569675,0.000668496,0.000459879,0.001855443,24.48365934,39.10234364,0.000745541,0.000956626,0.000702338,0.0010776,26.89821616,40.85247383,0.000748911,0.000508088,0.000533335,0.000699124,19.85733768,38.24880396,0.000586514,0.001255485,0.000942089,0.000848831,24.42099635,44.77193576,0.000989922,0.00121499,0.001429874,0.001158422,23.27094604,41.43963242,0.000757957,0.000987447,0.001105371,0.001789644,20.7447483,27.84304642
1385,0.000704487,0.00242569,0.002498446,0.001999666,18.30686945,39.45119709,0.001215391,0.001530077,0.001529341,0.003392436,20.49551795,41.94300625,0.000209195,0.003881812,0.002709627,0.002998077,13.75023269,43.24991808,0.001301935,0.000764089,0.001079298,0.001636975,24.85610803,33.59016765,0.000333152,0.000934579,0.000312898,0.001152017,16.76727521,39.12027765,0.000719032,0.001024633,0.00057713,0.000874993,25.35735488,39.92538712,0.000757394,0.000867867,0.000959622,0.000878782,21.93237235,36.98684456,0.000615602,0.001222332,0.000997004,0.001288097,18.87812728,38.91428652,0.001655703,0.001103972,0.001232275,0.001426106,23.51800337,44.27831342,0.00127999,0.001813953,0.001192571,0.001871724,27.07871247,33.50975066
1386,0.000521019,0.001964106,0.002118516,0.001938335,7.572993273,33.16799494,0.001052834,0.00130445,0.001000834,0.003004279,19.47075174,41.55917962,0.000257451,0.0066856,0.004483879,0.003951833,23.91539643,43.60494893,0.00111247,0.001088873,0.001048171,0.001710768,22.27854135,32.04707631,0.000279245,0.000917851,0.000606893,0.001190302,16.95748156,38.17986541,0.001126635,0.001324737,0.000883594,0.001188792,24.54659018,37.25452447,0.000432796,0.001852136,0.001633721,0.000852566,21.98701905,36.61517033,0.000696801,0.000747655,0.000941901,0.000944928,16.87913821,37.38237591,0.001150659,0.000587818,0.000866626,0.00057398,19.42402599,44.16744773,0.001440059,0.001804509,0.001049202,0.001458358,27.07752682,37.94024955
1387,0.000502084,0.000588801,0.000755653,0.000726363,16.82003945,25.4080234,0.000288903,0.000656748,0.000858434,0.00164063,19.28316631,38.02334185,0.000476056,0.014802487,0.009348874,0.008752174,28.15767472,45.81506154,0.000778259,0.000980909,0.000894469,0.001812352,19.97862896,33.09659112,0.00040773,0.000662016,0.000563956,0.001448153,19.23802598,38.23005059,0.000899724,0.001495454,0.000756588,0.001594857,22.23872334,37.52016548,0.000960975,0.003829152,0.003142,0.001273478,27.24831497,39.9249506,0.000985265,0.000496095,0.000566442,0.000879299,18.74674956,35.54853506,0.000989829,0.000924323,0.000803336,0.000919885,24.24620003,41.975972,0.001342615,0.001494193,0.000571629,0.001285986,22.98378053,40.31733092
1388,0.00068015,0.00077257,0.000477555,0.000463768,19.16886838,28.73496372,0.000477046,0.000369592,0.001164644,0.000703687,17.28047103,37.31917936,0.000354442,0.010037905,0.006600633,0.00645158,23.64451249,44.44119986,0.000320794,0.000361211,0.000303265,0.001178681,10.38590061,34.0767804,0.000411102,0.00035282,0.000502229,0.001748126,16.8605208,33.92832911,0.000719591,0.001270416,0.001097277,0.000943016,20.61627313,37.50013186,0.001167437,0.002408125,0.001943992,0.000870747,26.47285713,40.90417695,0.00135067,0.001433942,0.001002828,0.000915747,21.96098076,33.31107334,0.001234232,0.001278571,0.000870717,0.001294853,26.18748387,41.64007715,0.001805559,0.000830627,0.000587159,0.00154326,19.54068691,40.32116629
1389,0.000616633,0.000549404,0.000407405,0.000446072,17.75120132,30.43820473,0.000231508,0.000305421,0.000532757,0.000917838,14.00919971,34.95043561,0.000348109,0.003440478,0.002097607,0.001811011,20.93314236,39.1635135,0.000709937,0.001253642,0.000536148,0.001214735,13.23288736,34.46984379,0.0005187,0.001582703,0.001777174,0.003376222,19.64394034,43.72948341,0.000806859,0.00152721,0.00228162,0.001295322,13.62307837,39.20721431,0.000567083,0.000826852,0.000744656,0.000900091,19.65070831,38.85293313,0.000963376,0.001613615,0.000672717,0.001721862,28.67754448,39.48813103,0.000766572,0.000919218,0.000927869,0.000975745,21.71710685,41.07120983,0.001884232,0.000529814,0.000983137,0.001765413,18.17456509,41.72687237
1390,0.000493977,0.000572558,0.000331609,0.000448998,3.654700308,31.02074203,0.000383678,0.000778877,0.000404933,0.001522348,15.51167118,33.85442598,0.000931315,0.002147288,0.000885556,0.000662214,18.53779637,33.86299765,0.001320224,0.002932218,0.000261319,0.003505521,17.48901227,39.85533957,0.000562359,0.002608091,0.002215643,0.005052476,20.9136681,45.86786885,0.001105356,0.002564243,0.004195415,0.003082813,20.47851009,34.45246019,0.000794953,0.00092694,0.000874638,0.00116746,19.49979858,36.14011934,0.00117047,0.001379361,0.001083536,0.001396352,26.07073393,35.32242292,0.001001809,0.000790582,0.000591312,0.000677085,19.77852877,36.85052989,0.000890293,0.001775195,0.000639571,0.003147685,26.61071267,40.12928138
1391,0.000387739,0.000306975,0.000470892,0.000794333,16.91461311,32.67902777,0.000438502,0.001613846,0.000967919,0.00131903,16.17398,35.22004875,0.001355888,0.001079829,0.000567244,0.001563547,17.72504755,33.41120081,0.001325326,0.003652702,0.000500572,0.004388948,22.74035242,41.49176348,0.000184651,0.000772669,0.001446727,0.003251436,15.18401192,33.47054929,0.000991017,0.002587483,0.003604225,0.002854797,20.03958714,36.85301508,0.000780519,0.000679794,0.00071407,0.001097871,15.11160178,33.01813878,0.001531482,0.001314683,0.001256569,0.000977208,23.00555406,37.67219108,0.00095081,0.000933907,0.000671971,0.00067284,18.78263441,39.21029457,0.000980104,0.003002221,0.001186559,0.007269948,27.47939449,35.43460157
1392,0.000246237,0.000532141,0.000401146,0.000415632,18.14822452,34.85339936,0.000572322,0.002810751,0.00178971,0.002320556,13.38057326,37.0984438,0.00171691,0.00085227,0.000884645,0.001782922,15.80806247,25.51865642,0.000616535,0.002302816,0.000420283,0.001895039,23.08816472,36.98340142,0.000351736,0.00099707,0.001122331,0.004227753,12.02534057,35.64685432,0.000795509,0.000888383,0.000853316,0.001448645,19.25743951,37.50642188,0.00056397,0.000768796,0.000556359,0.000527104,18.38469444,26.41813581,0.001743698,0.000963435,0.001217658,0.000861651,21.624007,39.86056615,0.001554282,0.001242609,0.000905792,0.000675321,23.90791426,39.48649524,0.000740319,0.001906067,0.001318007,0.003684552,19.70799107,38.73997972
1393,0.00058305,0.00092123,0.000952387,0.002268377,17.53439943,39.75922499,0.000695412,0.004969134,0.003184244,0.00522872,19.39071669,41.47429576,0.001525936,0.001443451,0.00097429,0.001700723,17.52721429,35.46203642,0.000438217,0.001013345,0.00038889,0.000550789,18.44378346,32.60378434,0.000909446,0.002666952,0.000983242,0.004220541,12.07406911,38.1691342,0.000863525,0.000275877,0.000423837,0.00049979,16.7085498,41.2406732,0.000832817,0.000550758,0.000652405,0.000549549,19.19694594,38.04236648,0.001233112,0.000470373,0.000764106,0.000721242,17.50874048,34.58422496,0.001696106,0.000855515,0.001142664,0.002088312,24.07575081,35.16059412,0.001234874,0.001357265,0.001720873,0.000871069,20.7357389,40.4658696
1394,0.001186672,0.001106536,0.001387312,0.00358887,21.78076181,36.86336733,0.001101013,0.01399888,0.007447925,0.013785829,26.09806972,47.13847534,0.001033931,0.002201934,0.001275125,0.002549847,13.98611776,39.23338774,0.000570277,0.000949764,0.000760659,0.000954398,20.69937316,34.79407739,0.001094963,0.004622203,0.002749242,0.00662432,11.91242431,36.36464778,0.000396632,0.000438304,0.000322319,0.00075972,18.84315186,35.22795804,0.00103916,0.000553518,0.000687032,0.000634833,9.2443991,39.33683819,0.000907174,0.00054263,0.000801024,0.001227874,15.83854367,37.69408931,0.001119768,0.000977772,0.000857675,0.001415438,22.39153786,37.62864151,0.002595622,0.001851077,0.003588034,0.003351702,20.26237638,41.77835659
1395,0.000672097,0.000852698,0.000806778,0.002068411,15.80510669,25.91370343,0.000884237,0.010899522,0.00549896,0.010841984,26.02701573,44.74905296,0.001109995,0.002513468,0.001375791,0.003211174,14.65314071,38.28705367,0.000408228,0.000857514,0.000849579,0.00130531,24.09180376,36.12525331,0.000804644,0.002727984,0.001533632,0.00454762,19.46511983,35.76775299,0.000498745,0.000406699,0.000429347,0.001080855,21.53371408,33.63013208,0.001084949,0.000863796,0.000607132,0.000317687,16.71850038,36.44607021,0.000486518,0.001035628,0.00095617,0.001265238,16.90785542,34.92999345,0.001195336,0.001407835,0.001029504,0.000647281,19.34513429,41.91725249,0.004023804,0.001479653,0.004866288,0.00563577,21.70764259,44.96982551
1396,0.000445102,0.000660158,0.000589205,0.00082695,13.39727317,30.53627431,0.000566208,0.002200222,0.001183369,0.00262548,21.17958126,36.87758745,0.001218492,0.004396958,0.003022047,0.006137581,19.64088273,41.45231815,0.000306726,0.000384076,0.00056729,0.001598387,18.34891763,38.24216655,0.000973527,0.000767659,0.00042722,0.001810703,20.21853847,41.08189636,0.000903464,0.000409683,0.000682705,0.00106549,13.99053204,35.08717527,0.001355771,0.000716146,0.000674061,0.000723863,18.47857309,37.19686653,0.00038325,0.000833846,0.000513611,0.001304683,13.85683147,37.97157023,0.002110539,0.002079367,0.001412679,0.001217577,22.89329066,41.82164984,0.001673755,0.000528545,0.001445301,0.002588472,17.22777825,41.24647509
1397,0.00067755,0.000535123,0.000665631,0.000420118,15.78431001,28.40035175,0.000545734,0.001625217,0.000851658,0.001811106,17.0534464,34.51012866,0.001476309,0.007541162,0.00573383,0.009670919,20.79432226,42.69376076,0.000507484,0.000717306,0.000547728,0.001009134,15.41451434,34.0922131,0.000257956,0.001114761,0.000507116,0.001081936,15.19820276,39.73663231,0.000826254,0.000395869,0.000658026,0.000562646,10.78166209,29.50712553,0.000541237,0.000655841,0.000423308,0.000840596,13.97577786,37.46568559,0.000690096,0.001106553,0.000734913,0.002278776,19.46609772,39.98679764,0.001452055,0.003073813,0.001842113,0.001634482,14.65257167,42.37185724,0.001273251,0.001566537,0.001323147,0.000941015,22.39283055,39.99490565
1398,0.000525497,0.000728286,0.00067147,0.000228576,16.15667003,29.3125837,0.000526055,0.000896114,0.000269125,0.000997983,16.38145523,36.76352302,0.004565225,0.018581082,0.013635614,0.022988804,28.49377212,50.32119045,0.001107742,0.001182372,0.000941397,0.001238556,19.54797318,37.50566999,0.000303803,0.000674734,0.000578233,0.000575726,20.24204542,33.50391083,0.000716922,0.000539029,0.000816382,0.000384917,10.32270615,34.31608255,0.000652263,0.000868318,0.000793443,0.000967193,17.36732686,32.65141846,0.001470085,0.001282987,0.001469417,0.002162761,22.6008448,39.14866372,0.00110647,0.002853368,0.002626882,0.001627192,22.93376056,43.85683278,0.001376407,0.001997889,0.001421155,0.001494855,23.08266051,37.08469344
1399,0.000367979,0.000441815,0.00031858,0.000320483,15.5290209,33.40362191,0.000519747,0.000878952,0.000575986,0.000916784,18.20172858,36.83707023,0.006313448,0.023796357,0.017091804,0.030600358,31.80503146,52.57045767,0.000895379,0.001119714,0.000901605,0.002156798,20.76587304,33.3732541,0.000355193,0.000684928,0.000712796,0.001365015,18.62828812,35.87487155,0.000645002,0.000322716,0.000427042,0.000350369,19.44214186,32.64230434,0.000929042,0.000859083,0.001043111,0.00134008,18.32758839,37.84104291,0.001314998,0.000557096,0.001335649,0.000837498,19.67065833,40.84806915,0.001766652,0.001930547,0.00291467,0.001559278,23.61712613,43.84631246,0.001397292,0.001522998,0.001358666,0.001885219,15.19064299,40.76424759
1400,0.000521599,0.00043467,0.000397219,0.000283043,16.288251,33.78614407,0.000482969,0.000884281,0.000634499,0.000571578,18.7129618,24.06226329,0.003062465,0.009413773,0.00686616,0.01363929,24.1763971,45.59693488,0.00046266,0.000956388,0.000446096,0.002012474,16.36406535,32.60122384,0.000431194,0.000590342,0.000467415,0.002242545,17.11129713,32.55522459,0.000494331,0.00075329,0.001039741,0.000599396,20.94013019,34.04380426,0.000901974,0.000836027,0.000917699,0.001478147,16.9170712,39.5149575,0.000903863,0.000793457,0.001135087,0.000881737,20.8672791,40.3164213,0.00149489,0.001987132,0.002133085,0.00137345,22.15755748,40.80474712,0.000963784,0.000695248,0.000992548,0.000909165,19.4990655,37.44517162
1401,0.000415613,0.000353909,0.000269206,0.000202141,8.350083021,33.37363954,0.00064247,0.000340961,0.000114481,0.000762087,18.61479377,37.37000643,0.002386988,0.005088606,0.003343291,0.006207449,7.789529372,42.52638723,0.000382993,0.000491532,0.000530654,0.00192443,14.45794068,35.01418799,0.000709229,0.000875227,0.00032844,0.001846249,19.22803216,31.60677003,0.00112497,0.000790164,0.001448476,0.000918634,22.18040548,38.26248908,0.001134536,0.002152246,0.001187096,0.002704093,19.7956886,38.37628972,0.000912555,0.001021717,0.0012957,0.001160314,22.72009711,38.93406347,0.000945299,0.000420022,0.000929677,0.001052898,22.44543773,37.23648841,0.000392867,0.00100859,0.000770908,0.002132898,20.31242533,33.64131727
1402,0.000365006,0.000378296,0.000593347,0.000699686,9.298140837,32.79235824,0.000580776,0.000692992,0.000467564,0.001094274,13.20995508,35.46457904,0.000935104,0.001210532,0.00086627,0.002610319,16.0287663,37.40469579,0.000712556,0.000585648,0.000636811,0.000627088,16.64995349,33.98802858,0.000530945,0.001035439,0.000327391,0.000673522,20.63458462,37.18482341,0.000878355,0.000764809,0.001202244,0.000827464,23.39236176,31.77695604,0.001451731,0.002603319,0.001157181,0.003166751,16.39920545,36.34728405,0.001486631,0.00067465,0.001559005,0.000879262,26.0762773,39.77071217,0.001229389,0.000454417,0.000795524,0.001272373,22.15348355,34.9882183,0.001086015,0.000923368,0.000853534,0.002172791,23.81491436,32.95772096
1403,0.000338501,0.000455377,0.000570449,0.000668169,0.521220858,35.09531047,0.000349699,0.000806748,0.000339982,0.001126491,13.34636241,35.42100704,0.000840454,0.001109137,0.001488395,0.002570878,20.95599985,37.71764155,0.000749449,0.002209567,0.000726899,0.002226603,19.67249869,31.8377968,0.000475822,0.000661295,0.000356953,0.001074591,20.68947248,34.78696437,0.000593267,0.001145777,0.000507067,0.000277659,21.23159774,34.65626446,0.000805465,0.000784135,0.000703434,0.001119731,11.76494086,34.31348791,0.002016753,0.000493201,0.001484204,0.000289249,25.8441886,38.9222857,0.001679097,0.000455025,0.000739348,0.001060007,23.42808916,33.09322291,0.001729177,0.000961973,0.001238198,0.002133205,24.87747223,37.58161706
1404,0.000432386,0.00040257,0.000531831,0.000648031,14.22673817,31.86468403,0.000742802,0.001477144,0.000439997,0.001004361,16.91576247,37.14426225,0.000856404,0.000375753,0.00075639,0.002103623,18.43386755,33.33583945,0.000605509,0.003862322,0.000620474,0.003672736,15.88165622,37.25785002,0.00028714,0.000538761,0.00043771,0.001406149,21.49079366,30.97762739,0.000751447,0.001000722,0.000502529,0.000866675,20.08970546,35.83168908,0.000589977,0.001190132,0.000687622,0.001600249,19.59069578,32.7297797,0.001728738,0.000693175,0.001001573,0.000709718,24.22507211,35.4401859,0.001900271,0.000664161,0.000773459,0.000857268,24.23632743,31.92328399,0.001453079,0.001582286,0.000770785,0.000897088,25.49861828,30.106364
1405,0.000273222,0.000337807,0.000592827,0.000525676,10.68132369,31.88208814,0.000814241,0.001660728,0.000982951,0.001187075,18.76401981,36.47836053,0.000827045,0.00059241,0.000668319,0.001876018,16.06214453,32.39570621,0.000556772,0.003773534,0.001048286,0.002625482,13.84102762,38.18391501,0.000412914,0.000773026,0.000467408,0.002407512,17.71054445,29.50968876,0.000674211,0.000823304,0.000846413,0.000703092,21.20337668,29.9760519,0.000383655,0.000931077,0.000658027,0.001200625,19.46936123,36.91105193,0.001265879,0.001004741,0.000879949,0.001352031,20.72959864,40.5572143,0.001296378,0.000413938,0.000741435,0.00063622,16.86630286,31.31513668,0.002270293,0.00148778,0.001116435,0.000443301,20.30159845,42.51831273
1406,0.00032583,0.000419346,0.000357915,0.000516422,9.008508361,36.52994627,0.000611953,0.004659523,0.002110305,0.004210871,20.82702411,34.89329596,0.000393129,0.000438564,0.00047733,0.000861254,17.94884969,23.54289052,0.001276053,0.007315542,0.001312084,0.00608414,15.91263854,41.030446,0.000560445,0.000479213,0.000349933,0.001512639,11.26164455,35.02754753,0.000652726,0.000629421,0.000734025,0.000967477,14.62999866,32.8118043,0.000766656,0.000466853,0.000573258,0.000810021,22.43173496,38.97870019,0.001054989,0.000896214,0.001013107,0.000858126,20.57260596,41.12203967,0.000929971,0.000781499,0.000648817,0.000378485,16.00887615,36.66104448,0.001751476,0.000893473,0.001145821,0.001604535,16.58784168,40.24077234
1407,0.000463812,0.000906985,0.000903252,0.001084634,10.90776306,36.87192959,0.000655418,0.01024666,0.004854589,0.008586264,25.97405997,45.91852279,0.000789564,0.000333684,0.000836399,0.001739221,22.00855434,33.05631893,0.001858706,0.020931767,0.001755722,0.019458878,17.67184324,36.70677217,0.000800893,0.000804843,0.000377652,0.000658987,18.20669133,36.50492169,0.000829773,0.000353683,0.000729213,0.000370568,16.77417336,36.43521957,0.00107863,0.000472852,0.000694972,0.001011476,20.71860898,37.25680243,0.001167723,0.000884104,0.001649154,0.000769162,21.56184197,37.20762331,0.001409194,0.001333431,0.001129906,0.000824052,18.19777562,39.22488576,0.001478937,0.000822438,0.001470156,0.00138176,17.81033019,36.9113261
1408,0.000237728,0.002062621,0.001217975,0.001607164,17.68098008,37.17361414,0.000286647,0.006182678,0.002811981,0.005227755,23.28744097,43.02647476,0.000983937,0.000845289,0.000888475,0.001490201,19.65425966,35.84441235,0.003659229,0.050265816,0.003699372,0.046710275,24.39451817,42.81152707,0.000858826,0.000988226,0.000655151,0.000829057,16.23776385,37.96439154,0.000565349,0.00058089,0.000985722,0.000775308,18.23689623,22.36006161,0.000989763,0.000446049,0.000376942,0.000597147,15.06970576,36.41235127,0.001593702,0.001101439,0.001338773,0.000972388,21.27485236,37.70179258,0.001008407,0.001102563,0.00094248,0.001188967,20.93496986,37.61708568,0.000817247,0.001558839,0.000771263,0.001570359,19.38295664,38.74528958
1409,0.000339179,0.001275787,0.00065541,0.000802093,17.06054837,35.16403293,0.000296314,0.001460922,0.00115795,0.002245953,15.45345457,34.53793248,0.000918853,0.001175041,0.000702561,0.000796729,15.13498556,37.8539128,0.003322661,0.043306225,0.005840285,0.040040173,22.6162188,46.94857131,0.000868873,0.000972025,0.000666431,0.00131485,17.93960912,39.42608112,0.000529779,0.000952854,0.000965502,0.001544599,14.76182448,31.00196246,0.000866958,0.000589502,0.000619551,0.000456338,16.44956544,36.79841215,0.001809582,0.002315507,0.00074362,0.001018696,24.02066266,36.99458645,0.000721056,0.000859716,0.00104215,0.000959729,15.16515244,37.11621322,0.001722256,0.001354008,0.001472154,0.001728734,21.86710021,41.50986072
1410,0.000156473,0.000293205,0.000395381,0.000445095,14.46139525,35.23842872,0.00056922,0.001116586,0.000961114,0.001358279,16.22321976,33.57343807,0.000919346,0.000380757,0.000801956,0.001014682,12.4608814,35.90322641,0.001956369,0.011684887,0.010778653,0.009124215,27.75111,52.81231749,0.000490198,0.000694894,0.000438401,0.000672038,16.68850705,33.00563296,0.000932009,0.001163966,0.00131481,0.001891702,12.84889299,34.85661645,0.000879454,0.000864768,0.00113734,0.000960425,15.23123176,30.91799449,0.001592353,0.002457136,0.001182592,0.000718167,27.83139042,38.21954137,0.001245918,0.000565744,0.000993943,0.000715135,15.0332667,35.31016898,0.001125757,0.000812758,0.000808633,0.000912343,23.14654037,39.40266075
1411,0.000286954,0.000304881,0.000508255,0.000368744,17.55895913,36.99529316,0.000508969,0.000764685,0.000518457,0.001451387,15.08894526,34.38924257,0.000364508,0.000713217,0.000716331,0.00041844,12.00468289,31.42035258,0.002036104,0.007552566,0.006877709,0.006389969,25.97300963,50.60348381,0.000343425,0.000497028,0.000453519,0.001080539,14.26871932,33.30679147,0.000887093,0.000759466,0.001319154,0.001107664,19.09305869,35.9831029,0.000590437,0.000824128,0.000913905,0.00094507,18.51051237,36.08455233,0.001611956,0.001273288,0.001581089,0.000738927,26.92253717,37.03174199,0.002500492,0.000708705,0.001891448,0.000684116,16.53891854,40.22427968,0.000986178,0.001092133,0.000876726,0.001782323,22.05352818,38.24531047
1412,0.000478389,0.000517789,0.000471526,0.000470166,18.52167272,38.31969939,0.000442672,0.001099978,0.00114566,0.001542751,16.87005061,29.93038069,0.00066458,0.000647396,0.002063834,0.00181965,12.57807599,40.23301574,0.002580663,0.005632796,0.004474514,0.008572747,19.83400158,40.96657206,0.000389628,0.00015244,0.000740929,0.001597856,17.13673212,37.60514279,0.000877478,0.001331715,0.001327973,0.00107043,21.17939201,39.79118764,0.00063009,0.000424575,0.000864736,0.000622669,20.20277022,37.97849608,0.001443094,0.000951337,0.001554784,0.000776192,24.23134421,38.96824404,0.001612481,0.000375556,0.000964632,0.000434661,10.30930607,35.87465043,0.000828489,0.001335291,0.000774396,0.001277727,23.20168449,33.5464693
1413,0.000604767,0.000699403,0.000604161,0.000129593,16.00679765,34.2423933,0.000337953,0.000622889,0.000584174,0.001528631,0.859291042,26.80413773,0.000606441,0.000278931,0.001328335,0.002606018,12.58379085,37.525067,0.001369368,0.003521715,0.004129929,0.005828581,18.54689892,34.59778637,0.000478388,0.000304144,0.000604897,0.001868126,14.3427314,33.91407959,0.000539974,0.001346036,0.001047219,0.001079956,21.75183362,40.87907257,0.000581649,0.000803603,0.001285384,0.000587301,14.30952756,28.81000986,0.000945595,0.00062123,0.001251731,0.000885768,17.98807097,34.74119435,0.000722759,0.000601374,0.001067929,0.000982946,15.30404465,36.03220401,0.000691829,0.000746633,0.000617026,0.000748057,23.52634772,35.43084902
1414,0.000453538,0.000722937,0.000627016,0.000201739,14.48031625,30.52673582,0.000287876,0.000429693,0.000484149,0.000470162,13.74695329,33.45661105,0.000434126,0.000573805,0.000831555,0.00229645,10.59130588,29.31603618,0.000899457,0.000774996,0.001172996,0.00128755,16.70128057,39.03425454,0.000441279,0.000487194,0.00135569,0.001279778,14.0392002,29.51460837,0.000674487,0.000955808,0.000258656,0.000644802,21.62360912,40.17581503,0.000696121,0.000980113,0.001277687,0.001253584,17.88363899,35.9564215,0.001564776,0.000643747,0.001773011,0.000998792,22.59885554,39.25165803,0.001168992,0.000763503,0.000694984,0.001113749,21.40343812,38.37367575,0.001132841,0.00075864,0.000776226,0.000575648,20.14491847,34.63780975
1415,0.000274346,0.000511042,0.000553363,0.000178883,11.05348357,29.91525815,0.000186809,0.000125438,0.000610262,0.000611818,6.654883307,32.99719798,0.000393951,0.000346763,0.000865593,0.002804196,17.2236267,32.05679113,0.000587126,0.000985982,0.001089721,0.001019993,15.42002743,34.25614308,0.000594145,0.000596958,0.001240542,0.000940489,15.75914762,33.42547718,0.000717855,0.000511942,0.000101421,0.000615233,21.68894792,40.24843063,0.00090038,0.001315299,0.001066056,0.002320608,20.73394914,35.65426278,0.001380251,0.00059783,0.001516165,0.000562936,20.08475144,36.45034778,0.001997518,0.001179751,0.002046665,0.002161779,24.66965184,37.53422046,0.002202546,0.001928922,0.002363564,0.001730987,14.44360904,40.11634764
1416,0.000115744,0.000115907,0.0004295,0.000580575,11.82240341,32.35009393,0.000172656,0.000752966,0.000842349,0.000248506,10.98247866,29.92760979,0.00046179,0.000538566,0.00079924,0.002178147,19.96386638,30.51979174,0.000651585,0.000861439,0.001265804,0.000744036,15.1461171,37.54907,0.000557813,0.0011594,0.0015197,0.001945188,16.61157159,40.06309324,0.000539762,0.000376519,0.000268862,0.00048595,20.13377547,36.87098879,0.000830872,0.00339178,0.004637127,0.001648463,19.75994215,42.89056227,0.001232471,0.00045801,0.001272435,0.001092148,18.79985384,36.75644564,0.001569912,0.001536171,0.001831451,0.002311754,18.46875865,35.89784045,0.00250104,0.001433726,0.002299649,0.001944146,19.190177,42.03448442
1417,0.000298049,0.000329423,0.000265499,0.000582313,10.59081671,29.08714508,0.000300231,0.000451354,0.001367612,0.000895403,14.4054133,37.37576559,0.000842815,0.001265128,0.001194316,0.002228539,23.82972895,34.60621789,0.000687007,0.000461927,0.001185893,0.00087489,18.10098235,34.91395533,0.000880123,0.002043911,0.002169188,0.003336037,22.20833526,44.84263198,0.000330233,0.000729079,0.000808831,0.000616152,19.41266187,37.00651213,0.001303393,0.004662803,0.0059102,0.001018486,21.60402532,43.78607531,0.00068027,0.000698001,0.000764417,0.001137519,16.86129094,32.69336154,0.000796857,0.001365161,0.000912926,0.001859666,21.54366647,35.96786654,0.001582773,0.000516756,0.001285941,0.001495511,15.98761741,37.2937619
1418,0.000258389,0.000666316,0.000394387,0.000344493,10.76214953,30.72752317,0.00078309,0.001181438,0.002699718,0.001642,17.53484431,44.62471891,0.001031628,0.002741503,0.002502637,0.004082571,27.66111584,38.80065445,0.000583013,0.000502028,0.000506709,0.001140393,19.1297592,34.69285174,0.000997684,0.00125493,0.001209387,0.002494012,23.85073939,40.88941932,0.000436739,0.001155625,0.001672614,0.001024039,19.39406151,40.51767734,0.000762836,0.001508047,0.002207964,0.001096025,20.92755418,35.90723797,0.001240186,0.000590011,0.000993842,0.000770851,10.18601818,35.02184746,0.00041004,0.001556521,0.000710562,0.000847066,21.08911214,37.23078148,0.000819876,0.000779349,0.000872778,0.000785192,21.59651493,36.05697845
1419,0.000254087,0.000786727,0.00052488,0.000659201,11.45054365,24.58099084,0.000574519,0.000933455,0.001800269,0.000771908,16.78210321,40.13509842,0.00168283,0.007044116,0.006093318,0.010913575,30.99537827,42.86729857,0.000472599,0.000774528,0.000528537,0.001396539,15.00610444,31.22902057,0.000931843,0.000206547,0.001174426,0.001900433,21.74144061,30.00920317,0.000192091,0.001316612,0.002032189,0.001420491,14.66071835,41.48098403,0.000940408,0.000734737,0.000980721,0.000692765,22.02289462,36.48177552,0.001387541,0.00052693,0.001279736,0.000807217,16.13196918,37.82844153,0.000795178,0.00132203,0.000695634,0.000557666,20.91893491,36.5344864,0.001620884,0.000845935,0.002082265,0.001125405,22.2081794,38.99094296
1420,0.000224254,0.000250406,0.000381561,0.000201263,4.984821886,30.50181795,0.000263527,0.00109514,0.000679906,0.000306873,13.1802915,31.03169941,0.001541244,0.008823596,0.007515072,0.014057758,32.67187287,43.23686322,0.000435765,0.000961008,0.000558157,0.001360226,19.54160902,33.22131514,0.000403912,0.000600939,0.000653977,0.001184794,18.39474796,34.16794391,0.000339638,0.000530114,0.001419543,0.001245831,16.99959759,34.8451972,0.001189455,0.000763148,0.001017819,0.000473455,21.96722127,37.31566992,0.001047866,0.000213433,0.000992041,0.000425791,15.65626804,37.07495368,0.001538686,0.00129275,0.001622213,0.001608103,20.57032243,39.72916937,0.001478016,0.000674609,0.001654579,0.001017354,17.38171008,37.30475109
1421,0.000119531,0.000356811,0.000250358,0.000371789,11.97241961,29.56604801,0.000259617,0.000852004,0.000484909,0.00122484,11.31044695,29.14545667,0.002518631,0.015813287,0.013368653,0.023213663,37.77126714,48.61794001,0.000428167,0.00068339,0.001137498,0.000868511,20.57587723,30.59030605,0.000568183,0.000918767,0.000690184,0.000465406,16.38812348,35.77022167,0.000487973,0.000608173,0.00101132,0.000497681,16.90399758,37.04033544,0.000996691,0.000954815,0.001058438,0.001205808,20.33599059,34.27505253,0.001318856,0.000350535,0.001712721,0.000695682,16.82868603,36.14767832,0.001390958,0.001568434,0.001281321,0.002027687,14.88547145,40.25948244,0.000702557,0.000646189,0.000711142,0.000543488,20.3573817,35.260512
1422,0.000147745,0.00037528,0.000431301,0.000495277,10.71764697,31.59374346,0.000261398,0.000542419,0.000785537,0.001223826,15.99492158,33.06174262,0.005627098,0.026571258,0.024238288,0.03980449,42.41330722,56.14733752,0.000514181,0.000611923,0.001803789,0.001054706,16.81145907,33.49473983,0.000662537,0.000749525,0.00060155,0.001215423,19.83000742,37.24741699,0.000543138,0.000860586,0.001230562,0.000609892,10.66560007,40.16841672,0.000527154,0.000680905,0.001014546,0.00154073,13.95066802,33.33574036,0.001269446,0.00097253,0.001853175,0.000730946,18.37334438,38.29421989,0.001234192,0.001763445,0.001080006,0.001736499,18.69979299,38.38743962,0.000530127,0.001228444,0.000785856,0.001292168,18.65868552,35.46276357
1423,0.00016354,0.000420716,0.000673339,0.000544238,5.539346182,33.44673253,0.000250495,0.000555966,0.0007273,0.000929788,15.82421542,31.15315213,0.015987474,0.072237846,0.067233363,0.106119638,48.32969344,65.15340926,0.000194241,0.000825752,0.001164491,0.001071409,15.23300054,38.48156773,0.00057227,0.000701213,0.000661065,0.001656565,18.38272284,26.52770146,0.000486055,0.000951538,0.001413154,0.000899405,19.66178249,41.63595305,0.000538743,0.000636128,0.000892366,0.001314881,8.87149202,33.19929726,0.000727544,0.000487928,0.001356019,0.00070372,16.8267301,36.64953952,0.002310601,0.001647258,0.002053371,0.001342413,19.47032185,43.67555883,0.001386497,0.001415535,0.001836071,0.002944038,11.12685606,37.17632212
1424,8.75E-05,0.000289886,0.000771513,0.000629635,7.236228756,31.96457803,0.000431736,0.001231602,0.000396161,0.001502049,1.785262989,33.23200426,0.02175467,0.092498259,0.085898288,0.135126249,49.25770207,66.90304518,0.000303699,0.00075579,0.000850295,0.001577449,20.08984995,40.18711889,0.000637642,0.000600634,0.000666697,0.000718419,16.69127601,31.53658296,0.000560699,0.000532164,0.00110555,0.00085103,19.40039246,38.29481302,0.000799042,0.000771426,0.000786117,0.000678745,14.30461689,32.04292601,0.000495399,0.000615058,0.001507003,0.00107176,10.90660007,35.35639631,0.001106963,0.000739009,0.001316264,0.001229686,15.0695965,39.87844737,0.002015533,0.002314796,0.002231843,0.003880846,21.05981719,39.7832702
1425,0.000275334,0.0004681,0.000531397,0.000699458,11.44480629,31.2893308,0.000292558,0.002705421,0.000730045,0.00276686,11.13001686,36.39947732,0.009820359,0.038859561,0.036899354,0.055808295,40.38295799,58.77521414,0.000655262,0.000812937,0.001118511,0.001563379,17.87687028,38.78943067,0.000526828,0.000646351,0.000220688,0.001398651,13.10074431,31.24758476,0.000142433,0.000333773,0.000406334,0.000653783,14.34264836,24.01140954,0.000912611,0.000542604,0.000831433,0.000782207,14.19362723,37.36969025,0.000595137,0.000856978,0.002130055,0.001117461,14.24439005,39.24597072,0.001187101,0.00090364,0.001741567,0.001506722,16.51259481,37.35145925,0.001760799,0.000739346,0.00124334,0.001509538,20.31669978,36.51762305
1426,0.000314008,0.000496352,0.000762103,0.000885677,12.97362853,29.680863,0.000208394,0.006532657,0.00138737,0.00735286,13.22242315,42.85075733,0.005278705,0.019709483,0.019648836,0.028183792,34.86294111,53.84788984,0.000665412,0.000876252,0.000990372,0.000452196,8.960846115,37.84252468,0.000498384,0.000678152,0.0009215,0.001529439,17.13143601,35.79393551,0.000377187,0.000735078,0.000564818,0.000794737,15.15182579,33.58447742,0.001075984,0.000712974,0.0012773,0.001307842,15.5680139,39.20461556,0.000746733,0.001037597,0.002400603,0.001020051,17.51401599,37.96519358,0.001398437,0.001056742,0.002098801,0.001166363,13.99439206,40.16508677,0.001542374,0.000812434,0.000926823,0.001102374,19.14340085,34.10683127
1427,0.0003886,0.00073784,0.000963693,0.001157924,13.00620953,34.05366604,0.000152797,0.018712276,0.003736504,0.02255777,8.255502944,50.74798004,0.001950662,0.005937854,0.005555067,0.008685017,21.67268621,42.21427034,0.000328372,0.000255547,0.000581077,0.001313091,14.85607772,31.31742573,0.000203307,0.000611467,0.000834092,0.000994788,16.26432332,37.47715177,0.000224673,0.000564569,0.000676299,0.001208969,16.88358706,32.85685756,0.001109179,0.000980851,0.001755413,0.001224449,16.45454492,40.55185169,0.000693528,0.00088325,0.001223616,0.000807957,19.35953071,32.39822671,0.001090436,0.00116542,0.001199466,0.00119362,18.33281516,33.33767466,0.00104619,0.000713464,0.000818187,0.000392698,14.91469795,37.27531947
1428,0.00027683,0.000854151,0.00090812,0.000831642,11.70728854,31.89731999,0.000644811,0.013511791,0.002872167,0.017124244,4.602560666,48.1632743,0.001517253,0.00432781,0.004490074,0.006321792,15.50971397,43.95636401,0.000397401,0.000394445,0.000535395,0.001108645,16.04511922,27.61128151,0.00028478,0.000576288,0.000533916,0.000766256,14.97925127,35.93091636,0.000249632,0.000458959,0.000541452,0.001292019,18.60398481,31.17928073,0.00065951,0.000785445,0.001213402,0.000890167,14.74595069,37.70008894,0.000959095,0.00046152,0.00079551,0.000583391,22.44743669,34.11799523,0.000995025,0.001460288,0.000904857,0.001546379,18.02724919,29.53158321,0.00146851,0.001221399,0.001899717,0.001223213,13.8117492,41.78213281
1429,0.00037059,0.000482836,0.000976305,0.00059053,11.07038346,34.28243216,0.001239928,0.001411724,0.001234238,0.001975534,13.92946784,37.34828941,0.001149695,0.00189108,0.001814327,0.003523292,17.89129108,33.28453326,0.000737686,0.000530292,0.000554674,0.001131978,15.46896456,30.17197336,0.000379629,0.001081255,0.00087656,0.000991725,16.29575986,37.42972183,0.000802185,0.000568496,0.00082299,0.001106937,15.05541548,33.9147153,0.000371659,0.000555278,0.000594893,0.000842789,12.02934344,34.11955252,0.001413841,0.000866819,0.000957188,0.000618437,20.32748717,31.11035933,0.000979592,0.0008645,0.002055091,0.001030523,19.63451644,31.50927381,0.001169441,0.000539614,0.00095332,0.000839327,14.68739113,37.05569042
1430,0.000765637,0.001792446,0.001868099,0.000854882,15.24020052,39.47688664,0.000866324,0.002166512,0.001468623,0.0034024,13.82215998,36.26334797,0.001480567,0.002742667,0.003318006,0.00490087,21.13228989,38.92615637,0.000756823,0.000634279,0.00110169,0.001468859,18.73475931,36.06097772,0.000346212,0.001838182,0.000717129,0.001161814,19.49047491,39.58357284,0.001161523,0.001341207,0.000981614,0.001878971,16.27352922,34.12585148,0.000523616,0.00053575,0.000586659,0.000393981,7.326264822,31.18787823,0.000829603,0.000910205,0.000756457,0.001002959,18.29076802,33.15496383,0.001049029,0.001071765,0.002746625,0.000814033,18.45290572,29.59698257,0.001734636,0.001491144,0.001293915,0.001015426,13.629359,33.93069972
1431,0.000864935,0.002445591,0.002775492,0.000863036,13.29304654,36.62332959,0.000838417,0.003557713,0.002203904,0.003271537,19.41890901,38.91756805,0.000985834,0.002126806,0.002416535,0.003296174,17.16731864,38.91754056,0.000784759,0.001063251,0.001785111,0.001367477,16.99439582,40.51793074,0.000674297,0.001415462,0.000713546,0.000703621,19.12439175,35.09897879,0.000729491,0.001198618,0.000890584,0.001716985,13.82560538,32.75131037,0.000719623,0.000496043,0.000889794,0.000967746,17.91779155,36.8409399,0.000279366,0.000900476,0.001146994,0.000978114,16.88883298,37.3021077,0.000707648,0.000696875,0.001753742,0.000963166,10.6635368,34.94712464,0.001401919,0.001422194,0.00125788,0.001198127,14.49482515,34.35406699
1432,0.000681641,0.001244944,0.00142492,0.000524995,8.188538458,30.02414803,0.000567583,0.001662959,0.001154068,0.001754724,12.72346986,31.09177837,0.000656289,0.001731728,0.001636903,0.002032091,16.01655636,33.98138621,0.000599776,0.001239365,0.001463416,0.001226451,14.55561976,39.5783764,0.000836656,0.001430969,0.00124273,0.001603661,15.0371831,37.40383619,0.000707668,0.000697786,0.000654338,0.000779872,23.50548235,32.99929065,0.000518454,0.000171169,0.000461553,0.000676445,20.8470276,30.14613776,0.000396303,0.000802978,0.001153655,0.000929271,12.504252,31.92385412,0.000447252,0.000601844,0.000981618,0.000700851,14.63495328,37.09438484,0.000531898,0.000876155,0.000771719,0.001086403,15.54028479,29.30914543
1433,0.000483567,0.000418713,0.000386619,0.000421259,12.25477907,26.82416833,0.000149838,0.000934064,0.000307867,0.001513266,13.59372797,26.47725282,0.000465791,0.001034863,0.000608995,0.000958004,16.70390137,31.72749931,0.000262308,0.000870583,0.000992444,0.001024819,9.642338886,38.41613261,0.001175423,0.001029693,0.000994562,0.002393593,13.2896063,39.62189552,0.000696219,0.000706811,0.00077421,0.000212957,24.71194302,35.41043356,0.000582102,0.000697818,0.001102977,0.000371457,20.64482557,35.77571281,0.000584323,0.001009971,0.001364933,0.001077441,18.03042349,31.34831145,0.00143912,0.00049173,0.001134502,0.000932902,17.97865272,34.75571344,0.001203926,0.001051821,0.001509669,0.001590075,19.46731672,37.03702651
1434,0.000344807,0.000295184,0.00033166,0.000482184,9.971609261,27.46355056,0.000149443,0.000462247,0.000326922,0.000824531,8.379206433,29.66266778,0.000194866,0.001091073,0.000965045,0.00171194,13.88175349,37.06394121,0.000995639,0.001025753,0.002457555,0.001178566,16.44322785,45.71961819,0.000932901,0.001339385,0.000619748,0.001687516,16.51076283,37.94056806,0.000476366,0.000595378,0.000972276,0.000752615,19.20998767,32.9558691,0.000893695,0.000972866,0.001295589,0.000723287,20.46827763,39.03939943,0.00081693,0.000732657,0.000733187,0.001113342,19.33355792,35.219308,0.001721073,0.000147879,0.001457515,0.000825402,17.86512245,33.83030513,0.001130389,0.000662835,0.0012492,0.00107898,17.9744006,36.9538846
1435,0.000191188,0.000221401,0.000298162,0.000256464,15.81011944,30.57866116,0.000166859,0.000468134,0.000425522,0.000568928,12.014275,32.72330686,0.000687489,0.000744846,0.001644386,0.002099259,14.06843125,36.21975431,0.004106192,0.003745606,0.008902083,0.004535051,24.41011869,55.28068534,0.000250172,0.001363874,0.000976049,0.001252762,14.58355883,38.43403542,0.000763224,0.000481289,0.001298021,0.000760275,17.16773719,32.55400458,0.000468,0.000679288,0.000810142,0.000335419,18.88740107,35.23488272,0.00120074,0.000516818,0.001555693,0.000792449,16.34676089,35.8933135,0.00128043,0.000955317,0.001313417,0.001245564,15.53356509,36.46355379,0.000959741,0.000550063,0.000217253,0.000530479,15.5749237,32.56274639
1436,0.000195024,0.000188914,0.000300516,0.000284576,11.31875169,30.52487879,0.000354761,0.000725234,0.000489601,0.000652225,14.17261945,32.39434223,0.001057877,0.000351936,0.001313149,0.001414371,17.32768715,34.28378158,0.008863872,0.00765589,0.016614435,0.008831981,30.67572844,60.70198224,0.000769579,0.001075449,0.001330456,0.001318075,17.84254721,39.92650281,0.000827049,0.000123024,0.00049814,0.000425224,18.85591206,29.71817175,0.000579759,0.000467677,0.000512344,0.000740042,18.24446937,34.90182385,0.000516325,0.000617939,0.001312493,0.00061416,13.01106747,35.60074853,0.000630087,0.001166123,0.000607156,0.001119048,16.77480094,24.25478753,0.00074041,0.001108225,0.001392866,0.001168836,18.67375386,34.70127247
1437,0.000472039,0.000264351,0.000836883,0.000292569,17.73144731,28.75987817,0.00050544,0.000877133,0.000685939,0.000864742,11.90594354,35.71365777,0.00078067,0.000299358,0.000235371,0.000676885,18.35555984,38.16696789,0.006866651,0.005980512,0.012400555,0.005751737,27.68588655,58.19098449,0.000974454,0.000510974,0.000690675,0.000972356,15.75329749,33.22963347,0.000775921,0.000299462,0.000695403,0.000359527,20.26512114,31.24041153,0.000658741,0.000980418,0.001307153,0.001088946,17.04940328,39.28524392,0.00102588,0.000825039,0.001282603,0.000485739,17.59432814,37.59820195,0.001097868,0.001045894,0.001244089,0.000723874,17.71536835,38.49192482,0.001005494,0.00064513,0.001459945,0.001062463,21.40575364,34.56883791
1438,0.000592025,0.000349426,0.000913585,0.00016025,19.19085406,30.79654395,0.000322403,0.000472386,0.001158926,0.00108837,14.38322979,35.14487665,0.000931092,0.000325541,0.000823856,0.000859159,20.10935358,34.23348899,0.001874882,0.002138859,0.002903292,0.001017858,21.42176156,44.04276923,0.00080958,0.000756854,0.000446911,0.001065318,13.7212008,28.07960746,0.000467351,0.000552681,0.000979611,0.000548884,18.83755804,37.9919305,0.000604906,0.000718447,0.001305701,0.0009315,17.23398145,40.79885272,0.001102841,0.000996995,0.001813092,0.000546606,18.13319962,39.863905,0.001338083,0.00126795,0.001546139,0.001814313,18.50840255,39.14959774,0.000648521,0.000866769,0.000781016,0.000893487,16.63545843,34.08621131
1439,0.000488315,0.000321303,0.000477021,0.000207489,15.65186736,29.56718997,0.000143532,0.000233926,0.000433868,0.000841087,17.87709381,32.8337357,0.00065176,0.000439221,0.000570483,0.000920301,20.10855348,36.72739375,0.001645333,0.001130802,0.001873594,0.001783919,20.66900703,43.9656138,0.000827509,0.000675674,0.000668791,0.001410433,10.8035553,29.69148422,0.000326326,0.000816237,0.001346733,0.000411576,17.80087831,41.31155175,0.000503106,0.000847334,0.001075126,0.000837684,17.74000607,39.04600796,0.000692946,0.001226936,0.002064351,0.001193029,10.60932777,40.26793219,0.000770729,0.001092056,0.001487936,0.001289167,18.69061348,40.56110163,0.000605373,0.001014382,0.001110724,0.0014216,17.58826449,37.70503356
1440,0.000351547,0.000305865,0.000351897,0.000374099,18.88052089,30.78332971,0.000441001,0.00047443,0.001169105,0.001011018,17.48174725,34.50259066,0.000527339,0.000596787,0.000431912,0.00112984,16.79118814,36.66711368,0.001178817,0.000588672,0.00070828,0.001794448,9.145781369,40.04316401,0.001168204,0.000666122,0.000784152,0.001086362,12.21042891,26.08784761,0.000630995,0.000814063,0.001225325,0.000371824,20.68108862,40.50901138,0.000803506,0.000461041,0.000726096,0.000791494,20.70002328,39.22492501,0.001013728,0.00274234,0.004158577,0.001545158,13.47387428,46.14387593,0.000633841,0.000714071,0.000674942,0.000888647,16.4345803,37.77343642,0.001380369,0.000660665,0.001831539,0.001536661,19.20104662,42.8899301
1441,0.000210493,0.000307395,0.000521553,0.000266909,12.90516441,32.32817327,0.000653197,0.00034267,0.001287908,0.001314096,17.53156589,31.9866638,0.000594068,0.000714586,0.000537889,0.001427384,19.1022531,33.50892396,0.00082115,0.000781145,0.00095155,0.001637176,15.57285391,31.59753669,0.001399275,0.001011087,0.001339731,0.000666888,17.64215409,35.64287344,0.000622014,0.000630811,0.001066548,0.000601096,20.49656551,36.01563797,0.000456564,0.000341853,0.001205566,0.001085225,17.46870377,42.49034649,0.000970965,0.001438979,0.00288297,0.001130881,14.10332295,40.13303238,0.001327463,0.000557426,0.000724417,0.000524818,21.60752283,40.18232682,0.001418634,0.001064715,0.001756461,0.001526776,21.42417895,41.48292703
1442,0.000223595,0.000419261,0.000389244,0.000307655,9.76178667,33.56391383,0.000889472,0.000591965,0.000985675,0.001169142,18.70978695,31.98794708,0.000854977,0.000511712,0.000468397,0.000798278,19.9386336,32.09949722,0.000368164,0.000795967,0.001378784,0.001351084,19.60034202,29.40223992,0.000920159,0.000778692,0.000918374,0.000630229,18.08542717,38.29900803,0.000497303,0.000509587,0.000916575,0.000528005,17.70843839,34.73493889,0.000274302,0.00039207,0.000529689,0.001016067,17.35558598,40.41592773,0.000640218,0.001264556,0.000796193,0.001064677,16.15542357,37.68037934,0.001119993,0.000708886,0.001294342,0.001126121,23.84050655,40.6888699,0.000670866,0.000474881,0.001014354,0.000591722,23.14368303,38.24117549
1443,0.000242128,0.00049207,0.000676846,0.000596237,14.75101715,33.9838091,0.000550043,0.000526264,0.00122123,0.000669033,16.98864392,33.67103145,0.001029704,0.001141439,0.000382133,0.000532212,17.67391936,34.71532979,0.000458372,0.000727858,0.000829612,0.000936051,16.85924617,28.93304236,0.000490551,0.000361746,0.001469539,0.001437747,19.26641488,38.85457155,0.000346566,0.000295884,0.000761993,0.000537269,17.041171,31.59672589,0.000969087,0.000607838,0.00163215,0.001067383,13.81722723,40.91233295,0.000913196,0.001381029,0.000956913,0.000948947,19.34000471,41.702852,0.000911926,0.000811262,0.000987919,0.001176274,20.60010723,33.39488839,0.000723967,0.001074993,0.001453394,0.00126649,18.77286735,40.46618202
1444,0.000264018,0.000357744,0.000852484,0.000738863,12.64372575,25.4637775,0.000174729,0.000308358,0.001129935,0.000927664,15.45995352,31.80812141,0.001840499,0.002063638,0.001021335,0.002027323,16.9907228,37.86920191,0.000829772,0.000486264,0.000752019,0.00053693,20.84948712,37.57517207,0.000794443,0.001006525,0.002988234,0.002931986,16.07155718,44.47118461,0.000318009,0.000654758,0.000831336,0.000862397,17.76534903,35.9199781,0.000698543,0.000532342,0.001261107,0.001088411,8.963427644,37.98123999,0.000237188,0.000928888,0.001112563,0.000496211,18.63158759,39.07762278,0.001307422,0.000467717,0.00157872,0.000851761,17.71089321,36.52597698,0.001247166,0.000787057,0.001204646,0.001276837,16.2110193,35.37747965
1445,0.000266012,0.000193979,0.000605264,0.000475603,11.80005156,25.57686096,0.000385858,0.000511719,0.000869823,0.000813252,13.59197634,35.36331941,0.002128854,0.001556414,0.001365288,0.00205335,10.72907424,41.23728983,0.000868951,0.000459755,0.000594318,0.001095257,22.98103505,38.16277107,0.001268128,0.000968353,0.001906913,0.001618324,10.36654363,41.01145657,0.000605665,0.00101619,0.001308551,0.00148836,19.00293117,41.05056064,0.000606781,0.000532013,0.001429954,0.001940351,20.58230204,35.88411772,0.001062446,0.000708154,0.00101185,0.000385811,19.35237532,35.8194994,0.001026106,0.000318854,0.002051958,0.001052983,3.373605951,42.48112215,0.001924684,0.000620904,0.00165933,0.000960249,21.62432834,33.79176574
1446,0.000192264,0.000189079,0.000346175,0.000292626,9.475894281,29.51818767,0.000385023,0.000358721,0.000546482,0.000791424,13.4310583,34.69306038,0.002974335,0.002459633,0.002830204,0.003329639,24.39973618,41.10799058,0.000710951,0.000858134,0.000450618,0.000672656,19.51350133,40.26817534,0.00072608,0.000455088,0.00097674,0.001731264,10.00808153,33.50786979,0.000735658,0.001215593,0.001170928,0.00125672,16.36747257,40.33771544,0.000867942,0.001080391,0.003900535,0.003633606,24.88501581,38.45820724,0.000628889,0.000459813,0.000671069,0.000291765,13.33386417,33.4906417,0.000712579,0.000426837,0.001286591,0.000761376,20.01739408,41.7719034,0.001608774,0.002340151,0.002193592,0.00268579,15.82857563,42.53451012
1447,0.000238494,0.000273565,0.000382777,0.000219128,6.343321065,30.5215934,0.000163697,0.000425349,0.000466793,0.000871192,10.18533741,34.23731998,0.005473285,0.005322763,0.005575847,0.006020143,28.31009624,48.67155285,0.000644193,0.001164956,0.001186495,0.000586914,18.35886377,42.19853884,0.000654787,0.000740161,0.000803346,0.002060931,16.81215512,36.94794935,0.000888032,0.001666296,0.001500304,0.001547187,20.71598118,38.20287323,0.000689908,0.001046413,0.003094513,0.002389652,19.22163856,37.58656681,0.000436393,0.000369,0.001066219,0.000534073,12.50806789,35.17552549,0.001234046,0.000542147,0.00129376,0.000516565,19.08261211,38.50820579,0.00143929,0.002246648,0.002433044,0.003619574,17.40866037,43.27179477
1448,0.000285501,0.000267957,0.000663363,0.000246811,14.73750542,36.10901669,0.000353187,0.000405569,0.000716935,0.000867534,14.20351717,33.10249591,0.015031216,0.014273549,0.016161063,0.015958128,35.95412198,58.20960621,0.000778768,0.002052195,0.000793564,0.001368251,21.32497336,42.19007187,0.000704144,0.000366858,0.000485618,0.001398814,17.94972759,30.43901341,0.000892045,0.0010502,0.000994985,0.000736285,17.90259488,33.14887487,0.000857328,0.000489708,0.001115317,0.000230272,5.022798098,37.06327976,0.000722596,0.00053563,0.001511613,0.00097128,16.80743678,38.12144357,0.000943014,0.000501479,0.001044381,0.000808796,17.07409587,33.62025094,0.001997811,0.002452061,0.004729685,0.002098876,18.05756658,38.06799389
1449,0.000398864,0.000431031,0.000815882,0.000362981,10.2206873,36.50970463,0.000221821,0.000459407,0.000442942,0.000496734,17.22631374,33.13884652,0.01784158,0.017102749,0.019965544,0.018715437,37.49600411,59.99829925,0.001858672,0.003615372,0.001465477,0.001452007,21.81694295,45.99263998,0.000685761,0.000778234,0.000503459,0.001342066,19.84970591,22.1203835,0.000615139,0.00187178,0.000422327,0.002162649,17.81277021,32.10534843,0.001174464,0.000624241,0.001877732,0.000428659,14.22448424,38.34788716,0.000705489,0.001189618,0.001574414,0.001425845,18.17942025,39.30047872,0.000559344,0.000451726,0.000713286,0.00087616,16.19241163,37.82418439,0.001441654,0.002723579,0.0027017,0.002125706,18.14958771,40.81327874
1450,8.58E-05,0.000388495,0.000895448,0.000428899,14.17848612,30.9940594,0.000246845,0.000614076,0.000836789,0.000844077,14.43115936,39.66874063,0.00693073,0.006985708,0.009379535,0.007522447,27.74266232,53.45819373,0.003949944,0.006176566,0.00358815,0.00204176,22.98933699,51.88549105,0.000969247,0.001511539,0.000786085,0.000810087,19.74830878,30.82887714,0.000666089,0.002276267,0.000678751,0.003104674,18.73174892,36.57949834,0.000740424,0.000730694,0.001317604,0.000432525,18.69250614,37.61203415,0.000740573,0.001547682,0.001933067,0.001362694,18.44230235,38.92844798,0.000582937,0.000724956,0.000710715,0.000646275,17.88409375,37.93834975,0.000676204,0.000856233,0.001277203,0.001049423,17.06100135,36.92513519
1451,0.000202778,0.000260192,0.000604163,0.000461394,15.86429749,34.89029366,0.00024588,0.000309862,0.000276819,0.001384738,10.1130166,32.85444772,0.003715125,0.004241334,0.005341239,0.004159589,23.37852917,50.40390639,0.003380124,0.004538666,0.002410907,0.001465089,21.34472648,51.12008978,0.001005156,0.001309008,0.001093578,0.00200383,15.98688114,38.33857445,0.000557717,0.003320935,0.001447037,0.005315472,14.93962835,41.40760981,0.000409268,0.000254713,0.000689995,0.000884569,14.20449145,36.6239993,0.000439424,0.001316824,0.001870658,0.000925242,18.72429268,36.37360142,0.000580733,0.000473921,0.000907787,0.000663632,16.92656171,38.92681657,0.000502815,0.001033436,0.001427623,0.00128444,16.18839304,40.25921844
1452,0.000436486,0.000397518,0.00088047,0.000264716,15.98485055,40.08250712,0.000409105,0.000454929,0.000942653,0.001526379,15.52190462,27.88462992,0.001253868,0.001472636,0.001563452,0.001163869,19.38646519,43.32320421,0.001044217,0.001096133,0.000853479,0.001263125,20.7247669,39.63946439,0.001501699,0.002445785,0.000801376,0.005484462,17.42340219,40.32887965,0.000142304,0.00346658,0.002396087,0.005800081,16.85448072,39.15104233,0.000341668,0.000604501,0.000304754,0.001320832,12.10479715,38.87785732,0.000601439,0.000653689,0.001536256,0.000750572,16.42266667,36.85612401,0.000896664,0.000729778,0.00135927,0.000658901,11.66777575,38.4250462,0.00029411,0.001413545,0.001343046,0.001463088,11.85485885,41.16348247
1453,0.001148059,0.001264393,0.002431726,0.000421119,10.83080925,37.26320388,0.000613515,0.000575354,0.001712959,0.001087308,10.33526267,32.43053953,0.001054918,0.000585336,0.000795818,0.001399571,21.0020955,37.83557191,0.000652281,0.001258006,0.001126379,0.000704032,20.65081026,40.68562339,0.001971913,0.003178276,0.000846106,0.00638103,16.83219067,39.53264134,0.000314535,0.001766195,0.001559323,0.002719657,16.86630377,36.13943965,0.000424166,0.000616354,0.00073857,0.000801443,9.68203547,38.47384815,0.001184835,0.000767427,0.000985132,0.00072337,12.78803389,37.56360508,0.000844253,0.000809049,0.001302743,0.000967092,14.02327982,37.5845333,0.000551818,0.001338675,0.001227388,0.001727149,14.85370132,40.64436988
1454,0.00117572,0.001362662,0.002046159,0.000449071,9.788704579,33.55104366,0.000814672,0.001018825,0.002500598,0.000738452,15.30381784,35.9818905,0.000691668,0.000429908,0.001430461,0.001224879,16.93062011,39.95850209,0.000623923,0.000453097,0.000817842,0.000640031,17.29509015,35.60094317,0.000841523,0.001078264,0.000408867,0.002009978,15.83098727,35.47962436,0.000175966,0.000665196,0.000599372,0.001043292,18.77054,39.96203304,0.000359165,0.000252983,0.000310443,0.000279115,17.14549679,29.24549521,0.000953326,0.000471859,0.000955998,0.00110164,12.71463532,38.03193387,0.001011226,0.000712914,0.000541398,0.001058762,18.25767443,34.70681667,0.001100164,0.001190783,0.001308974,0.00216459,17.99855891,39.61362238
1455,0.000455093,0.000668337,0.000488406,0.000608414,14.33052949,36.34395286,0.001025633,0.001506246,0.004229799,0.001227228,16.98769637,41.64653697,0.000437574,0.000988637,0.00143745,0.001073288,13.27475978,41.58670549,0.000313004,0.000481037,0.000548639,0.001098561,16.70678269,37.270133,0.000841947,0.000733917,0.000579431,0.001886543,20.7942715,39.33994702,0.000429148,0.000618232,0.001153324,0.00077784,20.22175793,39.9460409,0.000348794,0.000143093,0.000480298,0.000632948,17.10939766,28.62198435,0.000326026,0.000799692,0.001509535,0.00137285,14.54927272,40.84582561,0.001670158,0.000596055,0.002140505,0.001186468,22.03474962,42.98918809,0.001126947,0.00124619,0.001708533,0.002111396,18.3379592,39.8198917
1456,0.000280068,0.000588515,0.000576965,0.000535414,15.86759119,32.06581073,0.00063175,0.000819945,0.001666085,0.000947539,3.655414468,38.17300912,0.000719889,0.001358352,0.000728659,0.001209763,15.11500226,40.84173788,0.000466608,0.000459335,0.000595047,0.001177453,18.71652453,38.04442984,0.000392832,0.000683734,0.000192503,0.001940515,20.78284945,35.56015996,0.000351469,0.000438309,0.000772147,0.000510778,19.27784958,38.18291728,0.000510378,0.000438025,0.00056707,0.000873139,15.342028,27.91747499,0.000915031,0.000994396,0.00190194,0.001469385,15.62265984,40.21975948,0.00124226,0.000666756,0.002084525,0.000901478,19.39653997,42.92578833,0.000365685,0.001519713,0.001598813,0.002004595,19.89830999,41.73439681
1457,0.000382939,0.000913322,0.000547008,0.00059282,16.03114994,33.83015083,0.000427652,0.000502142,0.000427347,0.000558621,12.14018399,35.15933102,0.000849074,0.001711456,0.001164313,0.00126919,18.82114728,42.85115568,0.000849622,0.000593704,0.001007794,0.001194477,18.50874171,36.91354439,0.000499616,0.000594009,0.000359467,0.001507672,16.9254687,32.78883341,0.000345059,0.000334868,0.000742416,0.000576157,20.74950865,28.89728445,0.000723272,0.000680464,0.000637673,0.000964275,13.96169393,33.40352251,0.002221125,0.002266889,0.001334258,0.002862063,15.3214162,38.4325095,0.00076368,0.000549356,0.000533411,0.000666922,15.00076775,37.25676499,0.000820536,0.000975555,0.001495519,0.001486249,18.23013474,39.94969387
1458,0.000422752,0.001403221,0.000448699,0.000684685,12.73139657,32.96329465,0.000409223,0.000559857,0.000767817,0.000408628,15.77154769,35.48835229,0.001109037,0.003092773,0.00151864,0.001866719,21.1340366,45.48024883,0.001330844,0.000805335,0.001914978,0.001092821,15.78892633,42.1940142,0.000609532,0.00058047,0.000537854,0.001026571,11.83685381,29.7274657,0.000579162,0.000391831,0.000887525,0.000646912,21.2328925,31.44553376,0.000631771,0.000736359,0.000585152,0.000631864,16.27882887,30.78387389,0.001853586,0.002068889,0.000996375,0.002668092,16.07129492,39.42878994,0.001061948,0.000738875,0.00089168,0.001080577,14.22180628,38.23453039,0.001037488,0.001273586,0.000999793,0.001977422,21.55434626,38.79047734
1459,0.000296245,0.001180587,0.000646635,0.000700586,14.44471729,22.08978054,0.000424694,0.000990921,0.000450483,0.000818288,16.43977882,38.63733334,0.001759977,0.004406378,0.002185394,0.001701541,22.61438366,50.69497801,0.000861673,0.000765615,0.002045241,0.000733086,19.86007022,44.03088901,0.000541932,0.000865215,0.000273095,0.001381845,10.21731695,22.9767187,0.000222839,0.000316361,0.000389767,0.000460053,18.07293737,33.14821617,0.000835784,0.000970242,0.001505195,0.000505454,20.69964138,38.49222434,0.000743636,0.001726342,0.000950366,0.001675432,16.35563568,37.04270651,0.001711687,0.00073771,0.001078964,0.000816892,16.05172306,33.30962462,0.000845874,0.00168255,0.000888743,0.002001133,18.50910563,40.98870763
1460,0.000485847,0.000264549,0.000808594,0.001136741,10.92387953,29.82213503,0.000330683,0.000789242,0.000658377,0.000413744,11.22404074,38.29201809,0.00308698,0.010342359,0.00457807,0.003386498,26.9939802,56.64891015,0.001774725,0.001207249,0.00449465,0.001509968,17.63831791,49.95190425,0.00042433,0.000509253,0.000525782,0.002251922,19.17679489,31.51310209,0.000159134,0.000461682,0.000234609,0.000310384,13.9568113,27.55567888,0.000505507,0.000779397,0.00187381,0.000349863,22.49348163,41.63907582,0.000496055,0.001793833,0.000920353,0.00169688,17.85503027,38.95866279,0.001100086,0.000739649,0.001615376,0.000697957,17.45339986,38.03886689,0.000645048,0.001667827,0.000734115,0.001622122,20.93946886,38.25067231
1461,0.000366423,0.000703467,0.000692987,0.000785379,4.41897531,25.85113965,0.000181133,0.000242988,0.000305395,0.000468116,13.29279964,33.15719169,0.001857398,0.006960163,0.003265007,0.002635646,23.24197213,53.03630477,0.006932929,0.003011767,0.012901763,0.004148778,10.41942075,59.04022861,0.00030158,0.001151917,0.000742574,0.002580925,19.03014683,33.47534221,0.000331363,0.000432039,0.000632814,0.000546132,18.65001171,36.59094965,0.000690463,0.000602899,0.000993823,0.000531083,16.97057441,37.51479476,0.000373832,0.000836855,0.000745735,0.000997854,17.44436555,37.91066005,0.000372103,0.001324823,0.002337314,0.000363181,16.33185846,41.43197504,0.000466334,0.001006217,0.000816716,0.001096347,20.52056213,25.53351505
1462,0.00041216,0.000715813,0.000422901,0.000169024,14.28676382,34.11023645,0.00048811,0.000538648,0.000632128,0.000638526,15.19460887,27.08501238,0.001009125,0.002050449,0.001138412,0.001323002,5.929192466,41.89692973,0.016287523,0.00634062,0.028310962,0.008770709,24.36220097,66.15595937,0.000398746,0.000740725,0.000697369,0.001444462,15.17061116,32.23859578,0.000531201,0.000372608,0.000978874,0.00110228,15.50611207,36.74731803,0.000875875,0.000720703,0.000685654,0.000521513,7.581727768,37.67849912,0.000159798,0.000788244,0.000698358,0.001245315,18.34763047,34.92607895,0.00075397,0.001778259,0.002522882,0.000460813,16.84201159,42.68687502,0.000932343,0.001048062,0.001113062,0.001198041,17.22088487,31.25549096
1463,0.000274638,0.000711556,0.000697902,0.000359396,8.687754387,37.11611034,0.000546601,0.000572683,0.000740895,0.000918509,11.34736873,37.43920778,0.001010445,0.000876293,0.000763032,0.000846714,14.94223761,39.38594347,0.013879461,0.005169841,0.023305549,0.007704014,26.81873942,64.60298118,0.000590775,0.000528543,0.000895975,0.001124647,9.463481345,33.22410296,0.000339889,0.000475543,0.000968354,0.001107493,14.97448531,35.18706709,0.000864531,0.000824956,0.000651064,0.000559919,15.13286965,36.41559447,0.000238122,0.000717867,0.001348464,0.000813736,11.66597611,36.02729367,0.000516125,0.00126447,0.001245188,0.000710263,10.42934596,39.82371264,0.00094071,0.00099323,0.001364345,0.000988962,18.14106407,37.60732531
1464,0.000576773,0.000776061,0.00103017,0.000558722,11.102727,35.14691538,0.000582947,0.000292225,0.001783769,0.001186666,7.620061585,42.68468472,0.000662005,0.000453273,0.000687553,0.000589647,17.31732223,36.81645824,0.003353615,0.001359012,0.004819405,0.003256974,18.21580978,51.19653828,0.000513872,0.001147165,0.00075543,0.002233108,13.70872032,33.6469725,0.000251001,0.000436396,0.000547321,0.000584622,17.62914353,30.7421848,0.000785618,0.000662942,0.00051052,0.001152241,16.57373757,35.25300781,0.000356834,0.001050341,0.001264017,0.000920612,16.25342288,31.8766977,0.000850475,0.001377315,0.000978664,0.000883058,8.990424338,39.1695688,0.000821254,0.000898296,0.001512222,0.000636487,15.89635842,39.9871612
1465,0.000648726,0.000211547,0.000573244,0.000505387,13.6503807,36.07624161,0.000652231,0.000329148,0.001066387,0.000801746,12.52016118,39.62899371,0.000608676,0.000207058,0.000235585,0.000641382,18.87627321,26.11996817,0.002207246,0.000943665,0.00409746,0.001682519,20.22150904,50.24619749,0.00061883,0.002288199,0.000449,0.003848833,14.5618546,36.16786875,0.00014617,0.000253203,0.00052947,0.000326205,14.36034956,31.04388148,0.000628075,0.000350369,0.000708246,0.001197092,16.49621788,33.9723518,0.000422223,0.001114769,0.000706758,0.001189616,18.89677547,31.25679839,0.000881963,0.000722731,0.000959186,0.000609902,11.18923492,38.20707869,0.000851464,0.001003806,0.001344194,0.000811594,16.1000945,33.78176638
1466,0.000429638,0.000363378,0.000759815,0.000581529,13.72296887,27.31548944,0.000739803,0.000425867,0.000703938,0.000657717,14.04499332,34.72052242,0.000796271,0.000688252,0.000357298,0.000832386,14.75424382,35.19294557,0.001719223,0.000984407,0.003273618,0.002131538,20.63783088,48.04615393,0.001010899,0.006779533,0.001541631,0.007227922,16.31974989,39.90242345,0.00022913,0.000426258,0.001075085,0.000576106,15.89509736,35.04128833,0.000347465,0.001095315,0.000926896,0.002308317,19.37049568,36.64077966,0.000254204,0.000763442,0.001013085,0.00095223,15.87158813,35.07152134,0.000846659,0.001180614,0.000649974,0.001055325,9.845661945,34.99751425,0.001223449,0.001079799,0.001253406,0.000954028,17.80997483,34.5857848
1467,0.00023744,0.000362139,0.000385747,0.000477734,12.78289434,35.66136167,0.000455673,0.00036978,0.000531929,0.000726609,14.48146815,29.58798293,0.000633061,0.000772124,0.000427487,0.00054011,14.62395515,30.93470829,0.001677641,0.001343261,0.001494448,0.002743222,16.72554239,39.69691862,0.001121415,0.007301682,0.001347966,0.007024734,18.93067909,32.40421172,0.000411377,0.000383513,0.001061921,0.000659703,20.80303663,36.17378423,0.000716716,0.001437488,0.000998914,0.002184666,21.33262836,42.92204975,0.0006232,0.000544448,0.001372425,0.000621339,12.23357655,37.07279324,0.000517997,0.001545402,0.000677269,0.001358565,17.26885961,34.19940998,0.001370353,0.000729738,0.002144787,0.000979404,21.51678152,41.1225835
1468,0.000348114,0.000560716,0.000402795,0.000520278,9.693131972,30.09728593,0.000373633,0.000324338,0.000637752,0.000776758,17.22773477,34.53691311,0.000560148,0.000346869,0.000771295,0.000820647,19.70590195,38.02975653,0.001963943,0.001740268,0.001189007,0.003698828,19.99237663,40.18784029,0.001589853,0.015011741,0.00074726,0.013689522,15.62865399,45.79689175,0.000752665,0.000294849,0.000995152,0.000542564,19.65113397,38.6579226,0.001122662,0.000541189,0.000933173,0.001093464,18.09235181,39.16793644,0.001113062,0.001458063,0.00141395,0.001567765,13.43456815,43.85659603,0.000715039,0.001168662,0.001388023,0.000788905,18.08860785,38.51506296,0.001075167,0.000868649,0.002644489,0.001395906,21.62593168,42.74978348
1469,0.000297968,0.000375622,0.000268499,0.000301989,10.90506507,29.0837221,0.000405854,0.000412522,0.000969487,0.000505598,21.8309067,37.05202602,0.000831103,0.000404207,0.001504476,0.001539167,21.26501255,42.94243028,0.001162772,0.000974361,0.000915186,0.002114931,18.79923849,38.62127329,0.004458117,0.043799931,0.003507807,0.04047553,23.55284426,54.68092717,0.000958494,0.000377481,0.001015285,0.000500072,21.20828765,39.4056151,0.000906062,0.001374463,0.0010079,0.001373276,15.62638575,41.50101715,0.000730791,0.002218145,0.001164456,0.002545769,16.5265119,46.86316467,0.00059688,0.000989751,0.000664068,0.00075554,10.05845424,16.83576121,0.001027578,0.00110553,0.002164352,0.001559839,20.36414586,42.32755125
1470,0.000251806,0.000184679,0.00027354,0.000351672,14.17746013,30.67878454,0.000388601,0.000463175,0.000793357,0.000470338,20.72856138,36.38345519,0.001072797,0.000549349,0.00118649,0.001025051,18.05371508,42.4614072,0.000591404,0.000598368,0.000407418,0.000594421,7.453962279,33.14032623,0.004736662,0.039918407,0.004775329,0.037339333,25.2470032,52.30636571,0.000545323,0.000439821,0.000832092,0.000295065,24.09558362,39.11638395,0.000935672,0.001629843,0.001453428,0.00162141,14.50136562,44.34813375,0.000683351,0.00205875,0.00434859,0.000745802,17.41003741,38.73193366,0.000474478,0.000921733,0.000667529,0.000842087,13.30766249,38.61462699,0.001088323,0.001302868,0.001745047,0.001885092,20.73206317,42.57323143
1471,0.000212864,0.000242493,0.000429243,0.000376238,9.370784442,31.47706538,0.000542117,0.000559776,0.000346786,0.000736635,12.56048988,30.73314614,0.001145822,0.000898361,0.001707983,0.001043562,16.94160851,44.35996952,0.000622192,0.000740325,0.000664624,0.001544034,14.39961126,38.62222192,0.003429584,0.010674582,0.009292081,0.009823026,24.35148757,52.96996359,0.00075143,0.000464767,0.000377746,0.000334289,24.82162555,36.35992726,0.00090802,0.000885021,0.001618323,0.001156984,14.40816038,40.93747404,0.001122491,0.004039115,0.007204738,0.00112553,18.62782332,48.5873031,0.00072005,0.000685148,0.000996407,0.000741178,15.36072443,40.37909367,0.001365024,0.001557977,0.001132619,0.001417926,23.23169033,35.70140735
1472,0.000224083,0.000190488,0.000545174,0.000251695,7.786177104,28.45577143,0.000290448,0.00067966,0.00084615,0.001201989,15.08158368,30.13060463,0.002287089,0.001905744,0.0037846,0.00232405,23.35725199,49.58816516,0.000682096,0.000696324,0.000448501,0.00134496,15.72529134,36.27924382,0.003258496,0.007025481,0.010273751,0.005651894,22.26072777,54.72455569,0.000816089,0.000431426,0.000714917,0.000549544,19.80176526,35.40758423,0.000563048,0.000342713,0.000950902,0.000946198,17.41963912,31.63804716,0.000862832,0.002018031,0.003356892,0.000475654,23.25591686,42.52540441,0.000422592,0.000735325,0.001386809,0.001135379,15.54707948,41.12386651,0.001736769,0.0032608,0.000929508,0.003205771,24.49185259,38.17855918
1473,0.000334067,0.000185796,0.000473744,0.000523097,11.6902094,26.74760313,0.00031712,0.000488001,0.001073415,0.000819327,18.56187366,35.72115678,0.007021085,0.004379551,0.010205508,0.00392229,30.52987186,56.93643185,0.000613356,0.000803248,0.000571067,0.001495611,17.21736125,32.79086152,0.002134936,0.006225564,0.004439408,0.007718101,18.11389993,47.97755998,0.000600959,0.000241396,0.000477115,0.000423897,18.94432346,35.06802963,0.000895316,0.000361213,0.000790896,0.000483987,22.53577774,36.72409242,0.000748315,0.001242512,0.001019502,0.000959908,18.10532074,38.77098077,0.000450949,0.00098654,0.001483138,0.001458573,16.85871539,39.68794315,0.001022327,0.001262244,0.000687892,0.001251876,22.70197558,36.03886674
1474,0.000297438,0.000165359,0.000225137,0.000466662,13.8240112,34.5923097,0.000697175,0.000239845,0.00058036,0.000693788,17.25888172,32.16063323,0.008731698,0.005455986,0.011825243,0.004456734,31.7235579,58.59057331,0.000799349,0.000658613,0.000905996,0.000965827,14.44885131,34.10842444,0.002183322,0.003617785,0.002664369,0.008309783,23.53540931,34.4293664,0.000951173,0.000487651,0.000727136,0.000455607,19.71039856,36.81705196,0.001113047,0.000365599,0.000632146,0.000676344,21.2587871,31.6724074,0.000760734,0.000973968,0.001291615,0.001582436,19.54503743,37.71802751,0.000389413,0.000297574,0.00105525,0.000784577,18.48128335,36.17524422,0.001054545,0.00073685,0.001075816,0.001465756,18.82107924,40.62420206
1475,0.00086534,0.000829182,0.00094777,0.000333665,23.30250735,40.36918745,0.00083961,0.000309797,0.000455028,0.001263971,10.33800419,33.57200014,0.003789837,0.002471158,0.004457847,0.001789194,25.62736175,51.52213857,0.000742183,0.000510476,0.000446914,0.000817487,12.62931066,33.28579341,0.000939885,0.000989191,0.000980832,0.003672884,23.58668369,32.76809784,0.0013382,0.001088379,0.001930569,0.000280142,21.39212688,44.73290676,0.000435129,0.00039633,0.001136766,0.001269213,7.675294852,29.56198226,0.000569893,0.000916567,0.001081528,0.001394411,18.93887514,32.45580391,0.000864377,0.000547811,0.000864128,0.000936125,20.97239321,37.59451538,0.001096311,0.000755245,0.001147226,0.001865381,11.98478624,37.47997219
1476,0.00129214,0.001535167,0.002234701,0.001046605,22.3144166,35.74920387,0.000864921,0.000368018,0.000341043,0.001183636,16.3246818,32.61078127,0.002486767,0.001437842,0.00235533,0.000876308,23.77321589,45.96707018,0.001734574,0.001105447,0.001647188,0.000433733,24.51176026,39.4168461,0.000332756,0.000541519,0.000813542,0.001517031,19.33140543,34.71437934,0.001175831,0.001220488,0.002762002,0.000409938,24.94295644,47.00993287,0.000482604,0.000744009,0.001922128,0.001490738,15.81057193,35.67950385,0.000894113,0.000742205,0.001294278,0.000570136,18.91333344,37.64220847,0.000688664,0.00082475,0.00088032,0.000855839,22.18853606,38.70533492,0.000901126,0.001395691,0.000938135,0.001626395,13.61770576,32.58533689
1477,0.000931263,0.001058949,0.001613716,0.000710706,19.34668519,30.129888,0.000642289,0.000563897,0.000162842,0.000935256,14.53218404,28.08301723,0.00112397,0.000609192,0.001018772,0.00117814,19.14885973,38.99959069,0.00190316,0.001057755,0.001725368,0.001074299,24.47536473,38.85584111,0.000531976,0.000409603,0.000774811,0.001814691,16.94463667,38.31946749,0.000963745,0.000788023,0.001616744,0.000399529,23.34392584,42.1773394,0.000455028,0.000871307,0.001197532,0.000518968,11.33972937,34.39183686,0.001201773,0.000524387,0.001617882,0.000228337,21.8715114,39.96295617,0.000671029,0.000760998,0.000567858,0.00068908,20.57070533,34.92335917,0.00081687,0.001201543,0.000859368,0.00107915,18.95956588,32.9652063
1478,0.000486908,0.000418465,0.000521963,0.000434804,18.85024133,33.36341595,0.001052167,0.001511513,0.000994551,0.000658045,19.48954534,33.60746087,0.00064829,0.000806243,0.000930718,0.001437219,17.86111754,37.27222208,0.000698067,0.000708064,0.000767236,0.001103913,18.88155103,38.14878578,0.000614444,0.000516307,0.000735869,0.001265749,19.58812433,38.82440109,0.001104014,0.000381576,0.000564892,0.000372075,19.95607551,34.24688518,0.000534266,0.000684061,0.000376622,0.00086925,15.66365255,32.79206321,0.000856292,0.000381711,0.001126709,0.000643483,20.76769673,33.71862005,0.000979418,0.000373412,0.000833957,0.000771309,17.3762963,30.85642257,0.00054767,0.00128428,0.001249728,0.000484609,12.3386257,36.88097721
1479,0.000305299,0.000385249,0.000263114,0.000316031,7.036738781,26.51306579,0.001393146,0.001614939,0.001273044,0.000412974,20.94502388,37.1760044,0.000610573,0.000299773,0.000362171,0.002275098,17.24216677,36.61050115,0.000500716,0.00058984,0.000923647,0.000631758,23.32731906,39.78559784,0.000328579,0.000512163,0.000593628,0.001181859,19.72926938,32.57246036,0.001112021,0.000486875,0.000420762,0.000187178,14.60655138,37.10443802,0.000634347,0.000384157,0.000497479,0.000697697,14.40229095,27.68092146,0.0003247,0.000288159,0.000427844,0.000886259,15.17352156,33.74632816,0.001033026,0.00088619,0.001334762,0.000803601,18.67365594,34.36888373,0.000658063,0.001288191,0.000769357,0.000952354,21.01159461,32.82586883
1480,0.000446674,0.000408115,0.000445396,0.000559433,17.1147081,27.81430733,0.000752968,0.000432692,0.000297304,0.000677339,13.2337296,34.45141063,0.00050566,0.000593363,0.000519881,0.000748443,17.13387306,37.07978105,0.001069931,0.00076765,0.002182058,0.000251376,22.97765445,45.16055827,0.000761301,0.000789997,0.000535017,0.001305867,17.06153498,29.23490507,0.000588384,0.000357323,0.000292955,0.000290531,4.955607503,32.90126966,0.000661913,0.000325421,0.000775434,0.000635063,21.15355534,34.24707049,0.000431272,0.000382236,0.000636335,0.000752299,18.93453874,39.46224186,0.00086459,0.000798654,0.001302214,0.00069357,16.08956781,37.04173783,0.000988609,0.001348937,0.001063598,0.002171151,24.36386837,38.02785654
1481,0.000550157,0.000179619,0.000307835,0.00052574,12.51136052,27.22652374,0.000526233,0.000580948,0.000539446,0.000467229,15.91452828,36.44645764,0.000575237,0.000485204,0.000455775,0.001017017,17.03715949,31.64511252,0.001239969,0.001019547,0.001615569,0.000598106,19.45536051,43.10390707,0.000554418,0.001039543,0.000550154,0.001185125,19.17179431,23.52247946,0.000444013,0.000106741,0.000324955,0.000275966,15.5951112,33.54545369,0.000459837,0.000304078,0.000643008,0.000675281,16.85327692,33.36689966,0.000736281,0.000575518,0.000625003,0.000777762,21.53753386,38.04118638,0.000522868,0.000471042,0.00092134,0.000780541,15.72330827,37.52005583,0.00141096,0.001914114,0.001824797,0.003226133,22.52198334,36.9707231
1482,0.000450094,0.000357832,0.000403842,0.000274909,14.35564305,31.67667724,0.000462394,0.000267935,0.000572102,0.000785695,13.91292266,30.4436497,0.000767868,0.000443468,0.000531455,0.000774707,13.40209966,30.27534795,0.00077202,0.00060948,0.001495606,0.000799889,15.08378279,39.39765891,0.000195754,0.00079066,0.000705754,0.001107757,20.56576364,29.73536364,0.000793105,0.000104573,0.000503276,0.000494134,17.65634216,37.11669027,0.000317756,0.000267693,0.000522397,0.000365565,16.12765109,31.95389325,0.000739792,0.000463285,0.00045425,0.000514491,24.27958417,34.21574149,0.000880208,0.001151353,0.001163949,0.0017128,20.87572521,36.305347,0.001019565,0.001603294,0.001327606,0.002061142,22.17057119,36.83039702
1483,0.000749405,0.000337458,0.00036331,0.000306763,15.96355097,30.79671535,0.000700886,0.000383261,0.000504189,0.000904789,15.62378275,27.868105,0.00048987,0.000379146,0.000395008,0.00059776,13.17104352,30.69396773,0.004290922,0.002191972,0.007689774,0.001214957,26.32297233,53.6720966,0.000611591,0.000355975,0.000810476,0.001117119,16.50983347,33.54691835,0.0005343,0.000236009,0.000519608,0.0002683,16.55713275,34.9496905,0.000245075,0.000418088,0.000365832,0.000384491,18.05750335,31.62270287,0.000532736,0.000463485,0.000712424,0.000571694,20.64181378,31.08959337,0.001240757,0.000903112,0.001389671,0.001160691,23.00594394,38.16913483,0.000610914,0.000631561,0.00107264,0.000765774,24.48188652,36.55793909
1484,0.000471978,0.000224363,0.000242789,0.000435442,9.60486876,29.36527743,0.000570596,0.000499974,0.000370257,0.000744216,14.54101132,27.13395252,0.000603984,0.000391808,0.000600086,0.000855008,16.40252528,33.76503887,0.007075529,0.003684946,0.012859568,0.002976049,32.21190063,58.15375292,0.000952598,0.000614972,0.000619016,0.001300356,16.85240166,36.74868694,0.000542203,0.000344372,0.000742067,0.000330821,19.27830902,36.14948139,0.000362188,0.0003995,0.000411306,0.000756916,16.29666885,33.78451445,0.000902909,0.000619241,0.000544931,0.000577121,15.034408,32.54405999,0.001062057,0.000511315,0.000653295,0.000868494,14.18954694,33.19549003,0.000561833,0.00057411,0.001198771,0.000961006,22.82203812,38.87581588
1485,0.000430476,0.000164108,0.000576506,0.000325119,13.49040797,23.30588913,0.000609377,0.000456784,0.00019845,0.000199617,10.12791126,25.83274742,0.000466758,0.000827437,0.000650405,0.001337073,20.50327348,34.50335037,0.005767598,0.002549152,0.010056778,0.001742549,34.58371942,56.3940942,0.001045471,0.00046317,0.001103159,0.001026163,19.83032772,37.4048144,0.000434042,0.000287333,0.000642369,0.000582744,16.31545464,37.20262928,0.000761067,0.000285668,0.000522093,0.000528369,19.83982234,29.3367378,0.000860812,0.000433082,0.000756692,0.00045121,13.82262909,37.27408645,0.000314821,0.00056727,0.000726984,0.000635738,23.6149764,34.44876605,0.000557756,0.000792216,0.000808995,0.000871502,18.31235124,35.58646976
1486,0.000390739,0.000221028,0.000630633,0.000266627,16.66983216,35.14888027,0.000448961,0.00037725,0.000443547,0.000706134,13.16961177,20.57942811,0.000573394,0.000708307,0.000347871,0.001261437,17.78090011,34.63178235,0.012303427,0.005491024,0.022805829,0.002584762,38.04170139,63.03007365,0.001397847,0.000751436,0.002431355,0.001542225,21.9023333,41.84192844,0.00095413,0.000378639,0.000483165,0.000423877,17.20522221,33.67436569,0.00119515,0.000522121,0.000657016,0.000490939,19.64299018,36.82989961,0.000784581,0.000867367,0.000718213,0.001091651,17.45146189,38.01988475,0.000780981,0.000582771,0.001723798,0.001630488,18.96214511,38.13265757,0.000513806,0.000795204,0.000840824,0.000921031,21.90659167,36.5462786
1487,0.000290312,0.000286655,0.000332164,0.000375302,20.56478598,35.4835838,0.000304352,0.00036924,0.000485057,0.000793829,15.10131957,28.13224165,0.000887045,0.000516097,0.000611426,0.000538323,19.40153609,34.46985143,0.034859371,0.017915596,0.06622894,0.010662888,45.65634965,72.13687915,0.001000065,0.00071722,0.001905297,0.001590681,18.41745864,41.24289592,0.001124373,0.000623555,0.000520982,0.001176013,17.67668538,32.81308578,0.001248566,0.000686312,0.000456943,0.001310624,16.4514912,39.53703069,0.000568483,0.001056555,0.001392422,0.00141869,21.8327953,40.57871213,0.000540623,0.000530325,0.001103036,0.001296318,20.82301432,35.9877125,0.000846894,0.001025693,0.000634397,0.000917454,23.81069735,27.39239867
1488,0.0003663,0.000485671,0.000233767,0.000605004,16.52947056,32.98155233,0.000561982,0.000317084,0.000380226,0.000324894,15.4842864,33.29140081,0.000854001,0.000178619,0.000715275,0.000414305,20.88141078,31.34438929,0.088527131,0.043864245,0.163593731,0.027301063,54.34253092,80.08099195,0.000671661,0.000443132,0.000628921,0.001028064,12.9979114,35.93719878,0.001101522,0.000933785,0.000382576,0.00149723,18.17624615,36.59976064,0.000920537,0.000624776,0.000495161,0.001453313,13.17692829,31.56604967,0.000957541,0.000773432,0.001605612,0.001299558,21.15725393,37.76841424,0.000822292,0.000678442,0.000874836,0.000460089,19.98139075,39.80788122,0.001097068,0.000519258,0.000935809,0.001287617,21.20533634,36.13872441
1489,0.000571949,0.000400102,0.000186873,0.000564021,5.2196945,38.05248481,0.000605906,0.000242417,0.000517735,0.00056049,17.90332622,33.48164514,0.000619869,0.00070426,0.000584112,0.001049417,17.27316262,30.14895377,0.084585918,0.041192358,0.153306114,0.025297045,54.19681535,79.71320798,0.000638478,0.000407604,0.000427677,0.001747103,15.27381266,32.59538081,0.001259089,0.000838238,0.000594202,0.001255976,22.6329575,38.48300317,0.001579254,0.001296629,0.000629629,0.001242052,22.05597253,32.65525682,0.000907872,0.00092665,0.000692223,0.001096765,19.44683567,25.53370755,0.000786156,0.000694126,0.000725864,0.000472047,21.51521363,38.66637527,0.000703721,0.001068836,0.000552603,0.001483682,18.75656497,33.00899742
1490,0.000685726,0.000346161,0.000502502,0.00031175,9.489817727,37.87063108,0.000620465,0.000314116,0.00049271,0.001158634,19.76203261,31.18945311,0.000544977,0.001599911,0.000527526,0.001681687,18.32376743,35.07648223,0.022379577,0.010420221,0.038561142,0.006901658,42.47491518,68.02602293,0.000881663,0.000409649,0.000614934,0.001954394,21.82687838,35.35966964,0.001073266,0.000566309,0.000725741,0.001009402,21.41571298,34.00909428,0.001500686,0.001432414,0.000640747,0.000987199,21.13264104,34.44758574,0.000896305,0.000763845,0.000521364,0.000562094,19.42699212,35.85723512,0.00049136,0.000825127,0.000505239,0.000705988,21.15760406,40.67724412,0.000614362,0.000254089,0.000349624,0.000718681,22.02458775,29.49964302
1491,0.000675798,0.00025747,0.000482696,0.000420659,12.07120005,43.78872391,0.00067198,0.000114244,0.000281558,0.000852775,18.44314765,30.45871458,0.000773292,0.002098309,0.000470533,0.002100607,20.31064374,34.90068352,0.014765952,0.007038053,0.027404163,0.004389342,40.42239978,64.78188068,0.000976078,0.000339728,0.000461116,0.001775062,18.87025948,30.96914232,0.000660044,0.000392729,0.000378773,0.000908092,15.29405143,35.90427646,0.000811781,0.000614363,0.000678256,0.000445977,22.31948034,35.09434113,0.000990254,0.000551855,0.000666639,0.000744195,22.86676139,36.75524764,0.000646393,0.001532821,0.001482336,0.001049116,22.93006925,40.47358293,0.000735985,0.000326909,0.00094792,0.000680301,19.76297893,38.3658096
1492,0.00050504,0.0005044,0.000568401,0.000268675,24.98069652,55.12600325,0.000511408,0.000235416,0.000252405,0.000774036,10.9464473,26.23380038,0.000654893,0.00269431,0.000369469,0.003403583,12.4181109,34.01632367,0.010339838,0.004801136,0.019132029,0.003004551,37.54406931,61.59699586,0.000889208,0.000854914,0.000361657,0.001167448,13.55047771,34.0742983,0.001324926,0.000569601,0.000773702,0.000801181,17.33228247,41.06539876,0.000719468,0.000491414,0.000511125,0.000693914,18.9045519,35.16274651,0.000843155,0.000623183,0.000850589,0.000950063,24.87506633,34.68147149,0.000900027,0.001350351,0.001895862,0.000874947,19.05472071,41.12096881,0.001092754,0.00079354,0.001035053,0.000553129,23.28573453,40.56828574
1493,0.000797848,0.001319337,0.001474198,0.000676145,26.2788928,55.58859228,0.000243282,0.000174917,0.000229192,0.000482597,12.79068297,27.92535958,0.000523036,0.0053607,0.000879448,0.006337898,15.72838808,38.35945707,0.005195874,0.002231297,0.009496108,0.000728508,32.08528895,55.52527504,0.000813102,0.001089926,0.000777249,0.000838541,17.24604221,37.19363139,0.001380306,0.000477759,0.000785,0.000479063,24.158616,42.24152137,0.000863532,0.000694313,0.00024697,0.000560005,5.620956823,31.20067396,0.000669785,0.000330622,0.000822588,0.000455428,21.70843691,34.24750778,0.000424511,0.001983364,0.003171002,0.000990809,17.22485854,44.98831899,0.000650609,0.000770769,0.001145697,0.000602854,25.52910159,38.59191463
1494,0.000703713,0.001628638,0.001376392,0.00088443,18.61424004,46.56179433,0.000638665,0.000342569,0.000420308,0.000766284,12.6995225,25.51149634,0.000766589,0.012139894,0.002067687,0.014904407,23.94179469,45.9812435,0.002496879,0.001241664,0.004734553,0.000943621,26.65351423,49.74317618,0.000475647,0.000776099,0.00089733,0.001605237,21.43683111,37.65470658,0.000682827,0.000272806,0.000563335,0.000510562,24.52952996,38.50804551,0.000703114,0.000824687,0.000212827,0.001347816,18.66961302,26.25921019,0.000559849,0.000341138,9.21E-05,0.000620857,25.63079627,36.54221515,0.001245958,0.001380672,0.002937379,0.00055574,20.03888188,45.03528192,0.00096125,0.001000464,0.000884342,0.001415005,25.53519266,35.03710767
1495,0.000362121,0.001034794,0.000584203,0.000281248,15.83501334,30.7857399,0.000683479,0.000411096,0.000408757,0.000870167,16.96611971,24.40795796,0.00118901,0.018934729,0.002748287,0.022779086,25.54676734,49.0366952,0.001657271,0.000773474,0.003192481,0.0010639,19.09079523,44.49171679,0.000677282,0.000407258,0.001457129,0.000524755,21.41741704,38.06704654,0.000361699,0.000202215,0.000526832,0.000369964,22.19757769,34.98782127,0.000387187,0.00054461,0.000339198,0.001231783,20.59634413,29.1213177,0.000826507,0.00064137,0.000968557,0.000554495,27.80990787,40.02268973,0.001104828,0.000598354,0.001037207,0.001086033,22.15467309,38.81173854,0.000807562,0.001960832,0.000848712,0.002070382,25.01918258,36.95091892
1496,0.000398445,0.000715844,0.000563115,0.000423909,5.339759281,27.17831958,0.000288514,0.000391443,0.000434471,0.000323962,20.92277906,30.39044916,0.001239835,0.009495495,0.002067585,0.011117197,17.65319208,37.79663273,0.001553286,0.000774788,0.002582501,0.000955897,15.21295935,42.65238734,0.00148012,0.000694555,0.002042884,0.00128149,21.06772614,39.28964154,0.000496638,0.000232022,0.000506409,0.000448687,22.88656916,35.385947,0.000491884,0.000501575,0.000434381,0.000721677,19.74714419,22.19270553,0.00068056,0.000947746,0.001214597,0.00061342,25.10103086,40.10450466,0.000721692,0.000790151,0.000858342,0.001252905,19.74575104,34.57484871,0.000392521,0.001239803,0.000989154,0.00152481,26.60230856,39.15155187
1497,0.000258654,0.000325847,0.000409327,0.000587409,17.24882122,32.39545503,0.000206429,0.001280359,0.000452149,0.001135171,14.99559082,30.90785541,0.001148928,0.003167391,0.001451761,0.004155218,17.89989184,42.31345947,0.001435265,0.000636658,0.001719829,0.000592111,18.67112584,41.04323922,0.001027051,0.000541388,0.001483492,0.001213417,21.00723243,37.85379175,0.000896467,0.000227988,0.000432201,0.000497154,19.38261602,34.24876951,0.000536923,0.000690575,0.00062833,0.000389638,19.16296833,30.45922489,0.000574834,0.000711092,0.001085402,0.000643153,22.67019465,37.46462689,0.000957078,0.000554602,0.000562247,0.000537974,22.86960773,39.45488921,0.000420769,0.002230679,0.000425186,0.003607988,27.40250534,32.15125234
1498,0.000350456,0.000558492,0.000894609,0.000714549,13.04916807,35.22186571,0.000384765,0.002256458,0.000610811,0.00171012,7.412425156,27.5252949,0.001830535,0.002802752,0.003051158,0.002156683,23.91979313,45.34033218,0.00143971,0.000500534,0.001211314,0.000576011,21.90764402,39.34578576,0.005261486,0.001685758,0.008396223,0.002042834,27.67095871,53.28658599,0.000805644,0.000157887,0.000309935,0.00061516,21.51129055,29.91530658,0.000354536,0.000556414,0.000448678,0.000627942,20.51716276,35.24550414,0.000751406,0.00053277,0.00099618,0.000956898,21.05455118,36.685675,0.000878994,0.000198235,0.000331306,0.000434597,22.11010626,39.31515402,0.00100362,0.001576375,0.00061044,0.002762405,23.72015517,38.15726842
1499,0.000672998,0.000819579,0.001261443,0.000877184,16.56591822,35.88356226,0.000456836,0.001374317,0.000851478,0.000676323,11.32370207,26.15336031,0.0021693,0.002270079,0.003413695,0.001528299,24.26594024,45.16755372,0.001382958,0.00073848,0.000262255,0.001292231,18.72718785,32.99695511,0.007094145,0.002127423,0.011877326,0.002445938,32.60088373,56.01114513,0.000471544,0.000432995,0.000487334,0.00074992,22.71912672,32.98244609,0.00035792,0.000316158,0.000446531,0.000714572,24.02828605,34.8549436,0.000730469,0.000516546,0.001030391,0.000914787,20.86425193,36.40769178,0.000718197,0.000186133,0.000149411,0.00047304,22.45869703,38.28697362,0.000773405,0.000728901,0.000486158,0.0014984,23.78089509,38.66244012
1500,0.000509332,0.00060371,0.000526185,0.000451623,15.14062416,34.42174449,0.000644938,0.000580235,0.000755585,0.000730961,19.28457596,35.64201509,0.000761199,0.000914877,0.00100483,0.00146105,22.5686261,36.11322066,0.001364151,0.001258392,0.000940462,0.001076728,19.7024521,27.55596433,0.00335255,0.001099923,0.005211048,0.002907836,24.29193979,49.27655813,0.000727846,0.000539808,0.000519478,0.000735543,24.96854085,33.58723044,0.000296785,0.000294942,0.000336247,0.000869742,22.07320112,35.90259356,0.00089743,0.000404512,0.00209961,0.00064942,20.8520336,37.93662137,0.000657508,0.000263483,0.000354631,0.000579908,25.27846002,39.40574395,0.000763048,0.000652892,0.000399438,0.000933243,24.69713482,38.00929283
1501,0.000396747,0.000409571,0.000298739,0.000304989,7.650394871,32.07958591,0.000830273,0.000518278,0.001246658,0.000673533,21.32327929,39.36383662,0.000607288,0.000505788,0.000829046,0.001324052,18.8896966,30.27759203,0.001192935,0.001147632,0.001417794,0.000904363,22.41195554,37.15773777,0.00073709,0.000475595,0.002176865,0.003758363,22.71669105,38.92026097,0.000876195,0.000370266,0.000400303,0.000330439,22.88540775,33.63185459,0.000549682,0.000329116,0.000371621,0.000624342,20.18714524,36.50219269,0.000829079,0.00135309,0.005139503,0.001031434,20.57203853,44.73427409,0.000686967,0.000427087,0.000130379,0.000593625,24.46465628,38.84149135,0.000560433,0.001086322,0.000537543,0.001406425,21.40947536,38.21801454
1502,0.000342306,0.000280269,0.000322968,0.000192808,13.37441295,24.51898429,0.00090781,0.001373179,0.002583047,0.00065671,19.10954182,43.28756164,0.000642285,0.000285456,0.000564943,0.001252109,12.94936511,31.18793889,0.00077306,0.000687968,0.000877319,0.00081832,17.56334255,35.6096532,0.001098994,0.000491617,0.001924259,0.002563035,22.36950675,34.8495188,0.000898902,0.000424513,0.000631022,0.000505608,16.10504284,31.60675342,0.000461617,0.000842995,0.000339344,0.000951122,23.05818073,33.03454513,0.000810921,0.001549578,0.005292022,0.001607467,19.87554097,45.71402164,0.000913029,0.000483238,0.000457399,0.000690122,21.08179347,37.62683177,0.000527259,0.000587959,0.000401393,0.001069253,21.46580304,34.80964989
1503,0.000295863,0.00013363,0.000335091,0.000424269,12.0516463,30.74348449,0.000614743,0.001563075,0.002694071,0.00033392,13.0639934,42.28300955,0.000544376,0.000551982,0.00038299,0.000606564,20.38107588,29.16343974,0.00071955,0.000355892,0.000603527,0.00085827,22.11644366,35.79589227,0.000654459,0.000472182,0.000829068,0.001238505,17.33730471,32.8851175,0.000699283,0.000785029,0.001663528,0.000797397,19.99739436,29.86052566,0.00078052,0.001483663,0.000232984,0.001627403,21.71668054,35.76717027,0.000390093,0.001479138,0.002286886,0.001494367,22.4139402,42.60231448,0.000727503,0.000660822,0.000698803,0.000708994,20.21842816,36.01958197,0.000904817,0.000385011,0.000366752,0.000456998,16.08322384,31.53665999
1504,0.000586284,0.000240203,0.000456855,0.000454827,12.54590307,31.86580102,0.000178864,0.000269518,0.001046252,0.000625855,19.37598282,36.74545327,0.000445366,0.000570212,0.000493419,0.000670699,23.14734275,31.52852909,0.000448734,0.000387098,0.000926732,0.00108861,21.5771392,31.24886084,0.000452633,0.000133523,0.000353112,0.001478827,12.51540518,31.45006404,0.000521681,0.001064652,0.002216535,0.000900234,24.27923124,25.95931562,0.000937328,0.001308512,0.000829483,0.001166946,18.03390809,36.7235078,0.000285639,0.001044161,0.00167057,0.00164362,23.81917167,38.2044164,0.000664993,0.000484792,0.00071106,0.000570182,17.26389548,35.5769566,0.000804785,0.00109039,0.000616245,0.001276802,21.78557211,37.83970223
1505,0.000509922,0.000140162,0.000462354,0.000286289,6.522791596,25.16363667,0.000330286,0.000455225,0.000710466,0.000246202,19.64123906,37.75148476,0.000588753,0.000379112,0.000461138,0.000839501,21.00518759,33.27084382,0.000414764,0.000520403,0.000593406,0.000703203,10.47802144,33.45066766,0.000558169,0.000474947,0.000609648,0.001190146,13.55974382,36.72065857,0.000800409,0.000742578,0.001637891,0.000859841,23.44405227,28.97243452,0.000611563,0.001286906,0.001686285,0.001341091,18.57075137,35.20358411,0.000543756,0.000913664,0.000879116,0.001508389,21.34022517,33.9863768,0.000662732,0.000536311,0.000568528,0.000731352,13.93636862,34.21806644,0.000815251,0.000736888,0.000636172,0.001275802,20.21702599,35.70247794
1506,0.000496297,9.12E-05,0.000517223,0.000399896,4.246388402,22.56885649,0.00048281,0.000516155,0.00040632,0.000537352,12.52977815,35.01738197,0.000596446,0.000310146,0.000232022,0.000725036,15.24776044,33.11891689,0.000815106,0.000448352,0.000569838,0.001045476,21.19156425,38.26598801,0.000455555,0.000571088,0.000458016,0.00064976,18.96950179,33.88716699,0.001281812,0.000552531,0.000625402,0.000799463,22.35539831,33.89954337,0.000650196,0.00056647,0.001133427,0.002027961,20.02735055,33.34357018,0.000712337,0.000541073,0.000792141,0.000730235,19.71270283,34.51338603,0.000998908,0.000782263,0.000797773,0.001154959,21.40879025,36.92250915,0.001190674,0.000833352,0.000937559,0.001003042,25.22272804,32.88367281
1507,0.000541266,0.000171027,0.000529926,0.000322387,10.65298786,29.00045831,0.000229227,0.000504239,0.000499883,0.000629413,18.2557464,21.24848406,0.000564089,0.000284356,0.000292977,0.00050581,16.85684971,30.45822168,0.001107833,0.000359619,0.000627452,0.001209688,20.45378688,36.32155543,0.000480666,0.000284796,0.000387217,0.000561125,15.34760509,32.32329687,0.00108724,0.000245653,0.000501847,0.000630685,20.51754087,33.13099098,0.000816631,0.001804328,0.000461599,0.00219762,16.43153957,37.96312537,0.000778743,0.000561905,0.000990013,0.000536269,20.61829094,33.77326324,0.000773918,0.000601847,0.000528541,0.000672175,21.10169705,32.16126591,0.001111081,0.001474046,0.0007418,0.001407128,25.36449657,35.78408267
1508,0.000360219,0.000254159,0.000479637,0.000448975,12.09075229,30.69088596,0.000476222,0.000253514,0.000411846,0.000660566,14.34464704,29.93247238,0.000559558,0.000558515,0.00044339,0.001494853,14.92134326,26.78674144,0.000593777,0.000533667,0.000377001,0.000522676,20.10681697,34.71573298,0.000717219,0.000197332,0.000445824,0.001020852,15.29380916,30.78830712,0.000721527,0.00025822,0.000505017,0.000384371,21.20615814,34.25534479,0.000560017,0.001168898,0.000724695,0.00145749,15.49575437,35.70878519,0.000663283,0.000439777,0.000605564,0.000406998,21.71627754,31.17443936,0.000393512,0.000662752,0.000864929,0.000539913,16.09079501,35.18698085,0.000619306,0.001036252,0.000401207,0.00115284,17.05794079,35.02919015
1509,0.000200185,0.00024446,0.000609783,0.000676091,10.31981244,28.18910149,0.000316014,0.000264742,0.000497402,0.000754963,3.636196748,21.24704764,0.000543721,0.000429102,0.000378755,0.001178605,8.805819746,26.85030404,0.001242035,0.000715966,0.000721066,0.001009402,18.10931992,36.92396168,0.000372482,0.000433859,0.000628695,0.000661801,15.2949553,32.36643855,0.000494399,0.000506399,0.000378675,0.000807751,20.81312128,36.43208891,0.000956469,0.003810483,0.001341952,0.005073423,22.62256022,36.01173859,0.000826769,0.00054698,0.000464815,0.000646656,20.39914403,32.49632898,0.000865038,0.000407246,0.001330305,0.000910036,16.08446583,38.87067737,0.000742364,0.000810732,0.000409948,0.001412325,21.94539116,38.65728944
1510,0.000222325,0.00017393,0.000450536,0.000477506,5.681069137,27.79619641,0.000203047,0.000194702,0.000440659,0.000615943,13.52109705,25.94411647,0.000245897,0.000428659,0.000318638,0.00102112,16.46832843,33.57799189,0.001774903,0.000467271,0.001779726,0.000569732,20.97267177,40.63877898,0.000305442,0.000268201,0.000940742,0.001469971,15.62739997,31.68077502,0.000651587,0.000494092,0.000399207,0.000843903,15.66620356,33.54940917,0.001326523,0.004859908,0.001918472,0.007169566,20.45786524,39.13137389,0.000945937,0.001113872,0.000620677,0.001335069,19.12315301,36.90471116,0.001115837,0.00050073,0.001655908,0.000992966,16.53735197,38.58299039,0.000509852,0.00170346,0.000498791,0.002265878,22.99403928,38.40811596
1511,0.000309784,0.000134748,0.000316604,0.000330154,8.814853676,32.80858588,0.000287699,0.000208642,0.000253027,0.000392383,15.31559468,26.7618115,0.000388586,0.000421286,0.000358595,0.001298472,19.47006861,32.79378342,0.001221168,0.000748917,0.001866186,0.000978377,22.69825297,36.89307932,0.000659623,0.001000733,0.001167279,0.003098378,18.49779613,32.7772935,0.000742212,0.000607031,0.000328173,0.000833126,22.55148018,37.34665774,0.000651887,0.001535568,0.0009095,0.002933101,14.313038,33.7116625,0.001086823,0.001190454,0.000589366,0.001748898,20.18654403,36.1379547,0.000667398,0.000288673,0.001307671,0.001132573,14.72682898,38.04489463,0.000572823,0.001176254,0.000947926,0.001611096,24.37302341,34.9633888
1512,0.000184443,0.000167784,0.00029783,0.000366373,4.945568557,34.07116717,0.000404296,0.000472652,0.000242043,0.000556147,15.22180787,21.61968697,0.000619439,0.000139258,0.00043284,0.000972466,20.19853568,29.52766505,0.001667377,0.000882471,0.003502595,0.001139814,14.6487459,40.73318214,0.000728748,0.001707174,0.001139912,0.003184901,14.58204364,30.70049598,0.001396857,0.001058892,0.000693328,0.001546082,23.16901074,37.11986122,0.000709133,0.000608296,0.000708042,0.001291614,4.98510669,31.793521,0.000828551,0.001294792,0.000467955,0.001600767,21.33561369,31.51244322,0.000943909,0.001195515,0.000949556,0.001731947,13.4059939,36.46481625,0.000549859,0.000547429,0.001108048,0.000778468,25.5744037,36.75438081
1513,0.00010101,0.000284107,0.000280467,0.000477125,10.13228198,30.57582923,0.000334559,0.000433593,0.000336076,0.000924286,12.94871757,30.36794692,0.0006302,0.000334931,0.000650294,0.000930147,16.61723531,28.34139242,0.005829055,0.001659914,0.008859398,0.001320922,26.15602811,52.15432026,0.001176595,0.003471364,0.002767016,0.002842933,21.84978643,44.30068298,0.001410635,0.001039325,0.000781224,0.00244277,8.585475797,30.39779901,0.000510081,0.001170026,0.000745368,0.001195391,16.87463726,36.18329367,0.001025993,0.000857598,0.000493584,0.000980341,19.22273547,35.19151568,0.002703104,0.002208902,0.001339098,0.002731249,15.19508744,36.53998505,0.001655447,0.001077074,0.002404926,0.001996874,24.45065588,40.3428668
1514,0.000213726,0.000375882,0.000236444,0.000414843,9.276727577,25.66877028,0.000372002,0.000211247,0.000186078,0.00087133,17.64719509,32.46301674,0.000414547,0.000366067,0.000463187,0.00126966,15.16670046,31.66381391,0.015897311,0.003720134,0.023654421,0.002565403,35.65139224,60.74920537,0.001358763,0.003582316,0.002316014,0.002194743,23.24503655,44.40502338,0.001947509,0.001871424,0.001635278,0.005641971,22.30520116,34.07699838,0.000668406,0.000795458,0.000673296,0.001194029,17.23246148,36.89387169,0.000756731,0.00025466,0.000549311,0.000846096,19.36612413,32.75745045,0.002262692,0.002092405,0.0013179,0.003063525,19.47976982,35.88833292,0.001767246,0.001378921,0.00348533,0.003222397,23.10409858,43.23652189
1515,0.000153461,0.000244643,0.000191731,0.000256681,11.84770009,24.36310813,0.000382167,0.000334756,0.000143434,0.000324871,15.63417286,27.66691425,0.000283599,0.000238092,0.000500179,0.001488871,13.06083633,30.26345578,0.015840173,0.003899801,0.024849521,0.003389683,35.54657412,60.64106386,0.001069042,0.0012806,0.000655226,0.001189125,22.66395954,35.91487442,0.001356144,0.001502318,0.001249677,0.005368602,21.32076308,33.96143568,0.000676716,0.000389677,0.000351113,0.001041549,19.81123494,32.91540849,0.001180052,0.000747583,0.001021029,0.000815978,21.73480383,34.43143713,0.000514398,0.000786876,0.000665617,0.001456562,19.19703883,36.51780499,0.000836605,0.000618277,0.001744008,0.001518313,25.23757418,41.66664468
1516,0.000308968,0.000223857,0.000334725,0.000267481,7.842943045,25.27033847,0.000194479,0.000369674,0.000321446,0.000562683,14.95301315,29.08738128,0.000214168,0.000427629,0.000403518,0.001185485,14.10977701,29.80371118,0.00512653,0.001294324,0.007861949,0.002258611,21.03061955,50.52350217,0.00070268,0.000973003,0.001015458,0.000916135,22.07507459,31.63557156,0.000725525,0.00069909,0.00051159,0.002500189,15.99017181,33.46325595,0.000286367,0.000286218,0.000470282,0.000459324,23.99862652,39.34557642,0.001229635,0.000858372,0.001161704,0.001234638,22.34618286,33.49610241,0.000821258,0.000565971,0.000807447,0.00096199,20.10145607,38.80651904,0.000618882,0.000734553,0.000455016,0.000817347,26.29107442,37.28128208
1517,0.000484069,0.000277912,0.000502515,0.000294258,15.5720185,30.88272266,0.000253379,0.000220975,0.000402805,0.000651603,11.31104587,30.49398321,0.000565485,0.000308487,0.000358081,0.000747353,18.10128748,29.1361973,0.002374257,0.000507811,0.004323744,0.00137551,25.20389577,42.57325022,0.00075916,0.000419211,0.000881687,0.001172885,13.44228213,25.69739083,0.000819875,0.000581351,0.000300117,0.002172546,18.14502335,31.38433854,0.000495067,0.000352015,0.000793136,0.00056307,20.98860397,39.85380132,0.000964699,0.000718523,0.00092961,0.001205673,22.08387907,23.9169602,0.000718204,0.000818879,0.000939434,0.001312652,23.22578289,35.99515108,0.000537341,0.000741482,0.000510038,0.00110549,25.96769498,36.86533026
1518,0.000471658,0.000341703,0.000450554,0.000240961,17.05371079,32.46875153,0.000469639,0.000165658,0.000595433,0.000327682,12.48655991,33.61569128,0.000823996,0.000489222,0.000647375,0.000587347,20.70501506,33.65153782,0.00197537,0.000577548,0.003111605,0.001306901,18.22079553,42.40288965,0.000557102,0.000291826,0.000636377,0.001020335,17.82238945,31.97021179,0.000608934,0.000384751,0.000483798,0.001558881,19.92917571,37.99486633,0.000513977,0.000707808,0.0005116,0.001212935,19.45321242,36.62587541,0.000518219,0.000834276,0.000750664,0.000971045,21.88895484,18.7056948,0.000388839,0.000973653,0.000808436,0.000990122,26.21069247,35.79873268,0.000753997,0.000547239,0.000518341,0.001194489,23.71563561,39.64382485
1519,0.000169628,0.000166468,0.000251684,0.000315956,3.218049343,24.76718448,0.000384844,0.000209712,0.000418902,0.000751894,14.10019229,29.55295552,0.000584406,0.000440868,0.000654452,0.000469206,17.85429162,32.87968678,0.001624971,0.000353102,0.001621355,0.000848263,15.74347868,38.9576037,0.000633631,0.000488861,0.000232857,0.00154197,22.42102498,26.90911042,0.000752626,0.000375612,0.000317005,0.001141905,19.31061468,39.22462927,0.000342449,0.000654175,0.000219918,0.00119765,18.82558044,34.98965685,0.000461522,0.000569367,0.00049401,0.000649888,17.03932366,37.50386545,0.00044424,0.001043315,0.000816327,0.001366718,16.4072814,30.31882306,0.000860894,0.000563108,0.000706621,0.001115245,20.99993173,38.04886081
1520,0.0003988,0.000527407,0.000446599,0.000332566,17.27802809,39.77502541,0.000471144,8.89E-05,0.000200868,0.000900966,16.61720359,28.88348232,0.000246346,0.000358124,0.00032527,0.000846967,15.8832573,27.48219204,0.001013135,0.000311107,0.000480351,0.000812821,16.0145957,32.92376965,0.000491607,0.000596018,0.000753433,0.00096329,25.15139086,27.78826893,0.000907293,0.000321777,0.000424971,0.000835341,18.65037714,35.95106763,0.000753105,0.000299826,0.000477788,0.000985216,16.5148767,38.92203041,0.000616208,0.001009364,0.00039516,0.00166253,20.93904573,37.03616104,0.000824403,0.000767836,0.001023717,0.001634393,18.94424282,31.54300717,0.001232462,0.001568202,0.001050568,0.00252793,24.3938978,38.62871559
1521,0.000424699,0.001260996,0.001259028,0.000488851,16.46959912,41.19257831,0.000286447,0.000150017,0.000226593,0.000613561,17.04982489,30.79949222,0.000337342,0.000259648,0.000466133,0.000217834,12.35171627,34.16585789,0.000828865,0.00038097,0.00073929,0.000835535,9.704705905,31.77165379,0.000434617,0.00054807,0.000795522,0.001225343,23.17261858,30.63468545,0.000640499,0.000250683,0.000265425,0.000598479,21.15148987,32.0047838,0.001045288,0.00032478,0.000417228,0.001419343,18.87438277,34.9231188,0.000596836,0.000937875,0.000374084,0.001169683,21.02399064,38.5486309,0.000529901,0.001260847,0.000921361,0.002039792,16.25883884,41.30321838,0.001525788,0.001111617,0.000930386,0.001622712,20.28571011,35.54708909
1522,0.000425273,0.001279878,0.00118689,0.000421954,14.9017893,33.91692362,0.000254525,0.000356585,0.000188615,0.000578033,16.71316806,27.90650346,0.000450056,0.000120087,0.001009029,0.000181024,6.047522214,34.01292378,0.000667656,0.00079802,0.000541265,0.00051069,17.79780955,38.96934225,0.000773275,0.000459487,0.001349801,0.000837934,23.69999841,39.47259787,0.000199759,0.000355587,0.000187697,0.00060439,18.36687136,33.38756099,0.000741454,0.000350419,0.000393645,0.001243783,19.89934963,33.55506402,0.001007046,0.001387268,0.000848352,0.001405275,19.50309965,39.13706971,0.000436988,0.002123289,0.001739789,0.002940492,23.10540527,46.7559471,0.000912984,0.000945376,0.000489191,0.00116073,22.22864197,31.79828611
1523,0.000216,0.000296401,0.000509592,0.000333773,15.31078263,30.47034106,0.00037034,0.00029684,0.000275719,0.00067599,17.69309897,26.77266771,0.000628851,0.000435062,0.00265985,0.001367293,17.31940653,38.38946097,0.000493953,0.000892295,0.000553104,0.00063302,15.9894167,35.48893107,0.001356836,0.000844769,0.002350355,0.0026957,25.09688617,45.96395122,0.000420092,0.000821959,0.00053338,0.001187454,15.13065747,34.79954336,0.00056396,0.00025386,0.000354172,0.001286679,11.73276096,37.79791232,0.00104198,0.001436406,0.001105182,0.001887413,19.38141221,38.95424602,0.000705065,0.002606975,0.002100406,0.0028023,21.77198359,47.12935859,0.000988701,0.00065433,0.000451734,0.00093389,15.48430553,36.22021212
1524,0.000261025,0.000362819,0.00046802,0.000370899,15.14268953,32.69311882,0.000279075,0.000140765,0.000431045,0.000638943,17.20493188,30.34168486,0.000357677,0.000630361,0.002928541,0.001900098,17.17757189,39.99122003,0.000256109,0.001295538,0.000529892,0.001507406,13.8818059,31.32583755,0.000828735,0.000757461,0.001670935,0.002237431,23.01203135,42.46457127,0.000514507,0.002161465,0.000642486,0.002178651,14.27071308,35.18026972,0.000191638,0.000272835,0.000240969,0.000507728,17.34315046,34.57591556,0.00072329,0.000459916,0.000554299,0.001069579,18.35484192,28.67130544,0.000782323,0.002952037,0.002328771,0.001557398,19.14466041,44.93811356,0.000964368,0.000799026,0.000631475,0.000997492,15.46487487,38.15517855
1525,0.000209122,0.000452257,0.000541039,0.000230427,16.24870828,32.68718594,0.000359644,0.000279767,0.000652853,0.000867867,15.18291707,26.20954421,0.000470775,0.000412576,0.000974894,0.001471654,14.11264532,37.0871599,0.001305681,0.002980243,0.000983606,0.002112176,19.97637137,40.27007226,0.004341538,0.003600376,0.008254344,0.003249217,33.01615458,56.13641461,0.000435253,0.002488694,0.000469741,0.002277568,14.32968519,38.03681742,0.000148347,0.000282323,0.000317863,0.000734992,18.65662539,30.4865934,0.000836576,0.001107256,0.000826173,0.000976873,16.23397387,37.73773396,0.000643054,0.003531147,0.003986767,0.001141721,20.45644783,43.45170343,0.000880434,0.000436455,0.000712423,0.000716338,19.26097434,37.80040386
1526,0.000231542,0.000767011,0.000411192,0.000552868,16.85184958,32.00811881,0.000490252,0.000813159,0.001579825,0.000761396,15.0746415,38.84555815,0.000577439,0.000360416,0.000364191,0.001444849,14.94102303,35.58751428,0.003803539,0.007806796,0.002078285,0.003300456,23.8121171,48.76538661,0.007237003,0.006802058,0.014500268,0.006475253,38.03573101,62.0820221,0.000779307,0.003932061,0.000898484,0.004161928,19.06905609,39.5499602,0.000611497,0.000362281,0.000615001,0.001390312,13.85428519,30.99017436,0.000729247,0.001590606,0.000388277,0.001242638,10.57295839,39.96074922,0.001132321,0.00223102,0.003016466,0.001413008,23.15873881,42.52582628,0.00051949,0.000374473,0.00040807,0.000302038,19.44299093,37.82233439
1527,0.00034471,0.00100475,0.000395912,0.000857338,14.60814519,28.11636133,0.000435471,0.000753836,0.001469776,0.001313116,12.91519761,39.01193436,0.000652484,0.000426475,0.00031882,0.001624898,12.94098682,32.71213055,0.004146072,0.008624423,0.002046707,0.003114013,24.48420771,49.34104486,0.00392946,0.004250843,0.008482284,0.003652522,33.4226309,58.13454267,0.000827931,0.007948044,0.001152163,0.008594949,20.26410291,41.05971806,0.00113053,0.000458828,0.00074822,0.000887488,13.9355315,28.861201,0.000470582,0.000992567,0.000660686,0.000816386,18.53706794,37.21310088,0.001585866,0.000676606,0.001693915,0.00188171,23.45735993,44.83736421,0.000746003,0.000837801,0.000863439,0.000905811,20.77521368,41.88761749
1528,0.000250569,0.000437045,0.00058809,0.00029072,18.59442778,28.87343509,0.000268828,0.000365489,0.000388376,0.001065051,10.24292082,30.47910122,0.000806676,0.0005379,0.000599926,0.001980816,15.42211361,23.49712806,0.001499225,0.00312791,0.000766573,0.000765279,19.881637,39.26448202,0.001333758,0.00136763,0.002075194,0.000802589,20.33970347,46.05229319,0.001056676,0.014785136,0.001475817,0.015650525,21.34527213,46.87719674,0.001182917,0.000320932,0.000572555,0.000340045,17.95654133,31.73730836,0.000203413,0.000501077,0.000692598,0.000710809,12.23884767,35.55940805,0.000970104,0.001013978,0.001350923,0.00104059,22.32807836,44.0565325,0.000810838,0.000534888,0.000791864,0.000958987,20.15005634,39.94475879
1529,0.000224175,0.00013088,0.000583006,0.000364647,19.49958033,32.5587782,0.000465705,0.00035679,0.000463158,0.000947438,6.873014503,23.56004621,0.000746128,0.000614875,0.000454781,0.001117148,14.83125951,26.5327368,0.000513157,0.001588743,0.000360045,0.00059703,15.69248411,35.63221401,0.001149323,0.001711885,0.00257047,0.000911023,23.76998017,47.11597971,0.002909137,0.033595725,0.00409757,0.034824817,24.83069135,54.23720258,0.000963077,0.000180721,0.000322576,0.000421629,21.94416756,28.05686639,0.000559815,0.000319207,0.000526969,0.000719394,18.4863282,37.43891923,0.00066237,0.001132207,0.001239451,0.00131701,17.74530769,43.04631438,0.000432438,0.000557041,0.000620103,0.000954054,16.50542803,40.07156263
1530,0.000319503,0.000166485,0.000423635,0.000168158,17.01001942,31.25173705,0.000489805,0.000294042,0.000572022,0.00113172,13.42380192,29.53210206,0.0006268,0.000439594,0.000541656,0.000914252,18.9879387,33.31515227,0.000418433,0.001069273,0.000443969,0.000665006,11.33011071,29.65778228,0.000455378,0.000627879,0.00140738,0.001474645,20.76933032,43.16117591,0.004126883,0.0404502,0.004942169,0.042079138,27.0842011,55.72445036,0.000439816,0.000385737,0.000307986,0.000487345,21.74813743,28.44874214,0.000591239,0.000402748,0.000320388,0.000640123,20.89647147,34.3730401,0.000508875,0.00095472,0.00061483,0.001320414,17.78684548,39.79038436,0.000231396,0.000597182,0.000395629,0.001121377,18.97398009,34.47884715
1531,0.000233619,0.000108181,0.000351074,0.000184429,18.32436912,27.23575265,0.000384768,7.28E-05,0.00047999,0.000973378,13.93212244,29.63362034,0.000329694,0.000519084,0.000570403,0.001328396,19.2539239,33.23527172,0.000425786,0.000603448,0.000299668,0.000727744,15.83378417,30.92219662,0.000526283,0.000683626,0.000707782,0.001873039,18.85772435,36.68530994,0.002731654,0.021732567,0.003925263,0.022963273,27.38587236,51.89618879,0.000430215,0.000362275,0.000296374,0.000299739,19.91767572,30.57101222,0.000250285,0.000702676,0.000713108,0.000573575,19.85113007,33.48812005,0.000396943,0.000577332,0.000399013,0.00064452,18.37690972,38.02770744,0.000388898,0.000829742,0.000307901,0.00088514,20.22684256,35.78868988
1532,0.000385953,0.000185853,0.000203418,0.000237918,18.33047254,23.81980516,0.000284368,0.000265547,0.000438894,0.000690135,14.37362703,29.60411651,0.000511108,0.000777366,0.000325975,0.001613381,18.0414393,29.5560841,0.000617445,0.000553108,0.000316541,0.000530089,11.45607612,30.76069755,0.001067942,0.001079797,0.000387143,0.001484225,14.54310288,26.97415664,0.002027403,0.005257933,0.008022436,0.006665772,29.38963383,51.16033047,0.000417831,0.00031751,0.000345839,0.000574286,18.9706552,30.54605082,0.000561227,0.000523646,0.001084565,0.001209899,19.39190633,33.43700314,0.000916237,0.000254196,0.000526388,0.00101425,19.52290782,39.6560868,0.00063024,0.000980614,0.000553054,0.00085622,22.40713417,29.98712707
1533,0.000299449,0.000271873,0.000312324,0.000301333,12.1592178,25.74505628,0.000367267,0.000302266,0.000593855,0.000814778,10.90097463,33.27619665,0.000862792,0.000487747,0.001058125,0.004432578,17.01188102,30.57631474,0.000554667,0.000494086,0.000541848,0.000661385,13.80964016,27.36271404,0.001884618,0.002090851,0.000356589,0.002868325,12.27344139,27.38278159,0.002011053,0.003482252,0.007548015,0.004791487,29.33717697,47.85217427,0.000313198,0.000160002,0.000566149,0.001009842,20.46945003,25.00929908,0.000721069,0.000462377,0.000741701,0.000765679,19.81757633,33.08662545,0.00106473,0.000607243,0.000694384,0.001406358,18.07675591,41.39093599,0.000858152,0.000364168,0.000263359,0.00058958,22.90531783,22.57654519
1534,0.000160368,0.000164095,0.000253113,0.000335293,11.53130413,26.56298388,0.000383528,0.000384108,0.000823272,0.001461623,15.48849126,35.35631519,0.000656441,0.000345368,0.000853192,0.00349594,20.11597998,32.29671143,0.000718008,0.000474226,0.000348785,0.000680168,15.01998996,32.37646321,0.001814889,0.001953601,0.000304649,0.003362102,8.373702503,24.08310327,0.001294259,0.00511392,0.00295599,0.00572658,19.89677843,45.04789146,0.000640442,0.000413096,0.001095696,0.00152594,19.02105117,36.84703737,0.000601104,0.000998548,0.000577377,0.001119796,9.177791234,33.70431948,0.001098696,0.00080525,0.00079624,0.000829568,19.57130204,42.76553839,0.000485835,0.000303426,0.000396715,0.000377299,21.22597831,35.00056783
1535,0.000242021,0.000170078,0.00022708,0.000445155,8.942060351,18.38966256,0.000293593,0.000334835,0.000445849,0.001090329,14.96089313,32.9725319,0.00052329,0.000562229,0.00056632,0.001379055,19.09298784,31.92459268,0.000724758,0.000538056,0.000501886,0.001267007,15.04163238,34.5144538,0.00053641,0.000451565,0.000155989,0.001966363,19.35518836,28.91154675,0.001336731,0.004650899,0.001748552,0.004707764,19.96020451,43.15705364,0.000829757,0.000620843,0.001630711,0.001095169,15.13695326,41.84198407,0.000529066,0.00088646,0.000645585,0.001384954,15.98171545,32.56655392,0.000607802,0.000624316,0.000560923,0.000389258,20.88350951,41.70775359,0.000629095,0.000918011,0.000471172,0.001421953,14.58386302,38.14607615
1536,0.00042103,0.000227862,0.000211443,0.00041725,12.23565634,21.7675958,0.000184186,0.000207354,0.000392375,0.000490744,12.51720917,28.00723686,0.00037205,0.000546729,0.000275164,0.000792141,13.1191586,29.50951198,0.00064784,0.00034969,0.000999839,0.001391831,16.96981122,36.17318257,0.000833503,0.000683563,0.000212878,0.001358651,21.26798079,33.35747089,0.001063733,0.001810682,0.000571558,0.001953186,23.05125209,35.23799309,0.000386355,0.000887201,0.000688589,0.001157945,15.87337808,35.91109306,0.000456058,0.000430621,0.00038974,0.000941475,9.327013817,27.76785879,0.000328659,0.00065003,0.000523685,0.000884449,21.05448346,39.46764584,0.000207277,0.000437973,0.000404837,0.001144331,17.55819737,28.72849003
1537,0.00032552,7.43E-05,0.000111675,0.00025533,14.93448278,24.38271828,0.000115248,0.000198125,0.000392266,0.000878697,13.4979356,23.72796287,0.000631539,0.000216088,0.00030792,0.000795016,10.73961474,24.24241613,0.00067958,0.000458633,0.001058436,0.00112982,14.37794775,33.92133044,0.000790729,0.000449674,0.000584,0.001713275,19.1060744,31.80229056,0.000871686,0.00068794,0.000312617,0.000625208,19.32467083,24.14715753,0.000385612,0.000876519,0.000304922,0.001512784,17.57052295,29.21286156,0.000706514,0.000557102,0.000380544,0.000941464,15.7832246,26.98543798,0.000716415,0.000890291,0.000502433,0.001112667,19.83665647,37.00347014,0.000588333,0.001141917,0.000544458,0.001237222,13.46851647,28.79012972
1538,0.000271802,0.000199199,0.000302045,0.000379176,17.66239487,29.74000885,0.000327696,0.000261425,0.000157922,0.000864716,12.2103894,29.71365943,0.000623087,0.000290506,0.000491353,0.000894384,15.48541087,27.48092719,0.000308502,0.000594428,0.001428578,0.001239036,17.68782063,38.68679178,0.000600121,0.000872143,0.001244534,0.002490254,19.92048374,23.23783144,0.00036869,0.000441908,0.000438149,0.000356653,19.6485922,28.79727106,0.000474945,0.000509778,0.000190732,0.001071936,17.24567774,31.07851325,0.000661275,0.000172613,0.000490614,0.00085296,16.37989738,26.41570977,0.001030177,0.000825402,0.000591374,0.00088433,20.64800231,37.2535604,0.000483488,0.000440431,0.000754119,0.00030353,14.59955185,29.65397805
1539,0.000351889,3.91E-05,0.000484027,0.000207118,9.383511761,30.35453804,0.000296857,0.000329652,0.000435572,0.000440146,13.00443289,28.39155078,0.000383315,0.000333382,0.000320796,0.00149429,16.81018816,28.1147426,0.000448972,0.00067765,0.002545038,0.001788984,19.740044,43.41067503,0.000589234,0.00088641,0.001567576,0.002428874,17.23577395,33.68096858,0.000323598,0.000644567,0.00053576,0.000726285,20.68372759,31.47990747,0.000436969,0.000508494,0.00040589,0.000511354,19.63466145,29.35924241,0.000525041,0.000517956,0.000551719,0.001002234,12.81170699,28.18770899,0.000471336,0.000726626,0.000602478,0.00107895,22.18573662,37.85161979,0.000508813,0.001239886,0.000867458,0.00227202,21.01932165,34.3355221
1540,0.00022475,0.000163785,0.000340466,0.000399646,12.02368001,28.23698775,0.000476463,0.000259948,0.000658433,0.000357067,13.80136915,26.13146238,0.000496177,0.000549116,0.000355119,0.001438143,19.15339562,31.12561477,0.001628527,0.001037809,0.00825495,0.002931866,27.57285017,52.85017741,0.000823623,0.001155052,0.001404737,0.000792254,9.035496162,34.38919627,0.000355477,0.000527797,0.000288647,0.000761458,21.13608127,27.1382134,0.000767669,0.000425328,0.000369161,0.000772415,15.62907683,32.00305868,0.000304814,0.000863245,0.000387119,0.000667503,11.21259595,26.74259606,0.000485414,0.000900519,0.001071549,0.001449997,21.67290515,38.48092098,0.000531959,0.000869781,0.000309264,0.001363232,23.95374761,29.17828168
1541,0.000127601,0.000148513,0.000238099,0.000461099,10.64905235,28.36228769,0.000324256,0.000295276,0.000512451,0.000631049,6.097599302,23.4748733,0.00050549,0.000679949,0.000335,0.00132998,16.20217061,31.59911217,0.001574749,0.000828911,0.010116885,0.003397079,30.26401103,54.31205395,0.001026729,0.001278291,0.001086722,0.000781354,12.35928044,29.62438899,0.000291335,0.000353984,0.000334122,0.000568761,21.77264219,29.03853403,0.000562222,0.000490755,0.000206602,0.000944073,19.82191295,31.31051758,0.000126927,0.000864928,0.000219793,0.000859626,20.96361755,29.95935441,0.000280647,0.001144495,0.000804766,0.001020316,23.33017435,37.22071133,0.000675718,0.000709665,0.000632067,0.000767165,21.47989363,33.2531271
1542,0.000213525,0.000125159,0.000159693,0.000287198,14.07806668,29.89279113,0.000178777,0.000489634,0.000337679,0.000717113,16.07943032,27.1845427,0.000607593,0.000807655,0.000242056,0.001142211,11.96033278,32.62187823,0.000318584,0.000462007,0.004136645,0.001408188,24.18355714,46.44077736,0.000441606,0.000679624,0.000726546,0.000955331,12.90961241,32.38323732,0.000353058,0.000568413,0.00044424,0.000892971,23.38834351,26.35862646,0.00059606,0.000526571,0.000176888,0.00114001,19.93013394,29.5806436,0.000159511,0.000656785,0.000362989,0.001114069,22.88954495,29.41134844,0.000519143,0.001135377,0.00047895,0.001285918,25.14874664,38.10095593,0.001252082,0.001420353,0.000846604,0.001761785,27.16117368,34.43233651
1543,0.000274194,0.000425125,0.00040603,0.000472463,22.24244604,33.4313732,0.000270783,0.000456792,0.000210139,0.00074468,14.35345138,28.88389775,0.000643225,0.000445897,0.000216371,0.001324741,16.17181691,30.51535866,0.000644405,0.000329784,0.001311778,0.00206577,20.37284173,35.09712349,0.000358925,0.000302672,0.000710612,0.001339866,14.0076855,31.15172819,0.000194973,0.000422381,0.00060819,0.000893109,23.34042462,29.2151386,0.000537586,0.000458206,0.000391441,0.001130499,17.49611271,28.36700756,0.000460333,0.000494181,0.000432659,0.00118455,20.23908555,32.01868961,0.000776992,0.001069412,0.00065721,0.001247904,21.23739714,41.68642449,0.00104063,0.002283457,0.000948338,0.002684412,27.44957946,38.61057874
1544,0.000368221,0.000626542,0.000914416,0.000745659,19.15985286,34.10871733,0.000387472,0.000278123,0.000339457,0.00036489,9.650116189,24.34826109,0.000521099,0.00028163,0.000288924,0.001642318,17.58753033,23.11726166,0.000657552,0.000730559,0.001080247,0.002225462,17.32554121,34.53471181,0.000377735,0.000280183,0.000849985,0.00188662,19.12192179,34.47871254,0.000449672,0.000163197,0.000714986,0.000594694,23.25061447,21.06614492,0.000766122,0.000423976,0.000795908,0.000841452,22.7647347,32.43917159,0.000593523,0.000536196,0.000505916,0.001151688,20.53279774,35.96773303,0.000798448,0.000956036,0.000254738,0.001013192,20.47837014,42.75172393,0.000302564,0.001225075,0.00102666,0.001003856,27.59770855,32.97911955
1545,0.000310775,0.000445947,0.000776214,0.000689289,15.84147993,29.93253683,0.000384463,0.000293173,0.000374522,0.000384078,12.79520228,24.96705765,0.000612579,0.000310005,0.000484186,0.001700294,13.00028856,30.33937655,0.000776301,0.001997793,0.000447361,0.003868224,10.80239011,33.63840204,0.000406055,0.000299324,0.001658068,0.002464324,21.79368171,39.98761081,0.000560076,0.000230166,0.000900095,0.000231979,25.07628593,28.18711214,0.000749065,0.00020604,0.000854892,0.000249577,21.63149786,35.61456912,0.000563304,0.000551522,0.000352336,0.000760165,15.46146267,27.3108157,0.000513058,0.000746048,0.000329819,0.000910644,21.14338483,41.10521757,0.000734862,0.002436663,0.001594088,0.001368532,28.22492814,41.84548336
1546,0.000158233,0.000124965,0.000404115,0.000295412,17.24966177,28.23250925,0.000174846,0.000432601,0.000453452,0.000992065,13.91029213,30.0747386,0.000668101,0.00029554,0.000566854,0.001307262,19.06559639,31.20317642,0.000705402,0.001907788,0.00040702,0.00343815,17.20786614,30.82063093,0.000326777,0.000654676,0.001171764,0.001537232,22.96731075,40.56601802,0.000606483,0.000483362,0.000799879,0.000552415,24.15318132,37.58015957,0.000426497,0.000240855,0.000582963,0.000672736,21.62372078,31.90427652,0.000752747,0.000927414,0.000141349,0.000958818,18.05580469,31.288734,0.000465588,0.000349455,0.000690261,0.000500592,21.07240437,41.06253248,0.001279383,0.001979353,0.00251187,0.002615507,26.62606375,43.58551001
1547,0.000213395,0.000219419,0.000385869,0.000290741,12.647363,24.86495168,9.70E-05,0.000355346,0.000581606,0.000970915,12.93663895,34.06561137,0.000714517,0.000525701,0.000603931,0.000717429,19.29841599,28.23964516,0.000441329,0.000479595,0.000408581,0.001489047,18.84863528,35.28312061,0.000791539,0.000540302,0.001366795,0.00147841,17.55407268,38.64759981,0.000389203,0.000947403,0.001056346,0.000892688,16.79172397,38.23374849,0.000340255,0.000998555,0.000339125,0.002094104,25.16714166,29.70653638,0.001019195,0.000921881,0.000269443,0.000836226,17.2975559,30.64099554,0.000477682,0.0003425,0.00077481,0.000449496,21.91893979,42.3031913,0.00162408,0.000867802,0.003743924,0.004154253,29.32789874,43.88535775
1548,0.000209878,0.000218347,0.000304142,0.00024691,13.179539,32.7537193,0.000238725,0.000314047,0.000715088,0.000722465,17.19288981,36.73413107,0.000974814,0.000506815,0.000932454,0.000498828,18.67925106,33.56168074,0.000483073,0.000302491,0.000473424,0.001888798,18.90706438,34.16827933,0.00103897,0.001207273,0.004881433,0.001731927,22.87184925,47.3079236,0.000249751,0.000467957,0.001353189,0.000670813,20.39076991,36.99780943,0.000737868,0.001125837,0.000212452,0.002063927,22.82225641,34.86106941,0.000940825,0.000990568,0.000376993,0.001833401,13.86150027,29.40967672,0.000298805,0.000281881,0.000599892,0.000529242,15.70849279,39.16859409,0.000655868,0.000735404,0.001735443,0.002380102,26.280035,40.68649049
1549,0.000254486,0.000197718,0.000242711,0.000368915,17.24977453,34.34406942,0.000292102,0.000281582,0.001273132,0.000532849,19.51079393,37.71109539,0.000949304,0.000728479,0.001202051,0.000784356,17.46995293,34.1764303,0.000212434,0.000646521,0.000593437,0.001504562,14.97365907,31.80706904,0.002131452,0.003307638,0.011928114,0.00326328,31.74880919,55.23743392,0.00044287,0.000268528,0.000847812,0.000280379,21.00788974,33.71640033,0.000922176,0.000346941,0.000360369,0.00031964,22.91783515,37.75170679,0.001128408,0.00176292,0.000623576,0.00257702,20.70639831,28.29275955,0.000298233,0.000634494,0.000560549,0.000826095,19.82473791,35.37281783,0.000406016,0.001310262,0.000628908,0.001732652,18.68512273,32.13415722
1550,0.000269621,0.000136477,0.000196469,0.000421358,18.03244023,31.54607733,0.000593818,0.000552586,0.002925453,0.000848446,23.33668354,42.84761068,0.000380384,0.000564755,0.000511559,0.001126044,15.16748704,25.00147683,0.000133545,0.000580354,0.000648592,0.000905268,18.61273507,32.12796312,0.004264799,0.007299312,0.026510718,0.007020668,35.67523846,62.36447498,0.000736269,0.000159146,0.000294677,0.000402144,10.36204867,36.80269725,0.000436351,0.000912157,0.000481359,0.00145544,22.71925334,34.62532835,0.000688697,0.000697004,0.000744282,0.001121421,23.71630884,32.84674014,0.000401656,0.000615317,0.000621935,0.000733456,23.27625685,34.88547487,0.000331198,0.000776308,0.000433352,0.00125351,22.24407544,34.64086312
1551,0.000232164,0.000200783,0.000311019,0.000324721,15.52543228,24.56474023,0.000624417,0.000595517,0.00216455,0.001292784,22.13783674,40.6920265,0.000354539,0.000420275,0.000207367,0.001617904,19.77086959,24.20979942,0.000178906,0.000514641,0.00075703,0.000524481,23.52720336,33.49381653,0.0039797,0.006444002,0.024459825,0.007156548,32.90310859,61.50846264,0.000285015,0.000145855,0.000221444,0.000714232,21.98094268,37.62363924,0.000156844,0.000473548,0.000542614,0.001906442,22.57830662,34.85539338,0.001021284,0.000840974,0.000697569,0.001535083,23.46214142,39.13191252,0.00054959,0.000251139,0.000587786,0.000388762,20.43670484,34.91744597,0.000427518,0.00090332,0.000592186,0.001642027,20.9558787,32.26527072
1552,0.000261487,0.000438037,0.000207842,0.000643999,14.39128757,27.06513179,0.000363325,0.000612159,0.000796559,0.000951392,17.86129136,33.92194527,0.000609158,0.001176353,0.000280223,0.00131261,16.65652657,33.37342595,0.000286259,0.000946578,0.001442348,0.000790128,25.30693041,33.52196643,0.010213027,0.014679711,0.064389305,0.015979189,43.52084369,70.58379437,0.000414477,0.000268814,0.000294732,0.000550523,19.9868484,33.94802288,0.000597418,0.000672858,0.000592769,0.001993854,16.4736282,30.58921629,0.001002699,0.001120833,0.000484957,0.002057976,20.09377957,35.50637648,0.000566752,0.000504972,0.000630294,0.000371684,22.96267215,39.69931662,0.000596505,0.000629875,0.000367794,0.001097861,18.44169744,32.46955647
1553,0.000221145,0.00035664,9.95E-05,0.000554951,6.281856255,29.45181201,0.000136156,0.000241247,0.000508459,0.001139221,17.63677832,32.01733609,0.001040284,0.001471117,0.000540927,0.001093638,16.31002169,35.0249687,0.000668678,0.00126308,0.001960084,0.000735399,21.56212654,24.84364709,0.026610078,0.038645464,0.168255896,0.04202192,50.88475629,78.60473455,0.00029182,0.000350025,0.000303803,0.000298612,20.68724458,36.34351384,0.000768923,0.001136627,0.00071876,0.001778634,17.91035249,35.13631515,0.000336581,0.000751023,0.000383824,0.00159302,21.76629429,40.19558789,0.000635792,0.00044752,0.00073301,0.000223021,23.85679548,41.0467044,0.000555007,0.000688496,0.000257515,0.001280792,21.79838519,36.55294655
1554,0.000129962,0.000312897,0.000187569,0.00030304,11.40568321,29.57364736,0.00022522,0.000455069,0.000225905,0.000871443,18.68930836,35.69003734,0.000501531,0.000438348,0.000304838,0.000919338,17.45456228,26.13467771,0.000543651,0.000594955,0.001117035,0.000836644,18.74343658,26.7511927,0.025081341,0.031530958,0.138768905,0.034461154,49.36658076,76.35129682,0.000238237,0.000456046,0.000258514,0.000437036,23.03207887,34.8205781,0.000663206,0.000833089,0.0006658,0.00126486,23.0169893,35.16697475,0.000369294,0.00071908,0.00054536,0.001217082,24.68208827,38.61728505,0.000729226,0.000297581,0.000922989,0.00079158,24.88592904,41.55526378,0.000674337,0.000834434,0.000249833,0.001076673,25.7360041,39.8445177
1555,0.000111735,0.000413602,0.000357478,0.000677229,12.50798554,32.48665011,0.00034608,0.000421799,0.000266472,0.00088355,16.56838504,36.43036873,0.000320428,0.000494375,0.000174525,0.001673318,18.67022289,27.45377299,0.000255633,0.000524216,0.000559669,0.000689707,20.08748532,33.95536106,0.007038964,0.007166724,0.033024261,0.008792974,37.30785482,62.95380651,0.000229414,0.000383574,0.000602798,0.000477541,18.95451276,35.93427412,0.000558101,0.00102558,0.000707479,0.002631713,24.09388521,33.45905383,0.000211232,0.00082707,0.000461569,0.000930213,19.59350554,33.62568135,0.000446429,0.000691662,0.001454332,0.000922409,25.44769059,44.44388219,0.000785847,0.001270466,0.000179253,0.001555937,24.5389791,34.38668223
1556,0.000185548,0.000340789,0.000471196,0.000839705,17.27844221,31.56146596,0.00023204,0.000312305,0.000316852,0.000813663,13.71454647,32.81792721,0.000361983,0.000435233,0.00043511,0.001845405,18.78804353,32.99028297,0.000208469,0.000452889,0.000720667,0.000959653,19.62024353,36.76417393,0.004813879,0.00674254,0.029062431,0.008962507,32.89878107,63.65627215,0.000105597,0.000193527,0.000754601,0.000290107,19.5506211,37.19917921,0.000547532,0.000961643,0.000559322,0.00292094,23.85152473,32.43448337,0.0002563,0.0003614,0.000518531,0.000966277,21.17463526,39.74901279,0.000773138,0.00064422,0.002391953,0.001920584,25.7104716,45.62361773,0.000699358,0.001003411,0.000279973,0.001666243,19.96092126,33.97469324
1557,0.000159682,0.000249378,0.000431651,0.000734096,20.60748358,24.12672472,0.000121482,0.000257541,0.000556503,0.000946701,13.85307718,27.58517161,0.000361427,0.000503402,0.000405743,0.001435758,14.21583227,33.78927111,0.000299703,0.001111922,0.000312489,0.00189654,16.68082094,36.43091853,0.003602528,0.004499315,0.01903401,0.005811278,30.74082031,58.94581661,0.000396327,0.000258985,0.000860812,0.000527816,25.92047763,41.63737765,0.000501282,0.000685921,0.000393197,0.000880191,24.11913929,27.01885635,0.000614556,0.000289066,0.000422731,0.000749494,26.41210025,34.96055062,0.001026263,0.00053053,0.003956754,0.002241676,24.65121903,42.68543517,0.000616367,0.000790975,0.000329074,0.001426971,25.58219347,32.23813058
1558,0.00028054,0.000510786,0.000436748,0.00080065,13.0733574,29.95495605,0.000120507,0.0003011,0.00044154,0.000886944,18.17195007,19.31565976,0.00027804,0.000425114,0.000455643,0.001071795,12.89132965,36.70317479,0.000122215,0.001911124,0.000300117,0.002056988,19.73267797,37.19624934,0.001384245,0.001605783,0.00764732,0.00301455,27.23229962,50.02196268,0.000483373,0.000627158,0.001635327,0.000561654,28.53860676,42.98160376,0.000392177,0.000585901,0.00025438,0.000916051,24.13686157,30.88296963,0.000733259,0.000316018,0.00039447,0.001003559,25.04007915,32.12372547,0.00069388,0.00077616,0.003103797,0.001220733,19.48734937,42.27583069,0.000917572,0.002013112,0.000684888,0.002169105,27.02867142,35.66572965
1559,0.000403802,0.00054576,0.000351477,0.000545561,11.04482547,28.33045555,4.53E-05,0.000452863,0.000218983,0.000262594,8.156266552,33.19290611,0.000456695,0.000526087,0.000495832,0.000667086,16.30194376,36.69027954,0.000552865,0.001814943,0.000388255,0.002139549,17.94611057,33.0680395,0.000274753,0.00082372,0.003053526,0.001099489,19.22986306,42.03482282,0.000943094,0.001603331,0.003503449,0.00145903,22.82332492,45.69471103,0.000284384,0.000399239,0.000521503,0.000422935,24.24087496,35.67319775,0.000398269,0.000664688,0.000503259,0.00118664,17.95217357,32.49923173,0.000729049,0.000664876,0.001662756,0.000981137,18.78314406,44.88172148,0.001217669,0.002375518,0.000376643,0.002307746,25.43498253,31.08200752
1560,0.000477568,0.000646073,0.000445845,0.000944144,16.11051054,31.86047273,4.70E-05,0.000335744,0.000487636,0.001019548,17.34179625,31.30547646,0.000364233,0.000768113,0.000438969,0.000967152,18.01561417,32.24257029,0.000667529,0.001803801,0.000435548,0.001410891,20.54752054,34.75344296,0.000227367,0.000727811,0.001254934,0.001367266,20.52016094,35.35400308,0.00223029,0.003591727,0.008488412,0.003661296,20.881107,52.18172338,0.000331286,0.000301606,0.000715522,0.000605662,23.86703184,38.7357509,0.000281445,0.001352436,0.000791811,0.001748177,21.73300563,35.34370804,0.000522153,0.000482999,0.00068893,0.000745779,23.97729397,40.51955579,0.000879697,0.000773395,0.000502446,0.000571976,25.11073129,39.79779906
1561,0.000475138,0.000965356,0.000548147,0.001217506,19.44455948,37.22102881,0.00017863,0.000170142,0.000597856,0.001060694,22.64157634,26.4711652,0.000295242,0.000771563,0.000341553,0.001312029,14.98998832,33.52402967,0.00039254,0.004318957,0.00043304,0.004432528,19.57185443,34.87027056,0.000249115,0.000167981,0.001305606,0.00209033,22.27347702,32.07187044,0.002333672,0.004199844,0.009859009,0.004648688,21.79205814,53.53198646,0.000275484,0.000517434,0.000770501,0.000463962,15.1646088,39.20502168,0.000194177,0.0013489,0.00040075,0.001893421,15.18139066,38.4094282,0.000576039,0.000389474,0.000754997,0.000511075,26.19269179,40.3763335,0.00056543,0.001370786,0.000553171,0.001201312,25.6876059,35.16875347
1562,0.000373316,0.001425352,0.000653159,0.00156538,20.52100258,34.56073223,0.000195494,0.000288875,0.000453944,0.001171791,20.30991197,36.97258025,0.000257118,0.000594207,0.000373321,0.001273244,12.91240189,36.20719396,0.000566253,0.013886245,0.000918058,0.016048941,17.1247781,43.39196609,0.000220172,0.000612775,0.001529763,0.001892295,24.00887962,33.69891191,0.001323177,0.002346184,0.005428134,0.002818376,20.54652362,49.01943148,0.000402402,0.000638267,0.000295539,0.001051075,17.58923299,38.910371,0.00019967,0.001858839,0.00058699,0.002309392,16.96566981,44.3443701,0.000865026,0.000858595,0.000486524,0.000803557,23.57211858,42.31079863,0.000509274,0.001281548,0.000480867,0.001357016,25.78096045,35.90683301
1563,0.000289309,0.000754937,0.000605382,0.000674218,21.31441124,31.40180473,0.000175729,0.000405904,0.000453916,0.001037556,18.56223685,24.60555833,0.000372794,0.000457051,0.000250512,0.000947314,18.24427907,31.34536572,0.000402488,0.020121625,0.001569688,0.02426565,20.05992187,46.28300548,0.000429521,0.000421407,0.001553329,0.001314452,22.94618837,31.68303163,0.000531633,0.000783534,0.002110921,0.000842131,17.40434303,40.22450927,0.000477614,0.000595392,0.00081992,0.000937855,23.54197506,38.78275481,0.000418995,0.001465183,0.000659339,0.002051945,25.17230313,43.88052331,0.00048807,0.001203112,0.000324037,0.001411588,21.62673508,39.98205586,0.000470428,0.000473611,0.000351158,0.000835631,27.37888281,36.4934517
1564,0.000154976,0.000222732,0.000598794,0.000241181,16.52951863,28.68262087,0.000121906,0.000472532,0.000346397,0.000338525,21.63520055,38.7644749,0.000526901,0.000595877,0.000209351,0.001388456,18.82200066,25.34108656,0.000636701,0.010717695,0.00110126,0.013614803,14.3132618,39.51874126,0.000372622,0.000508317,0.000994894,0.000298766,18.87799281,29.53991323,0.000378625,0.000393103,0.001372467,0.000606718,25.08853247,38.26976444,0.000843792,0.001416867,0.002617885,0.001124688,25.42794256,37.33662151,0.000623475,0.002312838,0.000834606,0.002895916,25.98484769,45.33873327,0.000277322,0.000921031,0.000337469,0.000672116,19.93635922,38.89761111,0.000561769,0.000529954,0.000548072,0.001263203,27.58230197,36.10353122
1565,0.000123855,0.000423424,0.000377228,0.000243642,17.10103766,30.12715404,0.000140604,0.00058313,0.000125019,0.000391216,12.81307609,37.39534401,0.000464774,0.000979107,0.000248136,0.001491282,15.71558674,27.80513566,0.001015804,0.00213837,0.001895279,0.003828345,22.05261012,30.80951381,0.000772123,0.000826345,0.000488317,0.00188908,18.29110271,30.11997673,0.000158769,0.00024112,0.000615406,0.000777781,21.21666146,35.5456378,0.000823888,0.001356781,0.002240823,0.001010699,25.25877353,38.43367939,0.000440905,0.002988824,0.000851512,0.003543862,19.22594731,42.3597,0.000592927,0.001553817,0.000242415,0.001114383,17.95546019,40.78253632,0.000588014,0.000625957,0.0008763,0.001401063,23.24491563,35.94139637
1566,0.000158688,0.000206514,0.000853871,0.000464525,20.62979142,34.02271703,0.000310954,0.001473071,0.00035214,0.000490313,20.05885859,48.60439219,0.000127179,0.000790293,6.28E-05,0.001504785,19.57078613,33.29025641,0.000788633,0.002824723,0.003724979,0.004395001,30.41096749,38.63648514,0.001010459,0.000988317,0.00056347,0.002995561,17.84199303,29.07885175,0.000134536,0.000327092,0.000341004,0.000713181,19.10878907,30.08849591,0.000288859,0.000523183,0.000686146,0.000980185,18.18090557,37.21738337,0.00052933,0.001864344,0.001190486,0.002652247,17.21892651,36.41427442,0.000353653,0.000833563,0.000505594,0.000945361,19.48980874,40.29920237,0.000823932,0.000715738,0.000475642,0.00085349,23.85121157,35.56683164
1567,0.000361748,9.57E-05,0.001263177,0.000550672,15.32669754,31.8372611,0.000227186,0.002068226,0.000532672,0.000539652,23.18583159,52.44910331,0.000438123,0.001134931,0.000329901,0.001538867,17.27865056,37.37715316,0.000749165,0.001743001,0.004009263,0.002705287,31.19602492,40.77941892,0.000724371,0.000576,0.000242684,0.001408579,17.1375546,33.01470724,0.000162663,0.000438904,0.000360453,0.000423173,19.50783756,35.38388621,0.000475281,0.000692602,0.000265472,0.000760305,21.87449849,37.88685233,0.001049814,0.005799115,0.001998733,0.007419206,22.17255173,39.62527669,0.000393203,0.000404383,0.000735924,0.000816933,23.83656201,35.50839231,0.00073397,0.000321179,0.00023947,0.000918387,27.63211338,33.83390476
1568,0.000320484,0.000310435,0.000617877,0.000165702,19.07891398,35.01739812,0.001016924,0.007372024,0.002328644,0.001172707,33.35197229,63.50327894,0.000770524,0.002498598,0.000406993,0.004010107,13.04327702,40.95033142,0.000490904,0.00054888,0.001417359,0.001150708,20.74398376,31.94624098,0.000461101,0.000560344,0.000460548,0.001827425,20.74656658,33.8777588,9.71E-05,0.00067295,0.000319884,0.000611897,12.61324827,38.5641565,0.000398207,0.000633285,0.000421504,0.001075217,27.53341127,34.0353078,0.000821995,0.005443202,0.00188598,0.007116251,22.91817027,44.10974768,0.000589029,0.000359069,0.000705322,0.000416706,26.20386623,37.06481456,0.000569385,0.001207826,0.000301381,0.002328261,26.91535834,36.25480749
1569,0.000268096,0.000385909,0.000261835,0.000510697,23.49593985,33.10126426,0.001150966,0.008177336,0.002705755,0.001755864,34.349793,64.40834438,0.001104474,0.003501353,0.000532241,0.003988087,11.60284407,39.7080644,0.0002954,0.000601492,0.000628371,0.00104163,18.02653138,32.22903406,0.00034588,0.000411562,0.000740804,0.000916292,23.40913331,36.58041803,0.000294872,0.000637152,0.000451239,0.000639818,11.83225223,39.98955177,0.000251644,0.000587513,0.000465314,0.000913715,21.57541507,34.45142883,0.000227954,0.0014075,0.000555559,0.002049653,17.63882718,40.85185874,0.000510395,0.000467348,0.000267724,0.00053391,25.9600736,33.7089064,0.001134208,0.001164867,0.000895183,0.001160376,18.12297193,35.94395976
1570,0.000177024,0.000774602,0.000483884,0.000357308,20.82108491,25.17633886,0.00041693,0.002199944,0.000998652,0.001019917,24.40819917,53.98708382,0.000837412,0.001270071,0.000631979,0.00086276,18.11782845,25.68633644,0.00018053,0.000394443,0.000697417,0.001353488,23.58980113,34.34668985,0.00033486,0.000251989,0.000690974,0.001524486,20.32231377,36.95309768,0.000236266,0.000592175,0.000574591,0.000964522,24.92823837,38.14477109,0.000241366,0.000734753,0.000284744,0.000877891,18.83939584,33.17461854,0.000416954,0.001061497,0.000868172,0.000690364,24.6973225,27.99910018,0.000318102,0.000597155,0.0002613,0.000642735,23.9889642,36.90521007,0.002494846,0.002499688,0.001392784,0.002840329,16.81794575,35.24633791
1571,9.99E-05,0.000589856,0.000408549,0.000468593,14.99065269,26.23980332,0.000295839,0.001574865,0.000992104,0.000902645,21.25646377,49.02073083,0.000278464,0.000598502,0.000496519,0.001001179,19.2910105,28.48971899,8.69E-05,0.000218196,0.000676785,0.001855369,18.05214696,36.69678909,0.000267305,0.000220769,0.000662069,0.001133809,17.81220031,29.63390885,0.000285827,0.000479892,0.00064419,0.001339456,27.54991595,35.47117123,0.000257133,0.000564899,0.000159023,0.000573025,19.34428514,33.70061405,0.000442958,0.001155278,0.000731612,0.000600481,24.20882393,36.55447424,0.00047807,0.000375332,0.000497042,0.001011791,20.42924813,33.15852491,0.001148946,0.002115524,0.000730647,0.001921069,15.65262998,34.64080221
1572,8.05E-05,0.000205242,0.000240109,0.0003735,11.14275981,31.51076797,0.000271762,0.000664614,0.000682615,0.000931988,19.06609605,43.05837307,0.000284314,0.000427172,0.000730691,0.001099428,20.26428622,36.67375702,0.0001379,0.000275831,0.000284558,0.001696098,18.26325758,32.60223462,5.34E-05,0.000301352,0.000422118,0.001602772,17.69315007,27.26193294,0.0002864,0.000558505,0.000544952,0.001479289,24.23064762,32.65181669,0.000442666,0.00035606,0.000371343,0.001075941,20.97778209,34.85393882,0.00040449,0.000459295,0.000450474,0.000650791,21.32561032,37.11006283,0.000404309,0.00086554,0.000709551,0.001745701,24.44021181,37.56989546,0.000370943,0.001501978,0.00016796,0.001661306,21.40110799,37.10683045
1573,6.54E-05,0.000230655,0.000202633,0.000216799,17.82440229,34.02464458,0.00039463,0.000598037,0.000948134,0.000615271,18.76915363,41.21014273,0.000611381,0.000541219,0.00210211,0.001917307,26.33293014,43.19111379,0.000194214,0.000280251,0.000306108,0.001080561,17.21940526,30.13609471,0.000210472,0.000523611,0.000528982,0.001085231,14.52583647,23.15059904,0.000337506,0.001731689,0.000374854,0.003040029,24.75650256,42.18343784,0.00056131,0.000605967,0.00059736,0.00182697,21.7528615,37.51993543,0.000412035,0.000460464,0.000484438,0.000655684,22.75808499,33.99747658,0.000791895,0.000789608,0.000991115,0.001606648,26.72912685,40.24038974,0.000539633,0.000497218,0.000380861,0.000795576,20.9982908,37.14517882
1574,9.61E-05,0.000247345,0.000127915,0.000282013,18.85703595,30.58651557,0.000659697,0.000524401,0.001850179,0.000671377,17.58693962,36.09894387,0.000735659,0.000497088,0.002309453,0.001970038,25.59636856,42.39104761,0.000122881,0.000395513,0.000172111,0.000619609,12.39043445,31.63922611,0.0002872,0.000209552,0.00050505,0.00143868,20.92756838,31.78114225,0.000220326,0.002244613,0.000528678,0.003745816,22.5395291,40.45057213,0.001169048,0.0013393,0.000836807,0.002214899,19.73436906,32.31427201,0.000489544,0.00085198,0.000343395,0.000510103,13.34277661,32.33844432,0.000685897,0.000318875,0.000705926,0.001096148,21.0624873,41.2499696,0.000483932,0.001331587,0.000440143,0.00148333,21.19369679,38.25184284
1575,4.18E-05,0.000150308,0.00019881,0.000388971,14.15531272,23.09177884,0.000420841,0.000294383,0.00128468,0.000611981,21.8887962,38.04054781,0.000290219,0.000521831,0.001020016,0.00091069,17.65811248,34.45782669,0.000357049,0.000408906,0.000276758,0.001111095,6.31446311,26.6131374,0.000173349,0.000828528,0.0002134,0.002465285,22.88561992,35.69651794,0.000603441,0.002905867,0.001190917,0.003578155,24.67999194,41.86785561,0.001081944,0.001228249,0.000680082,0.001887827,20.39859233,35.80066622,0.000380146,0.0003676,0.000494864,0.000339883,18.0866364,31.9769555,0.000392658,0.000229374,0.000798398,0.000913002,20.95666614,39.60278284,0.000717483,0.002108456,0.00054474,0.002970217,26.0278796,42.1963946
1576,0.000112567,0.000252052,0.000156563,0.000294448,19.90194308,29.16081011,0.000131351,0.000122385,0.000775251,0.000516515,17.11150601,34.94469102,0.000389304,0.000360225,0.000564841,0.000819168,12.80064798,33.93381786,0.000460897,0.000318435,0.000129836,0.001386519,16.50316162,31.75472895,0.000129675,0.00089813,0.000762152,0.00174591,19.38958248,40.24447059,0.000912587,0.004578726,0.001915209,0.005437747,32.1931772,42.33207568,0.000822592,0.000550587,0.000929454,0.003416923,20.18188136,33.62421675,0.000369083,0.000384517,0.000442652,0.000663863,13.96839832,31.83786149,0.000554519,0.000673328,0.000793145,0.000920664,20.75280381,38.6638224,0.000955412,0.003242668,0.000409186,0.004028398,20.11181458,43.9936145
1577,0.000164576,0.00034341,0.000158791,0.000293117,19.32996854,29.58289503,0.000161804,0.00039361,0.000679925,0.000462674,11.29403487,35.81582115,0.000667065,0.000659385,0.000579036,0.001148305,21.65811311,30.75065977,0.000212352,0.000379317,0.000156413,0.001046715,21.29026535,30.7976926,0.000446597,0.001041763,0.002574274,0.00125986,17.32125031,44.91965968,0.000578774,0.002901903,0.001021911,0.003718916,28.5547813,38.00920954,0.002234527,0.001119033,0.00221175,0.00723816,21.11917258,35.42287323,0.000292816,0.000242899,0.000504453,0.000718018,20.16371293,24.98260971,0.000321537,0.000577612,0.000405069,0.000848254,22.10672012,35.26232749,0.000923874,0.002133055,0.000813257,0.003042105,19.4824849,40.39647488
1578,0.000191212,0.000202896,0.000127943,0.000580555,15.61351529,27.00062582,0.000250585,0.000482176,0.000440519,0.000697475,16.95920288,38.98617553,0.000648154,0.000512874,0.000664963,0.001285603,21.29681668,28.15874397,0.000276036,0.000405926,0.000245642,0.001609481,24.19764983,29.23698869,0.000482652,0.00149526,0.003525224,0.001573208,25.59663666,47.26288587,0.000403402,0.001374244,0.000619736,0.001029938,17.09266431,37.10806134,0.001320041,0.000904696,0.001482074,0.003675411,19.15373769,33.10124524,0.000234409,0.00022714,0.000265743,0.000736365,24.17649087,31.16777571,0.00046692,0.000826086,0.000495486,0.001343427,22.34550459,41.57750813,0.001056581,0.001249255,0.001054986,0.00264988,19.83213392,37.86691553
1579,0.000214283,0.000211562,0.000245248,0.000477706,17.74462355,28.24140327,0.000364441,0.00036752,0.000377129,0.000719106,15.38295811,32.48380621,0.000451716,0.000352986,0.000760003,0.001530326,21.95859931,23.33413263,0.000261453,0.000353672,0.000299228,0.001711361,19.95919117,29.98945726,0.000736162,0.001914385,0.004511727,0.003361953,29.96238738,47.21325931,0.000196386,0.000973271,0.000514578,0.000559223,20.70436997,30.18269912,0.000853512,0.00057476,0.000722938,0.001847026,20.23510735,34.9117758,0.000303352,0.000920575,0.000365385,0.001250365,22.33939109,34.77617826,0.000458494,0.000846351,0.000363499,0.000413316,14.94555576,45.65876881,0.001594264,0.000776434,0.003731725,0.005011787,22.69416915,40.45236245
1580,0.000176779,0.000352779,0.00038168,0.000454688,12.22445345,31.54240145,0.000326786,0.000505461,0.000336602,0.000370519,15.10647885,30.25506528,0.00034619,0.000203169,0.000380942,0.000723248,19.14947451,25.74087826,0.000161041,0.000399847,0.000296492,0.001338259,20.63696231,33.30541088,0.002528311,0.006424982,0.017005807,0.009062137,40.53784375,59.69816905,0.000465658,0.000740948,0.000543436,0.000677803,15.61448494,33.97525068,0.00131974,0.000996603,0.001313233,0.003075548,19.4171432,39.20964726,0.000511483,0.001152499,0.000652412,0.001125647,20.98293285,38.57056556,0.000561319,0.000648611,0.00026189,0.001034663,22.98951169,40.32330887,0.001377869,0.001928395,0.004422241,0.00492416,23.85754379,43.70988416
1581,7.19E-05,0.000241399,0.000385196,0.00044977,15.65490023,29.88101308,0.000186034,0.000446569,0.000375575,0.000577228,12.32073724,34.33727959,0.000344733,0.000486222,0.000392468,0.000889668,15.51017655,26.34226877,0.000140991,0.00035806,0.000319781,0.000762945,17.94901935,35.55511109,0.0028573,0.006705453,0.017819784,0.008951859,41.91147379,60.38135576,0.00051018,0.000229752,0.000427022,0.000972975,21.01448427,36.85549447,0.000690821,0.000626838,0.000701362,0.002346676,19.24159079,37.74257,0.000352632,0.000598262,0.000624413,0.000557964,18.86111436,37.36668453,0.000436542,0.000444922,0.000264312,0.000917509,21.13420797,31.94978312,0.000469352,0.00182294,0.001502371,0.002501766,21.74034518,40.72458539
1582,0.000127646,0.000196522,0.000434641,0.000366389,14.07461498,17.7483541,0.000166609,0.000332036,0.000312197,0.000746412,10.94199528,34.4746198,0.00037554,0.000550673,0.000338172,0.000556538,17.30505758,33.46534713,0.000138936,0.00029793,0.000364817,0.000477916,15.17023868,34.46530036,0.001174991,0.002281448,0.005725654,0.003661068,33.02534485,50.98679735,0.00016258,0.000271267,0.000274688,0.001073289,19.63051189,34.85448374,0.000545082,0.000780651,0.00023136,0.001488423,16.54831394,37.99576745,0.000206522,0.000330542,0.000377759,0.000525383,15.78731392,35.25953299,0.000256719,0.000568567,0.000544039,0.000589715,16.98101768,40.36143416,0.000315562,0.001755282,0.000945154,0.003394089,17.36059649,38.78841642
1583,0.0001578,0.000248291,0.000523646,0.000700353,8.81742743,22.49661318,0.00019018,0.000299917,0.000193086,0.000900639,11.18031427,32.94819069,0.000200594,0.000461034,0.000280503,0.000753111,19.60033408,37.12157901,0.0001572,0.000475261,0.00030637,0.000462695,17.64992821,31.01664491,0.000571874,0.001038538,0.003059327,0.00236775,26.64970771,45.7274517,0.000277254,0.000455932,0.000646366,0.001141379,13.97063618,31.83175213,0.000632237,0.001377408,0.000148153,0.000467799,17.22508384,33.6473544,0.000180231,0.000357419,0.000336725,0.000635788,20.03465982,35.12982426,0.00017876,0.000868551,0.00070492,0.000783613,19.03275676,43.42590508,0.000646124,0.000611441,0.001085145,0.00237768,23.78062928,41.8445226
1584,0.000123195,0.000195402,0.000388248,0.000532514,12.18121417,25.34077287,0.000126613,0.000244223,0.000225039,0.000563455,11.46964426,28.68257436,0.000262445,0.000591777,0.000382914,0.00093413,21.80688835,35.56028303,0.000253654,0.000462435,0.000279779,0.000977906,17.53696938,29.20300439,0.000517951,0.000932718,0.002721374,0.002286173,26.49616802,43.65435035,0.000392545,0.000653492,0.001050216,0.000977507,24.9199726,37.52222622,0.000333907,0.001684713,0.000175236,0.001847893,20.23719169,29.53986771,0.000161457,0.000676838,0.000478237,0.000547533,16.25658106,33.75030899,0.00046766,0.000419201,0.000574011,0.00032328,17.92344413,38.90276183,0.000836025,0.000551243,0.000926694,0.001750481,24.36741932,41.22745399
1585,7.78E-05,0.000211694,0.000196638,0.000289013,13.59165121,33.57027314,0.000117526,0.00018493,0.000177381,0.0007453,16.31839241,23.59688563,0.000330844,0.000561718,0.000510593,0.001370237,19.5525077,33.52534345,0.000261394,0.000401409,0.000262727,0.001077065,18.63237324,31.91884785,0.000232661,0.00098883,0.001313935,0.001053184,24.26655898,39.52614473,0.000464238,0.000480865,0.001148505,0.00033487,24.85090555,36.71435066,0.000100234,0.00083008,0.00029809,0.002644287,20.07339243,32.45458974,0.000369583,0.00105564,0.000533366,0.000722638,24.14282111,34.91665718,0.000553381,0.000389821,0.000992062,0.001034427,23.3010744,40.08392829,0.000702878,0.001423719,0.000597341,0.001452007,20.57654435,33.10810213
1586,0.000152869,0.000166882,8.27E-05,0.00018223,8.961156389,33.88627171,0.00014453,0.000253356,0.000164318,0.000923915,13.59119126,23.99253844,0.000420084,0.000368363,0.000392963,0.001419223,18.81286541,34.53263709,0.000367175,0.000266038,0.000315565,0.000974856,11.63199266,25.04124433,0.000232956,0.000609448,0.000143762,0.000396977,18.90190674,34.24300739,0.000771472,0.001106946,0.002684431,0.001663569,21.50154659,39.44608303,0.00011962,0.002046323,0.000415039,0.001152784,22.08315516,41.41926728,0.000350178,0.001083243,0.000969886,0.000694578,25.4378945,38.69446786,0.000501547,0.000466834,0.001207092,0.001442504,20.36725789,42.05265942,0.000527893,0.001050799,0.000521757,0.00117454,18.30620818,33.78695049
1587,0.000147138,0.000166953,3.74E-05,0.000527787,14.09265451,28.65913666,0.000176234,0.000278077,0.000200381,0.000727308,16.5430558,31.75443959,0.00033541,0.000497327,0.000337975,0.00136996,18.71726298,33.47700837,0.000363525,0.000445473,0.000511773,0.00064416,14.56276054,31.71388555,0.000261481,0.000621717,0.00048631,0.001056743,8.459414474,31.49367254,0.0014431,0.002250176,0.004985375,0.003267541,23.66805269,44.42467228,0.00036935,0.007363143,0.000453219,0.009487573,21.67771666,47.7652075,0.000474526,0.001104664,0.000747109,0.001181058,22.46496508,33.33032768,0.000434979,0.000674086,0.000789738,0.000662382,17.45119577,37.10182823,0.000576262,0.002051164,0.000675711,0.001806228,20.6114433,36.69416263
1588,0.000130583,0.000218422,0.000389572,0.000588791,19.4710063,34.21532721,0.000195073,0.000482288,0.000177667,0.000267061,19.51432475,28.8275649,0.00014688,0.000363289,0.000235471,0.001529719,17.64519379,24.65759242,0.000204491,0.000490252,0.000670094,0.001075603,12.02174757,28.14428802,0.000226423,0.000380427,0.000466369,0.001307246,10.98390635,36.62612817,0.003529848,0.006643618,0.012956214,0.009405568,32.91439692,51.87115736,0.000461438,0.0094873,0.00069569,0.012358927,22.5213754,48.53395275,0.000341851,0.000708602,0.000423767,0.00059934,14.62837191,29.27719444,0.000255283,0.000736666,0.000800652,0.001059606,20.85198776,40.51712096,0.000378821,0.002040594,0.000586662,0.001694775,24.29261606,36.1193521
1589,0.000545946,0.000246169,0.000945235,0.000579089,17.34963027,36.94849967,0.000152621,0.000433441,0.000343951,0.000789148,16.68455422,26.11831232,0.000260699,0.000488429,0.000203306,0.001393657,17.80637642,28.81597328,0.000181463,0.000442514,0.000594101,0.00062531,16.26903237,33.83977512,0.000389711,0.000759204,0.000335517,0.000961993,19.33953897,32.45184684,0.005350562,0.010468692,0.019801337,0.015287634,38.29392639,55.36787533,0.000696813,0.008565905,0.00075868,0.010143551,21.27227841,46.84671602,0.000437948,0.000770186,0.000364029,0.000861059,19.65316593,33.59820632,0.000761121,0.000554643,0.001361972,0.000749143,21.46527185,41.94986357,0.000223304,0.000565349,0.000420402,0.001102796,22.36181644,36.51430444
1590,0.000822297,0.000501253,0.001117998,0.000810935,10.29688481,35.15917831,0.000220053,0.000237954,0.000264223,0.000807032,15.24234509,32.50326676,0.000416519,0.00050658,0.000587726,0.000345538,17.76718963,22.21977555,0.000348287,0.00049723,0.000339374,0.000695352,15.59075659,28.7525242,0.000704714,0.001224446,0.000660016,0.002132712,18.66962186,35.04025297,0.004173858,0.00749173,0.014079664,0.010932537,37.01593826,53.40528049,0.002159126,0.031989822,0.001376856,0.03856129,27.78858035,59.26182131,0.000447315,0.001181096,0.000402513,0.001346459,16.91348344,38.24997659,0.000621366,0.0005856,0.001084387,0.000837412,19.10196507,37.93177929,0.000253189,0.001392789,0.000724019,0.001564733,20.44190968,37.62204186
1591,0.000364363,0.000839051,0.000460509,0.001195177,14.30353628,31.53223966,0.000162745,0.000275928,0.000377987,0.000939513,12.2461728,31.80023951,0.000310814,0.000544687,0.000656841,0.000998426,19.49834643,33.86249445,0.000305868,0.000552279,0.000758718,0.001703926,14.80141583,28.29398841,0.000508362,0.000775266,0.00056243,0.001514017,17.64947841,28.95850085,0.001744074,0.00253019,0.005455681,0.003788271,28.38235568,44.88419051,0.002670587,0.041823617,0.002357677,0.050657265,28.50377418,61.73888236,0.000241302,0.00103407,0.000171516,0.001125607,12.19542562,40.06340142,0.000231359,0.000323923,0.000985006,0.000535825,12.87730852,37.68168146,0.000281912,0.002391982,0.000460052,0.00164722,22.51717632,38.40127105
1592,0.000300013,0.000861824,0.000375414,0.001014829,10.10563471,36.65743777,0.000279455,0.00049584,0.000435852,0.000697466,13.39214716,33.23401083,0.000339232,0.000363345,0.000433387,0.001044465,12.65842159,33.92345872,0.000435056,0.000711093,0.002166678,0.003099484,5.597012745,36.28264491,0.000972325,0.003790892,0.001823764,0.004922819,20.18309552,43.74599351,0.000789278,0.001117362,0.002509771,0.00144426,17.91887659,39.90212996,0.00101185,0.014915896,0.00158599,0.017276256,20.08890981,53.01333661,0.000394055,0.000718506,0.000505415,0.000560761,20.96319332,39.61657454,0.00025693,0.000839297,0.000663022,0.000337065,21.53520078,37.15675589,7.20E-05,0.001311973,0.000281149,0.001154262,23.47006914,36.81762741
1593,0.000498152,0.000648994,0.000780127,0.001798033,14.02601403,38.85836123,0.000262175,0.000350019,0.000340538,0.000837452,17.17455825,35.11139385,0.000261864,0.000257797,0.000202613,0.001110898,13.2732278,31.76210015,0.000520159,0.000941131,0.00281927,0.003981304,12.01335177,39.72852778,0.001835697,0.008788332,0.003697933,0.009671712,24.8679666,50.55099573,0.000551999,0.000901486,0.001640379,0.000966553,18.90862884,40.35900214,0.001336835,0.008401613,0.006435427,0.010791394,23.035302,48.92332307,0.000794696,0.001112657,0.001449219,0.000889858,23.10116091,40.60978728,0.000305884,0.000454893,0.00052291,0.00056805,21.43244214,40.27793786,0.000339955,0.002806811,0.000152283,0.003181362,22.55348597,37.673353
1594,0.000393759,0.000987189,0.00059586,0.001983434,9.208777874,34.33527364,0.00014516,0.000223782,0.000348398,0.000634129,17.701647,35.83984603,0.00031113,0.000315908,0.000253851,0.001089134,17.47367229,27.85284147,0.000164491,0.000389363,0.001542793,0.00288201,14.92556832,36.68357995,0.001161571,0.00629335,0.002201703,0.006770718,25.9932348,47.7411914,0.000304673,0.000325429,0.000667127,0.000602087,18.73137082,37.64107489,0.002160442,0.009070289,0.009673108,0.013210364,28.12904054,49.29761605,0.000682721,0.001048301,0.00172656,0.000926148,21.70583201,38.73832363,0.000313265,0.000468458,0.000598413,0.000526488,16.74765624,39.45127464,0.000286422,0.002650306,0.000510221,0.002962073,20.89183264,33.84905413
1595,0.000257472,0.001552122,0.001170934,0.003122786,15.66737966,25.63492052,0.000186336,0.00042138,0.000259426,0.001130576,13.25318303,36.41311233,0.000361505,0.000274427,0.000376553,0.001458181,13.68172792,35.58670002,0.000280352,0.000644666,0.000555676,0.001348526,15.99540964,29.97002333,0.000522899,0.001313855,0.000471961,0.002352374,22.35393425,35.46339263,0.000417975,0.000703267,0.000857943,0.001263394,17.09331434,37.93985924,0.000666602,0.005142087,0.004309049,0.007121402,21.16465853,48.78622067,0.000183459,0.001420973,0.000582794,0.00043635,15.22473127,32.385185,0.000456533,0.000560993,0.00080138,0.000594291,21.36333396,35.44767362,0.000258392,0.00228135,0.000555335,0.003683892,19.86632601,37.94586832
1596,0.000229827,0.000940337,0.000557399,0.001914514,16.99809855,31.34345453,0.000306982,0.000514279,0.000330966,0.001448391,9.354670761,33.20754773,0.000314161,0.000209676,0.000383661,0.001917093,8.244680898,36.51506719,0.000364345,0.000586252,0.000292276,0.000243178,13.64052679,32.25183153,0.000666339,0.00155628,0.000845794,0.002429136,19.12100717,39.07673329,0.000747249,0.000945143,0.000545579,0.002015325,20.95102284,35.42067641,0.001450605,0.003592463,0.002512772,0.005950875,17.81368961,49.85451047,0.000267829,0.001379719,0.000332535,0.001642365,13.96178575,30.93191902,0.000571074,0.000711135,0.000658387,0.000440365,23.05793185,38.29730382,0.00026903,0.001347541,0.00054513,0.001981011,16.43452123,33.75294405
1597,0.000212183,0.000287461,0.000322157,0.000355681,17.99602965,38.26135889,0.000396181,0.000112659,0.000786124,0.001672441,11.39958783,40.12612774,0.000316382,0.000443498,0.000454542,0.001166472,15.22620849,36.40805571,0.00050927,0.000370324,0.000209942,0.000864489,12.89497425,31.99138454,0.000452168,0.000972442,0.000453738,0.001340306,10.09931451,37.80270977,0.000815214,0.000934413,0.000524515,0.001997511,25.56630395,36.24946396,0.000756807,0.001007952,0.002485047,0.002529699,19.57037577,43.42393503,0.000533204,0.001082776,0.000342064,0.001760942,18.26665312,31.08421701,0.000451215,0.00093152,0.000608495,0.000747408,22.83073424,37.81767062,0.000257873,0.003067451,0.000844358,0.003021944,22.19492843,37.36977511
1598,0.00019763,0.000259467,0.000409717,0.000308823,20.3348645,35.24388269,0.000652026,0.00044462,0.001594759,0.003134555,12.81910002,44.32363436,0.000510719,0.000368179,0.001134771,0.000608189,18.14649814,39.80589612,0.000386659,0.000365129,0.000259657,0.001873198,7.71233855,37.8670519,0.000142927,0.000122362,0.000647888,0.00116713,8.347626225,27.24800331,0.001536533,0.001689628,0.000736707,0.003385567,26.44638266,33.4449627,0.000145534,0.00091123,0.001060545,0.001482079,15.7438284,31.24812762,0.000498406,0.000513279,0.000480541,0.001247311,16.63310184,37.16443476,0.000419511,0.000983004,0.000627317,0.000690872,19.20665914,33.38525989,0.000343398,0.001791662,0.00091994,0.002034669,23.44710147,40.00626034
1599,0.000149452,0.000361204,0.000410137,0.000401253,17.10980667,23.07302151,0.000241824,0.000325167,0.000895888,0.002025682,8.451321582,40.79071589,0.000487868,0.000196524,0.001142603,0.001184581,13.62251604,39.16279755,0.000168991,0.00022737,0.000374383,0.001689398,9.813218968,37.54904319,0.000218339,0.000397773,0.000757951,0.000785782,15.85653028,34.83863428,0.001652065,0.001785104,0.00108632,0.00358605,22.90172391,39.0845068,0.000203559,0.000476434,0.000240237,0.001730188,12.33731182,39.01745935,0.00052493,0.000873476,0.00054321,0.001378299,20.47469692,37.06227722,0.000655325,0.000640245,0.000463837,0.000768347,14.09565819,36.62299919,0.000296857,0.001173559,0.000743245,0.001370977,18.99437887,42.8346267
1600,9.83E-05,0.000385273,0.000355652,0.000427953,15.89581509,23.95478022,8.49E-05,0.000305198,0.000436665,0.000882937,8.030031599,34.5257719,0.000326448,0.00018046,0.001133242,0.001147039,17.92077487,31.87778997,9.37E-05,0.000476969,0.000625921,0.000894732,15.01744882,33.03781163,0.000185811,0.000355015,0.00030824,0.000996257,10.51858974,35.40883661,0.000638166,0.00070774,0.000643004,0.001622928,17.33476604,33.06794629,0.00010254,0.00058421,0.000679067,0.001365613,12.51481199,42.04934805,0.000509359,0.001016187,0.000734639,0.000839629,20.33878269,29.38323552,0.000543488,0.000446911,0.000205237,0.000656419,13.45037146,38.66400755,0.000322442,0.000994388,0.000209505,0.001018287,18.42385013,38.78998511
1601,0.000103849,0.000153843,0.000237519,0.000116206,15.26688953,31.63181478,9.68E-05,0.000568141,0.000223876,0.001351765,10.28939278,30.87832509,0.000146603,0.000242129,0.000903687,0.001089745,19.69327154,31.42595637,0.000329387,0.000740214,0.000831207,0.001217268,16.78927039,34.32660787,0.000149571,0.000643024,0.000415,0.00098993,13.59888961,31.84346939,0.000309884,0.00033909,0.000322216,0.001356846,19.45650096,21.61056534,0.000206233,0.000846854,0.000759178,0.001000502,14.3741307,38.40955935,0.000409699,0.00071139,0.0009003,0.000962594,22.08280511,34.50654272,0.000545222,0.001439094,0.000616505,0.00167626,14.14532368,36.74449793,0.000372908,0.000801451,0.000902147,0.001257348,20.39521433,33.40456187
1602,0.000114807,0.000194692,0.000694348,0.000302874,13.82594888,36.44966835,0.000147869,0.000468838,0.00021911,0.001213409,9.787294614,32.06246186,0.000284494,0.000363747,0.000529877,0.000479476,19.26550366,30.63325492,0.000584076,0.000491307,0.000830852,0.002618012,17.5995561,34.89866167,0.000117594,0.000438032,0.000191189,0.001369452,11.34731482,22.93836686,0.000419194,0.000979299,0.000762305,0.000674354,22.87066589,27.72174923,0.000258239,0.000794238,0.00057279,0.00174967,16.36341314,35.61953919,0.000201066,0.000662611,0.000629839,0.000481409,22.69433321,29.49281341,0.000655269,0.001679531,0.000533537,0.001186128,16.02704604,38.60746757,0.000318533,0.000654932,0.001032893,0.000870557,24.80059249,39.98684929
1603,0.000261795,0.00015058,0.000440853,0.000407153,16.49763394,30.8560517,0.000190013,0.001194648,0.000391207,0.002237416,10.10978773,35.62574464,0.0003018,0.000482947,0.000379364,0.000709557,16.62826098,27.60895792,0.000792769,0.000913154,0.000509725,0.003867104,15.23200103,38.97397326,0.000100059,0.000370195,0.000730987,0.001288297,8.47498515,30.0627406,0.000197597,0.000711826,0.00149539,0.001001408,21.02247391,35.02289577,0.000212069,0.000603347,0.000662038,0.001349706,15.52652817,36.31540827,0.000192747,0.000305159,0.000284143,0.000728216,20.58603991,34.96286151,0.000848436,0.00141037,0.000387156,0.000599204,13.61277943,37.92282557,0.000319941,0.001136361,0.000457891,0.001485898,24.54787439,38.52508784
1604,0.000200128,0.00032011,0.000418829,0.000190892,19.27858646,30.97389721,0.000144666,0.001297068,0.000443129,0.002229328,14.89851181,37.17535703,0.000161027,0.000250275,0.000269437,0.000930513,15.93713583,37.92663733,0.000619224,0.000878708,0.000310756,0.002263858,16.58593374,36.24756627,0.000200222,0.000449772,0.001608342,0.001915584,17.14805979,37.45182494,0.000476067,0.001168841,0.00230747,0.001450072,16.26771063,40.40012965,0.000172016,0.000690986,0.000818394,0.001205631,15.38648406,38.04493009,0.000228728,0.000920234,0.000347588,0.000930923,18.69989575,32.11703089,0.000817097,0.000851611,0.000484248,0.001285588,16.98400262,32.10596257,0.000144291,0.001234583,0.00024325,0.001334333,23.91836028,37.69172602
1605,9.00E-05,0.000512663,0.000553498,0.000988166,19.02021642,32.69964875,0.00015348,0.000679869,0.000204278,0.000912358,13.07674202,36.47689676,0.0001424,0.000537983,0.000663636,0.000931193,18.37018167,39.95150097,0.000209863,0.000803928,0.000570093,0.000701815,18.51147183,30.40473826,0.000571355,0.000565127,0.001904599,0.002753892,22.83028441,33.71464759,0.000483748,0.001284419,0.001933217,0.001320398,20.60156566,39.37076557,0.000350347,0.000467467,0.000820854,0.001412955,15.7735609,35.94316291,0.000203877,0.000955703,0.000608929,0.00072236,18.05755552,33.47485034,0.000532272,0.000936593,0.000957206,0.001784752,20.01829154,31.7493837,0.000186657,0.000902428,0.000686806,0.000883598,24.43806386,35.13831341
1606,0.000208129,0.000422595,0.000537726,0.001201318,16.12855614,32.44900478,5.28E-05,0.000412864,0.000455966,0.000707819,15.31333913,30.42263974,0.000217838,0.0006307,0.000875393,0.000548256,20.55323464,41.35987353,0.000261026,0.000450172,0.000305886,0.001055178,18.20453126,35.85493608,0.000663635,0.000906668,0.001680777,0.003010195,21.47539252,26.04919083,0.000411922,0.000602446,0.000980329,0.0003447,20.87475954,34.83194725,0.00044067,0.000531883,0.000563333,0.001038469,18.02287082,33.75629005,0.000203149,0.001060833,0.000946074,0.000922074,22.34231808,34.69171252,0.000598117,0.001144788,0.000981015,0.001859051,23.96950642,38.6781023,0.000359233,0.001790594,0.00060349,0.001217498,23.81460478,35.89764505
1607,0.000185944,0.000159118,0.000463318,0.000765791,8.999895717,24.58045079,0.000135939,0.000430879,0.000467114,0.000880658,17.75193979,37.58964288,0.000214328,0.000573864,0.000454985,0.000756115,18.66944655,40.58301535,0.000166483,0.000210082,0.0002194,0.00068766,8.67637,35.87612337,0.001834004,0.00381127,0.008560448,0.005234274,25.95299203,39.94114548,0.000429129,0.000430379,0.000686847,0.000815369,19.88753989,26.41804526,0.000228457,0.000880474,0.00061652,0.001088803,12.39174943,30.57285792,0.000161777,0.001357217,0.00061199,0.001203363,25.19891491,28.52092454,0.000399565,0.001239961,0.000731036,0.002289279,20.50421098,37.27137557,0.000423233,0.002150481,0.00034381,0.001287876,25.30310936,40.80026652
1608,0.000149521,0.000261733,0.000273202,0.000649089,6.713486396,21.25023875,0.000160527,0.000247654,0.000547014,0.000575506,17.02531322,31.6728716,4.91E-05,0.000589857,0.000377044,0.000811139,16.89637342,36.88250836,0.000216483,0.0002531,0.000462658,0.000596936,15.43765557,33.84116221,0.00251,0.005214655,0.011839675,0.005646851,28.3734333,44.85125797,0.000227302,0.000852869,0.000565228,0.000836803,20.99519399,36.43462356,0.000274908,0.00076124,0.000724037,0.001552545,18.45676014,31.65233209,0.000399921,0.001390839,0.000209618,0.001171224,22.27802406,37.86119887,0.001236792,0.001786113,0.000831791,0.003050796,16.6944833,37.62566694,0.000482228,0.000529139,0.000986286,0.000592175,27.3008444,33.55538414
1609,7.09E-05,0.00027655,0.000274648,0.000458824,14.11075438,31.10526188,0.000147224,0.000222638,0.000614343,0.000980296,15.20263072,25.45625505,0.000196802,0.000225073,0.000538252,0.001128825,13.25595844,34.50670068,0.000202298,0.000365874,0.000469218,0.001158567,17.74727377,25.93732241,0.001185423,0.002558406,0.005594744,0.002384629,22.08221238,39.97158052,0.000427543,0.001781175,0.001553615,0.001457434,21.96750849,39.20875734,0.000330382,0.001387158,0.001144073,0.002491341,9.518825722,37.34683272,0.000295099,0.001491143,0.000526484,0.001484171,17.21805164,36.23444244,0.001066546,0.002385811,0.00047338,0.002636871,17.99037873,41.77621156,0.000365583,0.001730017,0.000900887,0.001931072,26.78141414,35.64146897
1610,0.000113209,0.00033575,0.000385237,0.000680095,14.46184244,33.54944424,0.000250665,0.000192893,0.000484697,0.000822966,13.45660434,27.81106297,0.000229713,0.000389883,0.000505346,0.001363025,19.12791615,34.22321689,0.00019607,0.00015998,0.000578919,0.001419538,18.1991536,25.3222985,0.000499635,0.000731823,0.001782937,0.000789208,13.44102283,32.64870285,0.000671554,0.002097871,0.00272944,0.002068247,21.26363679,40.51621487,0.000230494,0.002014787,0.001626479,0.00251139,18.32610726,38.78937429,0.000251931,0.001501135,0.000627886,0.002195396,20.06761079,34.25404776,0.000699859,0.002588555,0.000306438,0.002239327,15.45285295,37.19459095,0.00023897,0.001939056,0.000868134,0.002205296,25.02738995,32.85585527
1611,0.000143886,0.000327466,0.000726359,0.000246173,14.86913316,40.82728738,0.000228628,0.00028495,0.000528696,0.000985337,13.48392901,36.27080051,0.000361661,0.000253944,0.000487588,0.001426568,18.57746734,34.1461019,0.000247835,0.00061649,0.000628581,0.00175458,19.33604143,35.00921832,0.000427001,0.001104706,0.001776126,0.001216748,12.2328363,36.03317952,0.001202514,0.002709161,0.004863064,0.002604625,15.70668511,41.17587119,0.000334356,0.001335181,0.001027172,0.001534645,19.59375322,33.15245235,0.00036488,0.002778228,0.000739817,0.00262829,21.3724938,39.72863054,0.000472625,0.002259353,0.000749896,0.002379137,18.55052742,31.33721884,0.000373778,0.001474339,0.001027064,0.00158669,22.45304677,30.42834634
1612,0.000408637,0.000459683,0.002005605,0.00100326,18.61851553,37.23912128,0.000217807,0.00038548,0.0006971,0.001228117,14.85798568,33.6711226,0.000346122,0.000373137,0.000542761,0.001642483,16.8537354,34.55408987,0.000231778,0.00069447,0.000654462,0.00133244,17.6444437,35.52750631,0.000273261,0.000607916,0.000618586,0.002009918,20.36312827,31.53131619,0.002392278,0.005071316,0.009806137,0.004204385,14.59300778,44.63845465,0.000615489,0.001147607,0.000816797,0.000958744,12.22674421,38.93000703,0.000462685,0.003906386,0.000549763,0.002569558,20.46607133,40.73265985,0.0002441,0.001334061,0.00082371,0.00187704,20.67416753,37.01866163,0.001116835,0.001929034,0.003200672,0.00402771,19.84854777,42.37408862
1613,0.000345983,0.000943279,0.001589899,0.001013854,18.66401021,28.78161674,0.000289453,0.000483592,0.000761535,0.001097682,17.93772136,33.63033892,0.000237299,0.000468469,0.00042014,0.001044529,15.45842758,30.66320593,0.000205676,0.000264047,0.000405383,0.000795976,17.25171988,32.63019416,0.000598027,0.001399722,0.000375971,0.001172591,20.8391388,30.09237002,0.00283467,0.005188209,0.010677017,0.003879255,19.53147642,44.24543656,0.000758573,0.001212444,0.000682493,0.000772428,15.54373057,38.99337706,0.00038149,0.002860133,0.000726546,0.001951923,21.68664579,33.23199104,0.000360473,0.000464031,0.00043518,0.000896667,20.59083074,34.57872274,0.000915522,0.002462982,0.003922348,0.004045012,24.17484182,42.35315807
1614,0.000290867,0.001316905,0.000266074,0.001393756,15.7038734,29.59177595,0.000288611,0.000470886,0.000461781,0.000742273,17.44816285,34.43064807,9.70E-05,0.000453157,0.000312951,0.0006627,14.16100356,26.97334513,0.000294164,0.000472936,0.000206421,0.00095924,18.7435958,26.71104662,0.001163764,0.003543673,0.000538302,0.004481464,19.39320628,26.20699054,0.005480758,0.011688739,0.019089699,0.009027903,28.37699275,51.52527352,0.000472367,0.000608641,0.00036469,0.001062471,11.75850168,23.10567754,0.000298514,0.001250436,0.000385704,0.000715468,20.12227667,26.49945511,0.000214897,0.000707598,0.000632878,0.000651482,21.35716346,35.97528596,0.000336265,0.001266944,0.001401885,0.001863425,22.82536935,32.42161821
1615,0.000191183,0.001166414,0.00077832,0.001577952,20.82056454,33.38013802,0.000131193,0.00024513,0.000278445,0.001228479,17.45243898,27.14213005,0.000312534,0.000308383,0.000504357,0.000580177,18.82539089,32.1290599,0.000410293,0.000634956,0.000188547,0.001079415,16.16327909,30.22277861,0.000863178,0.002486533,0.000556966,0.003341753,15.26162459,34.97354105,0.009503115,0.023043565,0.032651036,0.017207961,31.81491297,56.54919388,0.000115185,0.000565174,0.000423083,0.000994738,14.48293658,34.24269054,0.000381222,0.000776402,0.000461012,0.002071255,21.04007912,33.74100022,0.000281721,0.001525578,0.0009381,0.001022311,24.26338048,27.67927484,0.000548782,0.001414961,0.001241607,0.001439038,17.33950613,35.74114541
1616,0.000168992,0.00067043,0.000549064,0.000857728,21.03619231,30.62662534,0.000120497,0.000424108,0.000352284,0.001187435,16.13401794,32.30138996,0.00052074,0.000370057,0.000457188,0.00070909,19.0975593,29.28158583,0.000307792,0.000487743,0.000411879,0.000802608,16.38833229,34.80169512,0.000175537,0.000535591,0.000474102,0.00094648,14.88912154,32.65999633,0.022006906,0.051816501,0.072279298,0.038956949,34.4349621,64.08002855,0.000245557,0.000789023,0.000365031,0.000894201,22.40167841,28.04263532,0.000263138,0.000773146,0.000422153,0.001419676,21.2654436,37.57107382,0.000594572,0.001630991,0.000718851,0.001362133,25.33247272,32.50983854,0.000748994,0.002334805,0.000817042,0.002011874,22.99368289,31.66619898
1617,0.000188198,0.000659686,0.000375388,0.001075563,19.45321107,28.5630431,0.000169392,0.000648708,0.000300313,0.000768238,12.22908694,35.25240262,0.000515842,0.000365867,0.000396562,0.000627945,17.60110064,30.66852354,0.000191431,0.000434404,0.000630269,0.001006819,18.37993443,38.16973656,0.000281181,0.001080957,0.000445997,0.001551166,19.39433459,37.50897419,0.043210467,0.102067119,0.140981619,0.076000142,39.11428864,69.4668672,0.000225743,0.000410471,0.000826745,0.001294992,23.73372687,39.54225937,0.000211951,0.000717131,0.000370026,0.001191703,22.19196214,31.90701689,0.000601064,0.001321022,0.000762141,0.001228183,22.36598058,34.76541292,0.000620865,0.001817,0.000526735,0.001644664,25.24787155,37.39682807
1618,0.000173372,0.000801195,0.000288305,0.000729754,18.15402462,34.50047682,0.000149894,0.000481492,0.000455914,0.000694238,13.02150137,36.32489831,0.000649846,0.000728465,0.000272969,0.000919231,15.51855816,33.49212792,0.000299011,0.000472846,0.001672299,0.001008135,21.47626382,45.54796406,0.000335783,0.000599946,0.000578474,0.001512004,17.89433908,37.41245561,0.039272843,0.099469602,0.133774141,0.073138518,39.5066364,68.05283087,0.0001788,0.000350917,0.001337965,0.001172989,21.19354641,41.0704527,0.000215062,0.000922139,0.000351025,0.001146226,16.7121503,33.84093104,0.000399778,0.001469951,0.000575859,0.001705673,14.85711344,38.57346058,0.000369003,0.001467859,0.000825566,0.00120154,24.57943026,34.23286931
1619,0.000235179,0.001730431,0.000332938,0.001782059,13.42278049,30.60946248,0.000215181,0.000527789,0.000522823,0.001065805,12.42691204,30.59568414,0.000571946,0.00038996,0.00045551,0.001394553,13.60372285,32.40735143,0.000567537,0.000434053,0.002545343,0.001088307,24.22657258,48.81488391,0.000269221,0.00035864,0.000508178,0.003632802,16.72107543,30.38207875,0.017710089,0.045890459,0.060256247,0.03298056,35.58478634,61.17869026,0.000161192,0.001590944,0.001143794,0.001561813,14.24693359,36.69085457,0.000249726,0.000725706,0.00059445,0.001203567,16.85555365,36.63469128,0.000366792,0.001624251,0.000419038,0.001940597,23.41354042,42.01445688,0.000376254,0.000831607,0.000773435,0.000778697,21.76912188,33.83570607
1620,0.00018363,0.00099422,0.000417754,0.001322183,16.7809818,27.81699034,0.000121324,0.000351883,0.000525636,0.000867169,10.62899668,25.28174491,0.000374788,0.000365468,0.000547822,0.001876498,16.97252329,32.81258153,0.000479329,0.000555213,0.001438985,0.000622918,22.52050549,45.40896857,0.000327024,0.001466469,0.001199401,0.005961427,13.75193128,30.83100739,0.006703256,0.018310955,0.023483038,0.013355261,32.43980181,52.60813296,0.000463908,0.002631715,0.002060684,0.002060122,21.01262843,36.93400022,0.000303111,0.000399556,0.000848111,0.000808376,21.34813082,32.54401346,0.000347341,0.001219034,0.000533736,0.001603836,19.6933154,44.43148402,0.000344761,0.00243596,0.00078991,0.002314693,22.70264324,37.31473397
1621,0.000213589,0.001512493,0.000370938,0.002344671,16.56494406,30.65856758,0.000268174,0.000934209,0.001249873,0.001612324,11.83879952,31.69277062,0.00027009,0.000660972,0.000808828,0.001324332,11.94188767,29.15375189,0.00031888,0.00043781,0.000250612,0.001153973,20.76494253,28.5793756,0.000200558,0.001575627,0.001133165,0.00431945,12.59547316,30.60893409,0.004439438,0.012792943,0.016232324,0.008989997,30.44938882,50.19336802,0.000682095,0.002481234,0.002397283,0.002196277,17.37430427,39.10906805,0.000294803,0.000412892,0.000836126,0.000431037,22.79153111,28.96396243,0.000233971,0.001479975,0.000798786,0.002375015,20.35275647,44.44666308,0.000442453,0.001058487,0.00072577,0.001277282,21.63333395,29.51493636
1622,0.000287437,0.001621872,0.000695459,0.002188284,18.77901287,35.4312152,0.000378753,0.001023126,0.001504354,0.002026163,14.46162184,37.12976115,0.000145334,0.001072574,0.001183981,0.001561839,7.302954457,32.79248808,0.000748958,0.00150635,0.000255508,0.001140068,21.13092734,35.72236228,0.00024341,0.000643197,0.000470569,0.002126185,16.88146337,31.32591372,0.000946172,0.003253504,0.003865126,0.001824255,19.20685232,42.00442616,0.00074193,0.004049525,0.002900318,0.003031339,22.46811169,41.6853627,0.0004292,0.000500725,0.001120833,0.000820037,18.52461898,32.15109696,0.000687542,0.003923702,0.000532377,0.004248331,22.10355986,40.48509706,0.000538877,0.001463477,0.000594174,0.001450864,16.75683049,34.5684269
1623,0.000475439,0.002633148,0.000796085,0.003212961,18.86165474,38.92782165,0.000214819,0.000471089,0.00095174,0.001303097,10.89861332,33.23484759,0.000511069,0.001420299,0.003084354,0.000917263,18.12674424,44.03695059,0.000904357,0.001624516,0.00024179,0.001342758,19.00081285,33.33320655,0.000281792,0.000466079,0.000765744,0.00158067,17.17001702,32.012145,0.000933291,0.002341974,0.002387223,0.002026378,15.63997846,38.31324059,0.002243429,0.011556975,0.00904524,0.008103878,33.33678949,51.18240178,0.000508983,0.001356535,0.001785808,0.000890733,15.54156306,37.97757657,0.000570011,0.0037417,0.00028716,0.00417328,22.39637845,37.41098035,0.00033252,0.001494845,0.000638938,0.00160468,22.52997905,32.20694113
1624,0.000440763,0.004412052,0.000707497,0.005838858,19.06506011,44.58796064,0.000216133,0.000799448,0.000750519,0.000561462,14.06609956,29.51381709,0.000774306,0.001052221,0.003380304,0.001192658,20.1162132,44.04226322,0.000487715,0.000900614,0.000571308,0.000814983,20.10840868,33.53310169,0.000182427,0.000863986,0.000429799,0.001641887,7.325693837,27.25774713,0.000301697,0.001343741,0.001209943,0.001174346,22.07012424,35.80160085,0.00176868,0.008914853,0.007868821,0.006481296,33.32943142,49.96633307,0.000821814,0.003218376,0.002687514,0.002151426,18.94354055,40.64324879,0.000480498,0.005388692,0.000235656,0.005621741,23.53512157,38.59084791,0.000274976,0.000893621,0.000720855,0.001427344,24.02329017,29.7238792
1625,0.000559825,0.010615466,0.000509882,0.013020001,21.12501142,32.15012154,0.000203555,0.000953838,0.000497076,0.001448713,16.5390155,33.99451244,0.000269728,0.000620407,0.001386695,0.000514,21.25304026,35.90429834,0.000446817,0.000666376,0.000429375,0.000215719,11.64377907,26.08415881,0.000204849,0.000656995,7.60E-05,0.002130638,16.57201409,27.6719903,0.000298759,0.001341096,0.001634014,0.000818479,22.94595246,38.53897057,0.000395891,0.00077983,0.001941965,0.001053689,25.6589919,35.69516195,0.000595657,0.002829829,0.001949961,0.001730963,23.73534836,39.56272534,0.000633011,0.006486658,0.000457884,0.007288465,23.39507776,39.24837685,0.000425899,0.001282008,0.000660892,0.001462069,21.25547935,29.01410013
1626,0.000716746,0.008079002,0.000921699,0.011310972,32.12455865,58.82246018,0.000125651,0.00032749,0.00053701,0.000888602,15.34626664,33.43190578,0.00079898,0.000772258,0.000686349,0.001483584,21.25001546,32.16589459,0.000285506,0.000370263,0.000560116,0.0006989,16.15508512,28.57396436,0.000310083,0.001338786,0.000475586,0.003193822,19.96006166,31.81442581,0.000405681,0.001546593,0.001832094,0.001371041,23.56718603,42.09264107,0.000726356,0.002821136,0.002589925,0.003129186,27.6872038,34.57338418,0.000342786,0.00100998,0.001070797,0.000845539,24.30261054,40.60698443,0.00073887,0.006244228,0.000954629,0.00706062,22.09962628,40.76353917,0.00061671,0.002137142,0.001050929,0.001815292,22.56187438,35.09956721
1627,0.002605278,0.04759546,0.003518509,0.058474006,38.68610191,64.88044254,9.75E-05,0.000240745,0.000598227,0.000896517,19.20231933,29.44554201,0.000703521,0.000919248,0.000612762,0.001700375,13.70627177,32.54300722,0.000222675,0.001158585,0.000664612,0.000577034,18.82025907,35.38931926,0.000413743,0.003126612,0.000680348,0.003275174,20.61219015,34.75857774,0.000380308,0.001225356,0.001437759,0.001151001,24.7945481,39.0148502,0.000291011,0.002265289,0.001465842,0.002543886,25.36299835,37.82480789,0.000425059,0.00109423,0.000776844,0.000352927,21.37944928,34.45159642,0.000686683,0.004550497,0.000674502,0.004692828,18.78652914,38.32190155,0.000283092,0.001004719,0.001139379,0.001049007,19.90653101,39.82488687
1628,0.005597117,0.105019656,0.00667346,0.130563994,35.76656447,61.88697858,0.000202757,0.000371422,0.000410522,0.00125329,12.67514688,24.80411184,0.000402374,0.000491182,0.00058432,0.000635764,14.89888077,32.99983398,0.000158362,0.00078096,0.000488257,0.001120179,16.09063939,33.40839736,0.00035261,0.005085269,0.000605066,0.005040739,19.94002734,35.79877204,0.000436559,0.000754865,0.000856908,0.000991118,22.83607212,33.90497283,0.000352057,0.00121145,0.001041044,0.001678984,23.80003529,39.1238033,0.00035683,0.000683811,0.00083991,0.000520906,22.52921486,37.45942831,0.000427747,0.00179534,0.000663345,0.002206597,10.81104558,36.66057144,0.000313721,0.001181125,0.000599555,0.002565054,19.62461379,39.92815977
1629,0.004154663,0.076837718,0.004724617,0.095737137,20.70804696,49.69034191,0.000193349,0.000489452,0.000307182,0.001513797,14.80703381,25.13605439,0.000383073,0.000520321,0.000268072,0.00097985,12.33885014,27.2026316,0.000307977,0.00024546,0.000683836,0.00081781,15.61512834,32.92303998,0.000389405,0.004047632,0.000359043,0.003707909,19.05763321,37.06239066,0.000403992,0.00124859,0.00134681,0.000610113,19.99442328,36.98233594,0.00026564,0.000821854,0.000891223,0.001258206,23.020651,35.69479097,0.000402587,0.000377519,0.000417064,0.000460896,21.41418796,39.34515556,0.000166887,0.001435341,0.00069038,0.000912168,18.52336659,29.15244056,0.000634478,0.001331973,0.000924788,0.002329801,23.26428929,34.37735
1630,0.00096928,0.018611551,0.001099269,0.023393286,10.47140438,41.23995526,0.000140691,0.000727398,0.000487955,0.001367819,15.76106384,30.29112478,0.000372978,0.000313701,0.000402862,0.000652019,14.5225333,34.0102027,0.000468857,0.00062362,0.000352008,0.001012152,14.63301796,35.83104854,0.000652232,0.022606256,0.00095756,0.021824866,23.60061987,49.70130981,0.000194803,0.001428962,0.001892831,0.001178225,25.50084546,41.24269786,6.60E-05,0.000381065,0.000381052,0.000610992,17.50798609,27.23578012,0.000390177,0.000707473,0.000938539,0.000433781,24.26212238,41.51303935,0.000535691,0.001475217,0.001415734,0.000389875,26.52281053,40.98972816,0.000718111,0.00216566,0.001493106,0.002852353,21.85078133,37.59337955
1631,0.000340909,0.005832919,0.000781845,0.007230082,19.48603327,38.75160378,0.000265745,0.001072241,0.000695821,0.001751225,20.68497056,32.07935751,0.000366301,0.000342545,0.000434986,0.00076645,14.31846297,30.2331259,0.000504879,0.00150318,0.000364935,0.001386279,16.284925,35.3476945,0.000712243,0.032312064,0.001630546,0.032048362,26.76736018,51.98422034,0.000112325,0.002373598,0.001923337,0.002575623,24.99221629,38.78417565,0.000190085,0.000326248,0.00083924,0.000846867,22.71593294,32.4107898,0.000498648,0.000645921,0.000821413,0.000267804,24.76698881,38.78427451,0.000727033,0.00201651,0.001626629,0.001159045,28.31715902,43.60515992,0.000598631,0.001948938,0.000907008,0.001987941,14.93150986,30.93412825
1632,0.000392566,0.005170371,0.001019513,0.006326198,21.39868148,36.50052719,0.000172954,0.000577022,0.000529971,0.000921209,18.71994738,35.65622625,0.000279335,0.000852309,0.000405184,0.000755938,17.43842798,30.01667522,0.000432578,0.001217105,0.000268084,0.001276017,19.42162155,33.84443897,0.00056207,0.016235341,0.001154183,0.016858592,24.17835291,43.5492292,0.000286938,0.001493786,0.001328025,0.001611927,21.57940678,36.5470393,0.000150703,0.000426865,0.00053184,0.000905515,20.97744722,33.35398286,0.000551727,0.000612594,0.000950642,0.000882414,23.76589203,37.1074498,0.000533176,0.00200659,0.00083945,0.001510508,22.65861904,35.711332,0.000466005,0.001665553,0.001007955,0.001769934,23.23172779,41.4867461
1633,0.000331805,0.004559003,0.000728726,0.005283584,16.45748164,39.16455,0.000123918,0.000601017,0.000200933,0.000628838,13.24324199,34.48257528,0.000171122,0.000820231,0.000140807,0.000709254,13.06823379,29.68465216,0.000288741,0.000332705,0.000212709,0.001146615,21.08613176,28.27253494,0.000369277,0.002999669,0.000603732,0.004617475,17.24954727,42.46051298,0.000264571,0.000811843,0.000694284,0.000747146,18.07563364,37.62102266,0.000164673,0.00086103,0.000578471,0.001071492,19.16046268,36.57942263,0.000443584,0.000644477,0.000873129,0.001175754,23.01975023,38.71880971,0.000331919,0.000882051,0.000516482,0.001790021,12.80377875,34.34646399,0.000423045,0.00247725,0.001337184,0.002557349,25.4753898,34.34990443
1634,0.000270197,0.002533136,0.001126391,0.003027073,17.68980307,39.27086162,0.000178288,0.000661008,0.000284513,0.000818575,17.12935887,34.91104735,0.000227503,0.000819745,0.000524066,0.001314503,19.02843236,35.8022616,0.000316815,0.000667224,0.000316636,0.001218356,16.09135007,33.53210421,0.000620796,0.003258232,0.001444039,0.005134691,16.56100219,46.77504024,0.000103452,0.000354488,0.000553369,0.000142821,19.04185218,36.4497977,0.000287303,0.001135959,0.000592348,0.002330347,21.15392665,31.60298748,0.000636673,0.000420722,0.000572157,0.000455299,17.62988166,34.93688711,0.000435783,0.001462215,0.000237587,0.001533271,19.69901527,36.49195944,0.0004349,0.002672045,0.0005322,0.001559631,24.13705704,39.95852851
1635,0.000523454,0.001796156,0.002025636,0.002551518,17.99841249,36.82556598,0.000283049,0.000678858,0.000242039,0.001303361,13.5301503,34.56169586,0.000145617,0.00099272,0.000739134,0.001681715,22.29888655,38.28681104,0.000396166,0.000563054,0.000323537,0.000879604,9.410610578,32.75033601,0.001069565,0.001807499,0.002637718,0.003299484,23.90373653,49.41644152,0.000222276,0.000210515,0.0008081,0.000710335,18.59052472,32.07521002,0.000199436,0.002274437,0.000403751,0.002832612,12.69794787,35.56955934,0.000412882,0.000828851,0.00065941,0.00106481,16.82451139,31.99193941,0.000512964,0.000780873,0.00038109,0.000743841,19.47048978,36.05499285,0.000620469,0.005971597,0.000811682,0.004186161,21.20905034,47.9003775
1636,0.000315978,0.000943611,0.000826669,0.001398031,15.9235242,34.87405976,0.000197594,0.000403084,0.000505793,0.001017144,10.44976968,30.7167639,0.000160998,0.000622825,0.00085612,0.001448676,21.92488853,34.30763032,0.000320025,0.000367809,0.000603868,0.00140076,14.53311265,27.44726905,0.000608314,0.0018368,0.001880782,0.00309604,21.00348798,42.88174046,0.000277061,0.000452437,0.000543512,0.000787643,19.00069303,31.99034016,0.000233598,0.005854371,0.000519131,0.00548854,24.45003723,41.11713037,0.000697642,0.001196887,0.000703236,0.001357138,19.94288413,29.5516972,0.000316906,0.000796708,0.000762827,0.000922241,14.10794086,35.37447653,0.000689609,0.005840239,0.001078294,0.004784573,19.28240511,45.15186764
1637,0.000199631,0.001079895,0.000674424,0.00138923,11.51792601,34.88331005,0.000146205,0.000771575,0.000221331,0.00090756,6.26242499,31.34890075,0.000349966,0.000800021,0.000647861,0.001705104,20.97308762,36.68096208,6.16E-05,0.000696491,0.000907299,0.001076427,18.42256342,31.52224578,0.000241575,0.00098067,0.000889609,0.001458454,19.48645501,34.17434038,0.000384825,0.000898768,0.000679408,0.000719359,20.24864632,36.20567439,0.000270246,0.006027806,0.000632629,0.005855973,26.12723897,43.02036855,0.001251375,0.00094554,0.000431856,0.001650452,16.92967071,35.81001052,0.000483887,0.000946286,0.000420782,0.001304399,15.18914762,34.74600403,0.000697108,0.001733086,0.000891693,0.002386089,22.02131032,42.09919629
1638,0.000200016,0.000626694,0.000605316,0.000578274,17.32816768,30.2418657,0.000224346,0.000925569,0.000349885,0.001672635,11.59144123,32.62604576,0.000346275,0.001857809,0.000328368,0.002346063,20.70772191,43.59144102,0.000189049,0.00109473,0.000514597,0.00102214,14.74809529,29.14884836,0.000432405,0.000849626,0.000940922,0.00183683,18.05870779,34.05892189,0.00042498,0.000989891,0.00042284,0.000887976,19.1476935,36.8415625,0.000521512,0.007031411,0.001141518,0.005505713,24.72294622,41.67844996,0.001310493,0.001585946,0.000788342,0.002310312,14.122506,29.72593624,0.000473062,0.001029602,0.00027326,0.000820664,10.15428031,33.80203948,0.000614702,0.001697039,0.000806756,0.001389934,20.21329605,40.4098473
1639,0.000132445,0.00070999,0.000559219,0.000542749,19.42532181,35.49526277,0.000361161,0.001175354,0.000856888,0.002194393,18.50875897,35.32853258,0.000352559,0.002429392,0.000636535,0.002443618,23.76795887,45.67814257,0.000314197,0.002878504,0.000293348,0.003674588,14.3066785,32.91634679,0.000202978,0.000880856,0.000750183,0.002337331,16.76742284,29.85211224,0.000389536,0.000811838,0.000848966,0.001156104,10.00265396,34.72783662,0.001134332,0.016636632,0.002008552,0.013803327,23.81141215,45.91465656,0.001551302,0.002411623,0.001935119,0.004889081,17.94000008,33.79454578,0.000549638,0.001651059,0.000582223,0.00113597,18.55626135,34.76569557,0.000291129,0.00336783,0.000536213,0.003080485,18.76439213,42.94873408
1640,7.16E-05,0.000856309,0.000557661,0.000496647,20.14363742,35.00082764,0.000431141,0.002205181,0.000913236,0.003000763,14.99478177,33.7424172,0.000334156,0.004249061,0.001013231,0.003186654,27.49895949,51.44442651,0.000264148,0.005131351,0.000480163,0.006531533,17.89192993,35.42304364,5.68E-05,0.000645212,0.0009808,0.001600029,20.00109999,30.55752133,0.000414685,0.000487389,0.001263234,0.000827213,23.17621176,34.32971336,0.001074488,0.012358808,0.001735219,0.010267099,22.37515775,43.26896083,0.002026372,0.002861079,0.00229718,0.007080873,19.91455598,37.09339011,0.000367013,0.000477018,0.000334469,0.000786229,20.5531528,30.42725052,0.000277687,0.002111323,0.000985752,0.002363883,16.6776123,41.69452815
1641,0.000170695,0.000577187,0.000489638,0.000369079,18.95215943,36.487797,0.000352843,0.001347388,0.000903048,0.001604708,17.94950112,33.00961758,0.000394531,0.006900929,0.001165468,0.00552757,32.42886189,56.46998493,0.000427322,0.004264288,0.000544197,0.005309314,18.07938161,37.82874729,9.53E-05,0.00032918,0.000712593,0.001564589,17.59779046,32.0105983,0.000520519,0.001448161,0.001549355,0.001065281,23.55532503,31.96147246,0.000305602,0.002612335,0.000761252,0.002023345,16.78615189,31.58717422,0.000804844,0.002303846,0.000820192,0.00287558,19.06286044,38.29659092,0.000171056,0.000971691,0.000638849,0.000663133,19.45838255,35.23600451,0.000497992,0.002516954,0.001455759,0.003408806,20.68799545,39.16753915
1642,0.000164286,0.000366172,0.000495588,0.000206152,10.9517998,26.53538531,0.000200457,0.000508323,0.00077865,0.000680429,16.12505289,37.09726452,0.000900185,0.01593304,0.001813631,0.015022522,38.63361342,63.8472891,0.000427348,0.002092499,0.000262914,0.001548557,15.36419044,39.76901867,0.000130887,0.000270752,0.000591158,0.001379026,16.89016657,26.9497471,0.00078805,0.002463587,0.001877421,0.001395596,19.23396481,35.5740545,0.000536908,0.003863907,0.000920888,0.00264967,17.15945334,34.37588559,0.000981574,0.001263733,0.0009638,0.001733163,21.40729465,37.41617532,0.000421841,0.000970307,0.00127761,0.000713945,22.67418663,42.75634935,0.000680763,0.003191153,0.00142355,0.003171156,22.92286249,39.42336551
1643,0.000114812,0.000271393,0.000323554,0.000339622,15.50239624,33.49927845,0.0001495,0.000554169,0.000546491,0.000582113,15.26269266,31.90072027,0.001255158,0.020494411,0.002444255,0.019644203,40.59243619,66.31568432,0.000225882,0.001614085,0.000429054,0.002304011,8.380526183,37.68639109,0.000266594,7.50E-05,0.000373642,0.000933166,20.27427795,27.50132974,0.001685255,0.004975159,0.004242395,0.002827562,28.57968627,40.86449371,0.000429748,0.001924346,0.001108461,0.0015507,18.79309274,40.46710772,0.001064346,0.002123578,0.001010015,0.003415073,24.97516257,37.44894246,0.000215122,0.00066356,0.000861694,0.002575246,21.93388089,41.51128577,0.000426328,0.00367002,0.001089067,0.003296745,21.24760877,39.84185929
1644,9.92E-05,0.000329796,0.000440282,0.000441295,17.09729912,33.84189471,0.000162761,0.000675681,0.00040776,0.001323155,15.95367509,28.0350179,0.000672445,0.008793104,0.001228808,0.008530939,34.33700207,59.68077687,0.000459468,0.00092192,0.001371992,0.001490061,11.1198951,40.45319268,0.000239496,0.000346321,0.000684716,0.000582027,18.55279726,36.96760833,0.003049043,0.009332322,0.008134385,0.004702921,32.84897649,45.42792781,0.000264895,0.001060239,0.000965349,0.001019265,16.56249879,39.56794921,0.000784071,0.002658783,0.000527713,0.004180867,26.96733829,41.53421239,0.000134333,0.000485362,0.000869294,0.002673304,25.6731561,41.24159619,0.000301579,0.001359228,0.001180004,0.001276303,16.39874052,39.35531442
1645,0.000122473,0.000493644,0.00032352,0.000373211,17.73674678,34.29515251,0.000223795,0.001263541,0.001076551,0.001236642,16.74449518,37.82732874,0.000558485,0.00418052,0.000908957,0.004709065,29.76869012,54.77720204,0.000831905,0.001392873,0.002350853,0.001596608,17.27687985,44.53526577,0.000228242,0.000315605,0.000482775,0.001775355,19.55043009,38.7069891,0.00650592,0.021340834,0.018269644,0.00917464,36.76161475,52.33997917,0.0002666,0.001154696,0.00068135,0.001102945,14.49586317,34.31529266,0.000643484,0.002879148,0.000883762,0.004839252,26.54720557,43.99934164,0.000312563,0.000667043,0.00119549,0.001828386,27.10757821,42.19478942,0.00027298,0.003325937,0.002102868,0.003662021,15.57228365,39.29094838
1646,0.000128815,0.00048296,0.000513129,0.000247001,20.03905678,39.14854996,0.000150481,0.001103906,0.001383147,0.001224981,18.70895767,35.63279833,0.000561089,0.00125066,0.000643591,0.001284865,18.63948896,45.69344852,0.000535194,0.001246828,0.001414088,0.001812123,3.346317176,41.11224141,0.000181841,0.000533147,0.000378834,0.001309622,20.70178041,32.4693766,0.007918072,0.027396952,0.023337543,0.012732438,36.74380067,54.58726535,0.000338078,0.000487678,0.000563168,0.001874481,14.45567058,32.60999168,0.000369797,0.003563664,0.001056629,0.005079934,25.40765243,45.27795916,0.000395132,0.000718085,0.000714328,0.001507569,21.46366847,36.26703192,0.000627215,0.002160753,0.001897183,0.00237035,14.69315783,32.88803366
1647,0.000227321,0.000935991,0.000462726,0.000532595,18.91900322,38.59340091,0.000233362,0.000359302,0.000515357,0.000666616,20.23414096,32.86504189,0.000519764,0.001315461,0.000160192,0.001735083,19.2877362,43.70757829,0.00018199,0.000495781,0.000619528,0.001252713,19.5636911,35.47073009,0.000333879,0.000695245,0.000581916,0.001874987,18.833011,34.6398492,0.004603552,0.016410488,0.014508236,0.008357331,31.67931773,49.14398229,0.000368978,0.001582137,0.000813478,0.003218806,22.26998757,39.93643982,0.00020387,0.005255348,0.000711246,0.007361989,25.06330875,45.24750032,0.000559783,0.001431086,0.000441191,0.001650484,20.17481266,35.01396717,0.000428072,0.001276508,0.00051885,0.000708732,24.09402564,42.54432301
1648,0.00021444,0.000936214,0.000380714,0.000632383,10.251451,31.65106105,0.000259123,0.000681203,0.000199746,0.000759761,18.88094432,27.73859616,0.00026883,0.000661139,0.001560923,0.003093231,19.91153216,41.08527208,0.000377426,0.000671829,0.00064859,0.00093028,19.63606858,36.13078587,0.000236447,0.000491056,0.000518543,0.002873634,17.15763538,32.03471305,0.00189209,0.006122938,0.005420612,0.003462525,30.14084201,40.60709947,0.000227379,0.001234897,0.000812455,0.003350341,17.55962708,38.02232549,0.000295292,0.006795775,0.000540145,0.010119403,20.74229318,44.27462262,0.000501417,0.001341561,0.000371109,0.001685245,21.55088277,39.16791808,0.000357752,0.000982394,0.001038852,0.001364831,25.61703811,44.10729855
1649,7.31E-05,0.000461995,0.000245014,0.000410009,12.57029646,27.69207042,0.000121488,0.000775397,0.000472531,0.001061464,12.62370029,32.07860998,0.000178585,0.00162147,0.002009623,0.001979162,20.88785551,42.06063523,0.000286583,0.001031629,0.000490387,0.001183234,18.65838092,37.62050205,7.97E-05,0.000251667,0.000311868,0.001752931,18.34912552,32.12338429,0.00103091,0.003903695,0.002759847,0.002854362,25.81392785,38.47619173,0.000929418,0.003166817,0.002232332,0.004442866,18.24976493,41.38526948,0.000511833,0.013713256,0.00091911,0.0196153,23.79846582,50.8354223,0.000256612,0.001318631,0.000749931,0.001522769,21.71679464,40.26146466,0.000440992,0.000767802,0.001177451,0.001198907,22.27996082,40.08719439
1650,0.000106062,0.000504131,0.000382435,0.000876756,9.230590018,26.46208914,7.68E-05,0.000447879,0.000564068,0.000545633,17.34488369,31.96691764,0.000170358,0.001143021,0.001299516,0.001122524,17.13275396,37.00109262,0.000206608,0.000829609,0.000481906,0.001115321,8.058788207,35.95346141,0.000101766,0.000665584,0.000592983,0.000518997,20.15469391,37.12083954,0.000518882,0.00276944,0.001303159,0.002517396,22.21363754,37.3823561,0.001331757,0.004476374,0.002876369,0.006327676,15.84046796,40.50855744,0.001082399,0.024041703,0.000896047,0.033162605,30.06070148,56.15933436,0.000223866,0.001246911,0.001106544,0.001338962,24.77599947,42.87597966,0.000241444,0.000958429,0.000707434,0.000902461,15.28388301,35.38447973
1651,0.000130346,0.000674624,0.000645248,0.001071812,18.06713576,34.33193809,0.000158469,0.000229002,0.000718024,0.000589752,20.1264302,33.49279314,0.00012937,0.000667981,0.000707116,0.001234406,12.61463126,36.250733,0.00026522,0.000852299,0.000481376,0.000994345,17.29556213,35.27522918,0.000191478,0.000651941,0.000673066,0.001251434,19.76770834,37.96554633,0.000619927,0.001808311,0.001573645,0.002898752,21.40779286,38.59877794,0.001233951,0.004242057,0.002286086,0.005871384,22.42607477,40.80119418,0.001499888,0.04007028,0.000828828,0.055661864,32.45397747,60.26482948,0.000306266,0.001235569,0.000670506,0.001305079,22.7764407,40.9489509,0.000353437,0.001121125,0.000842862,0.000822098,14.12179978,34.27024078
1652,0.00012323,0.000456669,0.000193344,0.000705063,17.42257828,32.13522447,0.000163669,0.000423363,0.000949089,0.000592886,21.68395989,37.7505147,0.000353907,0.00083339,0.000381888,0.00126618,13.34803378,35.80404765,0.000293207,0.000900903,0.000452056,0.001719544,16.96594406,36.20449423,0.000228239,0.0008435,0.000586299,0.000851667,17.97269917,38.71126478,0.000320813,0.001256577,0.000861664,0.002080327,19.38007588,37.64872588,0.003649827,0.015054395,0.007899227,0.018426865,32.43684893,50.20013141,0.000817755,0.024086097,0.00146209,0.032386753,26.9875257,55.975312,0.000440674,0.00173026,0.000988091,0.001311899,12.5958993,36.72837454,0.000470797,0.001109778,0.000502524,0.001018569,21.22469954,38.4737258
1653,9.15E-05,0.000437263,0.000547939,0.000158713,15.71689276,29.49914424,0.000178383,0.000179163,0.000835656,0.000627292,17.45507311,37.39182289,0.000502652,0.000993497,0.000569266,0.001475937,13.59400677,32.86596266,0.000221927,0.000717917,0.000524448,0.001366743,18.25245092,37.50498608,5.87E-05,0.000501938,0.000491841,0.001881563,17.20773191,30.9484269,0.000305656,0.000433087,0.000628024,0.000912335,20.5165262,35.27385633,0.005407743,0.022883489,0.012321524,0.02763113,37.05971573,53.27645233,0.000842332,0.008835328,0.002731124,0.011553081,21.1913367,49.69167257,0.000728226,0.002371232,0.001774017,0.001008746,13.52756567,40.4985754,0.000406283,0.00168255,0.001788772,0.001574319,23.01694643,43.92395156
1654,8.30E-05,0.00059455,0.00061702,0.000485128,14.64002749,32.87282513,0.000130192,0.000520983,0.000395363,0.001217833,11.91167542,32.22939523,0.000414677,0.001029449,0.000833719,0.001153026,15.77799079,27.20213076,0.000209431,0.000716292,0.000712101,0.001978209,18.23394754,38.64547397,0.000180127,0.000430951,0.000734332,0.001750893,18.80105684,34.64181509,0.000382545,0.000934822,0.001163608,0.000465751,23.80959774,39.4325283,0.002194265,0.00976144,0.005611159,0.010592688,30.8813613,45.10342457,0.001144942,0.006069011,0.005757075,0.008316578,24.22805103,47.03639529,0.000583649,0.002233515,0.000818912,0.001395266,15.30926659,41.23705393,0.000403735,0.002122752,0.001412081,0.001692858,19.92936749,42.94835819
1655,0.00012169,0.000444035,0.00078142,0.001094192,19.88161073,34.76405408,0.000108167,0.000313781,0.000371373,0.0011133,16.70601074,27.7114743,0.000376416,0.000999465,0.000790773,0.00106135,15.57679528,30.940419,0.000269483,0.000625553,0.000732513,0.002840315,15.18966113,38.09828671,0.000158101,0.000566123,0.000571336,0.001268075,12.02644928,39.23371852,0.000450589,0.000544666,0.000924997,0.000276613,21.46961545,33.91830761,0.001109704,0.004002463,0.002629243,0.005031355,28.33663537,44.25894953,0.001608005,0.008495159,0.007174575,0.008488479,25.71225616,44.37013981,0.00056738,0.001972656,0.000750885,0.001830086,14.98557836,32.26750487,0.000348016,0.00305486,0.001621774,0.002103473,16.02390816,39.63377448
1656,0.000187361,0.000742635,0.000589791,0.001182992,17.55332641,41.4786969,0.000156935,0.000675105,0.000429531,0.00052285,13.04938331,30.56153281,0.000414641,0.000700073,0.000356227,0.000843944,15.17054945,33.26072582,0.000187231,0.000599698,0.000603498,0.001792418,7.504482237,36.74457957,0.000214938,0.000447423,0.000464745,0.001271634,9.381049448,38.70321907,0.000647719,0.002335431,0.00079197,0.001064526,15.30235377,39.14491439,0.001225746,0.004847654,0.00343422,0.00591738,28.86098227,45.18316196,0.001128566,0.003526736,0.003313032,0.006858666,24.53828127,48.06363792,0.000572967,0.001418638,0.001001246,0.001840263,15.8783384,39.89591425,0.000235559,0.001372112,0.001124826,0.000980809,17.08207329,37.37088308
1657,0.000474783,0.002386938,0.002981122,0.002075103,19.06304559,40.81264521,0.00015168,0.0007085,0.000414017,0.00074984,11.40444136,30.60430767,0.000187826,0.000862024,0.000252533,0.000540403,13.26572167,30.91284259,0.000215313,0.000593426,0.000583626,0.001673177,16.17126992,36.5722521,0.000203922,0.00013814,0.000191378,0.001730619,13.51145479,34.91680424,0.000808651,0.005524005,0.001115322,0.002881983,15.08165382,42.0108726,0.000708352,0.002618563,0.002365656,0.003611925,22.94543202,41.72465572,0.001506773,0.004269845,0.001958144,0.009792535,23.39303143,49.37522954,0.000387115,0.001319094,0.000679762,0.001136303,12.31673864,40.1258158,0.000254555,0.00123334,0.000770052,0.001283671,21.26844282,35.04347765
1658,0.000435725,0.00285981,0.004588966,0.003147783,15.09369387,38.71783465,7.49E-05,0.000700201,0.000448504,0.000725376,5.268803593,33.76049965,0.000323173,0.000595421,0.000204597,0.000538243,15.30620063,31.95167273,0.000268495,0.00040046,0.000628414,0.001325058,14.22774424,35.24310725,0.000186674,0.000332499,0.000794583,0.001446509,15.87358134,35.24627236,0.001709731,0.01483855,0.001846985,0.008439594,24.8461695,46.42839438,0.000305434,0.001327108,0.00115449,0.00207935,11.4505724,35.25425561,0.001041708,0.004044788,0.001346733,0.007024797,18.87713701,45.81904478,0.000324488,0.002264639,0.000542459,0.001931491,13.30162242,40.32632163,0.000320361,0.002826336,0.001032195,0.002519602,22.19639205,39.25977104
1659,0.00096014,0.002238191,0.002571383,0.00655027,15.38307478,41.06876302,0.000102859,0.00079408,0.000509247,0.00105186,11.60481633,37.60080608,0.000394445,0.000306545,0.000411946,0.001396813,17.439774,31.89573149,0.000193559,0.000537398,0.000659976,0.001769524,11.0814233,38.30588667,0.000296013,0.000488381,0.000713888,0.001149003,18.45708623,33.92234834,0.002183518,0.019956652,0.002154303,0.011596331,24.26249844,47.84727898,0.000366263,0.001221762,0.000574659,0.001671071,12.23020241,38.06090648,0.000542445,0.002544454,0.000990859,0.003607593,16.34554238,40.74337544,0.000135962,0.000722865,0.000402026,0.001436065,15.89626314,28.51545968,0.000384345,0.002424597,0.000831664,0.002003927,19.46198449,37.59268051
1660,0.000955501,0.002564746,0.002299231,0.007721042,17.12063424,45.35512785,0.000127748,0.000859433,0.00058631,0.001256764,12.46959196,37.53331448,0.00029537,0.000586733,0.000639316,0.002600393,16.19308073,26.69507153,9.89E-05,0.000438471,0.000554219,0.002090042,12.24757769,37.99744081,0.000396676,0.000379272,0.000853199,0.000460222,13.34586073,34.79127267,0.00143807,0.013242931,0.001685617,0.008133633,18.49369756,43.2059085,0.000342487,0.000841941,0.000946853,0.001185495,16.37419377,42.12116769,0.00047856,0.002146691,0.000809368,0.003632268,21.50489854,43.73291322,0.00015076,0.000865978,0.001235328,0.001459983,20.81310977,39.92057801,0.000216619,0.002151289,0.000742846,0.002220227,9.760918782,37.95479257
1661,0.000523571,0.002172331,0.002124193,0.004825624,15.94263057,43.38745286,9.57E-05,0.00061415,0.000554439,0.001227816,18.91040725,34.88115472,0.000121463,0.000724411,0.000905848,0.001333144,14.2030922,36.24524363,0.000198691,0.000536875,0.000498572,0.002294339,16.81893843,37.81844733,0.00042738,0.000560975,0.001011764,0.001469658,9.621549821,35.63162799,0.000481922,0.004611866,0.001654046,0.002514388,15.33381922,35.28783602,0.000356277,0.001737023,0.001149301,0.001508355,21.78523044,43.19190367,0.00044238,0.001649862,0.000680292,0.003002925,19.45049356,38.79539867,0.000324971,0.0015894,0.00092123,0.001700668,21.9821933,39.51802515,0.000510883,0.003068507,0.001117551,0.003376125,16.11420254,39.14080568
1662,0.000314575,0.002190109,0.001747692,0.00264136,11.21871538,35.25204193,0.000118089,0.000875019,0.000613054,0.000370638,19.20091498,34.56650104,0.000132336,0.000771116,0.000785566,0.000641595,13.59809855,39.73486908,0.000172743,0.000471597,0.000530957,0.000995296,15.98562111,32.06031433,0.000413592,0.00198419,0.003830858,0.002397103,19.93061238,38.82463321,0.000253847,0.002462385,0.002032058,0.001459252,17.84038297,39.35707855,0.000620551,0.002076011,0.000856396,0.001381251,21.11198486,40.37315788,0.000337604,0.000896709,0.000704288,0.000819137,16.46071658,38.69791631,0.00040314,0.001574813,0.000265051,0.002400263,19.44166405,38.51753818,0.000468524,0.001699755,0.001392804,0.001622933,19.42489777,38.63809866
1663,0.000141248,0.000758924,0.000627836,0.000583007,9.044293904,32.48799668,0.000173642,0.000635967,0.000325418,0.000525364,10.65227228,28.60598621,0.000243407,0.000652879,0.000430939,0.000825086,13.38054482,35.46599451,0.000141766,0.000558767,0.00082525,0.001133436,12.27886825,39.10377706,0.000368969,0.001836884,0.003377043,0.001182536,22.55671556,37.45424492,0.000114799,0.001669239,0.001957718,0.00066652,16.93441308,42.91205015,0.000457863,0.001055761,0.000708085,0.000532339,20.15912237,37.16991512,0.000158539,0.001680898,0.000865296,0.001146589,19.85373409,41.1761485,0.000381789,0.00118974,0.000563343,0.002365448,16.78530095,36.76075149,0.000359568,0.001327321,0.001108558,0.001078744,22.06312403,37.80672493
1664,4.72E-05,0.00062077,0.000566569,0.000877131,13.78230065,31.40675697,0.000115439,0.000352671,0.000198828,0.000698614,16.05504202,31.84365818,0.000470052,0.001058326,0.00066361,0.000826066,12.05849078,37.50749571,0.00013179,0.000635472,0.001009529,0.000822068,6.76826104,39.73512971,0.000358846,0.000328841,0.000930335,0.001471292,18.19362634,33.96791106,0.000184687,0.000800407,0.001490425,0.000523249,15.5817271,42.67984717,0.001550559,0.001161253,0.000857398,0.002054133,19.00150058,38.902514,0.000280217,0.001509803,0.00103068,0.001419371,18.45024174,41.21119475,0.000175604,0.00166795,0.0016024,0.002673787,14.39238745,40.19403062,0.000447987,0.00123892,0.000963064,0.001368509,14.24866584,27.84685657
1665,7.90E-05,0.000433211,0.000635891,0.000265145,10.24802653,26.16749213,0.000102878,0.000550078,0.00030122,0.000944429,13.24184892,24.74030123,0.000373148,0.001013805,0.000546413,0.001104271,11.32963829,38.61069028,9.72E-05,0.000811277,0.000900506,0.001106991,9.580077717,39.63748945,0.000164271,0.000622435,0.000401797,0.001363679,17.6135976,26.04837192,0.000316812,0.000918089,0.000724413,0.000579862,14.04047485,39.72123954,0.001888937,0.00161625,0.000563361,0.003104768,12.63417221,36.76998306,0.000495149,0.000842313,0.001071302,0.001078811,20.01063836,38.40528194,0.000262598,0.001831652,0.000790245,0.003159877,16.18719915,38.22799738,0.000403266,0.000560411,0.001228257,0.000860862,19.00430057,36.05869617
1666,9.28E-05,0.000414537,0.000606419,0.000680914,10.50083588,23.64654611,0.000152675,0.000640834,0.000503295,0.001055226,17.02555889,25.88439115,0.000253312,0.000341743,0.000347539,0.001359976,14.40515274,32.5574122,0.000173378,0.000577423,0.000616135,0.001654114,11.3819007,32.74722117,0.000233398,0.000940844,0.000515994,0.001314907,20.52760784,28.33409947,0.000275772,0.001102604,0.001333324,0.000745163,17.62471844,39.79422763,0.000741321,0.002500234,0.00050752,0.002964171,10.68867084,36.00997874,0.000383534,0.00075794,0.000953992,0.001223702,17.57879738,38.81590041,0.000448424,0.001281995,0.001139459,0.002634326,14.45152484,40.19949319,0.000391029,0.000555598,0.00126527,0.000814829,14.17737488,32.63328926
1667,0.000118778,0.000397086,0.000488086,0.000746145,13.27617705,32.22598265,0.000141038,0.000369972,0.000573961,0.001146406,14.70861231,31.78560631,0.000139034,0.000512592,0.000535308,0.001540615,16.64307593,32.38938749,0.000278551,0.000822306,0.000686068,0.002225094,8.686142825,38.27052335,0.000221416,0.000709875,0.000350802,0.001925432,14.79709485,28.89955409,0.00026573,0.000957117,0.001238539,0.000832311,13.01797797,38.49776833,0.000901022,0.003280118,0.000888342,0.00338741,15.67267533,35.35210563,0.000189727,0.000599431,0.000894189,0.001129994,18.96792405,38.02437712,0.000360162,0.00086201,0.001242352,0.001294613,3.317584304,39.95842995,0.001162432,0.001417548,0.001252144,0.001973225,20.40875884,43.09971011
1668,0.000160578,0.00046432,0.000341914,0.001088299,12.58877733,34.04336062,0.000204551,0.000812309,0.001045328,0.001375014,10.26383558,31.99240401,0.000296198,0.001236598,0.000819247,0.001345346,17.43450839,37.75608535,0.000347967,0.000954104,0.000625518,0.002358949,12.20565213,36.93659113,0.000237866,0.000183716,0.000552845,0.002216205,20.81165823,34.13292478,0.000221909,0.001232192,0.000831293,0.001004401,8.34934533,34.272297,0.000623492,0.002545427,0.001621287,0.003250566,17.04045308,39.67359196,0.000192431,0.001502705,0.000606042,0.001550331,18.37855741,39.4291706,0.000206496,0.00141872,0.000561588,0.001385853,11.67306281,32.64615733,0.00181396,0.003177555,0.001176829,0.003210408,21.51972227,44.26048146
1669,0.000338009,0.000527322,0.000627716,0.001007959,12.42756718,36.51515781,0.000253535,0.000905832,0.001921561,0.001574754,9.473706988,26.89073074,0.000291812,0.000737437,0.000634411,0.001499941,19.13571117,38.45332726,0.000156699,0.000621405,0.000664751,0.001178551,13.34257871,34.04561776,0.000161619,0.000671441,0.000867362,0.001817474,22.50568848,38.2374504,0.000101327,0.001341923,0.000431678,0.001199027,10.09232632,37.20086743,0.000462507,0.003863792,0.002066969,0.004027935,13.01641273,43.35328533,0.000312649,0.002117563,0.000690994,0.001787715,16.25388885,36.25728238,0.000158123,0.001242382,0.000799747,0.001612825,8.751044146,37.49023236,0.001041075,0.002354775,0.001048677,0.002355897,19.7705698,42.21965143
1670,0.00059633,0.000614179,0.001197931,0.00121738,13.84026281,34.73631435,0.000268571,0.000900491,0.00167319,0.001169562,8.82533688,30.92991968,0.000218745,0.000736058,0.00050634,0.001840771,15.0466411,31.05042761,0.000139479,0.000831613,0.000739048,0.001561029,15.64164402,35.56317878,0.000101696,0.001307159,0.000884699,0.001996679,16.87519876,38.7572449,0.000317176,0.001135936,0.00052486,0.001260733,17.87205695,38.33152132,0.000374619,0.00309055,0.001125788,0.002862984,18.68899454,41.71733193,0.000278873,0.001701895,0.000940146,0.002362377,7.364441664,39.88275,0.000188176,0.001413903,0.000827686,0.001829006,12.81457433,38.59889141,0.000481538,0.001965318,0.001025311,0.001909601,16.34297582,40.72039458
1671,0.000281141,0.000439141,0.000796921,0.001620303,14.47379035,35.76868623,0.000243734,0.000724987,0.000675334,0.000825493,8.18288893,36.51029174,0.000323232,0.001423575,0.000406134,0.001017942,8.461497506,36.60462844,0.000503704,0.001733919,0.001224264,0.002149396,19.25948584,36.97983809,0.000152785,0.001618557,0.000600341,0.002139024,19.08616193,28.00965788,0.000768741,0.001996704,0.001464405,0.002268376,22.02635262,37.1177246,0.000559371,0.002337532,0.001849322,0.002203485,18.6950851,35.09397648,0.000459202,0.00248017,0.002030079,0.003245538,18.60046619,44.04636503,0.000346999,0.002208459,0.000877252,0.002752264,14.01897212,40.88581045,0.000214107,0.001218263,0.000898465,0.000649234,14.01068469,37.00739056
1672,9.21E-05,0.000736178,0.000398219,0.001003096,13.42171985,32.79635789,0.000262413,0.001067008,0.000326513,0.000526648,12.80838166,36.79635508,0.000282982,0.001392177,0.001083532,0.001080159,14.3672761,36.94631904,0.000341173,0.001512945,0.001382237,0.001856042,14.95760851,38.29497975,0.000382716,0.002464514,0.000878361,0.001887814,15.87467685,36.96541098,0.00116978,0.00302503,0.00228946,0.0033472,27.02841143,38.53793562,0.0005654,0.002798698,0.002030043,0.003071318,20.72210781,26.28134632,0.000412705,0.002590858,0.001326909,0.002370697,18.27346876,40.70178973,0.000676887,0.001065081,0.001465495,0.001377861,17.84681576,43.46244975,0.000281484,0.001430784,0.00168276,0.001677599,16.74611124,40.96826094
1673,0.000108539,0.000705503,0.00063847,0.000919528,16.91824457,27.20227969,0.00022384,0.001091075,0.000865155,0.001214328,8.745794024,40.94637238,0.000681109,0.001306599,0.0026016,0.001190882,18.94915071,35.30192524,0.000225838,0.000755746,0.001025599,0.001694299,14.18172762,40.42326177,0.000547712,0.002725376,0.001168298,0.002240849,15.64174423,43.82189469,0.002250774,0.004602477,0.004704724,0.004634786,32.91923478,35.92629914,0.000617639,0.002299522,0.001435253,0.002030488,19.61418451,31.40673725,0.000430317,0.00146683,0.001088535,0.001976362,14.66945105,35.03940724,0.000517345,0.001447001,0.001142271,0.001679599,17.54460426,35.59701086,0.000248826,0.002319074,0.000890293,0.002561433,15.38821775,36.46986576
1674,0.000100185,0.000436837,0.000917456,0.00073615,16.24643424,29.42934651,0.000240496,0.001032898,0.001302768,0.001353906,8.599482203,37.6444268,0.000676725,0.000968724,0.002405519,0.000715221,18.29508419,32.1128205,0.000346856,0.000787912,0.000684949,0.001133363,12.86874837,39.13814511,0.000258047,0.001175003,0.000478325,0.001528868,17.34940475,39.47531532,0.003330474,0.007628109,0.006691738,0.006936583,35.80864101,39.58846136,0.000658346,0.002415712,0.000876544,0.002054873,19.50981773,29.47548659,0.000413338,0.000339612,0.001424896,0.000964259,16.90023465,36.60211675,0.000312496,0.001265278,0.000713864,0.001580801,17.02297283,37.60160376,0.000162499,0.002543116,0.000732508,0.002656609,19.32232482,34.0597675
1675,0.000149104,0.000391481,0.000341045,0.000697778,15.61097546,33.83124015,0.000281032,0.002905462,0.001525538,0.003030843,12.06465551,31.2432559,0.000495777,0.000906552,0.001427428,0.001298821,8.326539072,36.00592788,0.000322422,0.000904907,0.000258054,0.001175268,7.568281968,34.42662002,0.000222335,0.000476654,0.001081401,0.001114712,15.46732998,37.03363238,0.002551699,0.006180925,0.005076259,0.005950676,33.86819599,39.0205035,0.000680647,0.003001826,0.001934612,0.002693082,23.33929825,34.06415753,0.000464409,0.000871208,0.001107191,0.001436835,17.58394539,41.80439096,0.00042542,0.001098746,0.000676453,0.00135054,13.60044378,39.1482544,0.000557741,0.002076376,0.001331853,0.002007925,18.49805007,35.32738545
1676,0.000217534,0.000198898,0.000152754,0.000609653,5.12437781,32.04305554,0.000227813,0.00175717,0.000760238,0.001538399,2.998124288,32.13522759,0.000293037,0.000817909,0.000917817,0.001378392,11.32328164,35.17418878,0.000217533,0.000851595,0.000508361,0.001302558,14.46486757,34.97517679,0.000285286,0.000993025,0.000937276,0.001587455,13.79534729,38.75894229,0.000919043,0.001766529,0.002045763,0.001702534,25.85840452,37.28924891,0.001150557,0.00538647,0.002975255,0.00358228,29.50755787,37.19701873,0.000594954,0.001193147,0.000280615,0.000960012,12.92398403,40.38725288,0.000569048,0.000821834,0.000694058,0.001981359,11.29431123,36.92263309,0.000423612,0.001409172,0.000566838,0.002012188,18.24981827,34.57312826
1677,0.000269167,0.000426475,0.000563238,0.000653734,7.688387069,31.80813634,0.000108618,0.000956933,0.00050816,0.000529246,12.98322933,35.71915415,0.000220549,0.001176341,0.00051448,0.000979585,13.03525379,31.48230651,0.000243225,0.001017489,0.000624997,0.001755604,13.38739496,37.0596143,0.000154461,0.00054062,0.000544134,0.001079138,12.07565082,34.44274786,0.00053926,0.000576026,0.000743505,0.000462615,20.84353803,34.1225867,0.000891596,0.002959121,0.001134895,0.001770208,27.0383332,34.06393523,0.000323703,0.001415822,0.00065994,0.001384265,15.10027535,38.86501037,0.000398335,0.000610585,0.001087395,0.001207386,18.34080013,37.68076432,0.00033544,0.001903706,0.001242843,0.001918232,14.25109237,37.18978507
1678,0.000314949,0.000939962,0.000589886,0.000559904,20.04509637,35.87669557,9.17E-05,0.001064668,0.000732448,0.000408737,9.040211423,37.0029697,0.000402392,0.001537474,0.000611528,0.001986419,13.45454825,34.01896332,0.00020859,0.002529206,0.000473291,0.003450461,13.6633411,46.66136472,0.000151455,0.000663471,0.000686977,0.001051325,14.82002945,33.62708883,0.000479785,0.000784471,0.001694841,0.001279609,23.31650717,38.84728167,0.004705324,0.016645978,0.010267373,0.01359035,41.45845488,37.74626506,0.000266326,0.001220677,0.001239973,0.001663176,18.23459342,39.11612591,0.000234595,0.001033304,0.000795741,0.000558323,20.48625213,35.25566212,0.000600613,0.0056319,0.002618923,0.005076629,17.17865636,40.66965065
1679,0.000327559,0.000758694,0.001026294,0.001016958,30.04903462,43.87387187,0.000134261,0.001003285,0.000744647,0.000740518,3.181941166,31.58264163,0.000352969,0.003547004,0.001200804,0.003324539,6.303220321,42.37162022,0.000214495,0.004031461,0.001215219,0.005838299,17.8447757,52.07741253,0.000199095,0.000822439,0.000543224,0.001031867,11.49750013,35.90670585,0.000148125,0.000634672,0.002065788,0.001009105,17.65143317,41.62949709,0.010988929,0.040341568,0.023519234,0.034846163,47.28869562,45.05103901,0.000160873,0.000840532,0.001007735,0.000707046,16.81650711,37.57005664,0.000349207,0.000835766,0.001142368,0.000606882,15.47985459,38.72985997,0.000622785,0.007577379,0.003219119,0.008733357,18.89206332,48.27956848
1680,0.001503262,0.004298541,0.00346507,0.002665453,30.42064455,46.37277769,9.73E-05,0.000981465,0.000457662,0.00069472,8.345333756,32.08832229,8.68E-05,0.002150101,0.001103816,0.001272436,7.208459495,42.23269508,0.000197745,0.002955662,0.001252192,0.004697018,14.59690644,49.40595483,0.000234105,0.000798897,0.000640628,0.002064527,16.99289589,41.12700927,0.00020267,0.001455574,0.001512832,0.001583729,14.2491523,39.86870862,0.011397258,0.042197984,0.023429348,0.037099262,46.63940242,48.39642554,0.000508539,0.001514586,0.000603808,0.001829016,15.36777788,37.8610333,0.000486502,0.001347019,0.001130936,0.001018436,16.41069273,37.09071976,0.000273015,0.006868136,0.00260097,0.008574613,14.06935825,50.35189461
1681,0.001514803,0.004713998,0.004264886,0.002969152,23.78644182,43.59096085,0.000133224,0.000310092,0.000663095,0.000924906,14.58506492,32.48385126,0.000142271,0.001235572,0.000687407,0.001913353,7.167130661,36.98934468,9.62E-05,0.001256014,0.00119046,0.001783193,5.721627141,41.71873496,0.000242313,0.00045253,0.000402176,0.002290767,19.34699928,37.27534576,0.00059759,0.001941722,0.001342739,0.00203461,17.42194053,40.19003877,0.01651503,0.060040023,0.032847774,0.055075782,50.48117772,54.52422005,0.000603109,0.001744684,0.001180684,0.002199735,21.32665083,42.65889619,0.000511128,0.002372344,0.001034978,0.00229622,18.54799331,39.32706906,0.000218374,0.002025746,0.001158978,0.002119115,14.50754853,42.93663677
1682,0.000518411,0.002355476,0.00266098,0.00302828,16.59486972,35.79820289,0.000191443,0.000351827,0.000383006,0.001279313,14.35218854,31.4695447,0.000206156,0.000523553,0.00053696,0.001615695,4.712050479,35.76773076,0.000197731,0.000863056,0.000643269,0.000784159,9.484462464,28.34882232,0.000245617,0.000913854,0.000536606,0.000337449,14.99433251,30.71872387,0.001246211,0.00408422,0.001223774,0.002766428,20.48579736,36.51045494,0.050773583,0.183307326,0.102248376,0.167840818,60.69192005,64.77438413,0.000535649,0.001154,0.001307354,0.001711884,23.48924025,43.75860677,0.000397692,0.002392482,0.001117959,0.002299495,19.04433231,42.97410973,0.00028609,0.0051166,0.001840874,0.005441589,16.19035602,44.00353392
1683,0.000191174,0.001322136,0.001107919,0.002293138,10.80124025,29.59292961,0.00026123,0.000962654,0.000347846,0.001265376,16.56892635,33.71605168,0.00015012,0.001056861,0.00075383,0.001302528,-1.044332732,31.09671252,0.000149105,0.000738006,0.0006975,0.00086138,11.47134163,37.524429,0.0002682,0.000751852,0.000330257,0.0018405,16.0013664,30.04768795,0.001330306,0.005185122,0.000808352,0.003575841,21.28798967,34.94097053,0.042434594,0.155048513,0.085922825,0.140958413,59.34934139,63.73806721,0.000711255,0.004254129,0.001696605,0.003789555,28.09029391,46.83600081,0.000363356,0.001989222,0.000798675,0.00124918,21.2342852,41.27334487,0.000437763,0.010660364,0.00268753,0.010501734,17.13296496,49.30038498
1684,0.000117637,0.000602143,0.000372203,0.000825971,13.03252182,28.97223386,0.000171488,0.00130266,0.000479908,0.002644688,11.16804738,33.77233024,0.000217515,0.000562396,0.00062021,0.00151491,6.700942476,35.11710467,0.000150774,0.001085191,0.00042963,0.001186595,11.5861059,33.05093123,0.000288737,0.000616354,0.000498808,0.000946692,14.64171296,35.29499734,0.000680012,0.002096937,0.000515917,0.002028644,17.49010918,37.74350751,0.007912377,0.029850244,0.014770024,0.025544893,44.43443882,49.1491998,0.001377611,0.005632511,0.002126442,0.004398032,30.89662306,49.06381776,0.000602438,0.002527346,0.001708481,0.001299648,24.09069892,40.32764796,0.000229395,0.009568622,0.00260809,0.008879217,17.25135131,48.21689008
1685,0.000112188,0.000184408,0.000386135,0.000542741,10.95656813,29.38728027,9.24E-05,0.000881088,0.000967029,0.001498601,12.79242707,35.63892499,0.00030205,0.000857327,0.000894344,0.001548317,5.700021906,36.38885026,0.000336375,0.000527331,0.000133217,0.000942809,15.74939316,32.57816912,0.000406131,0.000269413,0.00063622,0.001084821,18.51873296,34.64618848,0.000580416,0.001148191,0.000957244,0.001433059,15.94587455,33.60197628,0.012487031,0.043368598,0.023457325,0.041628918,48.93836099,57.02476027,0.002818944,0.011240229,0.004809409,0.010522107,38.23542991,54.51166363,0.000721771,0.002877994,0.001169593,0.001935373,23.99380348,36.93274441,0.000152116,0.001477802,0.002023425,0.001910156,18.55067303,42.20102552
1686,5.59E-05,0.000782623,0.000532209,0.001150691,6.843335998,26.02311209,0.000126947,0.000805704,0.001022588,0.00057575,12.52763392,32.91014708,0.00033851,0.000791839,0.000585797,0.000807684,9.049658796,29.47993081,0.000372601,0.00063006,0.000462864,0.000297573,15.67692722,32.07181692,0.000218396,0.000669443,0.000915006,0.001367143,19.34639901,34.57924084,0.000394817,0.003135875,0.000509481,0.002739856,15.52621031,31.77155144,0.009604012,0.034307171,0.016828597,0.03359071,46.47813061,55.07046532,0.002618404,0.010632272,0.003734538,0.01017807,37.27838878,52.15628427,0.000529048,0.002103287,0.00050358,0.001725117,21.19724343,34.59488268,0.000183172,0.001839126,0.001512072,0.0021176,14.36271243,45.00739929
1687,6.97E-05,0.000865128,0.000321425,0.001137807,14.23800707,26.23301719,0.000125834,0.000555026,0.000862054,0.000779448,13.95011762,28.02627212,0.000321836,0.000979585,0.000959828,0.000990581,15.18227605,32.08203251,0.000252797,0.0011256,0.000912379,0.000794011,15.15717204,37.73899143,0.000315928,0.001320947,0.001165911,0.001878602,17.00827871,39.01868099,0.000398019,0.004848554,0.001840519,0.004630358,21.00266817,36.99008256,0.00351624,0.013792676,0.006005684,0.013433936,37.97441848,48.06105522,0.000823803,0.003141632,0.00129768,0.002830921,26.72066984,42.66632487,0.000341595,0.001165914,0.001111324,0.001669127,17.80501198,37.25258859,0.000268599,0.002712699,0.001037125,0.004837424,13.41859649,45.72370508
1688,0.000154538,0.000540243,0.000419317,0.000920087,15.01680725,30.86385403,6.26E-05,0.000773372,0.001187974,0.000881018,14.31487447,31.47954543,0.00029767,0.00076265,0.000976944,0.001418862,14.97749596,34.41018698,0.000199353,0.000676066,0.000952581,0.000850809,16.31628334,37.84729886,0.000241788,0.000582808,0.001554131,0.001308303,13.703375,37.02559128,0.000295747,0.004336622,0.001613361,0.003887263,20.29357146,36.50894519,0.00255455,0.008319873,0.004670606,0.00805431,34.5605289,48.73739728,0.000653513,0.002869244,0.002241028,0.003046376,27.7047821,42.40932835,0.000351048,0.000959498,0.002393661,0.001718008,14.39996531,43.49898865,0.000205206,0.001487373,0.001484626,0.003270764,15.30035533,42.50551173
1689,0.000211371,0.000324593,0.000360186,0.000909986,5.427646881,30.16708622,0.000107918,0.000698259,0.000817799,0.0006937,8.621428085,27.50399983,0.000331612,0.000849019,0.001040171,0.001274175,13.47577847,29.95241162,0.000317851,0.000500298,0.001090091,0.001635388,9.811784385,37.65713558,0.000593203,0.001170618,0.003375605,0.002667103,20.15781176,34.58686822,0.000258418,0.00217492,0.001794917,0.002115986,15.00101778,34.8719359,0.001934026,0.006303631,0.003133855,0.00759115,32.77569778,46.43479921,0.000793432,0.002828726,0.002094322,0.002783203,25.59159985,40.90551723,0.000448179,0.001024829,0.001869059,0.001106323,13.48987977,41.45966701,0.000240985,0.001569259,0.001952038,0.003085376,17.25401505,41.22875408
1690,0.000218879,0.001223038,0.000451275,0.000588602,4.129166541,27.94411812,0.000121356,0.000648122,0.000494164,0.000876665,12.86191717,28.06914148,0.00040436,0.000797312,0.001100801,0.001135016,15.30271845,29.43633452,0.000190686,0.000542967,0.000896855,0.001460525,12.91082322,34.21616855,0.000529319,0.001444733,0.003568019,0.003141306,17.41571615,37.69004878,0.000366064,0.001131879,0.002592111,0.000909166,17.28129643,39.47801904,0.000588258,0.002452598,0.001808343,0.003398434,26.91511774,36.29160362,0.000528638,0.00240123,0.002084093,0.002651267,18.62363905,39.34678057,0.000372773,0.000881673,0.001190075,0.001377381,17.21734732,33.78490844,0.000556927,0.002529069,0.002428386,0.003212547,23.64581679,38.75865008
1691,0.000262436,0.001342496,0.001392356,0.001236421,12.61477177,29.08388999,0.000117478,0.000646106,0.000940809,0.001204094,16.13908007,32.47377787,0.00031194,0.000899658,0.001451598,0.001057182,14.14825652,30.26078681,0.000213342,0.000772681,0.001018159,0.000748904,10.83324716,27.79659615,7.07E-05,0.00092046,0.001489076,0.001050118,17.48719785,32.05736266,0.00028271,0.001538811,0.002219509,0.001185131,10.6882776,40.27003305,0.000439191,0.001409567,0.001493849,0.000885741,16.26302127,30.70003137,0.000236073,0.001777253,0.002222591,0.002056171,16.25162589,41.51389137,0.000150645,0.000717288,0.001692829,0.001089816,16.52257707,35.15747709,0.000704664,0.004727305,0.001620142,0.003687833,24.02303565,31.02651012
1692,0.000984293,0.002314769,0.001382277,0.005263638,15.86885829,33.23669159,0.000216625,0.000738389,0.00073663,0.000659059,12.5594071,31.38875301,0.000233117,0.000952641,0.001107983,0.00153021,11.14644551,29.34009875,0.000237429,0.000700193,0.001051435,0.001138459,12.03936904,29.8431266,0.000255859,0.000613868,0.001146569,0.002291123,22.61224311,34.96413724,0.000135291,0.00170861,0.00136792,0.001336868,11.65209102,41.11827728,0.00048122,0.001986589,0.00184522,0.002907652,22.397891,38.23359483,0.000182076,0.001308227,0.000762284,0.001236422,18.85933016,38.88058386,0.000141465,0.001443689,0.001199537,0.001689908,12.69517145,37.47685433,0.000391378,0.002318668,0.001377024,0.001214657,21.0823146,29.27445652
1693,0.00133327,0.003301366,0.000743811,0.007200972,17.86399593,29.60909332,0.000496391,0.001710142,0.001183458,0.000904665,12.45908373,36.29143548,0.000267169,0.000923332,0.000708963,0.001510619,9.070503674,32.55905507,0.000329434,0.000309968,0.000994933,0.001542022,10.98847161,28.29205213,0.000413512,0.0005046,0.001430486,0.001657991,21.56408082,34.98946332,9.95E-05,0.001958982,0.000980018,0.001842886,16.39660303,38.50753521,0.000523105,0.002508016,0.001788315,0.004892923,23.28247482,40.40210321,0.000134501,0.001786963,0.000797506,0.00126399,13.87170637,35.85870531,0.000218169,0.001590566,0.001406621,0.002561915,16.28691087,40.52007201,0.000123179,0.003892457,0.001617489,0.003652806,17.05084024,33.84983523
1694,0.00068633,0.00209973,0.001520624,0.004759838,15.57868854,33.37559957,0.000484949,0.001986602,0.001326415,0.001382295,17.74937698,36.02977434,0.000349164,0.000734389,0.000240391,0.001388614,11.92063462,34.07144831,0.000281608,0.000620424,0.000976052,0.001673352,14.59474774,33.55955532,0.0006929,0.000698293,0.00145386,0.001555589,18.70813639,34.5064152,0.000170039,0.00218556,0.001234049,0.002014709,17.22222935,35.58686305,0.000419747,0.003027572,0.000684452,0.00418332,21.16879986,35.92743287,0.000317772,0.000502723,0.000577703,0.001215738,19.26048922,30.49667887,0.000409374,0.001882685,0.001261764,0.00221034,15.60140386,38.29632518,0.00018719,0.002459991,0.00125102,0.002245124,17.85684388,34.63924285
1695,0.000109323,0.002137967,0.001335487,0.003154679,14.35710386,32.52340663,0.000498003,0.002042719,0.001218178,0.001293014,14.64508819,37.71674464,0.000455762,0.000713848,0.000464064,0.001943948,14.67988396,34.24234229,0.000399249,0.000770317,0.0013845,0.001534925,16.31051846,31.63604502,0.00100594,0.000805602,0.001529201,0.002147471,16.23858831,36.15784274,0.000269782,0.004469636,0.001855541,0.004079656,17.25747617,41.36454906,0.000613215,0.004496189,0.001038441,0.003859022,20.75493964,41.18525658,0.000379272,0.003082421,0.000834497,0.00364838,18.59094841,33.85226635,0.000366328,0.001551534,0.001134127,0.002148776,15.26627975,34.30405134,0.00016809,0.001172292,0.001410269,0.001316914,19.29025342,30.952206
1696,0.000103847,0.001386786,0.000736108,0.001691905,11.03203553,34.79109492,0.000272745,0.001434104,0.000756249,0.001287934,11.8533906,36.28760761,0.000415283,0.001093749,0.000659366,0.001972153,15.47051526,27.39478523,0.000354941,0.001136948,0.002649094,0.001384064,19.40472717,23.57623612,0.000514506,0.000589061,0.000910091,0.001318311,18.22506907,32.79580806,0.000380848,0.007453313,0.001308027,0.007419757,20.09194818,45.49280076,0.000960659,0.008556145,0.002095673,0.007883084,19.00482928,45.87387162,0.000273802,0.003314005,0.001251091,0.003531859,18.74327371,41.06931824,0.000415215,0.000654537,0.000719658,0.001310796,16.20660538,32.48765991,0.000176521,0.001321674,0.001838226,0.00140138,17.90191739,31.91202934
1697,0.000207499,0.000975325,0.000498511,0.001092821,2.195945923,32.43533618,0.000120416,0.000761173,0.000481346,0.001442665,9.66363352,34.11293633,0.000366782,0.001407602,0.001222809,0.001984548,15.29964855,28.96169064,0.000948228,0.001915509,0.00403809,0.002235391,23.83736406,30.68663022,0.000482005,0.000466406,0.000880395,0.001872439,15.85062006,34.06476533,0.000261751,0.017130548,0.001440973,0.018042729,23.18477784,49.98352945,0.000692699,0.004089797,0.001930669,0.004873634,12.23047449,38.70143442,0.000243443,0.002793249,0.001203903,0.003771407,19.29602586,41.76313459,0.000545421,0.00067819,0.000907405,0.000854542,13.28645216,31.99800006,0.000321949,0.001316097,0.001658001,0.000895528,20.20684842,38.26299051
1698,0.000305157,0.001022339,0.001150617,0.001561166,11.35632639,36.51141219,0.000210045,0.00072983,0.000738419,0.00111504,7.842350592,32.40378622,0.000505869,0.002131723,0.002317867,0.002666359,17.62871258,38.47597723,0.0011281,0.001619688,0.003116405,0.002666661,23.16956447,36.66033009,0.000641536,0.000761134,0.000734923,0.001964132,14.50337571,37.53419763,0.000162003,0.024329827,0.001621362,0.025358504,23.46387549,51.6569014,0.000316416,0.00192577,0.001141365,0.001313364,12.26863297,35.50485561,0.000265086,0.005238247,0.000719347,0.005910809,12.84390097,48.65474635,0.000928611,0.001651998,0.001861047,0.001914598,16.09489467,38.8704603,0.000270857,0.001467982,0.001231717,0.001057007,20.10800111,41.11253944
1699,0.000167433,0.000931904,0.000924449,0.001709879,18.79904037,38.34675824,0.000211369,0.001359707,0.000754568,0.002063227,14.02223533,32.28823816,0.000503866,0.002009268,0.002385781,0.001471595,14.26703447,37.18871246,0.001442285,0.000730764,0.001210593,0.002255061,14.7910681,34.88445539,0.00046116,0.000779611,0.000964738,0.001585679,13.37306042,33.85388331,0.000307769,0.017727409,0.001003986,0.018716177,18.34057139,49.86875386,0.000332451,0.002108892,0.001068636,0.000818895,18.22124384,36.41506739,0.000329585,0.00729717,0.001162786,0.005744311,13.22427779,51.69993045,0.00110234,0.002527517,0.001448788,0.003423322,18.47341524,43.04291227,0.000371368,0.001505022,0.000775454,0.001019507,17.46029072,40.72325877
1700,0.000254786,0.001415342,0.000825743,0.001651615,16.96506035,29.65636525,0.00022027,0.002352462,0.000938145,0.003614168,14.13579551,33.38308219,0.000475596,0.001045744,0.001588433,0.001113597,14.4584353,33.96212366,0.001964056,0.000957878,0.001274902,0.002717538,16.38455954,33.3488039,0.000432269,0.000865638,0.001531687,0.001149411,15.18626171,39.13044239,0.000672769,0.006389985,0.001141717,0.006126614,8.516158031,47.13344181,0.000388765,0.00089291,0.001324473,0.000582746,17.67944473,33.75176027,0.000375074,0.007990098,0.002179467,0.008531107,9.745809811,49.43480018,0.001030861,0.00175375,0.001168281,0.003098249,12.54635923,41.77113322,0.000400293,0.002013085,0.00221672,0.001989164,15.92924265,43.40290065
1701,0.000105054,0.000673826,0.000721967,0.001073157,23.65642498,43.26479359,0.000180566,0.001832172,0.001287774,0.003254945,6.463190233,36.90689938,0.000471901,0.000971665,0.001352667,0.001021655,12.32749301,25.3771087,0.001059279,0.000771094,0.000922747,0.001858992,12.0853229,37.14616202,0.000629613,0.001059261,0.001636477,0.001091816,17.58323006,39.90975951,0.000841986,0.002735023,0.001713995,0.003094459,15.29250313,45.68973394,0.000224406,0.000558399,0.001347827,0.001339175,17.87906418,24.63429137,0.0007832,0.013386686,0.003662343,0.019121296,15.71963457,46.6107057,0.001104712,0.001532388,0.001808912,0.002349471,18.16199753,40.56005127,0.000393551,0.001475027,0.00179766,0.001276686,20.21332627,42.27342215
1702,0.001448579,0.004053834,0.001492096,0.004144927,30.51350296,49.28121592,0.000112688,0.000736725,0.001019657,0.001344724,10.25228871,34.20326195,0.0003181,0.00038244,0.000673352,0.000871161,14.56780976,34.43297954,0.000500398,0.000908323,0.000896234,0.000896023,6.114350407,35.6492967,0.000518145,0.000815036,0.000768041,0.001535346,11.83808226,36.91572389,0.00096588,0.00405463,0.004329875,0.004471061,15.0020313,42.56229787,0.000429041,0.00099865,0.001462967,0.002137218,16.73222978,38.55857057,0.00093402,0.019370545,0.004899744,0.027292614,20.93691782,50.5868001,0.001153504,0.003695633,0.002472736,0.002713447,21.56074847,42.03637466,0.000431415,0.00139985,0.001124647,0.003305112,23.84324515,44.41764358
1703,0.002988065,0.008838947,0.001633157,0.008496686,28.49864916,46.82248838,0.000244454,0.001729835,0.000923098,0.002480574,9.223649919,32.63378867,0.000358125,0.000666311,0.000945495,0.000738396,17.63392654,34.86757614,0.000316662,0.00082281,0.00086212,0.000518498,13.30583786,33.78549991,0.000123363,0.000556116,0.000735627,0.000710053,8.239841819,28.3907032,0.000925503,0.00324282,0.004378711,0.00350039,17.3548516,35.61217812,0.000568439,0.001112935,0.001625306,0.001769114,18.08469524,40.12281343,0.000403333,0.009310648,0.00249965,0.013337539,15.64329152,45.51579082,0.001081128,0.004555014,0.002819735,0.003096247,23.5874021,45.84533614,0.000336256,0.001742112,0.001033614,0.003881751,17.97111795,41.89560072
1704,0.002338114,0.006676512,0.001175821,0.00654274,18.42545258,37.34977947,0.000377292,0.002189796,0.001140398,0.002959448,15.98974162,35.26596345,0.00039676,0.000768242,0.000900094,0.000499974,9.931663278,34.66185614,0.000246225,0.000666885,0.000858238,0.001074236,12.1090489,32.29775521,7.29E-05,0.00100499,0.001634794,0.001237831,17.96040498,38.93445786,0.000539175,0.002104986,0.002216205,0.002164805,17.85008178,37.27567993,0.000337642,0.00070311,0.002026982,0.001581338,5.631358917,36.7810631,0.000506422,0.003137333,0.00231363,0.004285784,16.98429238,41.58697672,0.000542762,0.001647208,0.002239229,0.002705747,21.00570321,42.37811443,0.000355374,0.001361259,0.001036005,0.001907364,18.80614707,41.09752594
1705,0.000663178,0.001371662,0.000626982,0.002365273,14.31156489,32.8674304,0.000312218,0.005501911,0.00093806,0.006773155,20.26302878,41.44502899,0.000341222,0.000821234,0.001025731,0.001030303,9.777613226,28.37137099,0.000156504,0.000696476,0.001073048,0.001612888,9.610199442,35.69600179,0.000203848,0.001340561,0.0021152,0.001477889,19.46411764,40.93796329,0.000300908,0.000840803,0.00212745,0.00108346,13.31856059,34.60492047,0.00040379,0.000883826,0.001249346,0.00153436,15.94092846,40.20271317,0.000555468,0.003670942,0.002226203,0.0050203,21.99131852,35.3680613,0.000669052,0.002109658,0.001450894,0.003111277,17.77694842,38.73946358,0.000514002,0.00063041,0.000782849,0.001548917,21.03338169,39.90227722
1706,0.000351649,0.000910998,0.000371609,0.001116436,15.14041074,36.49119163,0.000145522,0.004381563,0.002109138,0.006859444,17.82920884,43.15220351,0.000120717,0.001014948,0.000856822,0.001283924,9.764003755,34.17467259,0.00035478,0.000742383,0.001090754,0.000961279,12.57508566,38.43089609,0.000181908,0.001315829,0.001235078,0.001536848,14.43387912,35.39899282,0.00013969,0.000645439,0.00191032,0.000417409,17.46485197,30.12079745,0.000472432,0.001250892,0.000459541,0.000995324,17.94647482,39.27317952,0.000369807,0.003346087,0.001230286,0.003461562,16.9286726,37.20801169,0.001039759,0.002825711,0.001286227,0.003465814,16.47268252,43.29583428,0.000464584,0.002685391,0.001109094,0.003411222,19.40494307,34.44908314
1707,0.000333589,0.000729238,0.000459244,0.000629038,14.53898266,29.52279759,0.000534585,0.012618076,0.001743915,0.014999485,21.95792339,51.45270709,0.000240407,0.001038965,0.000445257,0.001336048,11.75336927,28.79991027,0.000371702,0.000387341,0.001121755,0.001134325,12.2315581,35.32230163,0.000265905,0.000983329,0.000938455,0.001810323,9.462486396,29.18839952,0.000145416,0.000384799,0.001644262,0.000919416,14.97575213,35.14952984,0.000324411,0.001169088,0.000525895,0.001824369,13.2603032,38.62685398,0.000594082,0.002712756,0.000726181,0.00255927,16.55130185,41.00061989,0.00078371,0.002394873,0.001845225,0.006177837,20.13853431,44.13479793,0.000317033,0.003030393,0.000709028,0.003284107,14.42386929,38.94824696
1708,0.000265397,0.000635186,0.000694276,0.000722542,13.38566551,33.29965779,0.000704869,0.020104343,0.002254463,0.024239654,23.93699863,53.64661634,0.000304607,0.001017406,0.00034705,0.002122694,12.80507313,37.35857259,0.000240949,0.000397003,0.000971883,0.000675664,12.58130062,29.90223814,0.000243285,0.001269954,0.001159249,0.001745263,14.75771372,36.23735043,0.000140916,0.000686991,0.001874807,0.001537526,16.85232811,36.45959736,0.001623727,0.005752827,0.002328928,0.007368621,27.104138,46.22175413,0.000776919,0.002349349,0.000935554,0.002709181,14.11692362,41.18005981,0.000836333,0.004595314,0.001758431,0.007181372,20.87373776,44.22881712,9.63E-05,0.001022182,0.000426922,0.001810859,16.22278924,37.64201878
1709,0.00013497,0.000357928,0.00037156,0.000126945,15.48418436,32.39161847,0.002679422,0.058875785,0.009610982,0.074655984,31.25058184,63.1326618,0.000309339,0.000548875,0.000454248,0.001859243,9.678681201,28.24297704,0.000271327,0.000692151,0.00080077,0.001239165,11.40468107,29.08326192,0.000224361,0.001436709,0.001105623,0.00125091,15.63555124,37.73393879,0.000185376,0.000522329,0.000734749,0.001191874,17.07111784,36.86456139,0.002302154,0.007869822,0.004890001,0.010949033,29.82832987,48.83889418,0.000431284,0.002000567,0.001449057,0.001654122,14.83478698,40.51409172,0.000605459,0.006520618,0.001087756,0.010842374,19.43717579,50.90532978,0.000228748,0.002607227,0.001593262,0.002887071,17.94712403,39.417822
1710,0.000133011,0.000495231,0.000549992,0.000555063,14.8791331,30.1171939,0.004447588,0.095584245,0.015204548,0.121153113,35.19073644,67.20309268,0.000285073,0.001284614,0.000645813,0.002416911,4.411706185,33.24484226,0.000369319,0.000968507,0.001286505,0.001045954,13.28029116,37.876787,0.000408827,0.001699508,0.000657521,0.002553356,15.70994694,40.25944024,0.00017873,0.000942445,0.001744679,0.000590073,17.33714156,39.77537615,0.002081382,0.006896618,0.003693631,0.009880215,27.35483489,46.68374381,0.000268174,0.001796829,0.00211496,0.001747249,15.41578983,40.12485101,0.000492483,0.008789731,0.002621087,0.015818485,22.25471808,55.68391673,0.000623977,0.001396121,0.002299742,0.001083595,20.51492715,39.47702034
1711,0.000118949,0.000153007,0.000472038,0.000319395,15.24566473,32.56717378,0.001986559,0.041229455,0.006916513,0.052055657,28.22794804,59.79486645,0.000342433,0.001452224,0.000720566,0.002399771,4.94236187,33.65797446,0.00022372,0.000669726,0.001088522,0.002002723,15.67079725,39.81538842,0.00053164,0.003241876,0.001449286,0.004204627,16.16595728,46.60225643,0.000198198,0.000693475,0.00162836,0.001021567,12.63847648,39.00189817,0.007050654,0.023384736,0.01087769,0.030772244,38.30944924,57.3948636,0.000423726,0.002020934,0.002000473,0.003000747,18.70950833,36.06476122,0.00044401,0.013180293,0.00363143,0.024049792,25.39487474,59.74456529,0.00131442,0.001920933,0.001880534,0.004287612,21.76007695,39.62353558
1712,0.000268052,0.001127526,0.000420563,0.001134218,14.28493604,39.71110487,0.00088455,0.017909559,0.003313268,0.022867165,20.87227116,52.6268216,0.000266669,0.001801972,0.000615869,0.001851249,13.55866329,39.43355856,0.000105134,0.001185128,0.001106275,0.001869866,16.29302263,44.48469812,0.000377392,0.00454049,0.001382961,0.00695466,14.85168439,47.15527387,0.000237788,0.000282141,0.000992717,0.000564182,14.76336695,38.18202165,0.010974572,0.036942529,0.0178454,0.047972411,42.33664025,60.89284694,0.000428486,0.004118554,0.000541779,0.005238945,22.03298546,40.23733522,0.000747368,0.01562093,0.003368604,0.027307982,24.96527591,60.16819615,0.001049184,0.002149099,0.002123312,0.003877674,23.48713562,42.68147434
1713,0.000299793,0.001371505,0.001206815,0.001604391,11.44679445,40.47367389,0.000569641,0.010364546,0.002688215,0.013628746,15.27455803,47.25105497,0.000311287,0.002169442,0.000698192,0.001427324,17.74369517,43.02151901,0.000225214,0.002212196,0.001250992,0.002084171,18.47757385,48.19205866,0.000289013,0.003053284,0.001816418,0.005323311,14.46407986,44.49991706,0.000218759,0.0004484,0.001074122,0.000779514,18.87645806,40.03498412,0.004845358,0.016601118,0.007711395,0.020372102,35.07616763,53.67217454,0.000696053,0.005206522,0.000994889,0.005488162,23.39125152,44.76883607,0.000810268,0.00995665,0.002732914,0.017488595,22.08976564,54.78919202,0.000467297,0.00237591,0.002211788,0.003075735,24.24084704,45.88130889
1714,0.000228425,0.001717314,0.002075531,0.00211592,11.53778498,37.55078877,0.00040122,0.00612798,0.00138743,0.008508882,14.5809516,43.63700841,0.000362834,0.001746799,0.000711237,0.000946144,13.09905753,40.02993201,0.000276576,0.001634813,0.000768407,0.00160726,19.17719579,44.27862792,0.000214801,0.001896242,0.002788598,0.004397875,16.69940755,42.69024661,0.00020835,0.001071535,0.00064927,0.000840071,15.79515966,40.57258939,0.002143455,0.006126836,0.00431753,0.008540677,22.68933224,41.72245342,0.001418222,0.010287183,0.002836418,0.010489791,26.83879451,44.89456382,0.000877333,0.005706294,0.001981429,0.012091558,21.52438606,48.23713543,0.000617289,0.001405203,0.00241472,0.002134636,21.90923091,45.35142188
1715,0.00024962,0.001301656,0.003525017,0.001339026,8.016059203,36.78617806,0.000254267,0.005362746,0.001105246,0.006921328,10.46436457,44.75331225,0.000381595,0.00094137,0.001099424,0.002520109,3.10003139,37.51862364,0.000425225,0.005058439,0.00202937,0.00322702,20.45023346,52.22323652,0.000234558,0.001189293,0.001793704,0.003376055,17.62138651,40.44623064,0.000284591,0.001699407,0.001237774,0.002251705,14.53552563,36.16571102,0.002731988,0.007666667,0.005726914,0.01131133,25.17718367,47.17626074,0.002767842,0.018915047,0.007627098,0.017730497,29.02130402,49.48321391,0.001235638,0.008860428,0.002077019,0.012689557,22.87008551,40.86664824,0.000468205,0.000540692,0.00292113,0.001185974,21.5306901,41.89723452
1716,0.000327545,0.000565074,0.003676873,0.001060466,10.83810368,28.54723642,0.000251799,0.003340467,0.000387618,0.00395263,14.75554144,36.93588178,0.000323307,0.001982487,0.001581167,0.003792166,8.078297162,38.1117264,0.000721697,0.012366339,0.004476517,0.01002451,24.91794368,60.7942613,0.000209488,0.001437724,0.003437664,0.002175353,17.50371617,41.38231368,0.000309328,0.001047702,0.001901388,0.002293917,16.56742804,39.26903535,0.00149358,0.004934354,0.002652422,0.006240208,20.87439953,45.07237176,0.004757608,0.033652369,0.014540661,0.031660738,30.72604903,54.04026329,0.001661543,0.008289872,0.001432003,0.01166134,22.00518256,48.14313462,0.000554717,0.003097615,0.002949143,0.004211552,17.62486548,43.60273525
1717,0.000274915,0.001090915,0.001672408,0.000959994,12.79288858,29.57190078,0.000457736,0.003619285,0.002464777,0.00564174,20.15465293,36.19596381,0.000282867,0.005275782,0.001328332,0.0049902,9.349022556,39.87969317,0.001667729,0.027845929,0.011043993,0.022598822,29.24317465,68.03825709,0.000521238,0.002110953,0.003973257,0.003145763,13.9232333,38.29161742,0.000353052,0.001551701,0.002151344,0.001819023,14.61513428,44.7662061,0.000649356,0.00470429,0.000216194,0.00466445,19.47470909,46.75411103,0.002690062,0.020033183,0.009158796,0.018919186,25.64876914,50.13265685,0.001135507,0.004995975,0.002652202,0.006925447,16.95657008,52.98410849,0.000614757,0.002665635,0.002874342,0.003492426,21.52979351,46.5791873
1718,0.000182859,0.00127702,0.000922796,0.001118846,10.12957515,33.67980844,0.000333756,0.002275657,0.001525839,0.003284311,18.2945743,36.44086289,0.000561831,0.005158695,0.000904723,0.00453686,15.23796029,38.44271171,0.001624385,0.025679499,0.010862375,0.020848327,27.98536483,67.37360054,0.000437734,0.001422006,0.000771565,0.002516815,15.49565936,40.83459279,0.000375971,0.001278609,0.002408364,0.000229063,10.44777028,43.17445719,0.0005515,0.003198967,0.001165621,0.003055807,15.43450899,45.24452545,0.001146352,0.005421982,0.003429983,0.005495641,15.36097401,48.04857374,0.001497725,0.003699797,0.003548831,0.004752655,19.93528771,54.76783541,0.000470895,0.000670417,0.002323947,0.001620399,21.26700369,43.11592709
1719,0.000336379,0.001362482,0.001179936,0.001754831,13.58760399,30.28015677,0.000544478,0.003735781,0.000893512,0.003982874,13.08828369,41.8557384,0.000220206,0.003168396,0.000715421,0.002262436,17.12730851,39.70766492,0.000653277,0.007671283,0.00453713,0.00659425,16.57383414,57.64794948,0.000266868,0.000767244,0.001427774,0.001570819,14.65928844,38.1135918,0.000322444,0.000934415,0.001919108,0.001218761,12.86297942,39.95329041,0.000296284,0.001126613,0.002852319,0.001010446,14.63285677,42.17984947,0.001021969,0.006993734,0.005660202,0.005884083,16.96694148,39.50767717,0.001425092,0.004044047,0.002211528,0.004387949,16.390445,53.59673159,0.000294958,0.001513036,0.001422139,0.002222622,19.23240608,42.49438024
1720,0.000395753,0.001084804,0.000753598,0.002078908,10.07703174,35.5558988,0.000480869,0.002442667,0.001189742,0.002812092,12.93298898,40.21903382,0.000229221,0.000970266,0.000797363,0.001451925,13.86030543,31.42044015,0.00041171,0.005458092,0.001898246,0.00363656,20.66684938,53.87705776,0.000342269,0.00155305,0.001579158,0.002669964,7.792774057,33.20769416,0.000450007,0.000953475,0.001086347,0.001250805,15.04535663,34.0692369,0.000420617,0.000761709,0.00258732,0.000587862,10.21636475,40.60016066,0.000641147,0.005861116,0.004454672,0.004910529,19.24524169,35.00830848,0.00065823,0.001733242,0.001736437,0.002329349,19.40874515,48.05015482,0.000372419,0.001075918,0.001794221,0.001699088,19.90715383,41.29132906
1721,0.000341128,0.001557506,0.001175966,0.00148478,14.46470083,38.12194317,0.00037654,0.001285654,0.001646642,0.002287336,11.60286567,39.15895017,0.000337655,0.00141362,0.001160827,0.001125713,13.51127404,36.76050042,0.000412684,0.003827719,0.001358003,0.001655177,15.09892157,50.30906669,0.00031607,0.00197437,0.001554023,0.002300305,13.26069864,34.42675256,0.000452105,0.001010776,0.000843197,0.001162402,17.70132339,35.45352774,0.000429735,0.003370363,0.001543963,0.00544621,17.11866899,42.84781539,0.000412894,0.002430104,0.002407542,0.00259139,20.57569803,43.6968187,0.000516893,0.00298445,0.002342466,0.003759193,21.00054115,47.86787367,0.000365711,0.001175858,0.001552581,0.001986608,18.92339961,37.29555264
1722,0.000757775,0.003333397,0.001876693,0.002484712,23.61150438,37.8009887,0.000316989,0.000666255,0.001759679,0.002311723,5.351776513,36.26482018,0.000651583,0.001929347,0.002066207,0.000984789,13.6861401,38.61865379,0.000519283,0.001593068,0.00189588,0.001356839,11.62479527,44.88926756,0.000387817,0.001515161,0.001595795,0.002124914,18.9768494,41.36954768,0.000429,0.000931601,0.000751641,0.001051938,16.60518394,37.2228541,0.000587711,0.008772992,0.002102966,0.011859784,22.19899278,45.72179427,0.000484086,0.002136504,0.002657364,0.00280031,15.40713202,44.27074534,0.000662808,0.003048658,0.002498419,0.002893202,22.75808131,45.03658095,0.000243112,0.001045623,0.001178451,0.001619842,16.12699471,36.286913
1723,0.001614863,0.007155586,0.004566332,0.006125061,4.978503064,32.35490655,0.000267305,0.000714395,0.001532488,0.0013982,9.249191362,38.67589207,0.000581722,0.001868931,0.002564423,0.001270415,19.41309936,36.80797033,0.000665215,0.001568917,0.004065302,0.001213425,15.27375005,39.53112917,0.000358145,0.001039725,0.002086298,0.003550977,18.38716934,39.10382358,0.000409179,0.000816005,0.001154863,0.001070649,18.63958357,41.0589125,0.000725518,0.011064826,0.003345765,0.012371355,22.62799578,49.49139616,0.000418267,0.001683675,0.002135954,0.002916772,16.57691826,40.89922132,0.000544537,0.002061623,0.003176844,0.00286256,19.38860883,41.53688314,0.00020572,0.003008763,0.001153365,0.002824106,18.89986478,37.32268188
1724,0.000754009,0.003924843,0.00201733,0.003432984,37.13744634,50.55782525,0.000164316,0.000873054,0.000839376,0.001572201,13.79687122,37.62414704,0.000572368,0.003343966,0.002082589,0.001905005,4.961454854,40.72029686,0.000603297,0.000759741,0.002924454,0.001596152,8.033397597,38.22825654,0.000477839,0.000448882,0.00291613,0.004219905,14.49367264,34.38385669,0.000210872,0.001113622,0.001558333,0.001335166,17.64234063,43.00557964,0.000861136,0.013165247,0.00263405,0.014420049,20.12751389,51.49661605,0.000157226,0.000831868,0.002052297,0.002126271,19.18864578,41.31742119,0.000362865,0.000920872,0.002553178,0.001321236,16.25484989,41.45413157,0.000386802,0.003483094,0.001398984,0.0039325,17.51019434,40.19578067
1725,0.007750556,0.040660556,0.023340019,0.03603526,41.14618933,54.49866232,0.000226242,0.000446378,0.000964852,0.001181708,15.90998533,28.96908754,0.000793109,0.001718632,0.002209487,0.001889727,19.78104706,40.15927986,0.000242928,0.000656234,0.001638373,0.001671558,11.41768802,37.08199282,0.000262307,0.000175687,0.001998826,0.003158701,18.33829667,39.41763656,0.00015619,0.000866224,0.002314771,0.001243548,3.438866388,42.45084892,0.002535987,0.044185591,0.009331549,0.053345229,28.4222812,59.98377276,0.000363035,0.001190316,0.002921002,0.002147316,19.10129996,38.98535447,0.000353928,0.002160237,0.001473488,0.001748307,13.47414624,38.80119251,0.00038449,0.001383157,0.00142685,0.001692878,18.71320953,37.55979799
1726,0.012176872,0.064216223,0.036436246,0.057087363,36.41608715,50.53527877,0.000287948,0.000597013,0.0009171,0.000842624,14.47947864,26.14875586,0.000614411,0.001907482,0.001412579,0.001284365,18.81029655,38.66847831,0.000430735,0.000592911,0.001954215,0.001227748,14.87540128,41.06087258,0.00017415,0.000548999,0.001765176,0.002058235,18.78874759,36.60346613,0.000324993,0.001228772,0.002791541,0.001281526,13.35155831,45.19367998,0.002429041,0.043893802,0.009199465,0.053708017,28.30849477,60.00448824,0.000701527,0.001840755,0.003403762,0.00307641,14.62322693,42.32842756,0.000417613,0.001844195,0.002413289,0.001631324,11.57308378,41.57493081,0.000519675,0.003330299,0.001281413,0.004124251,18.00070399,39.41326326
1727,0.007036066,0.037177325,0.021549495,0.033039857,23.28331324,40.03724981,0.000323374,0.00086018,0.000761739,0.000944118,9.717941975,35.48442139,0.000615933,0.003351566,0.000889846,0.002090772,14.29794601,42.86357472,0.000483105,0.001089034,0.001329204,0.000758764,15.4955357,41.53721438,0.000245229,0.000922278,0.001827151,0.002171283,15.86389663,29.44426974,0.000380664,0.001074686,0.002044312,0.001417872,15.43588523,40.97735189,0.000434036,0.010156823,0.000919235,0.011926885,10.59297106,49.12110967,0.00042452,0.002554303,0.002087723,0.00312861,15.88608107,40.62952679,0.000437464,0.001269096,0.00136722,0.001584029,16.0851671,41.15626008,0.000430472,0.001490157,0.001635057,0.001587063,21.1171806,34.22786806
1728,0.001423425,0.007731181,0.005838802,0.00708593,17.30190939,38.41304082,0.000321003,0.000888684,0.001031875,0.001740911,12.69442408,36.81070129,0.000860164,0.003760954,0.000733506,0.001274185,12.60425717,41.99481624,0.00030645,0.000931026,0.000561939,0.000920695,13.06167997,36.89710551,0.000153389,0.000970346,0.001121411,0.001599771,14.44377558,28.41688532,0.000323329,0.00093428,0.000432482,0.001998088,10.44296015,34.2054661,0.000566387,0.011201783,0.002815897,0.014541431,17.38258486,47.86788511,0.00076084,0.002831356,0.001126537,0.00367397,19.2109691,40.29369561,0.000303705,0.001601126,0.001810296,0.002176147,15.59356474,40.96805561,0.000354979,0.002351462,0.002597113,0.001218995,22.48446478,39.28496725
1729,0.000588758,0.002868815,0.002118847,0.002962678,19.70073712,37.54200838,0.000118813,0.001256576,0.000509464,0.003101662,16.91336713,32.30611623,0.000735006,0.002313849,0.001142955,0.001390629,5.162262804,33.10717649,0.000327819,0.000749811,0.000546548,0.001148108,14.78599673,24.70941145,8.26E-05,0.001216636,0.001164651,0.000751409,16.88112943,34.57191372,0.000231731,0.000830117,0.001223871,0.002003178,12.73024878,40.37710713,0.00058301,0.009415831,0.002013451,0.011660052,13.32470543,47.36327881,0.00095145,0.003548549,0.001576415,0.003012654,19.26198305,37.63479802,0.000324942,0.001760882,0.002156743,0.002903264,12.44779087,42.26215736,0.000390735,0.001558056,0.003737271,0.002495449,22.91012639,40.7576223
1730,0.000889116,0.004235176,0.002592994,0.004655397,17.38886375,33.63351256,0.000406567,0.001409232,0.001223785,0.004088283,16.09470247,30.43306665,0.000573868,0.003201135,0.002539623,0.001910897,7.417061649,43.76504353,0.000317619,0.000613289,0.000759557,0.001223311,17.74895605,29.77456795,0.000188749,0.000748951,0.000696621,0.001965924,11.92661698,33.01913212,0.000203254,0.001855333,0.003992945,0.002015781,13.2676734,38.98841728,0.000673489,0.004673631,0.0023177,0.005470124,7.330969262,44.352226,0.001331393,0.004107224,0.002295771,0.00359128,18.09594858,39.02867803,0.000150534,0.000865556,0.001339511,0.002226489,12.92948155,43.05953486,0.000342475,0.001997033,0.002976471,0.003147878,20.3024713,40.02234481
1731,0.000532069,0.002974414,0.001475252,0.003320311,13.53639338,38.16154287,0.000158965,0.001220759,0.000739383,0.002522797,12.50213292,32.81741862,0.000567897,0.002300974,0.002686352,0.001979843,14.93305874,43.43248411,0.000333911,0.000438308,0.001356675,0.00115019,9.936191222,32.74160966,0.000393273,0.000337809,0.002439969,0.002575251,4.725047433,37.8695715,0.000220105,0.002486843,0.006021331,0.002204514,13.81045922,40.35547658,0.000648869,0.003272579,0.002044558,0.004597245,15.6063212,42.27013005,0.002118888,0.002302864,0.003186718,0.003638489,16.69246455,41.42452031,0.000319521,0.000798232,0.001791551,0.001262466,18.71190854,37.03983356,0.000402049,0.005793969,0.001730782,0.006056022,17.47256569,41.76871749
1732,0.000286953,0.001705137,0.000866764,0.001482611,16.03178068,34.61533105,0.000329078,0.00174205,0.001496829,0.00250264,8.36583507,34.91724992,0.000624346,0.001434838,0.003062911,0.002173437,16.63467359,40.37400928,0.000477014,0.000635266,0.001256806,0.000924565,13.09093658,31.09638771,0.000440575,0.00047141,0.002711382,0.001895491,11.82153653,36.11413097,0.000388694,0.001543475,0.003784907,0.001333266,8.545818311,34.45472934,0.000368174,0.002215908,0.001150512,0.003177542,20.02088062,40.75036777,0.001038303,0.002094689,0.003381843,0.001991561,17.25260264,37.8410844,0.000181725,0.001244819,0.001532142,0.000497191,15.31334618,36.6355195,0.000560984,0.005177242,0.002683555,0.005805221,14.46628801,44.08215549
1733,0.00027444,0.001641129,0.000548711,0.001739751,15.28596409,33.03411615,0.000376294,0.001545992,0.001759802,0.001470448,11.28630192,39.94590557,0.000552354,0.000386372,0.002476913,0.001519846,11.54974999,36.94795079,0.000336862,0.000948814,0.000886577,0.001871642,13.56220286,37.91690078,0.000343809,0.000300133,0.001299121,0.001072518,17.79766134,35.94847732,0.000251382,0.001046501,0.001877284,0.001748647,16.40986629,39.92516274,0.000106778,0.000676595,0.001485457,0.000883188,16.66192439,35.7549696,0.000388058,0.002228315,0.001709633,0.002515212,17.69922745,34.76011213,0.000208838,0.002823377,0.001391847,0.00229155,19.50238225,40.16991315,0.000588789,0.003067005,0.003039695,0.00307851,16.82617638,44.09291303
1734,0.000176777,0.001192564,0.000552894,0.00140127,8.384842268,32.3530862,0.000262255,0.001440262,0.00083849,0.000489341,8.984197757,36.3705575,0.000412778,0.000730393,0.002287291,0.001677883,14.51723077,33.82743979,0.000228635,0.000839006,0.001133932,0.002373331,13.86666724,38.32477885,0.00030817,0.000355181,0.000975987,0.00168594,16.24805514,35.21057826,0.000320916,0.001664567,0.001419382,0.002324388,17.19198,40.70594478,0.000322401,0.001582267,0.00192274,0.002835444,18.31751201,41.98532361,0.00076127,0.002291406,0.001802111,0.003889109,12.17872087,38.61206539,0.000198927,0.002659288,0.002407474,0.002884682,10.65251977,35.95067518,0.000698282,0.001428353,0.003355674,0.002549322,14.76717317,44.07927499
1735,0.000221732,0.001573382,0.000629132,0.001919991,7.993799901,36.97561876,0.000127802,0.001190145,0.000977752,0.000672381,11.45663297,36.3416027,0.000371711,0.000726056,0.002289522,0.001393566,14.94487549,30.4410059,0.000135917,0.000558883,0.001566339,0.00195645,11.82125214,29.49808137,0.000245857,0.000715209,0.001365458,0.002054958,10.22265784,35.17384774,0.000373447,0.000860689,0.001451476,0.001196561,15.05683747,34.44492179,0.000362509,0.001639178,0.001046189,0.002544559,16.2159332,36.39528028,0.000750365,0.001760149,0.003236922,0.001708891,12.82569648,41.04891099,0.00065647,0.002064456,0.002064683,0.002814334,17.86919012,34.13153184,0.000568771,0.008861544,0.002968115,0.004643988,12.77421228,42.67129783
1736,0.000318355,0.002042308,0.000499805,0.002875994,14.26456469,35.79374268,0.000215328,0.00110652,0.001523743,0.001498207,13.43562318,35.68688869,0.000273761,0.001195145,0.001835668,0.001973694,16.2089192,33.31391165,0.000209799,0.00065998,0.001481659,0.001936717,3.087977932,37.24396384,0.00030908,0.000651112,0.001500894,0.001382733,12.45274451,36.47163732,0.000373478,0.000414308,0.001698835,0.000681344,8.684136237,36.86531648,0.000405375,0.00070765,0.001561862,0.000684313,16.3461661,37.68467849,0.000382818,0.002354742,0.002851329,0.002255981,16.14179331,42.00511172,0.000467146,0.001735135,0.0006804,0.002125414,14.592678,35.42988988,0.000618176,0.007686383,0.002874928,0.005030674,14.03665598,42.80503501
1737,0.000337875,0.001559123,0.000855216,0.002199415,14.17432951,35.54065567,0.000345223,0.000754143,0.002236757,0.001957809,10.02269066,34.25992886,0.000335142,0.000873251,0.002033009,0.002075909,15.57333945,38.55967647,0.000109094,0.000965343,0.001269724,0.001790089,9.617429157,39.72549289,0.000213074,0.000832807,0.001101077,0.001509133,15.40769231,39.94866355,0.000270312,0.000839892,0.001038839,0.000766805,16.94030347,39.72963723,0.000408382,0.001129824,0.001100151,0.001121324,16.75312999,37.76409487,0.000315783,0.003071672,0.002429183,0.003677684,18.67955272,40.90456967,0.000226367,0.001977446,0.001425124,0.001627468,17.82587489,41.81059103,0.000320158,0.003561434,0.002346388,0.003417442,19.05442899,41.59432283
1738,0.000191476,0.000876319,0.001142187,0.001249607,17.21099457,38.27099656,0.000212858,0.000879985,0.002659638,0.001743997,8.887271576,36.17947435,0.000308197,0.001230266,0.000756557,0.00264375,14.93814629,38.32878108,0.000450189,0.000323927,0.001620356,0.00148637,12.44772453,31.91790817,0.000164529,0.000790007,0.001337109,0.002500552,16.15117423,42.72416414,0.000248403,0.000969855,0.001210113,0.001008614,15.66285706,39.19984372,0.000433526,0.002532781,0.003101243,0.002166702,18.53016645,41.38404003,0.000377161,0.001468695,0.00199871,0.002887536,14.54024411,30.40811161,5.70E-05,0.002205878,0.00134363,0.000836232,15.99656504,43.79357247,0.000373207,0.003024295,0.001719219,0.00311067,19.14214459,41.51505417
1739,0.000195515,0.000750916,0.00181633,0.000783491,12.85532228,36.28037275,0.000225309,0.001103095,0.002155983,0.002744264,10.83363843,38.96430378,0.000242398,0.000812346,0.00112359,0.003133235,14.57560201,37.59889655,0.000607317,0.000516866,0.002259338,0.000863311,14.96766283,38.51013021,0.000238588,0.000251119,0.001314999,0.002689656,12.32118472,39.58241221,0.000367735,0.00131417,0.001304418,0.002080164,9.575142487,39.19064623,0.000425944,0.002687937,0.003157229,0.002732685,22.20978388,38.25599685,0.000404519,0.004091274,0.003237715,0.003882601,19.75015423,42.09632681,0.000328001,0.001104149,0.001340015,0.001322376,15.75148469,43.25303358,0.00046116,0.002338353,0.002226863,0.001585398,17.84512317,44.91162472
1740,0.00032763,0.000594149,0.001755289,0.000384706,12.63566032,37.26517548,0.000276077,0.002042071,0.002037489,0.003390947,16.3318922,37.37278524,0.000210819,0.000420362,0.000790526,0.001659436,15.60731942,30.36442378,0.000595755,0.000538303,0.002752162,0.001861721,14.05269225,40.28018316,0.000102788,0.000868738,0.001034762,0.002036336,13.47156833,36.02959706,0.000258347,0.00136758,0.000908057,0.002233369,6.963155321,36.76048427,0.000901011,0.003199695,0.003312437,0.003860609,20.61547482,41.47275881,0.000662096,0.010521936,0.003906766,0.012654193,28.55270116,52.41226808,0.000341442,0.001574666,0.002007764,0.001964678,18.087532,44.90026927,0.000325555,0.001333633,0.002490041,0.000955101,14.97383549,42.06240894
1741,0.000266439,0.000634078,0.001113652,0.000662938,13.80510781,37.55929378,0.000204408,0.004571358,0.004919188,0.0067007,18.5615388,44.56593299,0.000234373,0.000519865,0.000826306,0.002043526,13.59189704,37.01007952,0.000354898,0.001009686,0.001563381,0.000685483,12.81666913,36.49878269,0.000287836,0.001231833,0.00048434,0.00204912,14.88352794,35.4890203,0.000220543,0.002120361,0.001054894,0.002587479,6.372130497,36.8647761,0.002717001,0.011102333,0.010124436,0.013139868,27.02469031,49.6987565,0.002187427,0.023637673,0.006277634,0.027958071,35.45727051,57.62635974,0.000128812,0.00181951,0.001739028,0.002550431,17.16203238,41.73339718,0.000274018,0.005285307,0.0020442,0.004602208,13.62513117,43.90917702
1742,0.000116964,0.000319862,0.00070382,0.000594417,14.88300455,36.05263963,0.000171082,0.001244457,0.000995524,0.003057051,15.27759817,41.24593283,0.000216201,0.00059995,0.000985844,0.001784074,14.87959633,38.09279593,0.000231043,0.000768759,0.001268951,0.001108943,9.142963429,40.19446866,0.000322411,0.001177233,0.000993538,0.002394882,15.91052474,31.12952114,0.000302835,0.002261265,0.001841992,0.003358571,15.54877772,38.06874538,0.002512478,0.010055143,0.009224526,0.012579389,26.64965305,48.89885647,0.003085078,0.03066415,0.008466884,0.035448102,38.17923134,59.08600292,0.000356436,0.001838199,0.002177824,0.00133202,16.10145585,38.80936316,0.000437261,0.003979789,0.003727168,0.003167298,16.66618717,42.97113387
1743,0.00015528,0.000654747,0.000711057,0.000995709,17.89207493,37.82717681,0.000495073,0.002789171,0.003369744,0.007652503,15.63654559,42.90325739,0.000546204,0.000670019,0.001019327,0.001495468,15.15459344,29.48868526,0.000302509,0.000373116,0.001155511,0.001115463,11.30068481,39.33327569,0.000551821,0.001384212,0.002289643,0.001210366,21.36875404,37.9596813,0.00038734,0.001979863,0.002316163,0.003040592,12.04681611,40.30304477,0.000920279,0.001889723,0.002413943,0.002908093,21.65011838,38.93666671,0.003950901,0.040852055,0.016007121,0.04452845,40.22118696,62.22315232,0.0006214,0.003567273,0.003290873,0.002929732,23.84068038,42.09282861,0.00042072,0.003003181,0.003552289,0.003027725,20.03525591,46.85788175
1744,0.000391242,0.000984315,0.000881819,0.001419629,15.02315525,39.0141202,0.000383524,0.001685915,0.001748075,0.002795571,15.80191832,46.10990731,0.000622172,0.000254159,0.0017356,0.001269738,14.98764941,32.68353305,0.000472947,0.000775022,0.000972293,0.001819528,15.32016144,28.55350004,0.000931962,0.002434206,0.002927605,0.00216828,20.07270057,37.13826172,0.000512178,0.002034668,0.002015443,0.002206208,14.64273182,40.20453556,0.001012563,0.002299603,0.0033362,0.001486161,25.01244389,39.05323337,0.011156663,0.069971367,0.010332335,0.078530612,42.70322362,67.27547889,0.000407318,0.003898822,0.003953092,0.003579476,26.43554502,37.79374448,0.000367487,0.005914903,0.002952988,0.006397536,24.21945648,47.90738418
1745,0.000582198,0.001184103,0.000870105,0.001586349,17.43615896,40.37118549,0.000272497,0.001983889,0.000696245,0.001011636,13.34679336,48.01996059,0.000674077,0.000910635,0.001569415,0.001068741,20.06350431,38.62829937,0.000468142,0.000468414,0.001543492,0.002260603,15.5622116,36.65001316,0.000736709,0.001738828,0.00253084,0.001834951,15.41024886,29.08811826,0.000694756,0.002205746,0.002614284,0.002282372,9.228277814,42.66982044,0.000756265,0.003105355,0.002627863,0.002331404,22.73072079,41.33882888,0.017888444,0.117331837,0.018621085,0.130607901,46.49126001,70.96129305,0.000954306,0.004840615,0.003699418,0.004427333,24.13490346,43.81166512,0.000329288,0.00303121,0.00183124,0.003683797,22.4399783,43.08740894
1746,0.000736669,0.00229883,0.001726302,0.002351977,17.98817852,31.92593063,0.000275057,0.000637974,0.001073516,0.001707076,11.67743975,43.32508484,0.000842505,0.000821001,0.001563731,0.001359088,20.19944983,39.16973124,0.000269645,0.000547788,0.001396429,0.001803011,18.11076385,35.83872939,0.000577952,0.000310796,0.001883161,0.001694535,16.72750742,33.49473021,0.000613103,0.001234427,0.002962795,0.001707345,18.06495885,40.69295271,0.000349604,0.001491795,0.001591234,0.002090331,20.75581618,34.15613066,0.034822095,0.262862255,0.057377052,0.296091799,54.67220678,78.05790202,0.001225336,0.007573301,0.005026946,0.006683517,21.81369597,49.43190514,0.000347663,0.000970215,0.001453971,0.000657402,14.31219321,42.46494662
1747,0.001082567,0.002623945,0.001657602,0.003337543,28.76149535,46.70479913,0.000180243,0.000608578,0.000867808,0.000848183,10.7282188,37.94355206,0.000893349,0.001577533,0.002124276,0.001030931,20.30164789,39.78248382,0.000402204,0.000510685,0.000845878,0.00112492,16.56581593,31.68374156,0.000387396,0.000655222,0.001359905,0.001696897,14.10296844,34.58356473,0.000268868,0.00116034,0.001678535,0.001738129,20.16903432,37.66972993,0.000254709,0.001068847,0.001770764,0.002442102,20.25058005,42.14133424,0.037816218,0.302354479,0.075368566,0.341506872,56.36534373,79.2719298,0.001092567,0.010072166,0.009472285,0.008982554,30.06853308,51.43564202,0.000391288,0.001956308,0.001740391,0.002111294,16.45367607,42.65789251
1748,0.003922148,0.012997759,0.002400698,0.014159024,29.22675694,48.70212698,0.000104483,0.000544329,0.000600909,0.001184182,5.291161688,33.21258847,0.000984202,0.002225526,0.003327852,0.002348501,22.9014687,43.64676988,0.000390993,0.000804249,0.001506483,0.000669652,14.72422902,34.76603269,0.000282501,0.000658012,0.001237144,0.002365263,15.95245656,35.45079921,0.000438478,0.001002554,0.001529977,0.00089566,20.10246918,42.50326232,0.000319035,0.00130424,0.00287758,0.002571503,18.50407475,44.09749572,0.01398751,0.109371261,0.028114053,0.123550026,47.87796902,70.41514543,0.001478572,0.013594884,0.0105433,0.011518696,31.62758911,49.92104444,0.000449193,0.002306091,0.003751539,0.002794442,22.81738706,47.05805329
1749,0.00481102,0.01571866,0.002855122,0.016768118,21.1647746,42.93725905,0.000209178,0.000760013,0.000710105,0.001052353,5.028188615,36.85673027,0.001093344,0.001645285,0.003276214,0.002183871,22.08435834,42.71035916,0.000720246,0.001275463,0.00301197,0.001956503,13.74794314,39.51133735,0.000180305,0.001581502,0.001062845,0.002661723,19.74878237,35.79754184,0.000524275,0.000904075,0.001883079,0.001504148,20.57439969,42.15255627,0.000361305,0.001604954,0.002421965,0.001301451,21.01490543,41.6719346,0.009381114,0.066616855,0.014201028,0.074136784,42.62897434,66.02386316,0.001380568,0.00936867,0.005381426,0.00751176,25.80923309,44.42401791,0.000612084,0.001414814,0.003586806,0.001842588,21.55814008,45.19461193
1750,0.002264338,0.007250643,0.001045411,0.007163064,9.135808338,37.03261929,0.000318457,0.000860603,0.000936865,0.001228001,7.097597799,38.63178246,0.000592823,0.001693809,0.001220392,0.00267916,15.47539073,35.18761438,0.001023597,0.001133801,0.003571436,0.002761721,15.76921309,39.32749081,0.000514897,0.001651514,0.000982191,0.002239867,18.54527689,38.0961209,0.000264656,0.000828424,0.000828629,0.00161067,18.25246251,38.93703184,0.000472636,0.001764582,0.001258618,0.002081051,11.48196125,30.84585379,0.008640953,0.064259352,0.015438949,0.071807343,41.09131601,65.30333884,0.000702784,0.004104615,0.003518275,0.003365787,20.76787433,43.54115215,0.000547757,0.001665086,0.002538615,0.001809265,18.75465559,37.43074334
1751,0.000646382,0.001808,0.000421133,0.00189257,12.94355976,32.83391049,0.00035879,0.000792532,0.001175815,0.00201234,15.23323577,35.37656108,9.13E-05,0.001163702,0.000746813,0.002074512,16.09922115,28.03343507,0.000442542,0.000800385,0.001565755,0.002455837,15.08597857,37.04094461,0.000619908,0.002912837,0.00109481,0.003015373,12.91136639,40.58991778,0.000423209,0.001161356,0.001857863,0.001907268,19.50691922,40.20337105,0.000553471,0.001508644,0.001834503,0.001854573,18.19043641,32.43033589,0.004679537,0.036914516,0.009625244,0.042285869,35.61491339,60.70295066,0.00024291,0.003619042,0.002966594,0.003261481,23.16866322,43.63968689,0.000474713,0.002163892,0.001399623,0.00302089,18.87400362,40.04377372
1752,0.000398727,0.001299496,0.000986892,0.002047403,12.2548284,36.02799178,0.000309783,0.000976236,0.001416765,0.002794411,17.50187112,35.39810917,0.000251293,0.001865701,0.000932869,0.001393101,15.78852095,32.76924223,0.000270449,0.000826442,0.001190018,0.001037434,11.63357747,38.11206822,0.000664785,0.007637235,0.001526927,0.007119527,16.13806374,42.4932223,0.000460731,0.000989701,0.002012959,0.001808162,18.45299106,38.62212653,0.001555098,0.00582507,0.00085029,0.000889757,18.60619769,44.07736108,0.001971734,0.013048834,0.002890242,0.014746955,24.38827514,53.42641241,0.0004994,0.002200222,0.002579397,0.002131053,22.91571389,45.25335918,0.000341435,0.001098635,0.001044852,0.001559439,17.44439523,30.54606434
1753,0.000517645,0.001524424,0.000981779,0.001941842,17.22003282,27.10931956,0.000633407,0.000382846,0.000666481,0.001488736,18.1863615,40.87969122,0.000166962,0.003257046,0.001567563,0.004008528,19.50431214,35.40732858,0.000393619,0.001071962,0.001091497,0.000993118,11.64482263,35.34407445,0.000593629,0.007342004,0.001225175,0.00753265,17.56321454,39.50634368,0.000335187,0.000577225,0.00123589,0.000808596,21.1180219,40.22712503,0.001524211,0.005742211,0.001604844,0.001841043,15.94982556,46.54705354,0.001698064,0.00860433,0.001941028,0.010112158,21.31041106,49.16876134,0.000353734,0.002866027,0.003257075,0.00214894,17.9259585,45.83664316,0.000233654,0.00088864,0.001552392,0.000522018,17.88758839,40.25767744
1754,0.000138784,0.000357731,0.000780842,0.000991426,14.49824007,29.30052517,0.001079308,0.000957705,0.001452131,0.003152644,15.77197134,43.74389565,0.000434094,0.005566866,0.003078912,0.006620495,22.50521865,41.13514068,0.000480385,0.000594852,0.000656527,0.001141342,13.73194755,31.14476962,0.000552506,0.001596608,0.000808787,0.002706044,15.86540129,37.74734831,0.000408289,0.000256623,0.001128404,0.00118841,19.29015741,30.86465298,0.000713637,0.004323039,0.001079716,0.008789369,16.10713555,45.05276297,0.001651221,0.009399549,0.002738216,0.011659073,25.77265512,50.64179313,0.000507884,0.002906674,0.002369682,0.002526994,16.62741958,42.08385223,0.000440637,0.003399551,0.001343667,0.003192291,19.31695476,39.53483922
1755,0.000144539,0.000815199,0.000841608,0.001070929,6.101380393,33.39688742,0.0005817,0.00130325,0.00142193,0.002177136,8.273322458,33.58612013,0.00035091,0.003565893,0.001388978,0.004387432,18.32527502,38.27986798,0.000562054,0.001179223,0.001687685,0.004186917,17.66347093,34.95712695,0.00023595,0.002398023,0.000340159,0.001839616,12.9664831,32.90753748,0.000652855,0.000620719,0.000960837,0.001272283,14.48203241,37.89006433,0.000712431,0.006357181,0.001952573,0.013817732,12.75580859,46.01663867,0.000601625,0.005047398,0.002723338,0.006680315,24.94417765,44.55697152,0.000619062,0.00198262,0.001024071,0.001586918,13.1096392,40.62460106,0.000664763,0.003988838,0.000938513,0.003759795,20.25678425,41.56517633
1756,0.000191308,0.000987571,0.000898858,0.001252595,8.393032177,36.25370169,0.000458308,0.001800262,0.001505784,0.001938277,5.768032502,27.53764095,0.000361636,0.002429339,0.001558486,0.002200522,8.859547356,38.71084018,0.000347693,0.001183241,0.00201639,0.00452878,12.54280992,32.87234904,0.00028354,0.000915243,0.000752919,0.001936988,15.47905485,31.0221606,0.00077264,0.000374943,0.001299892,0.00064569,13.61347159,37.12677821,0.000402834,0.00342662,0.001598753,0.006974463,17.00121508,42.19651003,0.000687983,0.002696613,0.002178927,0.002203765,21.65889631,43.37615813,0.000357659,0.001914756,0.00155319,0.000934239,12.19649809,37.65426679,0.000515745,0.000870867,0.001712306,0.00093054,20.4168482,41.21607141
1757,0.000288934,0.000727119,0.000964658,0.00092621,6.003035767,42.44130235,0.000274992,0.001244036,0.001491237,0.001577725,5.613100085,32.96357028,0.000456937,0.001052159,0.000962546,0.001290581,15.75129607,38.68492847,0.000307628,0.000945947,0.001225531,0.002203946,10.98846715,28.5162544,0.000330667,0.000785835,0.001284652,0.000653607,16.78751689,37.08159169,0.000771017,0.000814552,0.001091216,0.000964358,16.41876468,38.29369934,0.000449836,0.00048981,0.00038915,0.002540829,20.00867129,43.68376599,0.000545666,0.00430557,0.002235555,0.004092266,18.83554642,43.89523814,0.000563389,0.002558514,0.002175554,0.001510158,11.6033135,40.45050492,0.000340532,0.004060374,0.002247615,0.003429734,18.21127155,44.09612344
1758,0.000798635,0.003082751,0.003183772,0.00289542,10.11652724,49.5292835,0.000187045,0.00073539,0.001315201,0.000535797,5.085664421,38.29988307,0.000353046,0.000670567,0.000600374,0.000871697,16.45183827,32.13157329,0.000292871,0.00088656,0.000288459,0.002371763,17.3887929,30.6590433,0.000277868,0.001090739,0.001225008,0.002372911,18.70380501,40.52098722,0.000744739,0.001579088,0.001127131,0.001791209,15.89659561,36.48000147,0.00049682,0.00060955,0.000996339,0.00409992,17.75877379,39.46888747,0.000185852,0.003136989,0.001664892,0.002293765,20.1520078,38.32249892,0.000821099,0.003845308,0.00204167,0.00275936,16.26807483,39.6826992,0.000329079,0.003399891,0.001419482,0.00324932,16.459779,41.05747124
1759,0.001581509,0.006057432,0.007104275,0.006062589,15.54722247,45.66351239,0.000284626,0.001366869,0.000866801,0.001099127,8.322443009,39.25598125,0.000378548,0.001091241,0.000918565,0.000662088,12.90658106,36.17240099,0.000376182,0.001052591,0.000793194,0.002220399,17.33782163,36.79236967,0.000264559,0.001306024,0.000672584,0.002362179,19.29497313,39.87162873,0.000865757,0.002056382,0.001427074,0.002680528,17.78888452,41.08343889,0.000390649,0.000523381,0.001386341,0.002982651,15.01814305,34.39081756,0.000668491,0.002330092,0.000619064,0.002423935,16.64679479,43.48296749,0.000697282,0.004521455,0.001568627,0.002186978,16.10773013,45.02291379,6.71E-05,0.001397672,0.001039935,0.001755641,18.54575882,38.7574304
1760,0.001186169,0.003727382,0.005149144,0.004162266,14.20385098,31.32415199,0.000303043,0.000906467,0.000694745,0.000875973,12.89867314,36.50070344,0.000376015,0.001434091,0.000886478,0.001006856,16.78077032,38.82194869,0.000317611,0.000530031,0.000988599,0.001575998,15.85228087,27.8281822,0.000447574,0.00079776,0.000474121,0.000800405,19.06366999,38.31922637,0.000605327,0.001257165,0.001477621,0.00270224,15.09038902,36.53288436,0.000446141,0.00098716,0.001876587,0.001826241,17.48878865,41.90776071,0.000582761,0.003116541,0.001788107,0.006227371,16.27390094,46.69016818,0.000202299,0.006268435,0.001056054,0.004864398,20.01080816,44.85428156,0.000426046,0.000933893,0.000733246,0.001887805,18.65478319,38.79877651
1761,0.000333258,0.000678896,0.001784506,0.000212235,11.86673297,24.69750061,0.000387296,0.001089471,0.001103538,0.001497222,18.5386414,37.46561587,0.00037416,0.001206752,0.000526926,0.001850672,15.47932126,36.97036839,0.000369781,0.000640023,0.001255768,0.001552785,17.43074674,36.64716798,0.00033678,0.000882795,0.001313256,0.001195267,17.9985247,32.83828659,0.000485255,0.000990515,0.00083674,0.001714083,2.59275596,33.12179692,0.000282518,0.001314847,0.000918238,0.001445367,9.498261033,38.39178423,0.000383667,0.003556968,0.002688104,0.007676508,19.23671985,44.96088757,0.000709165,0.009630934,0.001843157,0.007663472,18.94436485,43.52097583,0.000415665,0.002491222,0.002097455,0.00266428,11.38028805,41.74108313
1762,0.000173953,0.001317104,0.000999725,0.001919045,7.608207029,34.29635079,0.000433109,0.001076989,0.001998932,0.001522017,16.00108298,38.70732998,0.000443833,0.001055321,0.001067031,0.002065445,10.39805978,34.68499807,0.000475507,0.00129238,0.001064927,0.000837675,9.169280579,38.58268625,0.000209829,0.001198987,0.001671318,0.002261051,15.66218958,27.88963182,0.000409696,0.000843492,0.00061943,0.000979699,17.72778173,33.78200119,0.00029108,0.003478815,0.000797117,0.003676928,14.64118241,40.4141858,0.00052822,0.00262545,0.002230442,0.004299632,17.20400589,36.08734433,0.000689196,0.010677553,0.00264823,0.00648866,17.74667416,46.0973228,0.000768179,0.003220384,0.001784443,0.003090666,13.33449519,40.95100574
1763,0.000184895,0.001462454,0.001046311,0.00276472,10.25780119,32.58676676,0.00048412,0.001444472,0.002394429,0.001863145,9.893465074,39.40912262,0.00029952,0.000508558,0.001445909,0.001058466,17.50494852,29.78488025,0.000400916,0.001404271,0.001338432,0.001548823,14.57156154,37.48363407,0.000160711,0.000718495,0.001741081,0.002624061,13.23121503,29.11176691,0.000400192,0.00077313,0.001267071,0.000469651,16.67594823,37.33594959,0.000526298,0.005101861,0.00059541,0.005161595,17.65219839,40.30912916,0.000127177,0.002222009,0.00140422,0.0030599,14.96701532,29.3545078,0.001041394,0.010932939,0.002637873,0.005384654,12.13252656,45.84397615,0.000654546,0.002128805,0.000637814,0.001987084,9.735159048,33.99508879
1764,0.000182244,0.000790317,0.000619897,0.001758099,11.77152602,33.641076,0.000635473,0.003147179,0.007082942,0.00399466,17.22901125,46.83718734,0.000322539,0.00060004,0.001254518,0.002072693,16.64405439,36.12897181,0.000276531,0.000833661,0.001293366,0.001710268,15.36605519,32.01394883,0.000139532,0.000811035,0.002026004,0.001391548,15.77617799,37.05732588,0.000387933,0.000883947,0.000976292,0.000443928,14.87899919,33.52582342,0.000550053,0.004110283,0.000813068,0.005801274,13.47679436,37.76543224,0.000494892,0.001724772,0.001205364,0.002820662,4.422418156,40.1378348,0.002149358,0.015227327,0.004419313,0.010808856,16.32402083,43.41823302,0.00086004,0.001851163,0.001802991,0.001860311,14.36365813,39.17704682
1765,0.000194693,0.00011058,0.000861428,0.000784611,12.62598859,33.21149936,0.001187564,0.005676914,0.011678348,0.006613059,24.33699655,51.7781688,0.000434163,0.000800978,0.001275904,0.001096582,13.24525586,33.45111578,0.000159691,0.000307616,0.000401124,0.001170873,11.80062903,32.93833761,0.000230767,0.001370992,0.001563458,0.001181146,18.4431227,37.73616203,0.000517686,0.001079487,0.000744376,0.001060845,14.83779147,38.57285758,0.00071122,0.01365443,0.00178943,0.01667014,23.75952542,45.54254905,0.000530195,0.001355893,0.001179841,0.002380693,17.06664709,43.54172924,0.00275353,0.021558893,0.004433088,0.013956549,21.23951407,44.55246815,0.001447593,0.003409171,0.001730559,0.001939734,20.38050065,41.07486669
1766,0.000115338,0.000554345,0.00066139,0.000584238,9.545632643,29.44173487,0.00072946,0.004186733,0.005199823,0.004756127,20.98554264,43.83355938,0.000326841,0.001147771,0.001738716,0.000919747,16.1637283,32.41840136,0.000365202,0.000839171,0.000936744,0.000758186,13.2651611,36.33319977,0.000319004,0.001044173,0.001617963,0.003544306,18.11073558,37.8165324,0.0005248,0.00138355,0.000522065,0.000805121,17.61433538,36.93242054,0.000818535,0.023078627,0.002168545,0.028088474,26.9135828,49.4637759,0.000492407,0.000656564,0.001108488,0.001867936,19.05145761,38.98784355,0.001973252,0.013787804,0.002656165,0.009165005,19.18231825,43.85316023,0.001995988,0.005798255,0.003333211,0.0051605,17.66713315,41.6183586
1767,0.000199776,0.000889592,0.000858781,0.000629262,4.486895681,35.21505518,0.000171181,0.002388413,0.00244584,0.003674152,21.10039651,39.85996091,0.000300567,0.001146795,0.001250488,0.000485807,15.65845139,32.11830758,0.000359128,0.00092991,0.001272144,0.001400068,17.27907762,38.20101323,0.000484948,0.000515251,0.001566739,0.00334251,19.97214164,41.05490324,0.000988385,0.00117379,0.00097273,0.001708122,17.67857293,30.20254839,0.000440948,0.012000036,0.001366308,0.014590725,22.06779744,42.74247232,0.000626851,0.001201285,0.00132953,0.001187091,19.21634973,42.761455,0.00082325,0.006675686,0.002357661,0.0044756,10.41257594,44.47915553,0.001509527,0.00796075,0.00318204,0.006307034,16.23019394,44.45879512
1768,0.00038908,0.001176134,0.001251735,0.001258014,12.12407916,36.02576386,0.000178649,0.001191832,0.002394977,0.002285711,20.91458566,41.02572634,0.000288668,0.000681832,0.000977405,0.000877028,18.08439505,32.72124421,0.000268489,0.000678146,0.001014589,0.000936046,16.12737966,37.7589207,0.000528984,0.000535723,0.000706834,0.001435046,13.86145734,39.77945009,0.000710562,0.000369897,0.000714057,0.001228791,16.01509565,37.41061729,0.000662179,0.003512733,0.006238722,0.007801804,22.1095491,49.0729589,0.000353866,0.001179119,0.0009383,0.000620677,13.13669416,39.03476306,0.00081234,0.004210928,0.001347245,0.003174286,15.64136845,43.17210715,0.000859674,0.005914178,0.002868714,0.003150476,18.16970956,46.35106736
1769,0.000372304,0.000942621,0.001062051,0.000698844,14.59562788,34.50566908,0.000130976,0.000632692,0.001358156,0.001186301,16.37328134,32.5735482,0.000306413,0.000487599,0.00119973,0.000919969,18.01710236,32.07681387,0.000205431,0.000855026,0.000384062,0.000919332,15.63317353,37.24072673,0.000161348,0.000613807,0.000944539,0.001527262,16.36274263,35.0574273,0.000508986,0.000371678,0.000874937,0.000980696,10.1617024,32.62714817,0.001073742,0.003142474,0.006508341,0.005655468,22.60828808,50.28955782,0.00056041,0.001888765,0.00156145,0.001840062,18.24243627,42.91848877,0.000578328,0.002033064,0.002026139,0.00193301,18.68362558,41.94424638,0.000878199,0.009200795,0.001827493,0.009144188,21.46996549,49.83513006
1770,0.000790244,0.001998103,0.003031534,0.001744031,20.11224881,43.72828082,0.000195275,0.001068705,0.000726806,0.001405678,13.02220065,31.71034961,0.00022673,0.000417497,0.001091252,0.000990361,9.056150556,31.4336572,0.000233825,0.001444925,0.000905191,0.001576944,16.12644587,38.6277126,0.000478659,0.001329288,0.001456808,0.001678908,17.53500715,32.83965294,0.000500921,0.00091157,0.002051914,0.000787583,15.9583271,36.87419129,0.001382159,0.003323924,0.002991315,0.006404759,21.19261158,41.85879786,0.000394749,0.002770976,0.002082104,0.002447925,18.51634325,39.69700867,0.000317119,0.001737681,0.003081028,0.000911659,20.2275358,43.75286828,0.000657564,0.011567818,0.002063763,0.01168477,23.78825371,51.58133942
1771,0.00229102,0.004761486,0.007649622,0.004073735,18.97951448,44.07499641,0.000182625,0.00108524,0.001521059,0.001305852,12.86320724,37.05069203,0.000347247,0.000919338,0.001306781,0.001052167,14.90710023,26.94834663,0.000271978,0.00142842,0.001455686,0.001803115,17.05500245,39.24202649,0.00100762,0.002336294,0.002536373,0.004589229,14.87102856,39.1565715,0.000530945,0.001019884,0.00219018,0.00111458,10.4929183,39.47861229,0.002100794,0.00494968,0.004144057,0.011586377,20.58795668,48.42888153,0.000485879,0.003389361,0.003153973,0.001414456,15.26390887,41.57807645,0.000355984,0.000980355,0.001927479,0.000898651,15.53640922,37.29745825,0.001038553,0.031003742,0.003838406,0.030845562,30.12986516,60.73704892
1772,0.002038777,0.004097873,0.006951858,0.003627081,17.11024123,38.18892127,0.000294914,0.000469485,0.000932723,0.000801639,9.537411287,30.77208281,0.00091402,0.002050596,0.001710252,0.000987289,16.61065296,32.74474808,7.18E-05,0.000507076,0.001336382,0.001608747,17.25897183,36.65606778,0.000635165,0.001767335,0.00208381,0.003277087,15.27792906,39.79749374,0.000386428,0.000903176,0.001691875,0.001534719,11.42597146,38.61451431,0.001080843,0.002567504,0.002595422,0.004203821,15.140795,40.07037816,0.001149828,0.003544346,0.004386008,0.003303041,9.096091832,45.41967305,0.000641754,0.001903953,0.002196305,0.001043516,16.06479243,44.74339194,0.001165627,0.056262344,0.007336356,0.057310529,33.548387,64.96992936
1773,0.000663778,0.001378122,0.00302843,0.001126368,15.19930227,36.09094667,0.000330069,0.001332431,0.001577969,0.000898247,12.709823,36.05653583,0.001447916,0.003242388,0.002887353,0.003595631,14.64943513,28.57077594,0.000134795,0.000778143,0.001165472,0.001341328,16.2968489,35.64563329,0.000462321,0.001829554,0.001608997,0.001679581,11.80386084,40.3316199,0.000439732,0.001436244,0.001117255,0.001164929,17.15598275,36.08399604,0.00023619,0.001493065,0.00223007,0.002707331,15.90995497,37.60640894,0.001456313,0.003769887,0.005482549,0.004103487,18.54460662,49.0276281,0.00050949,0.001939064,0.002065728,0.001212409,16.84739352,44.6767008,0.000484413,0.029205841,0.003030589,0.02986667,28.03283554,59.12176841
1774,9.69E-05,0.000574697,0.00156245,0.00039362,14.02260132,33.15580379,0.000539909,0.001215008,0.002018039,0.000844291,16.37300404,27.99833421,0.002338591,0.004149987,0.00385419,0.003528179,16.65545106,38.40725844,0.000276946,0.000958597,0.000702304,0.00094689,8.8553446,35.37783172,0.000661657,0.001850404,0.000899704,0.00145509,13.978175,38.87863511,0.000458392,0.001288999,0.001429559,0.000460594,19.56029065,37.77499313,0.000362866,0.001140893,0.001462297,0.002675177,18.22051396,42.04442137,0.001260317,0.004016877,0.004793191,0.005223841,25.13592354,52.34812239,0.000435511,0.003289343,0.004384535,0.002187704,19.84858571,41.17286269,0.000757251,0.012263338,0.003163583,0.012155459,19.01038726,49.51797709
1775,0.000202874,0.000390883,0.001412094,0.000395516,13.53361302,30.94209462,0.000688655,0.001229271,0.00201467,0.002186226,9.045951899,39.77819657,0.001818384,0.002929953,0.002776104,0.001669556,17.32301371,41.37553861,0.000446032,0.001335466,0.001333316,0.002315209,10.24978311,41.08473216,0.001678597,0.001287444,0.001368939,0.001863111,15.85089722,37.01290527,0.000338847,0.001025859,0.001398178,0.001154345,17.32822098,38.71959366,0.000271023,0.000767255,0.000541434,0.001903922,15.8524561,38.33151826,0.002400987,0.010134823,0.009639934,0.014622803,26.26891582,55.30580871,0.000660281,0.004162064,0.005879012,0.002827652,21.4875204,40.09877606,0.000839508,0.006394164,0.00513181,0.007008312,23.6011668,46.4747072
1776,0.000375362,0.000751041,0.001393432,0.000350619,12.7355399,29.6864881,0.000629862,0.001377159,0.001873582,0.003335676,10.31544163,42.24624854,0.000920421,0.002029682,0.002606771,0.000788939,19.02302878,42.92734553,0.000859726,0.001718347,0.001757931,0.004039489,18.05316631,42.87940858,0.001997893,0.000976399,0.001449084,0.001604755,11.80504201,33.70889858,0.000387254,0.000673937,0.001345423,0.000951658,16.27581656,38.70932811,0.00023522,0.000777339,0.001535101,0.001161272,12.6649919,38.18145443,0.003737262,0.014963137,0.018433312,0.022497241,27.87748707,57.55022303,0.001394297,0.006361887,0.007654799,0.004707226,22.11522906,37.4283875,0.000518559,0.00538519,0.003715358,0.006732608,25.26904168,50.99763028
1777,0.000304287,0.000635124,0.00106885,0.000545968,14.97443233,33.31610731,0.002207354,0.006299487,0.003791949,0.009792115,15.24287022,49.29724161,0.000772152,0.002035542,0.001332083,0.001329659,15.24669545,38.01075889,0.001038548,0.000783529,0.001930951,0.002290323,14.36244152,38.04110213,0.000754561,0.00099833,0.00209767,0.001596909,5.336735066,38.39303871,0.000465796,0.001223698,0.001057657,0.00114129,20.94618751,38.39670194,0.000200687,0.000896633,0.002291473,0.001313539,12.93283072,39.29334264,0.007351052,0.031570246,0.039608548,0.0478371,34.24114438,64.9519585,0.002164477,0.009388958,0.011497482,0.005975648,24.53118431,37.63068199,0.001989003,0.012951879,0.005981131,0.00890449,24.21725478,54.01099362
1778,0.000177072,0.000308727,0.00107082,0.000405751,11.29337365,31.84535901,0.003055907,0.008762442,0.005179968,0.013687517,19.33847854,51.31040127,0.00068629,0.001391503,0.000734723,0.000921589,14.92808605,35.09770137,0.000976993,0.000970325,0.000971302,0.001063327,19.39680079,40.80288325,0.00067765,0.000642916,0.002197354,0.00246031,12.37746827,40.69675364,0.00037682,0.000906759,0.00138911,0.000888391,20.53821383,35.00633848,0.000229069,0.001430597,0.002056327,0.000958684,15.83328388,42.3078641,0.006165137,0.023660623,0.031114468,0.037444163,32.91785004,63.14003075,0.003603687,0.012770781,0.017443636,0.007701665,25.19088827,39.55925111,0.001446628,0.00980961,0.003496942,0.005838909,22.98374826,52.54171032
1779,0.000164404,0.000638817,0.000544584,0.00063707,7.668459698,32.26901081,0.001023129,0.003228724,0.002138435,0.005445399,19.07674594,43.25375388,0.000783402,0.001311382,0.001230375,0.00178613,14.66827069,38.00648335,0.000386169,0.0011038,0.000523346,0.001068584,16.67447198,40.07512812,0.000588329,0.001290667,0.002230243,0.002457436,15.15951981,37.24622583,0.000124689,0.00034366,0.00159104,0.000755936,16.13324269,35.05254309,0.000368304,0.000933381,0.001122757,0.001995492,16.21308567,40.15008467,0.001820756,0.006936651,0.009045268,0.011003389,23.48839862,51.21280392,0.005443384,0.021526457,0.032852822,0.013361189,30.63422696,42.89639382,0.001772443,0.009247057,0.002175594,0.005062329,23.35365304,52.45994648
1780,0.000106912,0.000330436,0.000788197,0.000694468,10.75461053,38.31727698,0.0005934,0.001194158,0.002728281,0.003828935,17.92624978,41.23750467,0.000658241,0.001117406,0.001860263,0.002274731,15.81374894,39.50246028,0.000332309,0.000720936,0.000829082,0.000954842,16.74132377,36.48751292,0.000244364,0.001711475,0.002973078,0.003049687,18.11605283,40.47657656,0.000156457,0.000551862,0.001229064,0.001761708,13.47153684,39.13511957,0.000271766,0.000588517,0.001395852,0.001777197,15.10894469,37.59705794,0.001590905,0.006867499,0.007854248,0.010118035,21.63261496,52.07351269,0.005110303,0.024030695,0.040472497,0.014134348,33.26103611,42.1239886,0.001825653,0.009097917,0.002041533,0.002342871,23.10931531,51.3777668
1781,0.000493854,0.001734801,0.002198607,0.000513397,12.31450748,34.3595488,0.000507945,0.001417541,0.002343509,0.003358901,14.64240743,37.14080929,0.000393452,0.001544301,0.001499322,0.003129898,15.42950943,36.73438438,0.000303054,0.000623489,0.001718849,0.000683321,17.68173032,38.35918226,0.000303317,0.000811058,0.00196893,0.003066746,16.64625552,39.45163169,0.000237562,0.002393454,0.001450057,0.003959068,20.20908577,44.99706722,0.000181401,0.000902185,0.001676538,0.002039535,10.99985913,37.91622986,0.001163356,0.005696843,0.007752752,0.007742808,21.03616763,50.63168381,0.003184163,0.013859421,0.022942117,0.0084491,28.83684735,39.91138085,0.000683599,0.002454734,0.003585695,0.003115365,14.46498948,40.94185177
1782,0.000761924,0.002462393,0.003925311,0.000455657,15.15403755,29.96843088,0.000364985,0.000732823,0.001725703,0.001156898,9.307962861,34.53059035,0.000149656,0.001329673,0.001796507,0.003492149,13.4223863,33.06156281,0.000208448,0.0010441,0.001233829,0.001840173,8.231802536,31.58995589,0.000366374,0.000665949,0.001161264,0.002792837,12.2014513,33.09482685,0.000325531,0.004381512,0.001194327,0.005997384,19.93098823,43.92122606,0.000519823,0.000855893,0.001088432,0.003361102,7.820025078,34.92445752,0.000653657,0.003451831,0.003049306,0.003837808,16.03169885,47.88433457,0.001870388,0.0081288,0.012004772,0.005187832,20.73300591,42.87531012,0.000728845,0.004376724,0.002432854,0.003348261,13.47458162,37.25989146
1783,0.000622973,0.001574196,0.002169168,0.000953471,12.3757133,29.01708248,0.000629894,0.001285034,0.0023542,0.001506762,16.63425182,38.53726733,0.000389059,0.000746682,0.002447644,0.002642318,11.97950023,33.24933735,0.000326657,0.001169079,0.001487055,0.001480457,13.95825015,34.35956429,0.000193199,0.001101606,0.001211203,0.003275357,12.89440428,35.45876648,0.000169791,0.003773879,0.002239169,0.005606803,16.46013809,41.99104616,0.000600936,0.001012468,0.001244542,0.0026775,13.48322979,39.95940325,0.000577399,0.001837575,0.001432041,0.003282612,15.75746478,45.23484483,0.000726833,0.003335943,0.005868751,0.003078103,19.70115314,35.22187184,0.000497945,0.004427598,0.001249542,0.00506522,6.794962991,35.06575905
1784,0.000378918,0.00063458,0.001003938,0.000645765,9.64593464,27.01001882,0.000258084,0.001040649,0.000890774,0.001980748,15.88315782,33.39500412,0.000730918,0.002855343,0.002215592,0.004297725,7.976699442,38.04078538,0.000346355,0.000811426,0.001112178,0.001762359,16.74091174,31.28851967,0.000218518,0.001305451,0.001340191,0.002590732,11.11558385,37.24124006,0.000257068,0.00304309,0.001836327,0.00374917,15.63104391,41.54191737,0.000561574,0.001027151,0.00215634,0.002360017,17.16305047,41.42828193,0.000658016,0.002077706,0.002971794,0.003590058,17.79688032,38.68359602,0.000769035,0.002550645,0.005817993,0.001984512,15.60094244,40.51803363,0.000635628,0.004422367,0.001829493,0.005740066,15.90922929,39.77852177
1785,0.000155356,0.000792314,0.000932585,0.000735232,7.434053733,29.57362637,0.000162518,0.000891477,0.001896762,0.001416235,14.13841759,32.76576499,0.000707347,0.005208253,0.001275248,0.006582897,10.96865181,43.87144013,0.000175744,0.001289101,0.001828228,0.001415802,12.879059,39.36306356,0.000322788,0.000619586,0.00213835,0.001022349,16.94741319,34.62618816,0.000391333,0.003159254,0.001222808,0.003379838,15.83648729,36.51680012,0.000594653,0.000925053,0.002778279,0.002517903,17.08768503,40.09154195,0.00055336,0.002235881,0.004083753,0.003126321,16.7741587,39.85547014,0.000928396,0.002532498,0.006897913,0.001610682,16.29065749,42.54409593,0.0003923,0.001850124,0.002101667,0.002092669,15.78901254,34.74711486
1786,0.000117194,0.000667436,0.00134717,0.000758957,3.817085832,35.47659082,0.000228756,0.000937264,0.004325089,0.002718533,8.308556563,33.56486948,0.00072322,0.011333881,0.001547503,0.014069956,20.78481335,49.9224125,0.00017881,0.001486947,0.001740404,0.00028313,7.892943642,38.62112396,0.000402248,0.000860953,0.002383191,0.002590001,17.00667502,35.82943229,0.000634532,0.002986118,0.002286588,0.003488288,9.881225413,39.23718298,0.000571299,0.001355917,0.002802676,0.001208454,14.82860466,37.03879773,0.000628644,0.001622209,0.002870267,0.002029331,12.93428849,39.28845797,0.000912341,0.002195969,0.004139276,0.001454894,15.68130275,41.32982844,0.000505748,0.001938184,0.002478398,0.001551731,16.84980985,41.25718888
1787,0.000226484,0.000478069,0.001540359,0.000746134,11.05216022,31.86580489,0.000571279,0.001454494,0.005754185,0.00364624,18.88498493,37.23726328,0.000734737,0.013665574,0.002025266,0.017114712,22.80755967,50.25171721,0.000423255,0.000795233,0.001595316,0.001350184,15.04254388,35.76957741,0.000344579,0.001493963,0.000966479,0.001530254,9.730534333,34.06737228,0.000851531,0.002133916,0.004371381,0.002582958,13.97066085,40.4048803,0.000709543,0.001212154,0.002924643,0.001618337,19.67971789,38.22681495,0.000565338,0.002423499,0.002705958,0.002804207,14.08685815,35.35703744,0.000817245,0.001552443,0.003411876,0.001096742,13.41119744,42.56236638,0.00051096,0.002311829,0.003201227,0.002484879,20.62399221,41.92678657
1788,0.000161179,0.000553628,0.00077235,0.00047282,14.27298988,22.9262022,0.001668422,0.005059019,0.018780944,0.006389749,24.6965254,45.36616325,0.001065582,0.025576842,0.003794534,0.028312655,27.9265045,54.2297518,0.000288324,0.000788835,0.001831107,0.001748244,18.17521307,37.41944638,0.000508209,0.002475026,0.001567827,0.000940285,12.38881872,40.34586403,0.000732958,0.001683423,0.006257718,0.002557994,20.22191687,34.44597885,0.000502887,0.001179453,0.00238887,0.001984192,21.52971826,38.10591276,0.00055397,0.004163279,0.002492351,0.004620772,16.94588356,32.70010628,0.000552669,0.002066093,0.004348712,0.001865136,17.76377456,43.4506208,0.000524811,0.0010018,0.004346871,0.001407183,19.53590356,43.23171803
1789,0.000247566,0.000446215,0.00094181,0.001150087,9.626312717,30.86203006,0.002068512,0.006968058,0.025139349,0.008358283,28.53670818,48.49501621,0.001982778,0.04181474,0.004068065,0.048416137,31.88978039,58.91072818,0.000462821,0.001270309,0.002616575,0.00202981,16.84095972,38.00550764,0.000737992,0.004372949,0.003246873,0.000969184,17.27413922,45.87135168,0.000323031,0.001142402,0.00347985,0.001881095,17.08950091,34.9643178,0.000671972,0.001058209,0.002188519,0.001219459,19.40462361,36.83939922,0.00080167,0.007447453,0.002195344,0.006882667,17.44347068,43.85286628,0.00038489,0.001652257,0.003265331,0.000710204,17.30280431,41.51932181,0.000505645,0.003083118,0.002973611,0.001291445,16.28130585,42.34971784
1790,0.000182504,0.000564913,0.000792487,0.000845207,12.46889713,33.41016818,0.000841773,0.0026983,0.008790885,0.002201907,22.02048401,41.3291265,0.004103494,0.092833752,0.012417708,0.113056706,38.25774687,65.91512453,0.00037781,0.001376852,0.002309542,0.003197375,11.78141802,37.99947414,0.00037316,0.004238172,0.002597381,0.001295686,18.9168944,43.89231305,0.000197648,0.000321704,0.000694965,0.00068921,10.28341772,32.24271849,0.000533114,0.000986498,0.002223915,0.001405174,18.7265322,38.13818273,0.001051369,0.010099005,0.001189516,0.009299782,16.33709374,44.22222324,0.000486168,0.001774735,0.003511858,0.001830941,16.21893607,40.77684597,0.000259385,0.001617434,0.003484951,0.002262071,22.1195319,45.33243263
1791,0.000175298,0.000867244,0.001350452,0.002269896,14.44698367,34.08878287,0.000660256,0.00172544,0.004456788,0.001147696,21.07752447,32.201547,0.004698885,0.106271113,0.015687259,0.128820646,38.89034349,66.94878958,0.000554184,0.001358663,0.002780498,0.00363081,16.98686494,39.174543,0.001664604,0.011307694,0.009383366,0.002484761,20.73393288,49.72880306,0.000330936,0.000797788,0.001489845,0.001169123,15.43999766,37.26701921,0.000422329,0.000642365,0.001542884,0.001907762,15.07139126,33.64225289,0.001893495,0.021521011,0.002338457,0.019642654,18.57693505,43.98757307,0.000623876,0.001388728,0.002875499,0.002318198,16.89467755,40.90186765,8.26E-05,0.002194108,0.00225994,0.003749002,20.55798491,38.89936853
1792,0.000496024,0.002303913,0.002971411,0.005802855,16.2695344,36.6351121,0.000269563,0.000690072,0.002501412,0.000880578,19.01420246,30.93748087,0.001796607,0.050468568,0.007730277,0.060253937,32.12332106,60.15310167,0.00071266,0.00109831,0.002934131,0.00363451,19.28246483,37.68252126,0.003648174,0.024545453,0.022760395,0.005115513,26.16647548,56.33142411,0.000290994,0.001756566,0.001254167,0.002156976,17.54285425,36.6933681,0.000375266,0.000744277,0.001928587,0.001530024,14.64626878,32.191586,0.001357445,0.019416604,0.00332325,0.017537302,20.6348801,39.55643636,0.000563267,0.002073776,0.001575163,0.001777691,13.72786435,40.72583927,0.00045352,0.00252247,0.001564257,0.002744485,16.01121023,19.12773448
1793,0.000941384,0.00311571,0.003393313,0.005368059,15.02535351,42.18278509,0.000256022,0.00070068,0.002735374,0.00156448,11.03960271,29.6416432,0.001013269,0.027929666,0.003346434,0.034005059,27.3196399,54.97531456,0.000670936,0.000488686,0.002626371,0.003537142,13.84444308,32.67693284,0.002919848,0.019284161,0.018015282,0.003747673,23.05674602,54.3881182,0.000237177,0.001689327,0.001651701,0.00187857,15.24386684,33.66669231,0.000420752,0.000725019,0.002872415,0.001593579,15.07427324,36.1302349,0.001007003,0.006319391,0.001139422,0.005036485,16.42357583,35.8198201,0.000494333,0.002169168,0.002998376,0.001225037,10.86929634,39.36555061,0.000817134,0.001770781,0.001668025,0.00181404,15.09601552,38.29213502
1794,0.001269333,0.002964042,0.005377104,0.002151954,14.63017985,34.97591069,0.000304562,0.000631077,0.001694271,0.001485422,9.523086317,28.80122636,0.000804765,0.008329957,0.002146229,0.010735812,16.57452793,43.16074866,0.000613529,0.001740715,0.002737666,0.00318012,9.789668999,37.88175209,0.000882103,0.005306464,0.005371169,0.001988779,17.03602609,43.26054723,0.000226413,0.00099707,0.001597625,0.001259198,13.64014696,27.60923899,0.000472314,0.001013654,0.003858324,0.001285107,19.41232715,40.4932653,0.000894394,0.005642373,0.002665342,0.004506147,19.06147349,39.59626859,0.000646266,0.002203088,0.003481097,0.00202749,16.27169076,38.93495454,0.000351161,0.001499265,0.002161162,0.001771451,13.53348596,39.75218097
1795,0.000834976,0.002087039,0.003928491,0.001457352,16.28422805,34.14358298,0.000171077,0.000724338,0.000768673,0.001395561,11.46780647,28.7293349,0.000880211,0.006289719,0.001254988,0.00661796,11.73708256,40.44170919,0.000834271,0.004637616,0.004163454,0.003844197,20.32236492,37.66917189,0.00078544,0.005250102,0.006721744,0.002469006,21.58729784,41.77813247,0.000384842,0.000651075,0.001288168,0.001072843,16.76532833,32.02572756,0.000227142,0.001098869,0.003738269,0.000794537,20.54409254,41.76528863,0.000467101,0.004644974,0.003801027,0.004595373,16.726659,39.51271447,0.000551583,0.001095923,0.001467002,0.000755598,15.18808201,32.0861101,0.000392599,0.001865546,0.004325589,0.002229441,18.7742393,37.98429932
1796,0.000177857,0.000969733,0.001498133,0.001171061,15.12879353,34.39005566,0.000279466,0.000485137,0.001373283,0.001656179,12.20699848,28.10641776,0.000696829,0.002865813,0.0014787,0.00428058,14.44753281,42.70319251,0.000514213,0.005131681,0.003847316,0.004810428,21.11836807,29.67306224,0.000566588,0.003227932,0.004028128,0.002286642,20.56524314,37.5421996,0.00031046,0.000877294,0.002185425,0.001054595,19.82706942,35.9941777,0.00051622,0.001248736,0.001656393,0.000887285,18.84357928,34.23326017,0.0006397,0.002655354,0.002766912,0.002326092,12.48476154,36.58873802,0.00095483,0.001960036,0.002761709,0.003153662,16.35635,38.35242151,0.000443725,0.001674458,0.002528633,0.001413724,18.19951284,37.18436757
1797,0.00029889,0.00088734,0.000611412,0.000684648,13.75212201,30.25991559,0.000183581,0.000740447,0.001758957,0.001059883,11.40325543,25.89439948,0.000683153,0.005491572,0.002998864,0.005507488,19.71352325,45.55725197,0.000182905,0.001699448,0.002447308,0.002793038,8.316583979,32.38520019,0.000329557,0.001431381,0.001710878,0.002003908,11.32095516,32.07713108,0.000146582,0.000997446,0.001730732,0.001189597,15.36859924,35.75507015,0.000856985,0.002358285,0.002094364,0.003833122,18.74223215,38.54794849,0.00075558,0.001133659,0.00175355,0.001227863,13.35931782,31.61482275,0.00178239,0.004093396,0.006414219,0.003723123,18.29325598,40.77579827,0.000200142,0.00059205,0.002649125,0.001003374,17.62791125,38.90002503
1798,0.000289948,0.000827901,0.000925053,0.000524635,8.419590029,27.77565828,0.000363104,0.001410949,0.001624601,0.00140493,11.04608704,29.01969065,0.001424688,0.006313228,0.005228152,0.004507551,21.79319231,45.84849385,0.000551536,0.001689347,0.002532626,0.001117841,14.17610039,33.06223766,0.00072778,0.001426319,0.002824682,0.001883822,17.50015125,38.03162629,0.000291453,0.000737438,0.00150121,0.000955256,12.15595575,31.44584848,0.000496921,0.002517814,0.001555304,0.005999855,17.19922004,39.08429388,0.000446483,0.000829497,0.00178972,0.00066222,17.67783067,31.8970469,0.001643772,0.00337134,0.006671185,0.003543945,16.59569744,35.98836004,0.00027472,0.001768258,0.002196578,0.000803391,16.85489285,33.04515848
1799,0.000186817,0.000566206,0.000805067,0.000510967,4.380360075,27.21154155,0.000467421,0.001979855,0.002334023,0.00255107,12.2675863,36.74815028,0.001117777,0.005060887,0.004683941,0.003065087,20.25579327,41.8220327,0.000272091,0.000559061,0.003058814,0.002609412,15.00467243,35.9900962,0.001065516,0.001256439,0.001792188,0.002387805,21.19497463,42.31899084,0.000565803,0.000538338,0.001555915,0.000927376,7.203823331,29.03989213,0.000288239,0.002135534,0.001268985,0.004085859,16.88344863,36.12132699,0.000350691,0.001189939,0.001469441,0.00074455,15.44571721,29.40697768,0.000473743,0.001930167,0.007103482,0.002707113,22.69686226,39.89325924,0.000390982,0.00213747,0.002301915,0.001940338,16.17901202,38.7516032
1800,0.000217614,0.000467747,0.001394641,0.000531674,13.70579959,30.69962131,0.000585982,0.00093229,0.003298528,0.002273669,0.950081795,35.75553252,0.000414061,0.003887572,0.002695134,0.002685916,17.40526069,38.13838757,0.000302328,0.000801266,0.001958118,0.00215343,11.99787525,32.9536897,0.00055545,0.000446659,0.001776243,0.002392068,16.68145345,38.48179053,0.000555016,0.000863017,0.002047373,0.001314951,16.46253351,35.40553971,0.000788583,0.003380179,0.002369118,0.005202951,18.52939844,46.513313,0.000424696,0.000891191,0.00344891,0.001452543,13.39337232,38.29647773,0.000425065,0.002794257,0.006891168,0.004524692,21.71724792,41.16390343,0.000480965,0.000831702,0.002938821,0.002161777,18.14039475,40.9498746
1801,0.000233496,0.000323089,0.001699032,0.000433291,13.57067617,36.34809009,0.002028889,0.00189529,0.00213208,0.002662858,13.53949396,34.86432475,0.00046948,0.002771946,0.002502709,0.002947307,14.40396721,37.23716877,0.00046563,0.001002054,0.002034949,0.002688091,16.49128685,34.98408858,0.000357051,0.000694294,0.000959273,0.002336829,13.18754642,25.38212924,0.000218001,0.000509788,0.00251597,0.00165972,17.36970205,33.96061895,0.000844804,0.002315944,0.002548351,0.005332458,18.60470988,45.00777368,0.000522889,0.000835875,0.00462521,0.002029774,15.92659249,41.55997982,0.000621492,0.003149771,0.0060092,0.003506721,17.69023842,42.78894017,0.000401224,0.001861608,0.001946358,0.002426451,18.84453441,39.52165212
1802,0.000260109,0.000340562,0.001674801,0.000722467,13.11411361,34.72051778,0.002391863,0.00198898,0.002378158,0.003037091,11.1862743,36.42757425,0.000429156,0.001482402,0.001730758,0.002208026,12.32227696,31.33687411,0.000531158,0.000388094,0.002088238,0.002682164,17.37111351,33.33430282,0.000212522,0.000963137,0.000763943,0.001442628,14.1818616,24.54810052,0.00016803,0.0008168,0.002331145,0.001463158,15.4684066,28.86489044,0.000275326,0.00152058,0.001481409,0.001076524,20.27592131,35.80999332,0.000481769,0.000603184,0.002571336,0.000498207,13.83005567,37.22804591,0.000278424,0.001903461,0.002781983,0.003231209,13.48948595,37.70895788,0.000936697,0.002451457,0.001683407,0.001407891,19.76005844,38.2661911
1803,0.000200837,0.001027272,0.0018108,0.000983281,10.75394175,32.55371802,0.000636605,0.001367973,0.004809294,0.00228312,14.60610335,28.10054145,0.000719325,0.001716696,0.001541125,0.001537918,11.56991257,32.96101251,0.000445175,0.000662805,0.001880617,0.001671803,14.45440756,32.25945419,0.000111091,0.000657964,0.001776011,0.001858702,8.785468611,33.31331229,0.000282063,0.00096991,0.002311559,0.00109031,14.07885519,27.36774583,0.000450741,0.002064661,0.001897019,0.001877991,19.60247785,35.67773026,0.000482343,0.001643377,0.002086581,0.001454073,14.81948328,41.32222818,0.000670728,0.003892553,0.005116972,0.005317142,14.37099769,33.13880196,0.000787178,0.00336801,0.002366018,0.000684341,17.60814087,34.74717133
1804,0.000364844,0.001027949,0.002234698,0.000790206,6.936186351,35.36262269,0.000551799,0.001403557,0.005002089,0.002635171,12.00252801,32.01447057,0.000622041,0.001225389,0.001680268,0.001841176,16.87109535,31.35929695,0.000490422,0.001651819,0.001861873,0.002726282,18.41171199,31.29998778,0.000296022,0.000553046,0.002435545,0.001766208,12.68357854,33.42476153,0.000152381,0.00055358,0.001268346,0.000692456,10.2281327,30.46377992,0.000368331,0.001198668,0.002462032,0.001841919,10.88135119,36.317156,0.000838736,0.002581562,0.002647865,0.001512113,17.91448663,36.63615774,0.001396028,0.006859684,0.010148269,0.008150216,22.94289416,37.31402453,0.000464009,0.00138683,0.000885696,0.000957006,14.86717001,29.62892205
1805,0.000563321,0.000996734,0.002069964,0.001189932,14.26320323,36.06852398,0.00028148,0.000889906,0.003433766,0.002164494,5.878335262,34.56769554,0.00026797,0.00073569,0.001801194,0.001180127,13.595935,34.66472726,0.00047425,0.001763867,0.001514974,0.002619397,20.39688629,35.30531725,0.000568797,0.001260289,0.001966066,0.001823173,17.11269834,32.88985992,0.000116554,0.00063754,0.002312864,0.000635132,17.65175285,36.91344269,0.000269266,0.000723908,0.002568752,0.001493425,14.18456672,31.78402654,0.000977277,0.003201095,0.004117649,0.00131335,17.27799091,25.98094346,0.002307202,0.012608269,0.019933493,0.015537701,30.92827907,41.77510381,0.00034298,0.003084544,0.001558815,0.002107021,20.33850492,39.6828109
1806,0.000663145,0.001040454,0.002061551,0.000891279,15.21168992,33.32050895,0.000226208,0.00105024,0.004982122,0.001123647,10.04975616,33.11875556,0.000332138,0.000259938,0.001097346,0.002404701,11.5656822,33.75937342,0.000437699,0.000634072,0.0016028,0.001045677,12.20176693,30.44087369,0.000449895,0.000986867,0.001819607,0.001268988,14.4713303,34.27481113,0.00022193,0.000969288,0.00191233,0.001100078,18.89690463,36.35942601,0.000251009,0.001214198,0.002680602,0.00135828,19.30265122,38.86512848,0.001524216,0.004319493,0.00793086,0.002865585,19.53954013,35.0606715,0.005455824,0.026498538,0.042929014,0.032240681,36.77821804,47.30190726,0.000747153,0.004137278,0.002447821,0.003145466,15.6998431,41.4827122
1807,0.000441495,0.000613048,0.001997932,0.000396128,12.37665125,27.39952133,0.000425076,0.00152156,0.004919786,0.001441705,7.705999021,32.39600349,0.000369554,0.000582431,0.00162682,0.003618058,13.63914869,34.6222113,0.000385591,0.001026568,0.001621813,0.00277774,14.09219538,30.58656638,0.000319704,0.000595249,0.002321965,0.001160579,13.22374143,32.20888473,0.000279915,0.001482229,0.000806628,0.001266153,16.73850356,33.68978205,0.000430266,0.000815645,0.00205881,0.001388358,18.37843858,40.67191769,0.002175448,0.008505575,0.012332674,0.007548021,23.57668243,45.77662861,0.007217326,0.033785318,0.060282954,0.039919288,39.32407694,50.25103132,0.001289534,0.004283676,0.004373288,0.004678797,18.35482894,39.27732886
1808,0.000327118,0.000506772,0.000844221,0.000296643,13.00120105,29.8861278,0.000428475,0.002032588,0.008661287,0.00142911,16.67588985,36.84165123,0.000395488,0.000906979,0.001737655,0.002937089,16.21429848,32.55471051,0.000357515,0.001270206,0.00086393,0.003665625,16.51725519,26.08667296,0.000519354,0.000734576,0.002061354,0.000696278,14.55240363,34.01467223,0.000404167,0.001198707,0.001637537,0.001292428,19.88059203,36.278048,0.000405013,0.000903832,0.00145212,0.001624041,18.79291119,36.77198993,0.003949159,0.015408747,0.020582595,0.011529581,27.10653648,49.11805434,0.012679805,0.05779182,0.108498426,0.065591561,41.51232997,55.49077116,0.001287997,0.004024183,0.003371069,0.005897835,20.25283993,36.57547739
1809,0.000193767,0.000609408,0.001924622,0.000693224,12.74762158,32.63061108,0.001076858,0.003399212,0.01194719,0.001498182,13.83373509,37.19052708,0.000379497,0.001156569,0.000317373,0.001763033,6.96633627,25.92948274,0.00028419,0.001219452,0.001835838,0.002433866,14.03317082,32.09608094,0.000601072,0.000806439,0.001820249,0.002216692,12.91906213,33.59372863,0.000456984,0.000653018,0.001681318,0.001238118,17.69798612,36.58090444,0.000555057,0.001559156,0.000956825,0.002768517,21.44519626,33.32874486,0.002495937,0.008730209,0.01162804,0.006124009,23.47757801,40.29634926,0.019684194,0.089239646,0.164160405,0.101788996,44.29131206,58.64785631,0.001795346,0.008094603,0.015985376,0.013187638,25.87055724,41.18230604
1810,0.000333128,0.000831752,0.001762831,0.001111087,12.17188336,33.08371244,0.00238026,0.009044551,0.032260079,0.004356745,23.13566921,45.32242931,0.000401359,0.000773408,0.001697032,0.002218204,14.77564905,35.19494844,0.000293791,0.001002132,0.001840474,0.001653442,8.210069731,29.62313931,0.000387677,0.001011162,0.001892958,0.002702611,17.29575022,34.36030177,0.000310895,0.000733264,0.000907443,0.00081509,12.03690976,35.2793029,0.000666198,0.00172406,0.002072262,0.001572634,21.26007617,35.84975733,0.000925734,0.003237247,0.004658173,0.002111015,12.84189702,37.70113448,0.029239377,0.131123338,0.240892318,0.150144274,48.27616327,61.95431692,0.003385969,0.017239568,0.028189703,0.025747202,31.35914041,48.27295567
1811,0.000371978,0.000649402,0.000637798,0.000564523,11.15251457,28.49725315,0.002779804,0.013145694,0.044037777,0.006496708,27.51410474,48.35559809,0.000481623,0.000591868,0.00295176,0.002063687,15.76146227,31.29249813,0.000247701,0.000760488,0.000829005,0.001419271,16.28501418,28.83661704,0.000322982,0.001028931,0.002478868,0.001686247,13.6055856,35.28757074,0.000325108,0.000754158,0.002214906,0.000855244,15.50577385,36.84510811,0.00040884,0.002003983,0.005147505,0.001369713,18.14450927,36.60995215,0.001219024,0.002797199,0.004485212,0.002724896,16.97008533,33.65301095,0.051262414,0.209714943,0.381879772,0.241336205,52.00128777,65.35953377,0.002096941,0.009785918,0.013868748,0.01458593,25.73118012,46.27280117
1812,0.000311835,0.000271878,0.001164194,0.000528668,8.621511235,30.37262282,0.009646097,0.041782764,0.143624228,0.01896161,34.69969694,59.79894885,0.000359558,0.000881053,0.002897056,0.001540547,17.41242053,37.66345058,0.000250461,0.000277462,0.001847199,0.001427864,16.75015008,36.55596407,0.000329474,0.000474188,0.002407301,0.001820024,13.36831608,33.33634361,0.000295517,0.000752768,0.002242059,0.00090174,11.48365791,37.79282606,0.000690233,0.002090488,0.005509468,0.002738718,9.219184091,29.34845753,0.000773599,0.001745591,0.003438038,0.001585345,17.77642841,36.64660567,0.05298901,0.198476207,0.349836114,0.228913782,50.67408659,64.80840634,0.001455054,0.003564955,0.005678339,0.004506157,19.97524204,39.56442073
1813,0.000194931,0.00049464,0.001183506,0.00061406,9.796006727,32.02204209,0.010809823,0.046313189,0.162506562,0.020181899,36.11335749,60.74562555,0.00048585,0.000851159,0.002578947,0.001289829,12.69897617,37.38938546,0.000265247,0.000774722,0.001802748,0.001295679,9.179048882,36.20087292,0.000199221,0.000830218,0.001583,0.001630803,16.3301943,33.26613702,0.00033007,0.00094419,0.002097913,0.001531179,11.03846344,35.14489434,0.000618326,0.001271436,0.003171273,0.002235028,12.19190308,35.59143158,0.000443638,0.000988812,0.001344273,0.001731859,13.95203688,39.04507346,0.031800316,0.114560314,0.206111016,0.13190053,44.62409428,60.59009256,0.000888346,0.003038651,0.004216955,0.003015383,18.08129007,43.29355907
1814,0.000325565,0.000353606,0.002845196,0.001603508,12.51890663,32.94119835,0.003547052,0.013778672,0.051946965,0.005850674,26.77465307,51.32569056,0.000451795,0.00087864,0.002718433,0.000684932,6.367348966,31.7720169,0.000430786,0.001167086,0.001708228,0.001466818,12.57117573,36.34794152,0.000439597,0.000664824,0.002178663,0.000530479,13.37297029,33.7151881,0.000469685,0.000914414,0.001546124,0.002047184,5.527902732,33.08180091,0.000563483,0.001819346,0.002093697,0.001779422,18.30087468,26.13183675,0.000489212,0.001582676,0.000995435,0.001227132,19.20112353,33.72121057,0.015544558,0.054267404,0.09795864,0.060788411,38.42319801,53.99219512,0.000400162,0.002171239,0.004550466,0.002311,14.67119735,42.43921646
1815,0.000454158,0.000825089,0.00210018,0.001471245,14.14028825,34.57609304,0.002729926,0.009418668,0.033965573,0.004102331,23.20608537,45.90156331,0.000191686,0.000331587,0.002238441,0.00087425,9.23567252,24.82925112,0.00055567,0.001212287,0.002126437,0.00120814,9.726486717,37.5601984,0.000455139,0.001207806,0.003400386,0.001253304,7.570333607,32.1268274,0.000780051,0.001338347,0.002236019,0.003219843,7.451509119,36.60674711,0.000646666,0.0019187,0.003633898,0.00208431,19.20064683,37.26163791,0.00067362,0.001086103,0.001403748,0.001761555,20.71092175,34.31820575,0.010510151,0.034808854,0.060984784,0.039581522,33.91398077,49.61125179,0.000872395,0.00119093,0.001381587,0.001684421,21.34791545,38.06435741
1816,0.000506144,0.002586937,0.003737681,0.002531436,14.01154735,37.30761495,0.001562468,0.004643557,0.016787531,0.002107448,18.994403,41.34303929,0.000493555,0.000829908,0.002285992,0.001945957,14.69088142,30.97651229,0.000353169,0.000836154,0.001722552,0.001671035,5.358459691,37.13783366,0.000303556,0.000451109,0.004429628,0.002709931,14.77151426,29.60685537,0.001160693,0.002066778,0.003729595,0.003996815,13.43716042,39.11436926,0.000354931,0.001053528,0.003443291,0.001814811,18.32822352,35.35656803,0.000493994,0.001068198,0.001651272,0.002982715,19.01732178,38.42722121,0.007641655,0.021485945,0.043200003,0.025899714,27.04553921,45.44071876,0.001002705,0.001175834,0.003200801,0.001161556,23.52738357,36.86328463
1817,0.000689975,0.003258615,0.002976937,0.003333886,12.93088569,35.741294,0.001335778,0.004533279,0.01598502,0.001692471,20.31328185,41.3482477,0.000607348,0.001142793,0.003357156,0.001451826,11.02167628,32.22547037,0.000179929,0.00094079,0.00064742,0.002046983,15.54924509,35.59295836,0.000283652,0.000393287,0.004804877,0.002651369,17.58894938,36.41836532,0.001030047,0.002115009,0.003292288,0.003785918,13.56834344,41.75308772,0.000262351,0.00126579,0.002929151,0.001056635,19.28703715,36.32110215,9.86E-05,0.000600978,0.002497644,0.002896365,14.18444883,39.46862035,0.004358649,0.013967212,0.026233249,0.016367326,24.0944406,42.81446378,0.00075725,0.001503735,0.002808593,0.001533629,24.85698457,39.95570659
1818,0.000531683,0.001495289,0.000731082,0.001715943,13.61841202,27.51421702,0.001070402,0.002927841,0.011629149,0.001343752,10.48683696,41.46532193,0.000460597,0.000801706,0.003970676,0.000915873,11.32258573,36.46108988,0.000322557,0.000782185,0.001528532,0.002151516,15.02273156,33.6005193,0.000466169,0.000700527,0.003072852,0.00278779,17.06860111,37.71616988,0.0005854,0.001427865,0.002371939,0.001963888,10.46862133,41.83029101,0.000434299,0.001165425,0.002289538,0.001382676,20.37050507,32.74587807,0.000341831,0.000942933,0.001494745,0.002704927,15.70900757,38.79939363,0.002259196,0.00782869,0.016582817,0.009301498,19.72627623,42.68297648,0.000326114,0.001473135,0.001021047,0.00286319,22.59231203,38.15281675
1819,0.000345285,0.000412995,0.000660129,0.000624602,13.78523843,24.70327457,0.000568232,0.00197302,0.005179947,0.000382053,15.16374642,35.46656029,0.000136305,0.001135867,0.002648126,0.001241738,11.68193057,37.17144589,0.000245811,0.00125181,0.001574933,0.002055434,12.93767357,35.4152218,0.000571872,0.000638724,0.001732508,0.002989557,15.56441978,34.49293615,0.000357776,0.001313095,0.002952754,0.001820502,16.14427618,38.59338248,0.000485258,0.000881877,0.002347249,0.001134527,15.20834739,32.34621775,0.00056463,0.002076215,0.001075652,0.002159976,17.21394159,35.4410875,0.001818697,0.005009601,0.012102057,0.006053529,22.48747998,42.48492168,0.000658468,0.002951736,0.004422667,0.003944593,21.19944668,41.278686
1820,0.000206598,0.000432878,0.000902118,0.000380721,13.41861402,16.36407592,0.000270905,0.001886094,0.005019083,0.001235167,15.27288427,26.20284331,0.000347994,0.001554806,0.002484527,0.001424842,10.40216979,35.19711958,0.000253527,0.001083894,0.00117872,0.001242145,7.076971281,30.59270096,0.000653984,0.000640463,0.002160856,0.002147708,11.37873478,35.92441681,0.000126251,0.00045103,0.001960254,0.001529272,16.32074712,32.95280151,0.000514281,0.001483002,0.002084469,0.000672436,16.9402819,31.77100448,0.000812415,0.003031887,0.001984255,0.001800359,21.97713536,37.87002507,0.001252311,0.004082259,0.008738424,0.005280996,21.82424166,36.91887246,0.00056955,0.004655949,0.006376253,0.004126755,22.58995591,43.10496519
1821,0.000245328,0.000252634,0.001503901,0.000543424,11.80714176,33.76120217,0.00038368,0.002283542,0.004922075,0.0014747,13.1645967,32.92727383,0.000857328,0.00216985,0.002254804,0.002185362,12.58028874,36.54433931,0.000415874,0.001017137,0.000939863,0.001669905,11.23755046,28.44729316,0.000562925,0.000543923,0.001678539,0.000351288,6.966637369,38.08234809,0.000336796,0.000860968,0.002845621,0.000701917,19.6205195,31.80325517,0.000301303,0.001688984,0.001662947,0.001113702,16.31328109,29.12189615,0.001238727,0.005046117,0.003234111,0.001538081,20.18342472,38.3557555,0.000587474,0.002051014,0.003851076,0.003311814,18.1746033,33.12698135,0.000215324,0.003121205,0.003807813,0.002713991,15.04296325,41.24535287
1822,0.000171898,0.000402906,0.002753946,0.000652496,10.72971922,31.97270021,0.000663305,0.003875707,0.007781512,0.001412715,15.53840056,36.65228953,0.001279769,0.00301031,0.002661176,0.003281927,16.18879586,37.83680103,0.000749993,0.001045651,0.00225428,0.00105968,15.63117977,34.5175803,0.000565082,0.000863171,0.001197364,0.000799832,12.25886637,36.50666496,0.000417338,0.001364689,0.001637668,0.001014455,17.37769472,31.81812779,0.000268006,0.001216243,0.001884967,0.001354001,14.77926027,33.18444116,0.001794826,0.006024876,0.006640448,0.003191129,15.93246438,33.19806875,0.000314825,0.000638926,0.006509236,0.002721186,18.53813739,39.54336623,0.000539916,0.00252939,0.003166797,0.001015742,9.43624442,39.97858778
1823,0.000153424,0.000438858,0.003320326,0.000549263,11.969371,30.45053345,0.000310008,0.002541946,0.007202175,0.001671721,10.48679162,30.58293274,0.002367089,0.007533168,0.004601722,0.00504087,17.63558943,43.91248248,0.00068786,0.000951223,0.001899575,0.001478558,13.78529143,34.64124448,0.000446375,0.000934506,0.001459203,0.002486048,11.88113643,39.1880836,0.000459774,0.001594398,0.002671953,0.00181277,18.08436432,37.18878933,0.000563787,0.00071441,0.001843131,0.001693554,12.11581464,35.59547051,0.000739879,0.00211191,0.005647932,0.002070473,14.48817008,34.62106278,0.000590069,0.002483957,0.005615027,0.001944544,20.89319387,36.21013142,0.000848602,0.005249244,0.003291499,0.002690999,18.25455893,37.55079212
1824,0.000438475,0.000546957,0.0042558,0.000577483,14.68691637,34.39860057,0.000659317,0.001317127,0.00750405,0.001360738,11.73077661,25.75773656,0.002554137,0.005794147,0.004289541,0.00373191,16.23347758,45.48613403,0.000649102,0.000817555,0.002337988,0.001357995,9.071428904,33.12112165,0.000640996,0.00077044,0.002290564,0.003536935,15.62925715,35.73354135,0.000617988,0.003109014,0.004112282,0.003249353,17.16511255,41.01008394,0.000497633,0.001033989,0.002191497,0.00189032,13.3197239,34.27643242,0.000540753,0.001664179,0.002544581,0.000987639,14.16782617,35.30367741,0.001405384,0.003596083,0.005400431,0.003088943,21.88272092,33.89630775,0.000681218,0.006125448,0.002929508,0.003021762,27.45419416,47.0587137
1825,0.001228129,0.000904983,0.003941445,0.000591,14.80272654,29.89623738,0.000718492,0.001347274,0.003736901,0.001355158,11.48700981,29.52841034,0.001956288,0.002953946,0.00276557,0.002578449,14.27259518,43.53181527,0.000493799,0.000772755,0.001395631,0.000968185,7.852517884,30.64571082,0.001197344,0.001513307,0.004638573,0.006551909,18.06985513,41.31946366,0.000509786,0.003337395,0.005025431,0.003732891,22.15596601,40.79002717,0.000309231,0.000677846,0.002479891,0.001412156,13.18007116,30.86974602,0.001125704,0.00226674,0.00214509,0.001308516,16.3937251,35.16291681,0.001579123,0.003956064,0.005279325,0.002795856,21.2401902,34.55066689,0.000876874,0.005975221,0.006873491,0.001610737,25.08862745,45.12728007
1826,0.001300827,0.001383786,0.003180616,0.000985478,12.25205853,33.40432041,0.000664263,0.001529467,0.003804455,0.001499322,10.93763964,36.62637047,0.001327827,0.004573021,0.003032368,0.003279901,21.85570308,40.03149581,0.00021274,0.000608613,0.001617111,0.001284803,15.00235095,30.00186136,0.001515813,0.002304489,0.004214028,0.006636447,18.9613987,44.56217166,0.000288005,0.001662706,0.004615421,0.001874991,18.39363182,38.28004794,0.000256672,0.000599488,0.002346456,0.001759484,18.65784102,38.29390978,0.000920263,0.001484029,0.002512523,0.001378566,21.01684005,38.10546694,0.001705836,0.005356589,0.005397856,0.003055793,18.50655265,35.19033096,0.001244101,0.007990127,0.008723818,0.003386097,27.48290985,45.89010307
1827,0.000577792,0.001511128,0.00181542,0.001214904,10.55312547,26.42458767,0.000297839,0.000944493,0.002517564,0.001847404,8.697112735,37.08954014,0.000505686,0.004217517,0.005102795,0.003721425,24.3942964,38.24183662,0.000357807,0.000987324,0.003437171,0.002314768,17.59868208,28.89164453,0.000731913,0.001572011,0.003163819,0.002962325,17.50465035,41.33899442,0.00049933,0.000869177,0.003837266,0.001457058,14.5354296,33.26930992,0.000361971,0.00124827,0.002232676,0.0018753,18.7523788,37.88962083,0.000495865,0.001466887,0.003283765,0.000908642,23.10315513,40.90325112,0.001289087,0.003824121,0.004056152,0.002132391,10.50306547,38.75749574,0.004705035,0.020148896,0.017169461,0.008028376,37.35774816,53.21260912
1828,0.000173568,0.001211161,0.002243343,0.000935012,12.67663753,22.66854751,0.000215492,0.000502644,0.00226867,0.001475787,11.19171802,33.07297103,0.000219407,0.002581816,0.002319272,0.002448224,22.25023004,30.31479348,0.000337813,0.000917135,0.004870224,0.003049567,21.65930406,34.38797889,0.000534493,0.001105922,0.004465342,0.001196398,14.91607451,31.36472369,0.000742881,0.000802589,0.003464843,0.001431916,15.27042478,32.44600376,0.000567183,0.001448793,0.002733659,0.00166183,16.44990878,35.02992668,0.000632359,0.002118947,0.002702836,0.002207057,21.99727817,38.6315759,0.000583219,0.002207185,0.003256777,0.001786054,14.6182662,40.3707427,0.00640568,0.027751553,0.022779726,0.010497314,39.73068187,55.38197308
1829,0.000105085,0.000607212,0.001475789,0.001321589,8.473137656,27.35284664,0.000392696,0.000744955,0.003020828,0.001058056,8.481611338,30.50786412,0.000408787,0.001570515,0.00299281,0.001848895,17.12670941,38.3201552,0.000347366,0.000627083,0.004299622,0.002961689,16.1580668,32.02769314,0.000582117,0.000881066,0.003472586,0.001719333,18.82346618,34.53859904,0.00077423,0.000989344,0.002961099,0.001513798,14.44405236,37.42598003,0.00072545,0.000812514,0.005491303,0.002458036,12.6774738,35.8155445,0.000665866,0.002279042,0.003441585,0.003575797,16.69079777,37.85903329,0.000552157,0.00099529,0.003258132,0.001544738,17.57477938,37.62351693,0.00226538,0.009856429,0.010409946,0.004821244,30.49363807,49.41511658
1830,0.000159377,0.000471705,0.001096022,0.001111011,10.76716122,30.16898371,0.000454134,0.000619853,0.003020689,0.000845231,15.68896812,26.12921581,0.000547629,0.00057639,0.001192612,0.002197002,13.45487921,36.26725415,0.000488872,0.000762535,0.003896906,0.002446198,11.91692031,36.29144788,0.000170395,0.000478308,0.000921971,0.001157266,18.846038,28.00656513,0.000348317,0.001120423,0.001787642,0.001325744,9.385663432,30.21286909,0.001659778,0.000647365,0.009105241,0.003646068,4.680229579,39.32203388,0.000561717,0.003372278,0.002160093,0.00515556,18.42400774,28.90837474,0.000797028,0.001305658,0.003139081,0.001424341,17.99804405,33.47911498,0.001181383,0.005105427,0.00470783,0.001768246,26.28248574,43.3217564
1831,8.41E-05,0.00052693,0.001285375,0.000288566,13.3129894,30.71045117,0.000438188,0.00111435,0.003488008,0.00106561,12.51624215,24.59646284,0.000609831,0.000940957,0.001337208,0.002476644,15.44586667,32.5775952,0.000679766,0.00110356,0.003335738,0.002361743,19.14253243,37.15499733,0.00031621,0.001324937,0.001683453,0.003811553,15.69714015,40.95372332,0.000394695,0.000761091,0.005197611,0.000924628,11.45420418,37.09767693,0.001067216,0.001024985,0.005620261,0.00248947,10.01955664,35.42418077,0.000738048,0.006087636,0.004336705,0.010236253,24.35032872,33.28174395,0.00096099,0.001942453,0.00293588,0.001050621,21.87752528,32.39626982,0.000890952,0.004707641,0.004857968,0.002775611,22.28731984,41.94708331
1832,0.000150114,0.000507277,0.001315503,0.00024676,11.6053845,34.64887942,0.00041158,0.000936203,0.003531893,0.0009707,17.33399209,28.86638162,0.000366198,0.000826681,0.001509154,0.001981157,13.66903074,32.77783986,0.00113627,0.001311608,0.005042873,0.002033114,23.521336,42.74484936,0.00067304,0.001956207,0.002451825,0.002812473,17.90627108,45.99325369,0.000220737,0.000349479,0.005140422,0.001336311,15.57329631,37.4520507,0.00047926,0.0008142,0.002503814,0.001713575,16.00659348,34.72448609,0.000939519,0.009055172,0.001368201,0.015466558,27.10004734,42.05974904,0.000947404,0.001386085,0.003244375,0.000660428,15.59577283,36.88338421,0.00075495,0.005320624,0.004318077,0.003045193,23.17461488,42.48895796
1833,0.000311746,0.000402776,0.002734596,0.000434011,8.994304219,34.25480504,0.000495436,0.000360146,0.00572071,0.000959585,18.42602529,32.1285181,0.000619552,0.001277893,0.002838241,0.000609012,12.7858807,39.87099757,0.001911792,0.002788721,0.009259395,0.002023845,30.38564444,49.09799502,0.000537964,0.001140936,0.001530059,0.00223754,17.45019141,41.02545318,0.00032576,0.000785205,0.002429279,0.001380116,16.66409872,33.84691781,0.000425203,0.000540023,0.004101151,0.001945178,9.677029249,33.806801,0.001882185,0.017651418,0.004034935,0.029372779,31.86144187,46.71958274,0.000519014,0.001057903,0.002144733,0.001402924,17.06985248,32.46349413,0.000427114,0.00305044,0.003568457,0.00087288,19.4996908,33.97339409
1834,0.000459712,0.000434368,0.002504746,0.000641258,10.51879683,32.23439818,0.00130885,0.002055237,0.016018823,0.002446145,14.12843084,37.60377651,0.000822268,0.001348319,0.00243952,0.000883056,8.932216622,39.57440986,0.002368936,0.003859708,0.011170687,0.002100991,32.59542943,50.75953784,0.000454974,0.000804364,0.002973573,0.002661451,14.83971891,37.19812382,0.000271226,0.000739949,0.002260959,0.001309713,10.50539442,32.01592468,0.00045778,0.001138284,0.003982175,0.000992763,12.1013114,32.56588524,0.00172593,0.01364977,0.005598157,0.02164923,28.65637221,43.55071484,0.000167085,0.001396812,0.0028348,0.002131422,15.52670005,30.47094837,0.000657106,0.001875214,0.003548975,0.001294,18.95766997,35.01961141
1835,0.00032618,0.000617202,0.00228092,0.000591442,10.85463779,31.8473613,0.002236879,0.003226485,0.020573935,0.003619924,13.62188387,40.79032907,0.000849143,0.001074872,0.003911919,0.000787531,12.1141376,37.77618905,0.001056814,0.002365599,0.004557082,0.001724957,26.62159768,44.38707344,0.000608728,0.000669291,0.003967441,0.00236039,9.27379374,40.72487655,0.000608919,0.000712612,0.002499735,0.000940978,2.078387641,33.9928841,0.000394015,0.000723245,0.002803122,0.002076386,12.90773081,30.60820071,0.00085379,0.001763717,0.007469762,0.003198703,20.66831947,42.28791467,0.000375067,0.001559373,0.005024321,0.001744114,18.2153317,37.80440121,0.000896625,0.001124652,0.002592896,0.001048209,19.94182296,38.76933058
1836,4.50E-05,0.000510271,0.003495206,0.000544018,5.18334729,31.33857844,0.006759135,0.010395002,0.057477527,0.009236396,16.97403839,50.56196847,0.00041919,0.001138342,0.00629905,0.002641156,11.22492683,35.00741471,0.000442525,0.001264434,0.004312811,0.001606886,17.34512477,39.04444589,0.000495434,0.00057207,0.003371679,0.001686193,14.23024477,37.75206308,0.000694166,0.000554071,0.003603565,0.001166342,13.88002256,36.35655554,0.000314107,0.0007333,0.002777889,0.002261477,9.33488164,29.78375261,0.000700396,0.010616885,0.009646908,0.01259909,23.08921431,48.76256858,0.001122561,0.003422579,0.006172062,0.001630384,23.06630807,41.01398256,0.000515788,0.000766336,0.003295969,0.001777127,19.87257665,41.34986918
1837,0.000241724,0.000812248,0.003586566,0.000819529,13.93994108,30.75448997,0.006229426,0.009434742,0.053745622,0.008776923,18.00209371,49.17572915,0.000236149,0.001809857,0.006107797,0.004008351,12.35636314,35.61434463,0.000525159,0.000863536,0.003663151,0.002355245,17.317268,38.08075344,0.000293746,0.000565203,0.001910438,0.001351471,17.42467233,31.91796458,0.000368669,0.000567193,0.004014557,0.00132087,13.65437976,37.96963384,0.000610164,0.001639766,0.00392164,0.001206843,18.3567351,36.80916327,0.001210607,0.009431432,0.010254231,0.010138213,24.35818719,47.06877782,0.002057193,0.004919306,0.005513889,0.002084666,26.64025797,41.37531852,0.00070321,0.00121003,0.002816264,0.001531213,13.87965179,37.92928088
1838,0.000313904,0.000821991,0.003321994,0.000617407,11.79632106,32.92385472,0.002005538,0.0021956,0.016199477,0.002851179,4.770999992,38.17835279,0.000307338,0.001234263,0.005624869,0.002752037,11.45651468,34.19333484,0.000358904,0.000406848,0.002094643,0.001435101,14.40321128,35.89845905,0.000301742,0.000700614,0.001416053,0.00190076,16.54859416,31.63621718,0.000399793,0.001057245,0.002250384,0.000696859,8.227208731,31.97043033,0.000819737,0.001747375,0.005646936,0.003123486,21.07127653,39.72845788,0.00196423,0.005279158,0.015241203,0.003760375,21.35841585,44.8965516,0.002594291,0.006049509,0.011531028,0.004467896,28.49740901,40.7922667,0.002100077,0.00402708,0.004947336,0.005018949,14.54618331,46.46640598
1839,0.000836382,0.000735671,0.004638781,0.000726895,14.13401453,34.5676653,0.001471896,0.00200478,0.011755764,0.001805794,7.799688486,37.6310612,0.000687101,0.001554706,0.005528661,0.001719978,13.3560986,33.7389988,0.000319203,0.000957935,0.004231702,0.000543882,17.6743522,34.52971628,0.000342081,0.001168816,0.00232627,0.001039958,14.04030855,31.94333337,0.000466021,0.00100969,0.000861408,0.000481743,14.7726749,32.51861532,0.000884466,0.001768774,0.00529862,0.003343684,13.06781756,36.97427083,0.002311478,0.004089627,0.012911987,0.005140109,18.32330905,46.79797293,0.002161866,0.00667704,0.017948306,0.005994003,27.87493193,42.53509014,0.001075019,0.003856821,0.005848142,0.003598746,21.93989422,42.89551068
1840,0.000836073,0.000346642,0.004476211,0.000712841,14.41503089,30.48449718,0.000513416,0.000757932,0.005456343,0.00116279,10.26159802,32.05373729,0.000970305,0.00117084,0.002816973,0.00101078,15.42673012,26.8965171,0.000707378,0.0009595,0.005207782,0.001982155,15.18502852,34.18375194,0.000408117,0.000947027,0.001804487,0.000523957,7.599081527,31.44648399,0.000334478,0.000295381,0.000978233,0.000140122,14.19418091,32.50231871,0.000938698,0.002187467,0.005023678,0.001979143,16.2890232,36.612764,0.001274544,0.001835206,0.005935885,0.000828214,16.8390984,35.85432496,0.004443292,0.010964302,0.025292587,0.00837864,31.13084486,47.62263431,0.002502756,0.005026107,0.010387971,0.006582263,26.67688621,36.86503941
1841,0.000374413,0.000428408,0.002535151,0.000466378,12.13289943,29.51330306,0.000541396,0.000983049,0.003754523,0.000895758,11.30887684,33.48280314,0.000708755,0.00044905,0.001378019,0.000684713,6.886612531,28.08742601,0.000602358,0.000385015,0.004626927,0.001288926,6.618748221,33.74110155,0.000338444,0.001557537,0.003792806,0.000704841,15.52362525,30.69098415,0.000576597,0.000402249,0.004676476,0.00077476,12.00305329,28.09233642,0.000655344,0.001222209,0.003477327,0.002166064,14.39779202,36.80391355,0.000661891,0.000892215,0.007619827,0.001304492,14.91577833,40.35536884,0.007113512,0.01637609,0.035542655,0.011399424,34.70346081,51.90931199,0.003140811,0.007089795,0.017032255,0.008745068,28.46193719,35.82377059
1842,0.000323402,0.000633134,0.001041822,0.000228366,10.53278667,32.80103783,0.0007616,0.000833783,0.002379649,0.000510118,17.4373466,29.9272938,0.000567563,0.000689473,0.002505955,0.001809655,11.17511738,30.82894399,0.000263093,0.000527857,0.00224663,0.00233559,1.505522963,26.77190497,0.00032713,0.001544808,0.003063385,0.001175814,15.05269255,30.4722961,0.000782845,0.000831172,0.007534144,0.00155899,12.82003319,30.91673575,0.000301141,0.001806163,0.002804223,0.001235341,7.285759018,38.41336856,0.000396215,0.001313893,0.006269016,0.001226714,18.67517468,40.2605001,0.010883846,0.023537404,0.053124896,0.016736321,36.66199938,54.79902517,0.009172866,0.017547761,0.0369037,0.022536206,37.07545495,47.77037907
1843,0.000317375,0.000349299,0.001880965,0.000404663,7.758338355,30.69564877,0.000338476,0.000950587,0.001808729,0.001599687,19.77963471,33.04908619,0.000522419,0.000793029,0.002561264,0.002257773,9.789131517,29.86079698,0.000513442,0.000535471,0.001925136,0.000699039,10.33708244,27.6292193,0.000420515,0.000732371,0.003115266,0.001531162,13.11714459,29.57312846,0.000861028,0.002316605,0.006964578,0.002071315,17.51488259,37.51920421,0.000494248,0.002060741,0.004322825,0.001034004,12.53409862,36.62002503,0.000208305,0.001181776,0.003170488,0.001020831,16.99288785,41.08562993,0.017546728,0.03584676,0.082249231,0.023813214,39.9700749,59.12949335,0.016173526,0.029007274,0.065467053,0.041429891,40.26905082,53.18198896
1844,0.000200141,0.000309566,0.001703181,0.000772149,11.75371958,29.2482414,0.000660898,0.001394371,0.0023073,0.001453086,17.78898152,38.66795436,0.000949108,0.001707132,0.003043474,0.002371838,11.22108155,34.52111704,0.000405033,0.000736294,0.00095098,0.001953179,12.56640446,29.64003189,0.000376224,0.00053199,0.002138728,0.001549844,13.84436734,31.73194518,0.001779549,0.00461733,0.012175444,0.00219724,15.59407221,42.82500871,0.000657283,0.001735169,0.004858909,0.000807732,10.85674761,37.66767677,0.000556441,0.001175769,0.003151789,0.000934988,12.20850116,41.24564198,0.014470167,0.029230436,0.066830114,0.019506084,37.28544194,57.45571555,0.007602292,0.013669868,0.033321204,0.020489168,33.16558384,45.56391765
1845,0.000117916,0.000358663,0.000781131,0.000857807,12.36693619,30.57515963,0.001046026,0.003147687,0.004823091,0.001046889,16.43383237,41.76234629,0.001259521,0.001870477,0.005030439,0.002551823,15.80577659,37.51720129,0.000394928,0.000958432,0.002456137,0.002515015,6.804226805,30.60488928,0.000207323,0.001016235,0.001343194,0.001902568,14.94250687,29.38548894,0.001837359,0.004765857,0.013242731,0.001658794,14.39714577,42.52907202,0.000645213,0.00105504,0.004314587,0.001168052,15.38710911,40.05445582,0.000653321,0.0014545,0.003151893,0.001328149,12.56669447,36.42036042,0.007852663,0.016334351,0.038090961,0.012260988,29.66000217,51.22666007,0.003575056,0.005736235,0.01464653,0.007812972,27.84897147,41.08798367
1846,0.000130373,0.000229395,0.001228357,0.000608532,11.64931464,34.77144065,0.001364067,0.003465547,0.005406505,0.002423563,20.69747966,41.12886969,0.002803934,0.004239438,0.008702639,0.003191553,17.67364511,40.83255708,0.000357151,0.001052683,0.003028655,0.001561069,10.99040029,30.55405477,0.000242551,0.000539366,0.002630123,0.001413499,17.50401691,28.63037532,0.001006455,0.002521014,0.006650473,0.001612511,12.45642494,37.77840868,0.000682269,0.001228594,0.004172813,0.001501933,13.11867922,39.53900941,0.000321391,0.00130854,0.002230261,0.000803603,9.216984762,34.26439015,0.003410738,0.007088372,0.017370814,0.00571875,23.14849605,46.64978625,0.002844114,0.004688245,0.009010262,0.005244888,24.89162879,40.86600121
1847,0.000338878,0.000253766,0.002658178,0.000707225,9.772220209,32.03813648,0.003190277,0.009636691,0.003091569,0.010860092,25.78885154,45.23140775,0.003801806,0.005722238,0.009397372,0.002295713,18.59586387,45.13998963,0.000218595,0.000859916,0.001749307,0.002727419,9.367659209,23.61280863,0.000445789,0.000186593,0.00265866,0.001458417,12.0268568,31.23452305,0.000564352,0.000349485,0.001648854,0.001556546,7.28615031,33.69590051,0.000490299,0.00094203,0.002616916,0.002144466,18.41078774,29.88786092,0.000402044,0.000836192,0.001990308,0.0010811,9.212183446,31.28681927,0.003292362,0.005526399,0.010335096,0.002798639,24.7561663,47.19777011,0.00221219,0.00385632,0.008295055,0.005218316,25.7892598,45.20051824
1848,0.000293987,0.000665351,0.002352573,0.000981589,13.32712223,24.43997073,0.002855425,0.009338909,0.00095687,0.009530643,25.31334583,45.43673659,0.008085313,0.012292128,0.020467859,0.004712369,24.62590346,52.01888641,0.00042082,0.000824813,0.002392557,0.001577353,11.44724194,28.47480542,0.000397355,0.000433014,0.002056704,0.001328789,9.229835003,32.19285302,0.000792338,0.000186082,0.001201399,0.001532324,12.52856532,33.82294286,0.000474569,0.000810972,0.003425523,0.00157389,17.55965052,33.21028473,0.000906959,0.001125467,0.003354718,0.00162079,16.16992143,37.18363692,0.002154963,0.002237985,0.008598952,0.00216728,22.58291,42.3995335,0.001155488,0.001850584,0.003288543,0.001706761,24.30723052,42.8518431
1849,0.000328058,0.000711128,0.00048919,0.000868898,16.88858794,33.06502251,0.000879445,0.002794731,0.00438239,0.002730655,18.05594856,38.98597212,0.006468816,0.010748347,0.019047076,0.004362361,20.60411925,49.12573767,0.000625285,0.00088409,0.000943175,0.000799282,14.7959087,30.13563354,0.000336518,0.000615415,0.003668563,0.001380283,15.51880272,35.96362781,0.001154759,0.000640699,0.000956449,0.001473804,16.38713683,30.77462189,0.000564339,0.000572563,0.005257614,0.002260863,17.92675848,34.48807483,0.000886875,0.001387484,0.004313348,0.00087727,15.53919644,40.7626612,0.001188179,0.001017971,0.007039856,0.001346715,22.08082488,25.64067046,0.000660655,0.001436748,0.004470289,0.001583135,23.53122271,38.82377069
1850,0.000491124,0.000776641,0.002443436,0.000875183,18.09959892,35.09342326,0.000961174,0.002093945,0.003970461,0.002555119,13.46210835,34.86721007,0.003599869,0.004443561,0.010980872,0.001364968,13.61904774,44.01569678,0.000802274,0.000782282,0.00293019,0.001693662,15.84496788,33.62011341,0.000543206,0.000613805,0.004535556,0.00222538,15.34461528,37.17951056,0.00179215,0.000691425,0.001123557,0.002596927,12.47148369,32.26340562,0.000485587,0.001126063,0.003209656,0.003996036,16.21980528,31.25888158,0.000383705,0.000654584,0.005394827,0.001485131,15.18361636,35.51452174,0.000958108,0.001680898,0.005888108,0.002012181,20.48710244,35.70348041,0.000685499,0.001585194,0.005188639,0.00146554,17.6612252,36.13734267
1851,0.000461109,0.000629977,0.002816835,0.000608286,13.10931018,30.22223085,0.000710304,0.002043745,0.002229956,0.002889457,17.09828157,39.98670751,0.001952247,0.002004882,0.00427159,0.001458347,12.90139744,41.15112653,0.000537235,0.000678492,0.003011913,0.001143039,17.57884248,34.77593932,0.000359236,0.001165782,0.002878949,0.002843075,12.48770808,35.65320208,0.002184357,0.000521131,0.002374845,0.003497396,14.37521887,33.77625105,0.000346376,0.001599713,0.002957531,0.00384707,12.5333604,37.5096928,0.000246494,0.000695072,0.006151013,0.001933826,18.36016682,41.24673789,0.000556327,0.002626327,0.004796695,0.002220611,12.82022457,39.31483015,0.000449918,0.001102008,0.002965715,0.001845468,13.43428284,39.64846743
1852,0.000324456,0.000363127,0.002236095,0.000396226,11.49606273,25.29433133,0.00043071,0.001223893,0.001500115,0.002268347,11.53974695,39.20744251,0.000591087,0.000805638,0.000931301,0.001125359,11.46225107,30.72300805,0.000740772,0.00112017,0.003787043,0.001653478,14.937423,34.56477704,0.000641418,0.002053574,0.003293711,0.00278605,11.01301931,36.44448984,0.001502976,0.000460742,0.003616517,0.001675283,14.31793357,33.07342053,0.000387157,0.002032834,0.006299247,0.003801011,14.06483054,36.61914832,0.000790792,0.00079251,0.005600863,0.001817773,19.45795945,37.3503687,0.000630081,0.003249439,0.004350947,0.002737105,15.21781767,38.32075883,0.000992471,0.001151735,0.00233217,0.001875114,14.33894068,39.72107561
1853,0.0002587,0.000500182,0.001805516,0.000476231,11.5429041,26.85219536,0.000139478,0.00140715,0.002351226,0.000897378,10.99224385,26.58683724,0.000758591,0.001292491,0.0014743,0.002278962,11.59119164,33.52752413,0.001934011,0.002492295,0.006294888,0.001082211,9.439413293,39.18189731,0.000898101,0.002739539,0.006506938,0.003940883,13.79301989,38.75955351,0.000916993,0.000493364,0.002553286,0.001296637,8.452139033,32.24389596,0.000443678,0.007156917,0.005900037,0.010087284,18.95904082,38.6431112,0.000959045,0.001171915,0.006317658,0.00224755,18.60732765,40.97414818,0.000325023,0.004750547,0.002635864,0.003604747,15.47051685,34.3740412,0.001015969,0.001639287,0.003371309,0.001428781,19.85292552,38.10943761
1854,0.000221959,0.000701968,0.001927649,0.000860885,0.244667272,25.37882767,0.000313141,0.00150356,0.002759619,0.000809467,13.69580662,34.66513841,0.000306483,0.00184448,0.003193843,0.001917338,11.55925387,30.61230805,0.002949645,0.005409951,0.008500916,0.003695408,16.63574888,42.36398204,0.000516573,0.001806478,0.005384993,0.00186346,15.99591872,35.87389273,0.000461566,0.001113827,0.00188208,0.000884667,15.28552529,31.34909102,0.000760039,0.007410927,0.00433079,0.011309827,20.3461389,38.03709692,0.000452022,0.001683984,0.002982306,0.001052825,16.23149018,39.14888343,0.000583235,0.008024341,0.003270771,0.005778227,13.19140724,35.56793327,0.000902583,0.001483526,0.003051507,0.001174398,20.64378107,37.51787953
1855,0.000149595,0.001319229,0.002535881,0.00104242,12.27503797,28.70500255,0.000230297,0.000560982,0.005330365,0.001291311,14.33911956,34.71985018,0.00040256,0.001089204,0.003118817,0.000957905,11.83832082,30.22767269,0.001771332,0.004059288,0.004204347,0.003484991,16.06218928,41.11083745,0.000572335,0.00125499,0.003324005,0.001531854,13.24519466,27.86664679,0.000481494,0.00113415,0.002020849,0.000865638,7.39720376,28.60309494,0.00092563,0.001670302,0.003731851,0.004508208,16.08820361,36.71063017,0.000335052,0.000861384,0.001282651,0.001684644,10.98694566,38.79147159,0.000981231,0.01095011,0.003794949,0.009926699,19.46039285,45.58544324,0.00032641,0.001263092,0.001519727,0.000641395,19.38035348,37.42868185
1856,0.000154447,0.000950441,0.001547732,0.000930157,8.759225194,24.81371008,0.000255662,0.000967415,0.004059626,0.000541663,7.702423638,34.10782865,0.000623528,0.00070079,0.001911427,0.002146716,13.70810483,31.12724591,0.000669162,0.000768448,0.001417214,0.002440237,12.75794598,31.2544684,0.001441916,0.001604957,0.003873505,0.004208981,14.00166005,34.43812789,0.000561281,0.000915039,0.003004368,0.001066968,13.3426338,35.02153895,0.000730085,0.001889645,0.002246138,0.003167753,10.76840249,36.98945908,0.00098459,0.001066405,0.004774249,0.002262327,10.98161658,43.97395918,0.002018439,0.013804824,0.008994317,0.014489399,24.4283509,50.05766612,0.000491981,0.001162852,0.003217884,0.00115543,19.67322908,41.18042701
1857,0.000369662,0.000276558,0.002434216,0.000442891,8.838075158,32.24437135,0.000359689,0.00123768,0.003745391,0.001179491,10.53641917,36.91492125,0.000491069,0.00128717,0.001169267,0.001967631,13.49322825,34.71029487,0.000739347,0.000823526,0.001230059,0.001599654,9.938667151,28.79221808,0.001429647,0.001369666,0.004246224,0.004124034,14.95937518,37.03936436,0.000580163,0.000432289,0.002402849,0.001104842,14.84078863,30.67535051,0.000627629,0.00134384,0.005251414,0.003494882,17.33199034,43.77786677,0.000868776,0.001464374,0.003893065,0.001921443,13.93090932,42.46569194,0.003725317,0.021424432,0.012439151,0.023474389,26.65664835,52.15314543,0.000593575,0.00178376,0.003246297,0.000440177,14.58802446,40.07920919
1858,0.00065971,0.00144459,0.004008559,0.00205151,8.081762901,33.26769673,0.000568825,0.001780183,0.008210686,0.00146253,12.24543131,38.19771573,0.00067875,0.00200901,0.002800429,0.00203833,14.68028274,36.73391164,0.000678857,0.000625007,0.001554271,0.002065455,14.37572003,20.51539707,0.000404991,0.000496589,0.003297724,0.002244479,10.62801792,33.21977633,0.000681725,0.000235242,0.002155847,0.001065371,15.23562761,34.14630822,0.000783733,0.002053474,0.00350947,0.004013375,19.06735209,44.6493753,0.00037542,0.000684131,0.001806316,0.001218662,12.89936235,37.25981383,0.004945958,0.028667107,0.017538591,0.031246266,28.95414227,53.30283913,0.000814791,0.002281208,0.003146323,0.002262457,8.822490834,38.6797034
1859,0.000740017,0.001834803,0.003067798,0.002070753,4.89091122,31.36454197,0.001525352,0.001943116,0.011145045,0.001465729,19.87507424,39.28062438,0.00098416,0.003078696,0.003063661,0.002483251,15.39044427,36.27458223,0.000184355,0.000831545,0.001886424,0.001259528,12.67244323,27.53608797,0.000229231,0.000641067,0.003200259,0.002864522,12.15497495,32.7606198,0.000894198,0.000852199,0.003921573,0.00154086,7.837314712,34.8871883,0.001532084,0.001861647,0.009353361,0.00317223,22.17603234,40.87123559,0.000533952,0.00109285,0.002204279,0.001553361,13.33329777,34.11540941,0.002981428,0.019936358,0.013491998,0.021067792,27.01400496,50.18432946,0.000691918,0.001877767,0.002653761,0.002141849,13.21559273,36.71381409
1860,0.000254028,0.001297381,0.001568001,0.000877542,10.61270214,30.63518478,0.00405364,0.008278776,0.029393785,0.000829433,28.33957508,48.89666525,0.001021958,0.004769034,0.004039961,0.004030389,17.74759076,37.32488012,0.000530528,0.001028005,0.00259594,0.001461557,5.061226579,34.59600264,0.000424632,0.000603806,0.004225437,0.002848478,13.18022776,37.25110675,0.000678283,0.001495911,0.003212706,0.001687754,15.01784866,34.10851311,0.001333658,0.001261647,0.008982241,0.003335949,19.68555446,40.04303019,0.000717787,0.001260557,0.003762758,0.001357189,12.0596134,37.50686315,0.001528733,0.010937059,0.004320692,0.010142716,22.55805733,44.83891272,0.001536429,0.004210632,0.004031778,0.003131192,22.15935863,43.96964312
1861,0.00051278,0.001006056,0.002977648,0.00052663,9.754043485,38.18640854,0.002940612,0.006546273,0.022425539,0.000738092,26.37561106,46.34097198,0.001227365,0.00678417,0.008104328,0.007231185,19.18128636,37.30534614,0.000823136,0.000607416,0.002586079,0.001538568,2.955767723,36.73029602,0.000462455,0.000877845,0.005236155,0.002013567,9.156341473,39.7999795,0.000356298,0.002288611,0.003347265,0.001417051,18.67979919,39.35767794,0.000775306,0.000751914,0.004648872,0.002784429,14.50626745,39.80167215,0.000738793,0.000828954,0.002773005,0.000821923,13.11961912,32.51181311,0.001207934,0.005472361,0.005193528,0.005412407,16.42686157,42.42811355,0.001866701,0.005522326,0.005200631,0.004264766,23.70381402,46.25400153
1862,0.001092366,0.00154745,0.004784716,0.001505023,10.54943804,38.05093465,0.000979645,0.001914203,0.00464057,0.000900465,20.371434,36.64221532,0.001678968,0.009632042,0.01206602,0.009566003,20.19139893,35.73566706,0.000950049,0.000478433,0.002314314,0.002219498,13.45179663,38.90012086,0.000545539,0.001352538,0.004241709,0.001901586,9.967382602,39.65536351,0.000818525,0.002083818,0.006037002,0.001515285,17.60690976,41.08845916,0.000657912,0.00072513,0.006319048,0.001868593,-1.598493219,39.93121896,0.000940382,0.001078945,0.004260188,0.00121536,15.96510686,39.11892977,0.000807007,0.003371711,0.006014143,0.004486744,15.49991813,41.01771935,0.000555263,0.001911281,0.004582685,0.002356613,14.68447167,40.73842471
1863,0.000916936,0.001459308,0.002907172,0.001596618,12.40920466,36.17505182,0.000642698,0.001240795,0.004818152,0.000748266,17.6219109,34.39234792,0.000558843,0.005641764,0.005787742,0.003699528,8.495173566,34.74515508,0.000772932,0.001727318,0.002151219,0.002973296,14.76105054,38.46888107,0.000346606,0.000987389,0.001679715,0.001898006,12.44343931,38.92168983,0.000861973,0.002583282,0.006857401,0.002079142,21.22868123,41.3300653,0.000570005,0.001716598,0.003556461,0.002392393,16.23650363,39.73532986,0.001061224,0.001158091,0.005866205,0.001644538,16.26394924,42.86690169,0.00090659,0.002253293,0.005696717,0.003122187,11.16084486,42.05225225,0.001293626,0.001093839,0.008208388,0.003000084,13.27304271,40.9925428
1864,0.000457407,0.001125841,0.002242972,0.001192531,9.63312826,33.20373471,0.000376606,0.00076697,0.00237485,0.000351891,7.477586855,30.1158901,0.00057377,0.004845609,0.00336943,0.004029711,10.62000799,38.83424252,0.000436631,0.002505427,0.002216618,0.003652752,12.62366261,36.38243619,0.000436191,0.000999059,0.003195086,0.002874071,10.79629378,36.99774013,0.000708593,0.004913216,0.006848143,0.003349955,24.78164788,45.89567505,0.000590289,0.0019206,0.003465398,0.001899996,15.72241688,36.69468562,0.000599976,0.001101486,0.003960444,0.001204234,16.4557663,38.55903193,0.001336127,0.002588097,0.004948561,0.001999332,15.29718739,42.80116937,0.00239335,0.000768659,0.007989658,0.004967857,19.0149847,41.50033147
1865,0.000305004,0.000609313,0.002303192,0.000982126,9.082851591,30.13195504,0.000848245,0.000933611,0.002989549,0.001043098,13.14030479,36.79585207,0.000642879,0.002502469,0.002266625,0.002488325,4.471175924,33.96697545,0.000353315,0.001964707,0.002405338,0.002511191,11.7024913,30.52573738,0.000265515,0.001046288,0.002502071,0.003474027,13.88551713,31.04796506,0.000402008,0.010526998,0.008869259,0.006630642,31.21126359,53.57973398,0.000559703,0.000792773,0.002060366,0.00082603,6.334699647,34.6360286,0.0004625,0.000931563,0.003705663,0.001251896,16.75524948,37.69455477,0.001430436,0.001584071,0.006141119,0.001889819,14.20555736,42.31361674,0.001750064,0.001832231,0.003561483,0.002294206,21.5226249,42.79385591
1866,0.000190907,0.000543032,0.001880551,0.000764879,5.79225006,28.33548806,0.000540892,0.000381017,0.003079552,0.001093705,17.58886596,32.42874766,0.001107862,0.001178231,0.001496029,0.002583355,11.49160772,30.39669933,0.000836122,0.006367221,0.003667964,0.004492288,11.08190589,39.29818728,0.000332441,0.001023193,0.001844444,0.002249683,12.9575576,30.52151661,0.000759118,0.017188297,0.010046506,0.009332161,34.99698632,58.83989484,0.000454094,0.00079674,0.002865043,0.002138183,11.61140776,33.87427351,0.000658652,0.000451695,0.00275775,0.001100762,15.97359546,34.64049111,0.000973695,0.001129154,0.003831112,0.002148745,14.87106506,37.43158125,0.0013031,0.002586229,0.003333349,0.000920189,12.48956661,42.73428632
1867,0.000279476,0.000458388,0.000934867,0.000626874,12.4953085,33.49454791,0.00017535,0.000465137,0.002338956,0.000706554,16.01098315,32.36401171,0.001899158,0.00072912,0.003519256,0.002600334,13.47209563,37.66434971,0.000796727,0.012584531,0.003932325,0.013694195,15.45527253,39.24663407,0.000230773,0.000687013,0.003203132,0.002679825,1.249377319,32.54529332,0.000939153,0.015399802,0.006497708,0.007695734,33.793707,58.31559599,0.000512993,0.001038195,0.003637863,0.001938368,11.13643933,33.79971917,0.000410525,0.001212616,0.0017676,0.001531057,15.9603488,34.86585884,0.000665904,0.000576445,0.003880029,0.001334759,12.90066618,39.21464672,0.002814785,0.002688756,0.012902237,0.004341905,24.54561136,48.8757097
1868,0.000415115,0.000685038,0.001769159,0.000680439,11.97492348,35.07104605,0.000156204,0.000385865,0.00071116,0.001334623,5.849173586,25.54162405,0.001446552,0.001137106,0.002745249,0.001780053,16.34420336,38.61909596,0.000465145,0.013542135,0.003731888,0.014696254,18.06999167,40.12530651,0.000175679,0.001369399,0.00247745,0.001897112,11.55780661,30.95093144,0.000277635,0.007115897,0.004632197,0.004386683,27.33658964,51.32979553,0.000381458,0.001225226,0.004779936,0.003080046,17.04212695,37.97470319,0.000544775,0.001910676,0.002404602,0.002950598,16.39310192,38.77606042,0.000585196,0.00098299,0.00175469,0.000963465,4.419754225,22.72043163,0.001643458,0.002278236,0.01188404,0.004059579,24.34012216,45.95562682
1869,0.000548695,0.00059353,0.001943104,0.000378824,10.55987264,33.26787123,0.000488702,0.000948491,0.000745553,0.001400668,10.74214994,35.69253569,0.002200782,0.001562335,0.00311479,0.001639697,14.58272757,37.68546785,0.000908509,0.014975712,0.002477855,0.017469007,17.94006016,40.71586094,0.000631213,0.001125915,0.002712334,0.000706566,12.59950403,36.50969859,0.000511848,0.002697092,0.001868598,0.001837534,19.67184109,43.29650469,0.000371077,0.00132305,0.003878661,0.002221822,15.82320349,35.60377172,0.000636128,0.002086504,0.003293868,0.004904512,14.65798454,40.50036445,0.000995664,0.000780675,0.006770416,0.001416079,14.07628069,35.13145208,0.002009722,0.002453491,0.00639577,0.003576022,18.37152952,42.73540962
1870,0.000626633,0.000517714,0.001887388,0.000817226,12.0341122,31.72372244,0.000651865,0.000800803,0.001734606,0.001428851,9.218246041,35.38967687,0.002483746,0.001529785,0.006151759,0.002804937,6.593728144,40.33811809,0.001734608,0.036729557,0.003788617,0.04175327,23.55492799,48.61442114,0.00090888,0.000634338,0.003157756,0.002387625,11.58138034,39.3604245,0.000654266,0.001174353,0.002028575,0.001255504,18.4349581,40.10662545,0.000332692,0.000586235,0.001402048,0.001240092,13.73708816,31.07093468,0.000537681,0.00103213,0.004072014,0.003669163,9.314771069,31.99944677,0.000888957,0.00089307,0.010273379,0.001371057,18.59499987,40.02324239,0.003153862,0.003079478,0.023321453,0.004374804,29.67203871,51.79978596
1871,0.000517038,0.000411124,0.001400411,0.000884341,11.87675068,32.59362144,0.001072704,0.000706096,0.00474084,0.002386295,11.77024085,37.69497208,0.003989507,0.002580502,0.01050205,0.003470225,18.60215367,44.52071621,0.003513649,0.100694467,0.007249441,0.120087449,31.47068196,57.84417573,0.000646769,0.000495277,0.004524866,0.003053105,14.03958054,37.47984785,0.000628985,0.001339066,0.002119041,0.000149401,17.26145912,38.60731445,0.000358899,0.000672384,0.00159438,0.001837749,13.83593403,36.14478665,0.001065129,0.001162778,0.002039974,0.001566575,16.12564526,36.35288399,0.001027989,0.000895873,0.011666504,0.001677427,20.96765286,41.52164155,0.010143392,0.010496181,0.060232567,0.017236564,35.70945055,59.87695546
1872,0.00041504,0.000541623,0.001937598,0.000811401,8.657777406,29.39386332,0.000979512,0.000828284,0.004770614,0.002420579,14.84430193,36.53393484,0.006164648,0.003927551,0.01388042,0.001860422,24.41981255,48.59263197,0.005245035,0.143942058,0.009807956,0.174263981,34.615363,60.79971966,0.00076143,0.002358911,0.002940688,0.003479076,15.32469441,29.71823285,0.000798597,0.001965732,0.003510896,0.001522141,17.26533982,40.2636593,0.000609909,0.000646345,0.001888601,0.001203702,10.47099645,32.20829519,0.00084289,0.001753243,0.002374295,0.002816717,16.80753079,36.70643754,0.001927882,0.001869262,0.013107236,0.001347027,20.6429172,44.34158202,0.009645764,0.010475975,0.049033596,0.019400643,32.0607942,58.88520862
1873,0.000404432,0.000287384,0.00178095,0.000699898,8.775954228,32.63600733,0.000606463,0.000553034,0.002354739,0.001871479,12.83915111,32.69947651,0.013164853,0.00894125,0.028481373,0.003749962,28.6335251,55.1488246,0.003205984,0.087494797,0.006947983,0.107480413,30.16479458,56.465928,0.000655479,0.004150811,0.002684988,0.004737719,13.18508147,37.12983924,0.000583533,0.002052245,0.006592752,0.002356802,16.19089593,36.76414311,0.001005916,0.000993473,0.002404733,0.001185256,9.618360053,38.74641869,0.000662628,0.001628281,0.00217886,0.001693104,13.30760855,34.89155825,0.002763558,0.0038413,0.018057416,0.001347854,20.3821452,46.01546408,0.020033961,0.024144098,0.117384108,0.037932548,39.40192688,66.1522297
1874,0.00053396,0.000859232,0.001878025,0.00124561,11.12019901,34.88432601,0.000474554,0.001159274,0.00203192,0.001786753,7.946406804,33.37043295,0.010294166,0.007417907,0.022676168,0.004101093,26.32552143,52.56895623,0.000786709,0.016273712,0.003585927,0.020319382,19.87597884,40.60317703,0.000334094,0.004113631,0.003350777,0.003642755,7.437632574,38.85533642,0.000537246,0.001756883,0.003888249,0.00217375,17.3014938,21.04335445,0.000473666,0.000678136,0.002400368,0.001021146,10.61466394,37.00063917,0.000544634,0.001171988,0.002186339,0.001005837,11.939439,36.07848521,0.003831225,0.00646384,0.026360632,0.003732716,24.18463462,48.69097877,0.029344887,0.033429559,0.170903015,0.055917716,41.66647608,69.79796203
1875,0.000625183,0.000934994,0.003243136,0.000486617,6.830504827,31.21885137,0.000577928,0.00169246,0.001910826,0.001929447,4.688212317,36.1565089,0.004994218,0.004240619,0.013632484,0.002578035,20.93355216,47.20134469,0.001182737,0.027037236,0.003909595,0.032601549,22.71021261,44.23180935,0.000701779,0.002354253,0.004328804,0.003424647,9.055159081,38.98273623,0.000700752,0.000698745,0.002873472,0.001259374,12.25339308,34.09501538,0.000202131,0.000640407,0.002429314,0.001020251,12.76939726,31.72514346,0.000656675,0.001601152,0.001435033,0.001322675,12.56499889,35.40191537,0.004862236,0.008269523,0.038368828,0.005470162,25.34058834,50.90696782,0.077855008,0.083379973,0.460864269,0.157559291,49.97457506,77.99708684
1876,0.000417065,0.000339932,0.0024325,0.000367408,9.065171119,28.05755424,0.000414041,0.001194302,0.000976397,0.001350632,12.79846533,30.34616904,0.002442503,0.002085889,0.007729072,0.001635963,18.43339602,42.22297602,0.000705674,0.01637996,0.001670742,0.020057246,15.57984238,39.98864665,0.000994638,0.000772112,0.00425588,0.001963946,12.77144705,33.59471694,0.000543257,0.001196334,0.00211156,0.001157229,15.45377137,37.20202506,0.000471881,0.000873778,0.003968533,0.000802296,14.92338037,37.76620971,0.000303188,0.001301365,0.003116229,0.002172407,6.088075875,36.53871313,0.003228411,0.005045984,0.027242501,0.003660689,21.51275242,47.3618163,0.124569669,0.135270589,0.723610143,0.245913339,53.52668899,81.81651984
1877,0.000363938,0.000387248,0.001615981,0.000352963,11.01823497,28.97093443,0.000497482,0.000917437,0.000851752,0.000689193,13.30886754,28.02633834,0.000594421,0.000382982,0.003106853,0.001872167,15.67160969,34.23314135,0.000234576,0.004116896,0.00151538,0.006005551,2.543429504,27.63786403,0.000239931,0.000843079,0.003563529,0.001586198,9.632638858,30.26671466,0.000474112,0.001754583,0.001913311,0.001105518,17.27741249,37.00358079,0.000379062,0.00056213,0.002876055,0.000832553,19.81590266,36.21025891,0.000633931,0.001830471,0.002220822,0.002686863,3.328569116,36.99693003,0.002196312,0.003432159,0.016091484,0.002158674,21.75610238,43.90534982,0.055983729,0.060245744,0.318335731,0.109024317,46.36753858,74.7011566
1878,0.000413444,0.000350893,0.001502116,0.000476224,15.18739408,24.96749073,0.000157877,0.001306038,0.000805044,0.000322405,13.32812772,26.89295795,0.00064719,0.000786999,0.00230634,0.001773087,16.30991151,29.99766199,0.000481275,0.005073275,0.002567274,0.00555282,5.565084741,37.46738777,0.000616698,0.001150878,0.003272125,0.002852823,9.207878655,36.82715137,0.000416769,0.00118242,0.002978223,0.001048649,18.23295305,35.91346227,0.000498706,0.000703274,0.002249845,0.001724486,17.94136991,36.50975224,0.000624365,0.002605801,0.001368213,0.004220503,7.889936192,39.43561333,0.000785106,0.001386454,0.008315117,0.002022916,17.88773266,37.51030563,0.025048008,0.02707123,0.14329186,0.049979944,37.46479883,68.04791096
1879,0.000333672,0.000395895,0.00227498,0.000435271,17.12385673,29.03539288,0.00035096,0.000691534,0.002168163,0.000595659,14.43744758,29.40947479,0.000375652,0.001472235,0.003741167,0.000955235,11.36011569,33.43867829,0.000990172,0.003489206,0.006474461,0.003862244,11.73777467,38.88631658,0.000757352,0.001054524,0.002413477,0.002763791,6.807068173,39.10882044,0.000317377,0.00056414,0.002914774,0.001153724,15.6953353,30.8349817,0.000487385,0.001032616,0.002719388,0.000917834,12.62927005,36.29700493,0.000986345,0.001863921,0.001998688,0.003217575,11.43057891,38.9465953,0.000936313,0.001780307,0.005912302,0.001075924,15.19711135,41.33553989,0.017470715,0.016625211,0.097490319,0.034610386,29.04028943,63.99497051
1880,0.000361705,0.000371059,0.002866172,0.000905622,10.42569503,29.25016235,0.000571989,0.000446228,0.003560664,0.001039365,13.83517263,29.35459047,0.000354462,0.001293292,0.003804635,0.000946544,6.32890941,35.56597669,0.001609025,0.002354238,0.012466293,0.003552001,7.179371408,44.14618754,0.000889289,0.002832541,0.005294796,0.007597675,15.38282315,42.29465808,0.000450924,0.001290597,0.001585037,0.00112959,7.796661444,32.18378727,0.000596964,0.001204854,0.002258211,0.001064783,13.09834552,35.84609433,0.00083528,0.002473181,0.002301874,0.001706844,14.13880479,37.54764862,0.001118659,0.00167341,0.00723852,0.001857516,10.06138474,44.70524367,0.014879818,0.012888878,0.084220187,0.029517435,29.26773273,63.39354497
1881,0.000242,0.000762524,0.001330019,0.000895379,5.19657993,27.94957786,0.000735972,0.001704967,0.002867711,0.001238298,13.86218954,33.55713003,0.000248659,0.000582042,0.002115923,0.000913231,0.647015682,30.56687781,0.001165427,0.000922388,0.010294282,0.00170345,13.06092836,40.50428969,0.000854762,0.002552002,0.004073654,0.005360642,19.55846892,41.39003563,0.000436632,0.00122963,0.002179604,0.001098165,12.26709294,30.63318432,0.00035737,0.001322642,0.001486819,0.001378662,15.17467927,33.78460339,0.001033443,0.004130915,0.002541222,0.002635404,12.4876458,37.09570084,0.000585067,0.00046702,0.004593614,0.001982548,15.07563477,37.91753308,0.006150558,0.00533954,0.034855022,0.011571131,23.77942278,56.29438394
1882,0.000181208,0.000702704,0.001573843,0.000829941,11.42897696,31.8835575,0.00133787,0.004238424,0.005387362,0.003078758,13.92351699,34.8440668,0.000499258,0.000510897,0.003087464,0.001571966,11.09680095,31.62052605,0.00043002,0.001311327,0.002980805,0.001141976,15.69134255,28.71286132,0.000453064,0.001594979,0.002737953,0.001848406,16.31159308,36.790437,0.000551125,0.001355343,0.00370203,0.001397387,12.16802194,34.05147918,0.000392075,0.0014046,0.003517642,0.000905316,15.27275903,35.7446978,0.000700748,0.002165173,0.003680382,0.002122757,11.4202416,27.76244287,0.000794279,0.001035435,0.001798028,0.002031993,13.37590483,37.01799387,0.003833873,0.004331853,0.016400713,0.007396917,19.58793679,51.37247939
1883,0.000317743,0.00029859,0.002895187,0.000564781,12.02155834,27.21500174,0.001270613,0.002380725,0.004826764,0.001744549,5.772345909,29.04108666,0.000688299,0.001090039,0.003076411,0.00245406,12.09106805,36.85245578,0.000144068,0.001122032,0.001739775,0.002028475,13.45498595,30.40961249,0.000638695,0.001262744,0.002965681,0.003330529,11.71247122,32.89242727,0.000610403,0.001894798,0.002285813,0.001725573,11.29916972,36.57931094,0.000553319,0.000829299,0.003848703,0.001173325,16.07650293,38.95078149,0.000395149,0.00042158,0.002728143,0.001405707,12.95210059,33.93843862,0.001113646,0.001013757,0.002344631,0.002703539,9.675575624,36.61140188,0.002830075,0.00298981,0.013785263,0.00595347,12.48627021,49.24813349
1884,0.000629335,0.001157367,0.002085312,0.000986611,8.766436321,30.58379757,0.001552163,0.003175298,0.011977611,0.004424692,16.04194101,42.11290005,0.000412921,0.001793955,0.003265222,0.000963262,8.901661326,34.31741898,0.000531607,0.001300182,0.001475587,0.003352475,12.40981192,23.66311962,0.000461464,0.000876956,0.003755397,0.002742769,3.53782726,33.54576195,0.000860177,0.001774032,0.00234682,0.001417932,16.14051022,36.82491236,0.000416347,0.001004647,0.004011928,0.002195538,14.44651415,38.97370356,0.000389306,0.00091088,0.001599963,0.001713755,11.72260685,33.18708686,0.000658421,0.000932513,0.001145003,0.002065153,13.20435453,31.25427812,0.001173506,0.001692875,0.007815098,0.004056661,20.73569535,42.59156456
1885,0.00072958,0.00140078,0.00240973,0.001334826,11.9274006,30.72858175,0.001170238,0.002524096,0.006680668,0.004907541,13.18864435,41.75949544,0.000493137,0.002871734,0.004198926,0.001275199,11.31739173,32.63004534,0.000435716,0.00095867,0.00213186,0.002783485,8.749788168,27.43630055,0.000642329,0.000538622,0.003197163,0.00173463,6.010348434,35.88995042,0.000712976,0.001181666,0.002947051,0.000676502,15.56437554,34.48909232,0.000956132,0.001050404,0.00302713,0.001173258,4.604611233,36.89558272,0.001015097,0.000585708,0.003706706,0.001332492,8.740890159,37.17120222,0.00046992,0.001295659,0.002119237,0.000468561,11.20567468,35.07896116,0.001373891,0.001861874,0.004935673,0.002429326,18.2186281,37.4030556
1886,0.00032843,0.000679477,0.002629139,0.000854283,2.228672284,29.2392315,0.000525653,0.002657832,0.002838904,0.005587437,7.836408456,34.88127503,0.000709591,0.002206809,0.005712012,0.000859379,11.72645105,32.67545487,0.000206565,0.000907527,0.00197518,0.002636015,9.197303794,30.22540086,0.000684119,0.000726818,0.002977885,0.002499687,3.51910122,37.58391901,0.000582568,0.001071547,0.003087439,0.001138703,19.38804805,33.28266268,0.001054249,0.001052948,0.002446787,0.00235755,3.117002992,31.90672999,0.000924811,0.001282598,0.003506718,0.001977203,12.84504176,36.2748361,0.000872297,0.002457888,0.001467923,0.000968124,-4.228245238,34.61910346,0.001638166,0.001535151,0.008088453,0.003261342,5.031677157,42.10481339
1887,0.000235137,0.000903029,0.001492386,0.000414043,7.844255905,29.05454008,0.000437308,0.00110022,0.002740282,0.003248546,9.576127764,29.98160767,0.00071496,0.003887169,0.006799107,0.001893751,12.46036503,34.34511071,0.000570853,0.000926483,0.003989188,0.001309169,11.44160058,38.62104159,0.000341791,0.000867246,0.002021697,0.000964139,7.722428542,33.88326119,0.000658069,0.001452755,0.000870822,0.000721351,15.6016419,32.6301481,0.000922928,0.001845406,0.003975163,0.002872941,13.55243023,38.36573149,0.000344989,0.001136103,0.002841141,0.002451706,10.77327072,33.88546526,0.000725818,0.003027397,0.00247601,0.002241814,7.369362882,34.52173929,0.001158902,0.000933101,0.006664021,0.00340259,15.97088946,40.71864843
1888,0.000174521,0.000718954,0.002017436,0.000447069,12.34366945,22.90799239,0.000412907,0.000761548,0.002134411,0.00129549,5.348468844,27.21956051,0.000900216,0.002329447,0.001467018,0.002980913,8.869276837,37.00655495,0.000860639,0.00078276,0.00412277,0.000643526,10.95058178,39.41596093,0.000212309,0.000730873,0.001318615,0.002993888,14.11982937,27.69813319,0.000729566,0.001839958,0.002716798,0.000664702,13.55095642,25.59592128,0.001030517,0.001974086,0.005992973,0.002723388,11.16144107,34.85189691,0.000386465,0.000723095,0.002598094,0.002422563,17.05732624,30.02697995,0.000871376,0.00331982,0.003720583,0.003432345,14.48715558,36.15864925,0.001104597,0.001792147,0.00273658,0.002418538,16.68698573,35.79489548
1889,0.000167897,0.000475007,0.002186257,0.000520246,14.72579094,29.88286633,0.000412661,0.000830812,0.002246003,0.000943206,6.077385233,29.60180195,0.000760113,0.002051832,0.004218255,0.002747367,10.85640627,34.76865076,0.000863807,0.000623255,0.003320181,0.001733281,12.18648763,35.72120726,0.00054687,0.000601204,0.001108983,0.003613068,15.43491734,33.63290276,0.00045953,0.001286255,0.003150585,0.00076412,14.29918691,32.05271868,0.001276672,0.001963893,0.009476871,0.004312839,18.77081521,34.15681231,0.000521063,0.000596015,0.002590804,0.002274124,14.39621335,28.22860679,0.000435355,0.003585823,0.00415726,0.004663749,15.96190728,34.72792383,0.001306268,0.002724034,0.003010837,0.002149247,15.11184974,37.55013321
1890,0.000274704,0.000442071,0.001640074,0.000937027,12.69417201,29.93454424,0.000410018,0.000537627,0.001843006,0.000859303,8.508087606,27.57649433,0.000774391,0.002023409,0.003082704,0.001312638,1.99380857,32.24055825,0.000468119,0.000730506,0.002393205,0.0012845,14.70813987,30.88531408,0.000464423,0.00054849,0.001820097,0.004078718,14.88158514,32.72254847,0.000666609,0.000585532,0.001949047,0.001294611,13.92836941,35.93125801,0.000401277,0.00106823,0.006848669,0.003367105,15.34145859,34.94885218,0.000715745,0.000932837,0.001960482,0.002598967,6.423471416,30.44013738,0.000874556,0.003109636,0.003779585,0.005727565,15.19433248,38.58349568,0.001376576,0.001652921,0.005765776,0.004156229,18.06377661,43.60099462
1891,0.000274116,0.000979741,0.003444931,0.000669553,4.199141402,33.5874912,0.000362226,0.000818655,0.003508485,0.00049622,10.12384472,28.71942912,0.000497517,0.001225199,0.002643199,0.002041866,12.96693403,36.79659634,0.000222585,0.001039554,0.000212312,0.002186586,9.174069947,22.96951373,0.000687608,0.001025267,0.00111544,0.004192626,11.28792522,27.6889553,0.0008745,0.000776918,0.001768016,0.001873043,16.69646832,37.37602069,0.000677313,0.00068576,0.003836104,0.001811197,3.389222475,36.30195944,0.000571276,0.000865189,0.000400869,0.001345172,5.471633916,33.52855781,0.001299662,0.002148916,0.002442763,0.00455888,14.76673508,34.84978499,0.000957906,0.002918337,0.006952273,0.004582837,18.96394036,42.18046468
1892,0.000576398,0.00124708,0.004109971,0.001186748,5.887926886,30.75662536,0.000298632,0.000720243,0.00336951,0.000683213,11.42855482,29.87285393,0.001167902,0.00300195,0.008465521,0.002286367,19.02651183,38.69574694,0.000295537,0.001606924,0.001776431,0.002932725,14.25588646,33.8950632,0.000820722,0.001859592,0.000827564,0.003279158,9.845119779,37.21630371,0.000640761,0.000693047,0.002948438,0.001781625,17.64892503,34.55393654,0.000594182,0.00105165,0.003703273,0.00146247,10.71647388,30.91383709,0.00046672,0.000774331,0.000847362,0.00082593,7.011613917,30.57907323,0.00242349,0.004725352,0.00410338,0.005307897,12.25524847,37.43805893,0.000476492,0.001941832,0.005474225,0.002881607,15.93023019,38.54547774
1893,0.000430354,0.000829317,0.001976781,0.000992717,4.240565651,29.56569757,0.000151648,0.00092662,0.002330301,0.000726536,15.03884135,23.56082219,0.00286593,0.006038695,0.013198691,0.001552019,22.19036714,40.96344854,0.000499563,0.00190259,0.00229194,0.002226125,11.6333001,34.47883474,0.00036083,0.001980639,0.001654,0.002999328,9.389655377,34.09049916,0.000327407,0.000998514,0.002285742,0.000689596,15.18952698,29.27648376,0.000650238,0.001425007,0.002130667,0.0014424,8.909504106,26.07877804,0.000584741,0.000529874,0.003223433,0.001352102,10.37894609,34.34225221,0.001432177,0.003009409,0.003396829,0.003040662,18.2911181,36.66987222,0.000581409,0.000990735,0.003662818,0.00295978,13.4099289,34.70831374
1894,0.000368961,0.000542463,0.001987962,0.0009008,10.93266076,26.2106393,0.000282523,0.000903122,0.003410387,0.00080322,13.91585225,26.72722427,0.005528551,0.010170694,0.024308583,0.004235219,23.96442376,48.2976568,0.000639127,0.001939111,0.003896313,0.001641574,8.375633311,29.30891518,0.000358929,0.001693932,0.001705204,0.002368684,11.59779009,32.42707209,0.000210263,0.000897576,0.000979164,0.000506247,11.65501187,24.94267669,0.000797529,0.000885047,0.002942921,0.001881529,13.18648298,33.46613991,0.000743291,0.00029291,0.004442319,0.000622638,13.21317852,37.19391494,0.001017665,0.002456964,0.001783081,0.001224203,17.73653027,31.84024259,0.000765304,0.002056605,0.002495658,0.002086147,17.83001697,32.90783834
1895,0.000256854,0.000814189,0.002644546,0.000869934,15.52514983,29.86120313,0.000368974,0.000433436,0.006280892,0.001132088,7.446385526,29.4359609,0.006105637,0.010891732,0.028111862,0.004039931,25.36590662,49.57558347,0.000472715,0.00110508,0.003265783,0.000697564,0.12497915,24.74929351,0.000487588,0.002059961,0.001721952,0.003378891,15.58351,33.61086759,0.00044444,0.000477562,0.00268356,0.000736619,13.09600344,32.77484173,0.00090661,0.001259455,0.00365205,0.003101833,10.7971152,39.19726439,0.001170184,0.001064403,0.003876512,0.002574985,9.226080786,39.50457161,0.000872832,0.004341402,0.002597187,0.004010561,16.70012557,30.54791309,0.000710406,0.002496662,0.003850662,0.001655876,17.30155329,34.14444221
1896,0.000340425,0.000770418,0.003475633,0.001784281,18.16271594,36.97572475,0.000301528,0.00096476,0.004281931,0.002103337,13.24559009,25.4088975,0.012921874,0.022296982,0.058442468,0.006391224,30.68099996,56.31085605,0.000401398,0.000788926,0.002204117,0.002294466,10.47502102,34.89717158,0.000231923,0.00146389,0.002115607,0.003024726,14.65978283,31.17775635,0.000456094,0.000769326,0.002650546,0.000578844,12.09060147,32.94833871,0.000794129,0.001327603,0.001655313,0.003245447,10.28542146,36.15323755,0.001202918,0.001770001,0.003199386,0.003862268,8.894293239,39.70112685,0.00039962,0.005115572,0.002246332,0.0081998,19.60043731,31.67748061,0.001027387,0.001109164,0.002879248,0.001477593,2.33663383,36.34713007
1897,0.000452728,0.002851477,0.003585581,0.004296063,17.67772746,37.85508755,0.000265313,0.001065659,0.002392889,0.002166695,9.37939625,28.79815884,0.020004992,0.034389923,0.086574038,0.010327049,35.63632678,60.4807175,0.000544593,0.000624434,0.001507814,0.003798747,10.94949258,34.91961138,0.000183478,0.000962547,0.001709269,0.001665633,11.63065602,28.70730536,0.000446318,0.000729643,0.001777139,0.0010773,9.758355696,25.4327952,0.000824785,0.001904708,0.001677227,0.001728461,15.82823135,33.57264284,0.001017039,0.002625927,0.003703282,0.003189381,11.75464225,38.25164127,0.000813205,0.006652857,0.004849531,0.010904491,18.15186782,34.21950163,0.00071339,0.002388601,0.001379586,0.001309046,15.41493703,39.4337129
1898,0.000429775,0.002781837,0.002518905,0.003796796,9.416186292,34.57195056,0.000262295,0.000500512,0.002245083,0.000979619,2.052332941,30.08781299,0.041945171,0.07397463,0.184088261,0.021849957,39.84140619,66.93401848,0.000358915,0.000442028,0.000674664,0.003717126,10.30416197,26.98850379,0.00022597,0.001066784,0.000874003,0.002745534,8.272553226,26.94845,0.000594737,0.001253906,0.001936048,0.000784572,9.021939492,25.97751764,0.000739927,0.00295194,0.004092296,0.003465714,17.84098587,29.1978121,0.000961349,0.00254628,0.003869243,0.002632883,11.65614244,34.11399175,0.001091374,0.010556471,0.003456234,0.015716731,18.09038121,33.24035475,0.000962801,0.001634673,0.003680099,0.002350233,19.07445573,40.76362993
1899,0.000443453,0.000991742,0.001508398,0.001660785,9.375380258,27.97987207,0.000351253,0.000361042,0.001514505,0.000636107,10.14255631,28.20337891,0.033287179,0.059076985,0.146992512,0.017490549,37.93964517,64.80601382,0.000352224,0.000682034,0.000784383,0.002969986,9.964508502,22.08068761,0.000161005,0.000829058,0.001173158,0.001514414,10.39100992,30.32335063,0.000608396,0.001225486,0.00088597,0.000470975,8.459435354,29.88394147,0.000671817,0.001451394,0.004479723,0.002120461,14.49107046,29.37599936,0.001212103,0.001865431,0.006095674,0.003706856,14.67702322,33.76652551,0.001117929,0.016090369,0.001672562,0.021849855,19.80308998,35.04539811,0.00139235,0.001004036,0.003330834,0.002467572,18.93941356,37.25106373
1900,0.000164492,0.000240371,0.00090508,0.000536741,12.283376,29.80258763,0.000473094,0.000725525,0.002110971,0.001125902,13.35078177,31.20619512,0.016630469,0.027860094,0.071074022,0.010278508,31.1869446,58.44748387,0.000560012,0.000623816,0.002566904,0.002705721,12.92560668,29.2367382,0.000269941,0.000506764,0.00158581,0.001580443,12.12076318,30.67343844,0.001041046,0.001706337,0.00319501,0.001147067,12.27058743,37.47600455,0.00026742,0.002123638,0.002997788,0.002373799,10.52040445,32.70825931,0.001949692,0.002269107,0.00808784,0.003297448,11.17889582,39.23610377,0.00071369,0.022892813,0.002528102,0.030232331,22.55656583,39.94529404,0.001099488,0.001402867,0.002039599,0.002412249,17.35289407,35.53824423
1901,0.000273334,0.000143728,0.002370149,0.000288645,11.3699709,22.51221047,0.000415245,0.000990173,0.002547614,0.001157922,9.903839733,31.43233003,0.008552453,0.014233256,0.034062988,0.00588567,25.7528549,52.5195824,0.000621801,0.000412161,0.003887468,0.000737429,15.72069899,29.78829175,0.000531254,0.001058827,0.001668542,0.001822162,13.40142017,28.5333319,0.001338748,0.002764223,0.005393031,0.001604814,17.61178739,38.42419035,0.000537486,0.002755897,0.00275,0.003192483,11.96658268,31.22007542,0.001122973,0.002182514,0.004439915,0.002016802,13.1018211,35.64983565,0.000855858,0.029283719,0.003819358,0.039667073,25.24348052,41.75998592,0.001081978,0.002270224,0.00264309,0.003358213,21.97962244,36.01820194
1902,0.000255541,0.000400062,0.001455342,0.000545464,7.376792197,29.87942937,0.000298152,0.000850332,0.002299461,0.001179041,6.350224365,29.35730153,0.002333246,0.003557473,0.010154716,0.002305391,18.50266095,43.0004151,0.000522815,0.000953149,0.003081337,0.001269897,7.278683351,24.19711348,0.000701011,0.001282657,0.00273314,0.002823447,16.29254811,33.06535336,0.001555438,0.002657908,0.005079929,0.001644719,18.76030303,40.62358283,0.000119699,0.001853705,0.001244585,0.002528791,12.40370333,30.46820683,0.000565642,0.001444249,0.001382372,0.000917991,14.74182373,30.65682894,0.000967365,0.024346864,0.006375345,0.030539323,18.57936398,34.13567522,0.000711675,0.002668081,0.002670582,0.001931784,19.63295084,32.19765112
1903,0.000349838,0.000643635,0.002311227,0.000783491,8.446270672,29.77247727,0.000238371,0.001290464,0.001673011,0.001019367,7.586869793,25.22425134,0.001611302,0.002844961,0.009570831,0.003594521,17.35503241,41.68594066,0.00040962,0.001308697,0.002260503,0.002322036,6.76179322,23.47234231,0.000725205,0.001211052,0.003134096,0.002605934,12.93358922,31.38889199,0.001156569,0.001729942,0.002486866,0.00109416,14.00115196,37.81106609,0.000427537,0.001509164,0.002181798,0.003014289,12.67539363,31.31967984,0.000764967,0.001162095,0.002997012,0.001216851,15.89097936,34.79609428,0.001254091,0.013974903,0.009725353,0.01526008,17.61220836,37.25327532,0.001001265,0.002229225,0.002883337,0.00287947,17.35222204,31.46708947
1904,0.0001501,0.000513204,0.002027352,0.0009055,8.339200409,30.33091213,0.000342496,0.000847941,0.00262974,0.002279003,8.12862532,25.62451724,0.001787791,0.003411444,0.006759861,0.003673394,14.95959027,38.6406449,0.000341231,0.001741161,0.003577746,0.000938648,6.263250859,18.03704194,0.000911436,0.000870471,0.002736432,0.000838499,2.170419827,33.13344123,0.000478046,0.001027729,0.002902562,0.001176683,14.2706648,31.43148875,0.00079292,0.001452716,0.003059159,0.002457516,17.12328027,33.59876257,0.00084194,0.001292761,0.003390275,0.001011985,15.93424182,34.15574721,0.001209276,0.006720097,0.013502177,0.005306706,16.35684894,37.01816777,0.0021665,0.001854976,0.006919674,0.005792754,20.75221732,40.31827262
1905,0.00018032,0.000795672,0.002798256,0.001027722,13.73818766,30.26117701,0.000312007,0.00058012,0.002659132,0.001886095,9.656257651,26.47844117,0.001469428,0.002438204,0.005977197,0.001903464,13.01204241,35.5452722,0.000780979,0.002919171,0.007938573,0.004602032,9.032794674,32.08885278,0.000740915,0.000775766,0.003231175,0.002033004,12.48281339,31.54873909,0.000488239,0.001284901,0.002734622,0.001325694,14.0471413,30.29092147,0.001105192,0.001095634,0.003312495,0.002174611,19.18591362,35.05218116,0.000425807,0.001343487,0.002826018,0.001586368,15.73627688,33.73687215,0.001834857,0.009316707,0.010578027,0.007642956,21.23437895,38.84888941,0.001578398,0.001572557,0.005078087,0.00571806,20.6877765,34.10417235
1906,0.000504115,0.000860612,0.001316741,0.000433028,13.53536049,36.37377489,0.00068081,0.001558494,0.001878482,0.001984444,11.15109595,28.93647734,0.000821225,0.000628903,0.002355025,0.001428482,12.79288351,29.30507798,0.001625732,0.003686667,0.014882991,0.008647676,13.35755018,35.85945212,0.000574816,0.001151273,0.003196096,0.001747845,15.65363905,32.5897154,0.000578599,0.001196104,0.001442295,0.001674331,15.14784529,31.39982087,0.000649919,0.000864921,0.002238996,0.002886664,15.17484339,30.40490535,0.000773238,0.001196714,0.003302587,0.004889496,9.225472314,33.57981477,0.001854079,0.003836096,0.003756615,0.005497102,12.36965446,38.86649271,0.003738265,0.001164615,0.014800151,0.012993167,16.39861711,43.74959673
1907,0.001019881,0.001714959,0.006682363,0.003144017,7.985028631,37.57082171,0.000457236,0.001609564,0.002790724,0.003719998,11.32485257,28.64638563,0.000557703,0.001099784,0.001912808,0.002219281,8.903693115,30.56914667,0.001445671,0.003675855,0.013443436,0.004710499,12.34076368,35.1161271,0.000713097,0.003366368,0.005278267,0.002541319,17.11498649,33.93131083,0.000681188,0.00065196,0.002689017,0.003532628,14.50597362,30.16800601,0.000732099,0.000987872,0.002719871,0.00251853,12.80448204,34.15264729,0.000796871,0.001881581,0.003363493,0.004608429,17.24864598,30.16492243,0.002708954,0.002612592,0.006710748,0.007200124,20.73345489,39.61871432,0.005032068,0.002140838,0.024100648,0.018968351,22.24827884,48.11551267
1908,0.001117606,0.001741983,0.008028411,0.003349725,12.09434984,33.82982987,0.001055237,0.002935777,0.007589735,0.00466848,10.6079294,36.37109727,0.000448105,0.000876729,0.003468705,0.002215785,4.279452691,30.50525866,0.001012478,0.002827207,0.005487094,0.006472327,14.49399488,30.29755805,0.000536704,0.003299444,0.006147966,0.003786773,15.59539086,28.97633784,0.000763115,0.001396481,0.004328086,0.004662188,12.16892421,34.20482176,0.000490935,0.001076582,0.002946296,0.001385534,11.20691659,33.40661862,0.000115179,0.001916832,0.001334539,0.005725082,17.95664288,26.84312962,0.001990401,0.00284283,0.005367838,0.00563639,16.21455059,38.70107862,0.015329189,0.006668049,0.06223776,0.051024412,26.22072788,56.85987489
1909,0.000602067,0.000834063,0.004446187,0.001289424,13.91581469,28.18718502,0.000557564,0.001492061,0.005390915,0.002218811,10.52052303,35.05408539,0.000620631,0.001939793,0.004335905,0.001653398,11.57873207,29.72878458,0.001101909,0.002756733,0.003573333,0.007043751,14.17922234,21.8462993,0.000501623,0.001134221,0.004724243,0.002502688,12.44893966,28.96213027,0.000647321,0.002471671,0.003240702,0.003917172,15.52537251,33.91740637,0.000611888,0.001168955,0.004077166,0.000807422,12.63242112,31.50024289,0.000843226,0.002105839,0.002698727,0.005089917,13.42497615,33.03767189,0.000883234,0.001083811,0.005261034,0.002409903,11.32534756,35.5386921,0.021911773,0.008828077,0.085344122,0.071669099,29.41926207,60.08709188
1910,0.000140443,0.00028934,0.001714857,0.00070311,14.38413465,26.75340311,0.000480351,0.001063053,0.002839524,0.001002187,11.36268795,32.08088825,0.000346167,0.002117475,0.003196077,0.002203501,13.65652487,27.51362792,0.000768294,0.003329242,0.005512464,0.008022389,17.88964743,25.59718743,0.000457812,0.000804292,0.003227995,0.00201438,9.897336548,26.17509267,0.00034189,0.002258157,0.001604198,0.002238325,16.61458916,26.62759908,0.000795427,0.000910147,0.004236679,0.001403351,13.29864421,34.18627899,0.000864553,0.001792036,0.003158542,0.003192157,12.20607691,31.89261277,0.000770862,0.001726202,0.003532158,0.00196202,12.14169436,35.15824431,0.008435722,0.003910069,0.03442357,0.028393027,23.28990091,52.37979349
1911,0.000242342,0.000463075,0.001222705,0.00091334,9.316489585,27.47828634,0.000514219,0.001079966,0.002912742,0.001268755,13.21062417,33.94079835,0.000677711,0.002006652,0.002397651,0.001917909,16.19203738,32.22773767,0.000673653,0.002233798,0.004375966,0.007273104,13.68995546,28.67903002,0.00036771,0.001061983,0.001872688,0.003587179,13.44687337,24.03855345,0.000546196,0.001331623,0.00258607,0.002068463,11.92633601,28.80554584,0.000882982,0.000557518,0.00329488,0.001373899,14.19246427,33.62209552,0.001144062,0.001727229,0.003048467,0.001753534,14.26966247,31.26782072,0.00035936,0.001218629,0.003315409,0.00199929,14.16904684,25.95625881,0.004483183,0.002047871,0.019703983,0.016225361,21.34603804,47.53464249
1912,0.000388855,0.000727692,0.001688925,0.000779361,8.481066837,28.43231512,0.000355992,0.000809123,0.002658778,0.001337579,10.32219874,31.12647356,0.000605689,0.002222312,0.003415851,0.003025241,12.91922779,29.55251282,0.000774776,0.001119036,0.000909621,0.001620298,8.754433285,24.68265816,0.000207671,0.001107591,0.001234646,0.001601867,12.58919046,28.9482757,0.000133899,0.001362208,0.001569714,0.000747599,4.627747658,28.27088555,0.000683063,0.000689185,0.002903847,0.001271,17.46835698,33.17705597,0.000835839,0.001408228,0.000857454,0.002689567,15.56194719,28.24677131,0.000531494,0.001046404,0.002502042,0.001299951,11.10782136,24.86576452,0.0021996,0.00255322,0.012627488,0.009620094,18.23008825,42.37727697
1913,0.000381792,0.001058945,0.002391748,0.000733301,11.534224,26.10718238,0.000453826,0.000818963,0.002178751,0.000999926,7.099432263,27.56600794,0.000347985,0.001542074,0.002724592,0.002221974,8.617953249,26.04510305,0.000836865,0.001471154,0.001325452,0.00275262,7.274895498,27.67668578,0.000567545,0.001130198,0.0032054,0.0053421,17.65837482,34.26217936,0.00010381,0.001308762,0.001501362,0.001504323,10.0990043,26.66684592,0.000696007,0.000725532,0.002108326,0.001278967,18.66209216,31.29111132,0.001424861,0.001940669,0.002602237,0.002796325,12.43324975,35.64609317,0.00071972,0.001392133,0.001658109,0.002189578,12.14103214,29.27762708,0.002118148,0.002938957,0.011463733,0.008710539,14.57744398,44.42647776
1914,0.00013921,0.000674724,0.000674854,0.000430654,11.09306151,26.14991903,0.000320755,0.000920528,0.002701313,0.000535291,14.83059258,29.99857511,0.000467063,0.001203533,0.002296061,0.001830901,10.10761573,29.62517777,0.000665351,0.000859781,0.003076401,0.001840906,13.19979642,27.69084828,0.000707443,0.001279643,0.005097481,0.008237798,20.00683703,37.36288465,0.000287285,0.001428099,0.001452344,0.002001312,13.83458081,26.60753654,0.000705228,0.000585894,0.000973093,0.001249732,14.35163395,25.92114888,0.001244985,0.001486892,0.002473104,0.002751394,10.7010415,31.74511677,0.000330869,0.001639531,0.001158433,0.001655149,-0.575727865,28.88984156,0.001774775,0.001860895,0.007517268,0.004045277,16.00830578,41.08470003
1915,0.000249696,0.000729913,0.00167004,0.000876304,10.45386195,30.7652773,0.000338932,0.000944604,0.002117912,0.002103425,13.25490746,27.71499578,0.000390464,0.000690875,0.001452121,0.00179762,6.48425199,30.43141845,0.000576267,0.000244122,0.003043681,0.002208336,16.76871377,30.42451038,0.000745916,0.001432158,0.002618317,0.004610394,15.05175475,33.45907154,0.000517618,0.000630556,0.00296042,0.001677132,16.11266819,34.71205714,0.000831739,0.001518239,0.002516988,0.001893737,12.68961594,32.36711058,0.000817449,0.001128985,0.001628204,0.001378469,12.67508446,27.69514272,0.000867904,0.001618094,0.003400468,0.003628252,14.16852557,30.13608999,0.001638285,0.001969372,0.006735057,0.004930419,20.54845387,41.81030289
1916,0.00027948,0.000543224,0.002142866,0.000911439,12.99703819,28.25692199,0.000254452,0.000703612,0.002370496,0.001362512,7.133919026,28.98446002,0.000266881,0.000822352,0.002191975,0.000600376,12.48233886,27.14202952,0.000318818,0.00053847,0.001138814,0.002909901,13.3308575,21.78006882,0.000948861,0.00088413,0.002044756,0.002758712,13.71926111,34.00850071,0.000482383,0.001236673,0.003914756,0.001093335,15.10880984,35.52827791,0.001002474,0.001602478,0.005199657,0.001999667,13.80850391,38.34680962,0.001107091,0.001134003,0.001942192,0.001944779,13.09543252,29.72970414,0.000834087,0.001823936,0.003410252,0.00420996,17.01989973,32.48344285,0.001234253,0.001394803,0.006517758,0.004663793,19.50504744,40.08246505
1917,0.000109799,0.000672956,0.001026813,0.000407843,13.28902401,19.21940214,0.000150176,0.000639334,0.004683178,0.002626342,16.41732807,32.8688077,0.000835953,0.001043258,0.001587946,0.001409992,10.30290948,31.69858602,0.000384098,0.001264903,0.001346115,0.00198985,9.463066265,28.95213487,0.000504175,0.000645179,0.000963043,0.000847377,15.07445487,33.38179058,0.000512155,0.001327821,0.002923177,0.000887536,10.26554826,33.29876874,0.000988415,0.000477674,0.005138568,0.000815295,12.58601847,37.91501,0.000878591,0.001189862,0.003197597,0.002677076,15.54629488,33.92438682,0.000718379,0.002385787,0.003154375,0.002322224,15.56905706,29.31171063,0.000606166,0.001150578,0.003121027,0.002489984,12.25404679,27.84399732
1918,0.000275571,0.000394408,0.001152662,0.000716099,15.59988579,27.18404966,0.000523409,0.001569116,0.002247057,0.002737319,12.41663271,30.55287494,0.000882267,0.001590889,0.004605101,0.000506754,11.87065733,35.17562152,0.00017005,0.002375822,0.003176708,0.002022591,8.943708634,31.36140012,0.00030316,0.000749948,0.001846098,0.002121501,10.80039007,32.12167381,0.000306464,0.000360077,0.001169543,0.000900253,10.6019169,27.57844473,0.002263584,0.002592237,0.009135409,0.003613677,17.33737169,42.29858583,0.000510576,0.001368854,0.003915766,0.001844507,18.98535362,31.59777213,0.000294208,0.001740885,0.002414614,0.002373573,13.52174193,32.01714471,0.00082408,0.00247365,0.003502688,0.001671185,12.49359743,36.60141769
1919,0.000280104,0.000393626,0.001925699,0.000589526,14.26248266,28.43101949,0.000680429,0.001786178,0.001554252,0.001842806,13.37428421,27.87545567,0.00154601,0.002063814,0.006317753,0.000799334,14.44727232,37.70251385,0.000476417,0.002905152,0.005019502,0.001995999,6.953965905,25.89213371,0.000385874,0.001501076,0.002618884,0.001951673,17.81531926,32.90295064,0.000264396,0.000589011,0.001948454,0.000646785,12.99310556,30.62982589,0.002047009,0.002399089,0.009769216,0.003382624,16.26626825,41.88787705,0.000679605,0.001931248,0.004754388,0.00201652,20.77842341,33.16980102,0.00059575,0.001095991,0.001854146,0.002689855,9.426066359,28.48521478,0.000952252,0.004193503,0.003284455,0.004435362,17.29257449,34.27101228
1920,0.000141241,0.000589623,0.001631087,0.000600737,13.27570625,24.81951619,0.000438266,0.000634874,0.002209325,0.000945541,8.563786563,27.98342708,0.0017009,0.002321299,0.006769266,0.001055543,14.19922649,38.52116248,0.000691715,0.00292639,0.00556095,0.001942538,12.99077813,27.33815426,0.00019763,0.001543534,0.001545437,0.002520641,15.67847138,30.73753851,0.000423948,0.000821778,0.002272181,0.00095517,16.35639903,29.78775439,0.000774041,0.000468283,0.003168394,0.001678712,7.746122612,33.33635613,0.000867021,0.001777657,0.003595635,0.001410956,18.67277166,34.11814848,0.001004601,0.002202849,0.002980292,0.002688257,10.26878466,29.46987097,0.001057249,0.005621577,0.002266365,0.00704286,15.93484734,34.96393682
1921,0.000320098,0.000421265,0.001441078,0.000884927,12.00490025,18.41486568,0.000185237,0.002721712,0.001222663,0.00214372,3.364104664,23.2361396,0.004414494,0.005905525,0.012802745,0.002075322,20.80395442,47.27545597,0.000254048,0.001314847,0.003803023,0.002505719,14.15788619,31.13298162,0.000355287,0.001365039,0.00132088,0.002320826,15.37257785,26.66589429,0.000802472,0.000539425,0.00372945,0.001044998,19.62450688,28.26016422,0.001158577,0.001281713,0.001802548,0.001809125,9.289131389,31.00384132,0.000657083,0.001485611,0.002350135,0.002632342,13.95594129,28.05647146,0.00082903,0.001833083,0.002550618,0.002903641,13.71430084,30.46763948,0.001268622,0.007344555,0.00205876,0.005037447,14.33947305,38.79869407
1922,0.000303257,0.000376772,0.001590321,0.001052055,11.73393794,20.23975384,0.000213149,0.002732791,0.000911105,0.003192093,5.810802608,22.34837358,0.006471313,0.008030881,0.021806033,0.006306149,28.07649264,50.94587518,0.000425499,0.001252934,0.002199205,0.002469896,12.45846335,33.55488776,0.000317229,0.001169456,0.002054019,0.002968379,15.92964051,20.7250105,0.000948172,0.001219761,0.003384727,0.000977999,18.44732455,31.493721,0.001013646,0.000774548,0.00153826,0.002161174,9.403942391,28.85490831,0.000671719,0.002500984,0.001976602,0.006311523,8.325592181,28.10219068,0.001043714,0.001101737,0.00263576,0.002544121,12.04069322,33.38313688,0.001181308,0.011060789,0.003160076,0.005325637,21.55662508,39.87693372
1923,0.000282655,0.000415508,0.001621476,0.001099048,13.38563641,26.80440914,0.000223786,0.001063195,0.001234905,0.00189125,-2.686666297,25.23599581,0.012641908,0.01536482,0.044561441,0.011905456,33.56081917,56.71951463,0.000449086,0.000914943,0.00110172,0.001168471,14.81586752,31.42261883,0.000243542,0.00090754,0.001596286,0.003156185,12.92774549,24.94734326,0.000787398,0.00117782,0.002931418,0.001237203,18.10822542,29.27198635,0.000204854,0.000641223,0.002455663,0.00251098,15.2417997,28.47203314,0.000622538,0.0033416,0.001452244,0.007093324,5.129622518,33.37513995,0.001021654,0.001114897,0.003626789,0.001702776,13.0230036,35.16336593,0.003782525,0.028526156,0.004101163,0.013890961,30.83050685,47.18515775
1924,0.00038272,0.000754048,0.002183172,0.00079863,11.71698743,28.92670111,0.00025224,0.001033961,0.001243188,0.001250402,10.8998918,21.44417789,0.009938498,0.012046701,0.035039209,0.008453262,31.08996357,54.76527973,0.000413334,0.001030539,0.001039629,0.002130504,16.76606843,33.31014069,0.000393857,0.00064073,0.001006827,0.003821484,11.19914655,26.39049089,0.000587537,0.000687426,0.003024254,0.001469213,18.04928675,28.21560001,0.00067093,0.000965169,0.003021827,0.001962259,16.14107196,30.16405409,0.000547762,0.007696206,0.001634816,0.013242484,15.75873158,39.56136995,0.000371636,0.001013181,0.002708469,0.000807023,19.13368713,35.63454602,0.006232379,0.04934443,0.003803895,0.025826435,33.35073367,52.41196578
1925,0.000633663,0.001527385,0.001821899,0.001539661,10.30429319,24.82351462,0.000208608,0.000430297,0.001839233,0.000871525,12.09987324,22.6018032,0.004633271,0.005735535,0.017628092,0.003470816,25.9188402,49.00635555,0.000620027,0.000760015,0.002660193,0.002220639,17.38758921,32.67921921,0.000515682,0.000973289,0.002120619,0.002325889,10.13829206,29.12622884,0.000480791,0.000360941,0.00310126,0.001386969,18.40185736,28.06701362,0.000297788,0.00111022,0.002130849,0.000968831,11.35193081,33.6697631,0.000464805,0.0066419,0.001706588,0.009695395,17.86902939,37.98123361,0.000589147,0.00089224,0.001746522,0.001263776,15.38150248,33.84267748,0.003051856,0.02452249,0.002942121,0.01304867,24.58681442,45.34676751
1926,0.000303167,0.001263564,0.000761035,0.001177349,15.00738911,29.06758021,0.000200503,0.000607193,0.001851833,0.00130635,6.110065187,22.95940756,0.002231255,0.003205459,0.010300738,0.002929186,21.00150082,43.62355097,0.000732988,0.000572551,0.003273798,0.000807725,15.52413682,32.88942259,0.000615061,0.001108997,0.001501292,0.000600342,14.75889873,30.15580646,0.000313234,0.00079095,0.001375741,0.000864312,17.66058901,27.5852323,0.000139565,0.001037873,0.003499826,0.000824005,18.52640064,35.06653263,0.00059657,0.003833065,0.00235715,0.004273708,18.15023678,36.2969786,0.000529702,0.000786312,0.002075555,0.001987315,14.55442797,32.59643437,0.000936608,0.009938565,0.001729413,0.005898061,17.84543175,39.20976355
1927,0.000207765,0.000994213,0.001002438,0.000569294,11.44993313,26.49408565,0.000359152,0.000544605,0.000980274,0.000543255,6.452626267,25.90690217,0.00042052,0.001564023,0.00552751,0.001768458,16.93170617,35.70467095,0.000649705,0.00090774,0.003761027,0.001194133,15.80498581,32.04241672,0.000367658,0.001058998,0.001235575,0.002832657,12.98690359,27.28384983,0.000620211,0.00092837,0.002776474,0.00145977,19.610199,32.84741462,0.001485225,0.000799603,0.002064922,0.001733884,15.93057046,32.28220956,0.000372107,0.003082963,0.003143813,0.007176523,15.93548713,34.74906588,0.000591388,0.000491949,0.001005747,0.001292619,15.1211753,33.04968605,0.000760079,0.00842554,0.002921833,0.003105743,19.25373107,41.15894341
1928,0.00018646,0.000964565,0.001972552,0.000676268,7.840940071,19.3472902,0.000390908,0.000314456,0.001047085,0.00072033,9.882460183,27.17660253,0.000309559,0.001251924,0.003626188,0.00088457,17.80416327,28.00071847,0.00045867,0.000701767,0.00406202,0.001423303,16.71670394,32.50543214,0.000490158,0.00055178,0.001657675,0.002873047,15.46228801,29.58328587,0.000570884,0.001187757,0.003278456,0.002476138,18.93562536,36.15082261,0.001741013,0.000788773,0.001659473,0.002275824,10.93132516,25.44438886,0.000781125,0.002119715,0.002094491,0.005581998,13.52443552,30.88575661,0.000752756,0.001623531,0.003254884,0.001419334,12.29515689,33.77090001,0.001166269,0.006712245,0.003679462,0.003870365,23.11612981,36.94660072
1929,0.000171605,0.00105094,0.001508056,0.001314824,5.592300151,29.75507261,0.000217449,0.000704075,0.000993707,0.001163147,11.94638043,26.55658533,0.000499582,0.00103784,0.003513717,0.00195438,18.11911637,29.28314435,0.0002189,0.001014518,0.002705428,0.001148556,14.95160909,30.18506743,0.0005192,0.000614235,0.002384629,0.003155424,16.49808604,29.32979179,0.001096799,0.001954353,0.001947334,0.004957217,15.47680253,37.92219237,0.000339353,0.000644091,0.002474368,0.001071188,15.41452292,24.98358039,0.001016535,0.003846774,0.003764338,0.007529204,14.87622951,36.5531879,0.000576465,0.002064029,0.001698521,0.001447454,13.61408592,29.74101699,0.000777607,0.003507206,0.002980974,0.004373775,21.0615019,27.98791995
1930,0.00014109,0.001277842,0.001917164,0.001270332,12.49778677,31.80732549,5.08E-05,0.001315345,0.001457209,0.001084929,10.49649202,25.0034224,0.000571775,0.0023335,0.00268528,0.002634209,14.58330239,32.29053826,0.000675077,0.001116915,0.005761832,0.002452775,20.20286839,37.43127002,0.000439169,0.000489397,0.003046892,0.003237988,16.40301679,30.77177049,0.001490148,0.002292697,0.002358903,0.005249118,15.64013924,37.90368053,0.001204982,0.000884448,0.003383025,0.001685946,15.6577669,33.47333972,0.001638802,0.0029792,0.01014443,0.005015044,17.17572534,40.6956953,0.0007551,0.000783705,0.00237545,0.000971341,7.697415368,32.9594246,0.00102449,0.003077583,0.003577304,0.002340935,23.14775447,35.92796776
1931,0.000292922,0.00106483,0.002166046,0.001281443,11.695519,18.18457569,0.00038371,0.001341615,0.001631354,0.001402693,10.81514311,34.47735201,0.00068054,0.00294348,0.002054626,0.002323499,15.22834228,33.66232215,0.001643548,0.001794579,0.014774545,0.005594089,22.75615259,44.249924,0.000381657,0.000909954,0.002920054,0.00274597,13.2154837,27.89089153,0.000936869,0.001269053,0.002431125,0.003815252,16.79571882,35.32614465,0.001137313,0.001373893,0.004073221,0.001612636,12.86224923,34.78181316,0.001603021,0.002074494,0.009324457,0.003620865,16.59234118,40.63298988,0.000621232,0.001109637,0.001857521,0.001721754,10.12551431,28.64738144,0.000616349,0.002122841,0.002232156,0.001560781,23.0834697,36.73975943
1932,0.000203543,0.000574831,0.000548299,0.000757128,6.912610777,24.36089054,0.000438344,0.00152388,0.001821983,0.002127594,8.186068781,33.1833319,0.000581735,0.003798057,0.001738031,0.002998031,14.1910415,28.21021168,0.003495449,0.003989918,0.028030569,0.00997655,28.4376641,49.61975133,0.000312216,0.001427995,0.003464885,0.003449789,12.34536149,34.2488195,0.000460787,0.001074508,0.003320391,0.001882017,13.44944921,33.72291719,0.000355047,0.001279458,0.002125614,0.001600462,7.700029899,30.91312325,0.000539616,0.001041749,0.004735784,0.003125501,19.39088142,39.39080726,0.000307953,0.001760707,0.000973269,0.001584731,10.33034074,30.65968794,0.000456545,0.001615765,0.001166619,0.001311407,19.84394969,28.87033471
1933,9.70E-05,0.00056027,0.00076253,0.000721943,1.262213261,25.39516136,0.000394306,0.001635651,0.001170758,0.000802475,15.22544144,28.39373719,0.000953577,0.005665803,0.002820476,0.005552702,20.92720373,36.28973682,0.003134593,0.003150309,0.024733472,0.008496897,26.9464483,48.42516561,0.000640247,0.000473625,0.002687854,0.003129053,8.253318598,31.85704503,0.000702756,0.001184292,0.003345786,0.002022835,16.34953031,32.12517581,0.000669467,0.000645193,0.00203399,0.001158583,14.30160972,34.5163152,0.000341941,0.001812957,0.00436849,0.002643642,21.13722624,33.86589738,0.00027273,0.00176813,0.001711805,0.001802684,15.04418825,26.97120811,0.000908747,0.001313491,0.002783769,0.002378867,19.86922189,35.94097122
1934,0.000208411,0.000359998,0.000731931,0.000529371,6.290611433,22.54701377,0.000447011,0.001370268,0.001970233,0.002096337,16.32794728,33.99444884,0.001049687,0.010529706,0.004844708,0.009621115,21.99578262,38.93913778,0.001108148,0.00078791,0.006524339,0.002777873,8.436914312,37.23008184,0.001244209,0.001504374,0.005251261,0.002167765,16.53719661,30.96930748,0.000745081,0.001237476,0.002506014,0.001473071,18.04441528,31.19038368,0.000699755,0.001832897,0.002537491,0.001127237,10.32485199,36.73277681,0.000782811,0.001918988,0.00225106,0.001569386,16.96787248,30.76871182,0.000226455,0.001322542,0.00257715,0.001344533,17.99995534,31.96305472,0.001012776,0.000992928,0.003179373,0.002184007,16.7890399,39.7688629
1935,0.00014714,0.000450417,0.00098417,0.000554503,8.68662464,23.5578865,0.000394839,0.000682215,0.0018123,0.002117853,14.63221077,33.5662455,0.001658568,0.014653455,0.005608361,0.013494316,21.62614027,38.70186946,0.000844663,0.001591746,0.007662492,0.003989315,17.68121448,37.40940674,0.001422666,0.001707381,0.006845421,0.002607181,18.38432603,35.71180664,0.001126495,0.001090199,0.00115454,0.00179184,19.55373327,29.53948419,0.000526507,0.002673944,0.001564507,0.00107755,12.08683892,32.85217997,0.000719435,0.00129765,0.002024712,0.001560901,16.01658035,35.62242446,0.000568893,0.001410884,0.003471952,0.002374651,19.06427322,36.70654243,0.000527837,0.00094738,0.001220166,0.001463462,3.746462059,35.19072413
1936,0.000173644,0.000620553,0.001306994,0.000433067,4.938099956,25.47653437,0.000437639,0.000857849,0.001619284,0.001616501,12.8158411,28.23790433,0.001091052,0.008041972,0.001751004,0.008938764,20.25229052,36.18044602,0.000432957,0.001228113,0.005468561,0.001259554,15.5733426,35.03064522,0.001768655,0.002826683,0.004107665,0.003631264,13.27932052,31.08144642,0.001200295,0.001027813,0.002116983,0.001785861,19.21604609,26.90117871,0.000362285,0.00230718,0.002359021,0.00146489,8.656054124,28.25641293,0.000634876,0.000880063,0.002292559,0.001717748,17.54133539,36.51026151,0.000927765,0.001682815,0.004226515,0.004644426,20.25156118,40.71437559,0.000577342,0.001378641,0.001198997,0.001045599,16.44824997,32.09181451
1937,0.000199196,0.000388994,0.000982561,0.000366205,10.72379689,27.96772262,0.000241496,0.000286858,0.001659747,0.001276492,12.66078315,25.23341044,0.00061517,0.004111962,0.003526786,0.008152193,16.74478017,32.99262823,0.000502287,0.001481715,0.002792011,0.002111162,11.54326384,33.09088337,0.003345929,0.005774575,0.001864472,0.003684137,17.59300085,28.17574246,0.000638685,0.000733325,0.003022744,0.000661535,7.840127092,32.05455322,0.000622421,0.003601519,0.003413737,0.003759808,20.41039564,43.63505706,0.000865512,0.001300317,0.003067317,0.001065175,17.43667937,32.53966495,0.000686249,0.002776394,0.004847322,0.005716877,20.67741014,40.46263835,0.000742549,0.003052458,0.003128555,0.001377182,19.49579036,38.91087135
1938,0.000346497,0.0006531,0.001595724,0.000697536,10.03640759,22.94001588,0.000345014,0.000586198,0.001261366,0.001248387,13.99418891,28.63253612,0.000441972,0.002924101,0.002168762,0.002401502,4.475717509,26.25595022,0.000740913,0.001362386,0.002921141,0.00270363,18.07727402,34.52162624,0.002033814,0.003549753,0.004067176,0.002872229,19.28450665,33.47182991,0.000615401,0.00091222,0.002876269,0.000826282,4.875610907,33.22939977,0.000802335,0.00500651,0.004234366,0.006188757,24.83341678,49.20762384,0.00038872,0.000709395,0.002296961,0.002222647,11.6111023,30.78022469,0.000584528,0.004048583,0.005412787,0.007115606,20.6717263,39.23895471,0.00077626,0.002497849,0.003313346,0.001955212,20.63224682,33.84957042
1939,0.000273153,0.000503911,0.001153592,0.000964705,13.03131305,23.99560775,0.000283746,0.000509249,0.001712243,0.000684348,10.76547695,26.5727855,0.000493253,0.002520796,0.001718191,0.003635239,10.68538959,29.85011904,0.000278647,0.000608333,0.001924798,0.001567424,16.18505504,33.75464808,0.00048912,0.002600633,0.003738607,0.002659161,15.67703325,32.21056263,0.000265822,0.000926553,0.0018181,0.00151628,12.33315968,25.05304725,0.000566047,0.004163194,0.003299324,0.006102266,24.80726278,49.12628435,0.000519418,0.000821623,0.002891486,0.003210993,14.88055746,32.33686302,0.000817204,0.00428037,0.005990614,0.006669799,23.34013981,38.39630972,0.001829856,0.003232428,0.007362786,0.004080512,20.90946078,42.79207222
1940,0.000194274,0.001694102,0.001250979,0.000676759,16.25634183,17.7304174,0.000566988,0.000893438,0.002231772,0.000296895,16.19917075,26.11108908,0.000696593,0.001310474,0.002501561,0.002927725,16.50147419,33.84487235,0.000506051,0.00123067,0.001551004,0.001422576,8.805022302,27.68495522,0.000725268,0.002016957,0.002270131,0.002712856,13.08391576,25.3900831,0.000308592,0.000670309,0.001904968,0.001357945,17.22261395,28.15504648,0.00061014,0.008249443,0.002993476,0.010927683,29.02965335,53.31454208,0.000843535,0.000566266,0.003418429,0.003258887,16.95491015,32.50119613,0.000497828,0.001854052,0.004503448,0.004482815,19.42199374,33.55836982,0.002788503,0.003243941,0.011303547,0.006128855,22.67656274,45.60931784
1941,0.000243232,0.001936988,0.001421142,0.001528512,14.71234734,26.92182622,0.000488097,0.000725709,0.000598167,0.001376705,12.37253461,19.73107977,0.00046825,0.001380216,0.002209145,0.002877786,16.0848735,31.47017173,0.0003937,0.001064045,0.001625975,0.002036152,10.37341235,24.9220197,0.000567983,0.000931553,0.000969868,0.004463499,14.24483691,19.74317302,0.00056422,0.00111242,0.002175443,0.001397685,17.85895712,32.89172133,0.001114196,0.019415891,0.006273941,0.025372956,34.69791912,60.78331951,0.000839111,0.000677896,0.002806359,0.001961034,18.08567927,30.09198878,0.000506962,0.001590825,0.002661122,0.004164435,14.55127886,31.47974027,0.006170393,0.004976199,0.028143124,0.013950671,31.74404039,53.9727066
1942,0.000278261,0.001265508,0.001443583,0.001615532,10.63507314,28.93918749,0.000524167,0.001008282,0.001579133,0.001030353,-1.246995954,25.37536351,0.000670399,0.001022043,0.000901333,0.000950734,8.576902186,23.25035539,0.000250889,0.000750782,0.002143717,0.00241745,18.17202963,28.86098136,0.000561389,0.001097256,0.002005421,0.004587506,15.76619056,29.20424153,0.000292455,0.001266475,0.000940727,0.003316694,10.2166396,28.32908263,0.000978825,0.013725102,0.005133441,0.018012306,31.0609656,57.36777194,0.000682016,0.001191319,0.001910623,0.002767241,19.94758465,29.552565,0.000394507,0.001127645,0.001471135,0.003562468,16.14326538,30.67746847,0.007949999,0.004681246,0.033452163,0.017665642,32.04097462,55.34470439
1943,0.000219523,0.001415105,0.001518749,0.001376149,11.73960939,29.1849688,0.000466113,0.001630591,0.002175397,0.000953802,9.750039723,27.30016429,0.000675402,0.0013794,0.002314622,0.001838179,18.37165378,29.78247074,0.000569922,0.001046873,0.002286623,0.001265979,18.73667308,32.27307912,0.000687026,0.00162543,0.002638469,0.002157752,16.56176836,32.3242249,0.000738525,0.001989244,0.002566359,0.004675442,15.70885376,30.71328742,0.000678071,0.003345547,0.002565002,0.00413076,23.16411952,43.42395344,0.0005866,0.001317815,0.001711066,0.002665913,17.86314084,31.98888557,0.000259733,0.001191592,0.001976903,0.003165759,17.35915248,31.941316,0.003004611,0.001962245,0.011957749,0.006982497,21.63158218,46.34761784
1944,0.000373227,0.000751783,0.001662512,0.000995712,0.509521548,18.76864243,0.000451291,0.001183661,0.002275532,0.002230921,14.0211819,25.48199135,0.000532236,0.001209764,0.00462582,0.002383936,18.88624158,33.51514764,0.000743551,0.00303367,0.002139349,0.002674799,17.74551497,34.16676638,0.000523544,0.000937349,0.002554188,0.001656878,13.91887314,32.37648936,0.000518982,0.002097846,0.002703952,0.003497337,18.30928217,31.46020951,0.000627473,0.004298853,0.002335735,0.007275805,22.69285658,48.83346563,0.000459299,0.001804712,0.001996937,0.002360467,13.28744527,30.06376037,0.000444031,0.000701143,0.001282103,0.00584126,19.07485013,26.15806808,0.001582346,0.000661151,0.00668568,0.004555643,20.2615228,40.66318886
1945,4.26E-05,0.00038181,0.000992225,0.000731222,9.453982687,28.91700804,0.000371312,0.00102121,0.001856167,0.002243139,11.51259401,23.16273733,0.000537862,0.000772822,0.003596975,0.001588584,13.4191897,31.47232515,0.000566864,0.005348559,0.003457628,0.005104479,17.30600647,36.76980266,0.000500485,0.002106124,0.001501834,0.003321754,14.09539129,31.65805244,0.000610627,0.001320481,0.002573435,0.002466617,17.91726465,32.89878737,0.000563253,0.003588003,0.003143534,0.003177068,19.81985686,46.01944246,0.000358556,0.001996874,0.001485498,0.001119025,11.34687756,25.07244733,0.000385714,0.001285646,0.001276007,0.009783179,16.84916132,31.76159827,0.001190612,0.001528982,0.005572431,0.004198868,21.47101073,38.20779898
1946,0.000308615,0.000589099,0.001865989,0.000715128,6.032348973,27.27507505,0.000365276,0.000799786,0.00156742,0.001379357,12.41001862,27.36299454,0.000592121,0.000882714,0.007189877,0.001940492,19.75077341,38.07004297,0.000659179,0.009044346,0.005787327,0.010151353,11.73472686,40.99841992,0.000354332,0.001898153,0.001764643,0.004327972,13.689123,28.89129214,0.000604821,0.001878501,0.002467052,0.002727979,19.47029296,33.79012892,0.000291026,0.002462201,0.002898582,0.004908125,16.23736329,37.92891511,0.000495619,0.0011784,0.001619126,0.001126116,7.318058063,21.60153134,0.000583079,0.003729615,0.002739899,0.01362164,16.56730607,34.92229877,0.000691745,0.002546228,0.007168356,0.005360519,22.48050811,43.27419569
1947,0.000152493,0.000853935,0.001836262,0.000413499,8.758366972,17.24661144,0.000365707,0.000556263,0.001393833,0.000912062,11.8418846,27.92434241,0.001342514,0.002208098,0.009122665,0.00343218,23.55084065,39.89188741,0.000409053,0.007991716,0.004374018,0.009453493,13.208096,40.13903002,0.000250046,0.001403951,0.001670321,0.002992371,14.23046826,25.68084077,0.000389184,0.001978398,0.001901758,0.002068674,14.49777689,30.48920748,0.000549675,0.00106807,0.00167658,0.004083946,17.93578189,33.11604596,0.000699527,0.001314463,0.002178393,0.001681991,9.433197053,24.25113677,0.001046754,0.005659631,0.003152913,0.018447001,19.99926665,33.97459813,0.001252273,0.00147504,0.004830275,0.002264952,24.17660653,42.29021355
1948,0.000159824,0.000569954,0.001284058,0.000693882,9.806095795,23.45567636,0.000361436,0.001037443,0.001458753,0.001469201,12.8436388,30.87949043,0.003519965,0.003582956,0.019463351,0.004719779,27.64470494,47.5234229,0.000805345,0.00431504,0.003740656,0.002864095,16.5011499,34.73732541,0.00048923,0.00247757,0.00212348,0.006603123,17.44419846,16.78005253,0.000216307,0.003098455,0.003133516,0.002857667,11.7044115,31.40042642,0.000487591,0.002207926,0.003748852,0.005542144,20.03005218,35.13027686,0.000617525,0.001886409,0.002843297,0.002214977,14.4499122,28.97126021,0.001353539,0.005309853,0.004302895,0.018800325,22.32097538,36.98767706,0.000861934,0.001796887,0.003636423,0.002527849,20.9672294,35.29484265
1949,0.000253392,0.000334631,0.001032997,0.000466407,9.016152343,25.55395709,0.000488966,0.002008859,0.00205145,0.001846141,13.53951191,33.09526963,0.00248341,0.002592286,0.016347261,0.004397534,26.40650059,45.44196126,0.000660426,0.003853177,0.0036133,0.005565614,13.11758567,35.56756944,0.000461409,0.01104595,0.001892751,0.016392978,18.38428188,33.31695966,0.000341416,0.003739483,0.002394937,0.002506597,10.44203427,31.91095613,0.000495265,0.000920186,0.002428454,0.004281926,18.22190696,25.51309848,0.000441802,0.00179901,0.002817041,0.002176827,14.0002517,27.38564391,0.001152712,0.002431825,0.003111457,0.011564068,20.42091263,35.277194,0.000890039,0.002300645,0.00384782,0.002869273,17.36631875,29.80283868
1950,0.000312996,0.000537128,0.001180442,0.000378736,9.692196115,24.3979332,0.000471492,0.001974072,0.002325108,0.001738786,10.0008207,30.34647553,0.000992531,0.002028149,0.009686011,0.002780862,20.37257534,40.31610929,0.00052685,0.002133397,0.002407433,0.004177909,13.09594957,31.26482752,0.00047193,0.027286232,0.002215598,0.03590465,22.43783061,42.81296373,0.000824136,0.004534664,0.002220782,0.002749682,13.3990922,34.77670317,0.000541789,0.001425808,0.002231641,0.001107129,16.895095,34.11136889,0.000799822,0.001214213,0.002423708,0.001582342,20.54787893,33.20925279,0.001021822,0.002054295,0.002494759,0.006594453,18.55707026,35.82964476,0.00105546,0.002203052,0.003824066,0.002565561,17.57435659,34.27172995
1951,0.000252846,0.000742127,0.001447053,0.000471677,7.967818073,23.1816211,0.000233589,0.000875083,0.000989202,0.00128667,14.79620554,23.93856094,0.000586255,0.001002383,0.004569048,0.001277548,18.10304489,34.92905442,0.000692408,0.001539134,0.00268989,0.003279876,14.13456643,30.60866281,0.000637719,0.040114634,0.002680536,0.051032854,23.71660464,45.7012915,0.00070312,0.005508634,0.00352194,0.003960294,14.94935082,37.21493898,0.000547227,0.001347715,0.002849702,0.002114892,14.90939733,35.18957536,0.000648281,0.0009473,0.003334646,0.001291088,20.50548824,35.39872748,0.000746146,0.001821676,0.002993451,0.003938517,10.30440029,37.46927162,0.000895297,0.001613235,0.002641313,0.002137965,19.4283226,34.2345878
1952,0.000311747,0.001856528,0.00103157,0.002105643,10.44873825,24.23930482,0.000622007,0.002138175,0.000939399,0.002079236,13.1356008,28.95037509,0.000191824,0.001167811,0.001702613,0.001044741,9.591599468,21.25330559,0.000264993,0.001583348,0.002593949,0.003208532,17.13299837,29.84968471,0.000562413,0.033006817,0.002256175,0.04419579,21.19704686,43.25195024,0.000320762,0.005468652,0.003768897,0.004975793,10.37869164,33.96626052,0.000286352,0.001048016,0.002461445,0.002848347,10.90911219,34.09487069,0.000734604,0.001092427,0.002232542,0.001982796,9.432129289,30.81086245,0.000350297,0.002056121,0.003054011,0.003912505,9.796354539,35.94232002,0.000308125,0.002375147,0.001800382,0.002998114,17.69139347,32.15629986
1953,0.00051079,0.002922858,0.001330694,0.003251713,9.869358016,27.23929988,0.000606579,0.001310459,0.002120075,0.001827352,8.957947244,27.22129056,0.000352642,0.000931052,0.002099067,0.001358153,13.98485026,22.02813115,0.000464145,0.00115822,0.003660712,0.001015883,19.17018267,31.6490229,0.002411546,0.140292327,0.003061464,0.189984232,32.42239487,54.72085908,0.000700091,0.00288436,0.003209418,0.002962328,6.191669574,30.32550304,0.000690301,0.001009279,0.002669828,0.003063515,17.10510092,35.1850228,0.000913179,0.001044847,0.003621756,0.002597197,19.69363751,38.3157611,0.000710158,0.001183364,0.002517174,0.003831921,16.09264441,32.63034298,0.000340418,0.002759467,0.001130857,0.001900799,10.19532743,32.76764736
1954,0.000298264,0.001998324,0.001510371,0.001647767,12.13665694,28.72715084,0.000571854,0.000398241,0.002175585,0.001540443,7.545147699,29.0147359,0.000534877,0.00060983,0.001942421,0.002197763,16.39006674,23.55689876,0.000655784,0.002123258,0.005939912,0.003776115,18.06225059,37.2618354,0.002946546,0.170864213,0.005098599,0.231886693,34.14540652,56.49938854,0.000744491,0.001088657,0.002233586,0.00110355,8.232481691,30.99627355,0.000682989,0.001278679,0.002419648,0.002918644,15.4341669,36.01849219,0.000905242,0.00191386,0.004032326,0.001811464,19.72725711,39.52134388,0.001185396,0.001989772,0.002348734,0.003130592,15.0100651,32.93463091,0.000581878,0.003064979,0.001792244,0.001595181,14.28453212,34.87879828
1955,0.000268746,0.000867147,0.001789791,0.000771268,12.59282614,30.05764309,0.001010291,0.000571028,0.002796904,0.000130081,4.140834724,34.33730773,0.000349232,0.00035993,0.001118605,0.002140368,14.03157975,24.73343785,0.000431052,0.001852983,0.004327205,0.003572672,12.17606585,33.7645652,0.001306303,0.076794315,0.0020111,0.105585249,26.53803122,49.66699369,0.000668655,0.00210105,0.001946633,0.000718009,15.54749049,32.70054446,0.000862313,0.002100073,0.004253482,0.003696349,16.06202818,38.47242445,0.000577506,0.001085264,0.003136424,0.001152283,16.49426038,37.01539933,0.000844677,0.001557179,0.002876138,0.002153108,11.37494421,32.59378334,0.000627401,0.003032022,0.003031479,0.002291489,18.90972373,37.90543028
1956,0.000206416,0.00043961,0.001327215,0.000795984,14.66778963,29.91113703,0.001101031,0.000876981,0.004625745,0.001299643,8.821426545,37.40504138,0.000157229,0.001134124,0.00119697,0.00116188,13.46083179,27.67505926,0.000814605,0.004389122,0.00802205,0.004056217,12.46242207,40.57870551,0.000871518,0.032245601,0.00123801,0.041382881,22.46587198,41.07919002,0.000832191,0.002432729,0.001501397,0.000632415,15.00084023,28.54237809,0.000478619,0.001374962,0.003096223,0.003587202,14.35258448,34.44324346,0.000220782,0.00144441,0.002236286,0.001435119,10.37450924,29.05303538,0.000554546,0.000482455,0.001558099,0.001511897,15.11401681,34.47031682,0.001082173,0.006676719,0.004466515,0.002726516,15.98180478,42.07641046
1957,0.000112094,0.001533098,0.000679617,0.000989368,17.27726031,32.92467508,0.000581828,0.001055241,0.00205829,0.001835295,15.82515775,33.96823,0.000198388,0.00119007,0.001587437,0.000925935,8.753831804,28.7841522,0.001697273,0.009065004,0.018280366,0.008925275,20.61733978,47.41688789,0.000698611,0.033408781,0.002657731,0.041792461,23.13603304,42.33392004,0.001118749,0.002788406,0.002816997,0.001880698,16.58947498,34.38198406,0.000830264,0.002264259,0.003050963,0.002496587,14.87940032,34.31548917,0.000683441,0.00233759,0.003686354,0.00167825,14.85173241,36.57166091,0.000753305,0.001305191,0.002150819,0.001890818,10.62863326,36.70374231,0.000741992,0.010895846,0.004079901,0.00518441,19.72067712,45.0942007
1958,0.0002607,0.0031128,0.000678307,0.001734926,12.87138444,28.01910527,0.000510636,0.001220949,0.001912909,0.002103912,10.92886704,32.38376954,0.000255643,0.000866937,0.002023506,0.001081113,14.81286404,33.47297957,0.003618246,0.019595062,0.037090546,0.020738782,26.977634,53.72859439,0.000351416,0.015437985,0.00295793,0.017436143,18.71138662,36.35927148,0.001073654,0.002610016,0.003338057,0.002794291,17.64543911,36.25689419,0.000995018,0.002769644,0.002808732,0.003141414,14.01878779,35.83070702,0.000567704,0.001924541,0.002267244,0.003013298,14.2608431,32.31016291,0.000872019,0.001356789,0.003209797,0.001292775,6.236938913,38.04343052,0.00088588,0.005379151,0.004489416,0.001535506,21.32496685,43.35195389
1959,0.000232879,0.002708836,0.000412853,0.001568733,6.400963401,19.6711388,0.000311279,0.000967154,0.000900527,0.000827261,0.467307505,25.06254736,0.00060481,0.001521574,0.001403514,0.002035662,17.50842223,35.86845276,0.003811521,0.019263975,0.035768421,0.019791196,26.14985552,53.26677312,0.000907848,0.007525573,0.002226948,0.006940745,15.65465791,34.95317134,0.001059799,0.002372505,0.002229702,0.002857362,11.37221261,33.95527994,0.00073401,0.001899184,0.001466577,0.003236796,12.66856808,27.45364439,0.000511232,0.003047765,0.005214656,0.002087394,16.86989475,40.21876366,0.000659558,0.001440208,0.00291423,0.002379132,11.71108865,36.53375173,0.00092411,0.002833019,0.003607995,0.003500035,20.20214107,41.4719531
1960,0.000236953,0.001096353,0.000383386,0.000437648,10.73857219,25.90476904,0.000203834,0.001138283,0.00089205,0.000600127,1.323087727,24.01486629,0.000707758,0.002790519,0.001086836,0.001299761,14.96251523,36.85477992,0.001931233,0.006464321,0.0120376,0.007364863,16.42319329,44.60500076,0.000713549,0.00468476,0.00310386,0.005111155,12.8069214,36.68774142,0.001002512,0.001437048,0.002040779,0.002730559,4.575461721,32.3601594,0.000574635,0.001318366,0.002254269,0.002542472,15.69863561,32.4874534,0.00080167,0.003495395,0.006612613,0.003076763,18.34697077,42.62819584,0.000567537,0.002165689,0.001900814,0.002785714,16.71738825,33.18387325,0.000621309,0.002459531,0.00224405,0.001798516,16.69109748,36.73047209
1961,0.000377542,4.13E-05,0.001195716,0.000392735,13.05160649,27.86985412,0.000350774,0.000666765,0.001786197,0.001193459,6.620425659,30.64686698,0.000314826,0.002996848,0.001551934,0.001900129,3.128756184,28.34696979,0.000424681,0.004990015,0.008613052,0.005215375,13.65146432,40.77959363,0.001422173,0.00376625,0.009229769,0.00247418,15.23095653,42.25165901,0.000549633,0.001280429,0.002486307,0.002121615,15.31820502,33.44037893,0.001015244,0.002321802,0.004109073,0.00198149,12.83737383,37.75223008,0.001314359,0.003933135,0.008799024,0.005688411,18.47547182,44.95255392,0.000229415,0.001596314,0.002202125,0.001278357,15.53178882,33.86104208,0.000482723,0.002567144,0.002092906,0.001471958,16.74191694,35.74774885
1962,0.000261777,0.000921052,0.00147314,0.00115439,12.60318575,21.08347002,0.000434625,0.001444938,0.002298019,0.000657503,10.33034363,31.65880007,0.000397083,0.002168096,0.001641339,0.002330963,8.702321,28.64488703,0.000344677,0.003710405,0.006076581,0.004323504,7.548231193,37.669158,0.002151977,0.00827143,0.014265056,0.00262005,18.74598441,45.56016537,0.000505,0.00117123,0.00221759,0.001262679,17.40430043,34.72799062,0.00090624,0.002111154,0.003651923,0.001655782,11.27105788,36.99049223,0.000607357,0.00460971,0.007510904,0.004261472,14.96418949,43.16100164,0.000652068,0.000585298,0.001826256,0.002017288,8.511390212,30.78366134,0.001929899,0.005778103,0.001989415,0.002005393,20.39785043,34.35247854
1963,0.000222538,0.001113988,0.001233433,0.00171093,10.11784336,30.25349785,0.000422408,0.001337659,0.001816099,0.000940237,10.43842952,28.8364251,0.000559442,0.000798863,0.001617281,0.001508207,10.01075662,29.41828084,0.000505161,0.001957262,0.003778265,0.002476925,9.915362484,33.74234914,0.001094595,0.004899813,0.008608469,0.004022584,15.30001986,40.20802122,0.000428343,0.001053147,0.002740142,0.000633727,14.27503824,35.86303705,0.000688478,0.0012674,0.002798251,0.003140026,11.52965362,34.95228905,0.00106413,0.004512442,0.004373261,0.003494691,4.286950964,37.49278876,0.000463765,0.000886145,0.00108094,0.001706065,11.33323355,30.35442446,0.00154224,0.003879613,0.003055486,0.00482289,21.09787504,33.40159849
1964,0.000431553,0.001435081,0.00230569,0.001689488,6.764384552,23.38616122,0.000114099,0.00059376,0.001078051,0.001431586,16.29143335,26.63399208,0.000374567,0.000473828,0.001568861,0.001355187,7.003563525,27.28704318,0.000285993,0.002037725,0.001901039,0.002239733,7.213697788,25.28492125,0.000604889,0.001696073,0.004069439,0.003270505,14.53564774,33.51456468,0.000283632,0.000373134,0.002174122,0.00087803,15.88246543,31.00140329,0.000427007,0.001661798,0.001294826,0.00230939,16.08262064,29.01005785,0.000977112,0.003512113,0.001925505,0.003500725,14.92260255,32.27650893,0.000565846,0.001509902,0.001272816,0.001332101,13.93076633,30.89405016,0.00167551,0.00549697,0.004806244,0.004877058,18.59782927,38.73190792
1965,0.000484007,0.000908933,0.001583036,0.000889305,8.382329678,29.06893111,0.000443363,0.000662316,0.002216229,0.000919725,17.99167295,29.99639291,0.000114299,0.000474121,0.00097515,0.000972229,13.39538955,21.03990139,0.000256794,0.001708488,0.002403841,0.001922758,13.28560475,32.35187161,0.000882089,0.001868025,0.002991118,0.003288064,18.31759946,33.33006998,0.000302432,0.001174141,0.002263694,0.001327733,15.58313064,31.89481373,0.000402859,0.001278506,0.00118549,0.002202081,14.25140169,31.63092038,0.00047486,0.002998435,0.001467748,0.001993248,14.87474058,30.26061847,0.000895131,0.001673859,0.001868993,0.001996946,11.37137897,31.48489017,0.001455098,0.009304427,0.003780668,0.0105882,21.74035345,39.32649432
1966,0.000542772,0.000767585,0.00197487,0.00090754,13.75707435,28.46570571,0.000392038,0.001516168,0.00214677,0.000762111,14.05493294,27.88518979,0.000306159,0.000874226,0.001414293,0.002049346,15.43683483,22.92196867,0.000608285,0.000951567,0.003216951,0.002097499,15.64098013,35.89201224,0.000590264,0.000717095,0.001691478,0.003217071,14.54673628,31.03957257,0.000140438,0.00148645,0.002407106,0.001306194,16.2866967,30.70949278,0.000317701,0.00100947,0.001625594,0.001777793,14.11999291,33.57013694,0.000719968,0.002064029,0.002177943,0.002317401,9.943616891,34.10387432,0.000331596,0.001174437,0.002352208,0.002544714,10.63711439,30.77365739,0.001191552,0.015463495,0.002702131,0.017171338,23.61327141,40.434005
1967,0.00034324,0.000820702,0.001747646,0.000669946,12.71782281,25.04651719,0.000535537,0.001985647,0.003076827,0.001212291,16.18237196,33.18722366,0.000509248,0.001336531,0.000703854,0.002179815,4.758889273,25.28401532,0.000416321,0.000657778,0.002071346,0.002118637,11.43896945,32.08260741,0.000354587,0.00036868,0.001384417,0.002475093,14.09879734,24.47333798,0.000357804,0.001496403,0.00231679,0.001323339,15.38197033,29.53637829,0.000321708,0.001162346,0.002474622,0.001246347,14.02387779,25.80045436,0.000749143,0.001765362,0.002784555,0.003137156,9.207388779,36.79662119,0.000616446,0.001745173,0.002247467,0.001710687,7.236927894,30.51595529,0.000909345,0.025665143,0.0035482,0.028098852,22.10625697,42.18177913
1968,0.000263872,0.000740485,0.001109092,0.000440253,13.06710158,18.89578875,0.000464053,0.001364985,0.002101733,0.001191255,17.01285001,28.69704192,0.00059266,0.001216632,0.000887581,0.001608392,11.45951385,28.35860536,0.000448784,0.001808785,0.001629277,0.002363035,7.373546499,25.98083109,0.00050834,0.001473442,0.001651389,0.003459428,20.00195554,25.58322037,0.00037371,0.002094896,0.001691674,0.001122683,12.73761957,29.36861275,0.000311152,0.000476119,0.002646602,0.000925843,11.80530258,29.88656678,0.00067446,0.001360814,0.002423813,0.003050676,12.73528902,38.1633926,0.000660664,0.001699505,0.002845434,0.001745737,9.539597877,26.56133198,0.001097604,0.060606582,0.004397816,0.066401859,28.90967903,47.04663176
1969,0.000135401,0.000878206,0.000589149,0.000579292,4.213134542,25.05791616,0.000259294,0.001440824,0.001047309,0.001618588,10.15180323,30.12093384,0.000859813,0.002100151,0.002104208,0.003596434,13.77133255,33.79862899,0.000554706,0.002883065,0.002378756,0.00078074,16.12654459,26.66346195,0.000364178,0.001092966,0.001821294,0.004275356,18.94422498,28.54262013,0.000340396,0.00136247,0.002172959,0.001339377,15.62741304,32.24383051,0.000559095,0.001825256,0.00178826,0.002861127,18.52899046,24.75164453,0.00081062,0.002503431,0.002184032,0.003146401,12.15146014,37.372008,0.001100749,0.002325041,0.003425075,0.002069377,13.50080219,34.16728689,0.000300994,0.041353038,0.001294642,0.047744277,28.17139802,44.60874657
1970,0.000215931,0.0006072,0.0008921,0.001092639,13.03003715,26.03231505,0.000281239,0.000732513,0.00139914,0.001529737,16.45329105,31.92530043,0.000680909,0.002523575,0.003435031,0.003624641,11.9994193,33.57011786,0.000453952,0.003048446,0.001805156,0.0041608,13.59576723,24.73876462,0.000410935,0.000435786,0.00201235,0.005430537,16.47528027,25.46888492,0.000274142,0.001900362,0.001722398,0.001778352,11.59517676,25.66154851,0.001359304,0.002713886,0.004210678,0.005235247,17.44878766,34.47622523,0.00074945,0.0042242,0.002854167,0.004937627,2.038791154,34.14180173,0.000975798,0.003610192,0.00648086,0.003576267,12.76102527,40.67634336,0.001284057,0.012571234,0.001887639,0.015995595,21.61236387,38.6016024
1971,0.000392259,0.000495307,0.001678273,0.001859073,12.9700821,23.02108841,0.000333942,0.000483738,0.001599804,0.001492602,12.91081393,29.13965528,0.000921512,0.005276159,0.007541679,0.006576172,15.66669172,35.3700957,0.000697891,0.002935817,0.001792244,0.00564615,15.9478397,17.67121444,0.000781232,0.001119286,0.002686459,0.003193094,6.674082825,30.06870836,0.00015653,0.002132937,0.00177505,0.002281328,9.844681343,28.16573634,0.001221755,0.002692048,0.003757978,0.004531468,13.59935047,32.71006583,0.000614657,0.003199968,0.00234309,0.004838146,16.31898718,29.05335275,0.000843239,0.003195716,0.005409087,0.002430255,12.8578711,38.47719852,0.001165942,0.014885755,0.003484494,0.01287313,11.23379659,39.89672574
1972,0.000396475,0.00037581,0.001613406,0.001598735,8.095871459,22.45659016,0.000360384,0.001073197,0.001932596,0.001307856,13.81349701,25.56583913,0.000991298,0.005838883,0.005148802,0.004707538,18.59451323,33.62345039,0.000942144,0.003566164,0.002799999,0.002436995,12.78580094,15.57346149,0.000708609,0.001774881,0.003265063,0.002001892,12.84582165,30.73483578,0.000207584,0.002232292,0.001926639,0.001602946,8.073450536,29.9297086,0.000664419,0.002195491,0.003134098,0.00328638,13.60737802,30.10188857,0.000600741,0.00269095,0.003279283,0.001949862,13.56668676,33.99157253,0.000817854,0.002419293,0.003399995,0.001300243,15.08596633,29.87138799,0.001185917,0.022548788,0.005331021,0.017624801,24.12959927,43.01338537
1973,0.000257994,0.000881229,0.000319342,0.001055369,11.16880207,24.58110049,0.000278046,0.000731456,0.001484009,0.001395526,7.203114628,24.56027917,0.002030052,0.004325808,0.005963105,0.008040967,13.79167933,29.66796333,0.001282558,0.003141242,0.003005724,0.003224712,11.27003491,22.68445645,0.000644526,0.002107727,0.002312017,0.00325524,15.2357244,28.19931187,0.000349318,0.001472234,0.00083246,0.000955536,14.00576716,30.20707921,0.000729292,0.002201909,0.002952002,0.002919963,12.89597089,31.52868797,0.000422802,0.004000773,0.002910691,0.004215531,19.06768279,33.26533456,0.000551584,0.001856424,0.002928143,0.002058527,10.73978543,31.08830848,0.001275766,0.012963197,0.003334562,0.012406577,24.09009198,36.00245913
1974,0.00031031,0.000637191,0.00054593,0.000774138,10.46302792,27.9840754,0.000237236,0.000980888,0.000972291,0.002556319,9.80020818,22.80325142,0.001681432,0.00267774,0.00520569,0.004267541,14.10600593,24.9141256,0.000970341,0.001995473,0.002961201,0.00338896,8.04970149,25.23410303,0.000488921,0.002085935,0.001502184,0.00480983,7.863497578,31.28301268,0.000162518,0.001104778,0.001397855,0.001330969,15.86302464,24.83616816,0.00054941,0.001390702,0.001685194,0.002653312,10.38026227,26.92856596,0.000696603,0.004172814,0.003364941,0.004951189,18.89121968,30.71525259,0.001183458,0.002369198,0.003421242,0.001049811,13.3275194,33.3972675,0.003503064,0.004740972,0.010723398,0.012461594,15.52025722,42.49899002
1975,0.000717721,0.001483889,0.001665455,0.003031923,15.273517,28.92373551,0.000253298,0.001311342,0.001684129,0.002483517,14.68988974,25.80244542,0.000673685,0.002655612,0.003731629,0.005032441,14.42204071,26.39543993,0.000598241,0.001981357,0.003721115,0.00246581,12.860036,28.1144943,0.000750881,0.002277639,0.003312582,0.004632855,15.93996533,32.86701723,0.000347881,0.00111928,0.001807373,0.001262788,3.809099244,31.90716515,0.000829823,0.001615791,0.002310272,0.001295063,15.17446614,29.86196664,0.000628155,0.002504543,0.003105526,0.004313624,16.80021425,30.87497413,0.001243618,0.002700516,0.002844879,0.000892886,17.25336393,33.42757317,0.003632111,0.004867685,0.01208221,0.012379662,22.58504746,42.46417231
1976,0.000752179,0.00185569,0.001921101,0.00381266,16.33145836,32.48718504,0.000216246,0.001060087,0.000745495,0.001314769,16.12002111,22.39529351,0.000313489,0.002113551,0.003020624,0.003292664,12.26343226,31.91331279,0.000641132,0.002354738,0.004527356,0.001911591,11.67510901,27.25739745,0.000431903,0.001525445,0.001475735,0.002880962,4.664425833,27.91764059,0.00050947,0.001463924,0.002460681,0.001258475,12.16098978,29.63009915,0.000623307,0.00136772,0.002227326,0.000878913,16.56838879,33.35540138,0.000429094,0.001353853,0.001467542,0.003770625,12.77838095,32.7689964,0.000929199,0.001987411,0.002689536,0.000399449,18.06301205,36.76468172,0.001443655,0.004666687,0.005982743,0.004352509,26.08601501,39.61253026
1977,0.000547707,0.001175385,0.000905036,0.0024885,13.43969946,32.59354435,0.000153669,0.001157895,0.000844914,0.001172513,14.60550593,20.16311257,0.000326924,0.001460452,0.001107325,0.002056061,7.368124384,29.96032376,0.000718368,0.001355096,0.002286154,0.00184043,14.43309219,25.51969554,0.000318104,0.001011358,0.002447037,0.004113126,11.253695,22.95840241,0.000387929,0.001134518,0.00125327,0.001049948,12.86078579,26.02011874,0.00119877,0.003806691,0.004886937,0.002243622,17.09093302,38.47012265,0.000422123,0.00101587,0.001554162,0.002754152,8.154232594,36.13048355,0.000839253,0.002555413,0.003406276,0.001545984,19.37211202,37.12252193,0.001233439,0.003163047,0.005332636,0.004075273,24.4300527,38.46588462
1978,0.000358676,0.000522554,0.001165062,0.001339194,13.88182827,29.66751233,0.000501313,0.001109563,0.000875353,0.00209,13.92587327,20.22460116,0.000158744,0.000959368,0.001145784,0.002387441,9.622450009,28.37649646,0.00066805,0.002062775,0.004199191,0.002079828,16.65970031,23.68425775,0.000214875,0.001092894,0.001675385,0.004002027,10.78016422,26.87622505,0.000324079,0.001071629,0.000603831,0.001924276,4.002675752,30.77366104,0.001538722,0.00478184,0.005712884,0.003003288,15.78695466,39.02928921,0.000361799,0.001092512,0.001360116,0.001857092,11.36321154,33.2004985,0.000690751,0.002767046,0.001899967,0.00419762,15.94754647,36.96227494,0.001202481,0.00172487,0.002193683,0.001954259,17.87122365,33.26713368
1979,0.000276495,0.000872171,0.001059859,0.000627561,10.93912584,25.87525111,0.00115355,0.00165213,0.002404366,0.002897788,16.14565327,25.38669006,0.000251807,0.001350828,0.001038637,0.001795186,10.09774856,21.53001025,0.001152467,0.006641584,0.012433842,0.004920394,19.544807,36.65417663,0.000178723,0.000719722,0.00089196,0.003679111,12.28342287,23.02478943,0.000532713,0.000630382,0.001123785,0.001757977,15.78351727,33.42498571,0.000665644,0.002204343,0.003178181,0.001673453,19.66625799,33.69589268,0.000488218,0.000613002,0.001818636,0.002896912,15.78116227,28.94515679,0.001197095,0.004147267,0.00337195,0.005106366,12.23882528,33.04188178,0.000622404,0.00240503,0.002071801,0.001244951,13.46499819,35.54851818
1980,0.000151413,0.000970264,0.000870034,0.000844953,8.276179354,20.92535755,0.001235605,0.00138941,0.003059292,0.002884267,13.85491606,26.29983516,0.000487438,0.002166201,0.001836613,0.00101597,9.030684494,24.22292392,0.002493346,0.012391094,0.02104844,0.008923664,22.66171953,42.15281434,0.000459117,0.001347261,0.002273836,0.003629975,19.67360902,23.45062369,0.00043697,0.000904629,0.001216283,0.000799895,18.38282409,30.02867563,0.000423682,0.001417311,0.002047635,0.003022165,16.52034437,29.71263158,0.000290404,0.001013374,0.002033145,0.003012217,13.47020538,29.00958212,0.001164042,0.004857553,0.003479341,0.004060638,10.49226211,33.51363815,0.000609534,0.002055668,0.00315256,0.001627419,16.23719273,34.2623252
1981,0.000121855,0.00108909,0.001247984,0.000764007,8.83937497,21.35071161,0.000712407,0.000857399,0.002716363,0.001728475,11.4907762,29.39635821,0.000538303,0.002540019,0.001935887,0.001249518,17.55840666,28.80300285,0.001717138,0.009430413,0.017042937,0.007817555,22.61823681,41.40626483,0.00058712,0.001786929,0.001927141,0.001632472,16.72959817,20.9872813,0.000528334,0.001659144,0.001580998,0.000929933,18.13026802,29.38074888,0.000664718,0.001683349,0.001129091,0.002599746,16.48122875,28.38736688,0.000495059,0.001719274,0.001672049,0.001757307,19.6849044,26.9877479,0.000914899,0.004166449,0.003312476,0.003619117,18.29685588,36.70332037,0.001025134,0.002456516,0.00348161,0.00391571,15.0795711,37.11043797
1982,0.000317165,0.001277802,0.001693226,0.000731699,12.7447641,26.42544064,0.000370463,0.001510325,0.002517136,0.000916042,13.03237734,29.62999071,0.000553719,0.001384936,0.001968357,0.001366495,16.64802754,29.45292056,0.003195513,0.020719725,0.034589955,0.01516693,28.85928961,47.73024726,0.000494335,0.001749949,0.001562544,0.00223447,13.62507653,25.56010873,0.000452534,0.001756759,0.001537428,0.000704488,18.57413905,33.93621035,0.00029703,0.001553242,0.001274531,0.001909467,14.96618668,26.0054499,0.000734708,0.002339736,0.00187704,0.000802424,16.45639356,29.22904345,0.001155635,0.004021149,0.003756954,0.001299116,23.17975526,36.67969286,0.001221274,0.001842894,0.003733796,0.004806926,14.74070817,38.45662275
1983,0.000283632,0.000873191,0.00155566,0.000876805,11.87484566,26.19355235,0.000369107,0.001509354,0.001803491,0.001134097,8.356274496,26.90480527,0.000480934,0.001177757,0.00094522,0.001387302,9.703653426,23.083257,0.007756071,0.048826884,0.080185215,0.034948504,30.94641701,54.78833787,0.000411514,0.001143652,0.002071619,0.002221359,14.42264007,28.57973052,0.000451264,0.001618105,0.001303777,0.00133806,17.07684372,33.79642859,0.000288863,0.001561744,0.000972395,0.002163753,18.12569114,28.00189476,0.000681449,0.002179211,0.00253721,0.002662268,11.24152098,34.88334376,0.001606267,0.004007476,0.003583061,0.00142907,23.46382798,31.16647648,0.000941884,0.001733549,0.002989507,0.004382171,15.16970694,37.1273335
1984,0.000315001,0.000458614,0.001114152,0.000408859,14.55266927,23.16580262,0.000315936,0.001293493,0.001185959,0.000952767,7.901929216,23.531503,0.000528657,0.002366902,0.001561597,0.002126813,1.25055191,29.03901265,0.017888588,0.112091741,0.181986763,0.081443127,34.10123942,62.54750061,0.000547635,0.000615057,0.00291105,0.001896394,14.29772851,26.79059307,0.000700561,0.002042292,0.002347879,0.002860385,12.65326217,30.67019767,0.0003526,0.000982748,0.002384008,0.004550345,15.85887919,31.6170355,0.000891502,0.00244158,0.004120886,0.004159365,16.92287429,32.7333379,0.001282392,0.002782397,0.00176358,0.002055939,19.61659568,29.45092217,0.000556474,0.00121852,0.002078113,0.00335708,12.43360767,34.28637438
1985,0.000253197,0.000794248,0.001149771,0.001074376,10.82981845,21.36650693,0.00035217,0.000598954,0.000964995,0.001615734,12.61700624,22.24488954,0.000406382,0.001695705,0.000636364,0.001690573,12.14150226,30.21206872,0.018516049,0.118587475,0.19207896,0.086090468,34.13575566,63.45452948,0.000747954,0.000696,0.003357963,0.00381508,9.824260898,25.7044649,0.000774795,0.002432843,0.001480636,0.004512708,13.98594473,21.53481946,0.000335605,0.000527969,0.002030331,0.003330453,14.17393709,30.08651269,0.000851462,0.002343045,0.002995795,0.002472043,14.46345346,34.22492352,0.000826797,0.002288962,0.002527384,0.002857515,10.81155617,31.6609977,0.000556808,0.000983355,0.001276934,0.002044578,12.65723762,30.03375034
1986,0.000147411,0.00139088,0.000306485,0.00197643,13.8322909,26.99401862,0.000301164,0.001038264,0.001126412,0.001732968,12.07725034,23.08784052,0.000669306,0.001899954,0.001859899,0.00175647,13.75917805,24.6497872,0.007774362,0.049191824,0.079935872,0.034997624,27.87808619,56.11279514,0.000808529,0.001350124,0.002656049,0.00415749,6.395171786,29.4348152,0.001076279,0.003467555,0.003194756,0.004826959,16.81720458,29.59961234,0.000621899,0.002142334,0.0019189,0.003889904,15.51944584,33.4124465,0.000594067,0.001786707,0.0018713,0.001282587,13.19599051,35.11258761,0.001075899,0.002439957,0.002546867,0.003634072,14.39688677,33.18020559,0.000426513,0.00155303,0.001039417,0.001792741,12.78370739,33.54898098
1987,0.000309367,0.001141589,0.001992632,0.002083422,10.59731453,28.98009558,0.000774511,0.000908392,0.001948471,0.001460022,10.29449444,27.80267033,0.000686695,0.001708855,0.001661587,0.002527827,5.815595521,18.31765468,0.00374975,0.022741043,0.038353393,0.018837123,8.468908141,50.86749822,0.000658688,0.001489716,0.002250543,0.003934954,11.9436662,33.67830583,0.001119727,0.00336952,0.002418131,0.003862737,15.32458885,25.39208147,0.000675302,0.003027781,0.001522673,0.004685045,18.26478265,33.5210215,0.000277894,0.001357371,0.000927309,0.001585502,14.22489465,30.96463234,0.001376731,0.004180827,0.002056793,0.003148693,10.58344514,33.81452324,0.000818397,0.00294928,0.002502206,0.002924811,15.21833607,35.21232527
1988,0.000263157,0.000966435,0.002154403,0.001212388,9.814654335,26.74660625,0.000514114,0.001165075,0.002039833,0.000758625,13.21015326,29.29777553,0.000194228,0.000529189,0.000898617,0.003117739,15.1010402,22.35516122,0.003539167,0.023049994,0.036972348,0.018796441,24.10651316,50.68671162,0.001023701,0.005768657,0.005760171,0.005924255,20.39573787,36.01134488,0.000509072,0.00315754,0.00275346,0.002599717,18.46901268,23.98901291,0.000510865,0.001800133,0.001422558,0.003053767,19.80881519,32.20670613,0.000579298,0.002447325,0.002674499,0.003367351,15.42020465,31.35202933,0.000894569,0.001349783,0.001211199,0.001298145,10.11720455,27.72703584,0.000822967,0.002819851,0.002445493,0.001885926,9.435223951,29.49503688
1989,0.000324565,0.002362566,0.001226504,0.001600254,9.973922774,27.71204961,0.000379471,0.000867348,0.001743951,0.001345703,16.149862,25.3782098,0.000543525,0.001713713,0.001355162,0.003687421,14.74174384,27.63034985,0.001700737,0.011781422,0.017618235,0.008885112,22.81820855,45.05605452,0.002174087,0.012007708,0.011405545,0.014263728,21.51775693,33.85763212,0.00058203,0.002737026,0.002230889,0.001790904,15.88784976,24.57535965,0.00083256,0.001955196,0.002441084,0.003659726,17.93960111,31.22975402,0.000397107,0.0026771,0.003284596,0.003310397,9.004618012,34.38485171,0.001212593,0.00255383,0.003311271,0.002083526,12.68087311,26.89539431,0.001224261,0.002549854,0.00280463,0.001825413,10.73564485,33.68724645
1990,0.000288334,0.002898817,0.001284536,0.00174182,7.763710429,30.45594263,0.000299076,0.001200114,0.001535354,0.002922757,14.70736113,26.84383554,0.000630835,0.002024795,0.002145894,0.002738879,15.46508366,30.01453987,0.000576472,0.005253327,0.008367863,0.005167821,10.70024137,38.28404126,0.001779723,0.009722143,0.010396789,0.010894086,19.12978854,33.82998727,0.000554124,0.001737029,0.002200054,0.001883056,13.48703834,28.48573534,0.000698283,0.00162588,0.001728986,0.00300309,17.36058364,24.54700579,0.000817281,0.002200444,0.004803372,0.00427314,17.39981639,37.69483298,0.001190863,0.003658369,0.003360473,0.002067518,15.5754901,27.79449114,0.000976561,0.0032479,0.002903164,0.002981878,14.00794691,35.88964042
1991,0.000359867,0.002285749,0.001783077,0.001484464,5.66382748,27.37171615,9.70E-05,0.00081367,0.001661876,0.003445601,9.006956912,29.42428611,0.000608085,0.001775296,0.001412003,0.000702515,14.80105823,25.20616788,0.000437096,0.006277056,0.00812944,0.005071657,18.81146042,37.77590037,0.001101315,0.005593626,0.005995199,0.008544014,12.54963291,34.84495374,0.000337999,0.00129133,0.002692034,0.00218905,16.24967866,33.14472043,0.000638442,0.000905535,0.001179515,0.001541874,17.47501708,33.45631948,0.000814414,0.002876299,0.007950197,0.008735347,14.1049053,40.1345837,0.000778541,0.002529523,0.001631431,0.002437278,18.37228265,28.84357507,0.000488087,0.002181753,0.001909142,0.002468766,14.75796969,27.88652866
1992,0.000159349,0.001461188,0.002182793,0.000766254,7.86801317,23.58018514,0.000240832,0.005808886,0.001652341,0.003697191,18.21550012,38.18877118,0.000547167,0.001432999,0.001661307,0.001351602,10.5149686,29.18141551,0.000404008,0.003229475,0.005282034,0.002321027,17.41229965,30.52641606,0.000219807,0.00615623,0.004703185,0.00613121,17.17445763,35.02458948,0.000629737,0.002305893,0.002894724,0.004710364,18.68509037,29.36859212,0.000496285,0.001294433,0.000964881,0.001033748,13.6400313,32.72886714,0.001314917,0.002749926,0.008690128,0.009717069,17.13048544,41.58204524,0.000641339,0.002764317,0.001227607,0.003632101,19.15238189,26.55079626,0.000625567,0.002176695,0.002602464,0.00249399,19.01984854,31.04496741
1993,0.000275637,0.00068765,0.002871659,0.000738959,7.510109414,21.80115921,0.000218704,0.005709181,0.001143002,0.003426705,18.6748655,38.54299133,0.000567782,0.000417356,0.002147783,0.001826274,12.25446689,29.33823382,0.000438601,0.002216886,0.004710456,0.002726304,12.45431224,30.53799441,0.000687945,0.005355843,0.002490511,0.006261007,19.36596369,33.5349638,0.00046726,0.004697537,0.002562527,0.007314928,15.78313834,31.68277149,0.000505413,0.002639184,0.002149365,0.003119026,16.45949305,27.60676586,0.001023455,0.000863676,0.00147976,0.004268054,15.16797758,35.15108859,0.000514129,0.003530136,0.001566918,0.006984905,18.39695854,19.84154354,0.001021409,0.002087873,0.002932978,0.002096698,19.48217767,37.36432153
1994,0.000393843,0.001039274,0.001896873,0.000747772,1.223264124,23.38232763,0.000103142,0.001461176,0.001795852,0.001894222,14.31613362,29.41758332,0.000387986,0.000785157,0.001254241,0.001819874,9.332530674,26.91057143,0.000447312,0.002379831,0.002941293,0.004214593,8.641709929,33.04223547,0.0006313,0.006214282,0.001500962,0.007338471,13.37090379,33.65849542,0.000434678,0.004637845,0.002096163,0.006665024,7.155080617,31.36650453,0.000513435,0.00263675,0.002698943,0.003124703,17.79919954,33.99881349,0.000229885,0.001550826,0.003345868,0.003711899,10.65632863,32.44243869,0.000680541,0.006773025,0.003401768,0.011016116,18.1283162,32.70930453,0.00089301,0.001878579,0.00214194,0.002248062,21.9444323,36.01875845
1995,0.000390214,0.000901029,0.001440777,0.00069,11.82264563,27.80368537,0.000157862,0.001069973,0.00135859,0.000871067,5.767466437,26.25851907,0.000365611,0.002654106,0.002047258,0.001244081,2.222307397,27.01128815,0.001038639,0.002649189,0.002446276,0.002451785,13.28495511,34.72806761,0.000623145,0.002584551,0.001985537,0.003265595,11.46199858,26.96057754,0.00020602,0.001879593,0.001482949,0.003007524,13.68778984,27.74351855,0.000455467,0.002639496,0.002151752,0.001743711,15.63878298,31.11710933,0.000736455,0.003190581,0.003405271,0.001910456,13.88424062,32.91917081,0.000591586,0.011043978,0.003545686,0.012277047,18.02489725,37.39374095,0.000299577,0.002749643,0.001434461,0.002510019,21.47281759,33.51527404
1996,0.000271116,0.000565921,0.001646274,0.001156148,14.60574231,29.38308962,0.000157617,0.000952063,0.000544456,0.000357972,9.351614554,23.06146705,0.00092422,0.003017899,0.002607876,0.002399905,8.21353792,25.15342325,0.001295164,0.003208594,0.002339337,0.00520388,14.82273509,33.48549545,0.000728474,0.001933663,0.002191634,0.003453908,14.896644,29.21571346,0.000588754,0.001312029,0.002229697,0.000813818,9.660974025,34.40210711,0.000640361,0.002087803,0.001667113,0.001398362,19.27005329,27.67273909,0.000695263,0.002580349,0.001746323,0.002186824,17.60148381,35.29371279,0.000713371,0.008266437,0.00127979,0.013051519,18.96934097,33.76939081,0.000707853,0.001900192,0.00277226,0.001793085,19.94980524,34.40758372
1997,0.000265918,0.000636043,0.000639235,0.000629833,15.5601999,36.03916269,0.000297182,0.001110758,0.000615629,0.001480012,9.917768699,26.85288045,0.001124086,0.004518411,0.003673801,0.002713444,12.63603876,31.23072122,0.000889487,0.002256325,0.003134636,0.005337574,14.20579688,30.33362426,0.000757944,0.0021629,0.003592331,0.003121055,17.16237935,31.47475798,0.000340448,0.000790498,0.001883504,0.001033504,15.13943812,28.79242753,0.000590085,0.001259613,0.000476517,0.002698308,12.20986721,31.6045221,0.000520046,0.001248667,0.002399964,0.002654586,17.85694984,35.9476164,0.001230261,0.004469327,0.003026778,0.008993854,20.02298548,33.40457376,0.000666096,0.001300269,0.002578006,0.003423552,22.46118233,31.80826098
1998,0.000462354,0.002486984,0.003068486,0.002255458,8.761928412,33.78898171,0.000438058,0.001070138,0.001323434,0.001989173,10.31137616,31.58867968,0.000635553,0.006841283,0.007212381,0.004224345,14.29327139,36.94790912,0.000692286,0.001660951,0.000954072,0.002342962,15.3268009,27.20215944,0.000438267,0.00199428,0.003203648,0.004680972,14.44474904,31.77929658,0.000572415,0.001133178,0.001899345,0.00132147,15.15336403,23.53410853,0.000640884,0.00174132,0.002017754,0.003097263,11.22074381,29.49941353,0.00079728,0.000917089,0.002994582,0.00380056,17.25513683,36.07070996,0.00081139,0.004620147,0.003645626,0.005513245,17.3365851,35.38130092,0.000765374,0.002091021,0.002232344,0.002353296,23.40320784,32.25373366
1999,0.000514408,0.00227245,0.002986839,0.002315872,6.570497188,31.01147152,0.000552302,0.001584522,0.001764042,0.00122176,12.12748382,31.11340131,0.000324742,0.004980697,0.006135779,0.003373554,14.18652435,36.51621119,0.000530765,0.002442953,0.000943125,0.001890685,8.449457699,31.96017314,0.000305974,0.001549825,0.001823069,0.003615426,9.237404028,28.58528305,0.000490688,0.001212679,0.001544808,0.001712154,14.19665044,29.84116959,0.000864778,0.00205801,0.002274842,0.00211739,11.87879452,32.64513337,0.000845996,0.001162224,0.002424349,0.003209513,19.03858212,32.88048838,0.001409494,0.003083387,0.004716521,0.007138046,10.74272422,34.7347396,0.000601968,0.002062281,0.003206104,0.003773147,18.14133804,31.97951901
2000,0.000381525,0.001299221,0.002132195,0.001366196,11.01681202,27.99319109,0.000400001,0.001312342,0.001618954,0.001967283,12.68477579,30.10358233,0.000487837,0.002206417,0.002972747,0.003049348,11.18384631,30.17935452,0.000756631,0.002578963,0.002169194,0.001711723,15.42535083,35.87774314,0.000436284,0.002130039,0.001260376,0.003700317,13.72073985,30.44602918,0.000430926,0.001031836,0.002280451,0.00228544,13.97027305,31.45558109,0.001015681,0.001270737,0.002371927,0.001211798,16.22415199,32.71523636,0.000493206,0.001273603,0.001608124,0.001537731,13.89095012,25.87154161,0.001743747,0.00261284,0.006013677,0.006567367,20.02350169,36.04477185,0.000513013,0.002943462,0.002681987,0.002658936,15.19521876,35.34197862
