RPM,Channel,Direction,Unit,Frequency (Hz),Response
1000,CH01,X,g,4,0.000991
1000,CH01,X,g,8,0.000805
1000,CH01,X,g,12,0.000754
1000,CH01,X,g,16,0.002148
1000,CH01,X,g,20,
1000,CH01,X,g,20,0.001239
1000,CH01,X,g,24,0.000861
1000,CH01,X,g,28,0.000807
1000,CH01,X,g,32,0.00345
1000,CH01,X,g,36,0.001959
1000,CH01,X,g,40,0.000743
1000,CH01,X,g,44,0.000775
1000,CH01,X,g,48,0.000979
1000,CH01,X,g,52,0.000718
1000,CH01,X,g,56,0.000593
1000,CH01,X,g,60,0.000848
1000,CH01,X,g,64,0.000988
1000,CH01,X,g,68,0.001528
1000,CH01,X,g,72,0.000946
1000,CH01,X,g,76,0.000888
1000,CH01,X,g,80,0.000529
1000,CH01,X,g,84,0.000602
1000,CH01,X,g,88,0.000671
1000,CH01,X,g,92,0.000966
1000,CH01,X,g,96,0.000693
1000,CH01,X,g,100,0.000694
1000,CH01,X,g,104,0.000665
1000,CH01,X,g,108,0.000585
1000,CH01,X,g,112,0.000736
1000,CH01,X,g,116,0.00064
1000,CH01,X,g,120,0.000901
1000,CH01,X,g,124,0.000689
1000,CH01,X,g,128,0.000946
1000,CH01,X,g,132,0.000637
1000,CH01,X,g,136,0.000564
1000,CH01,X,g,140,0.000928
1000,CH01,X,g,144,0.000551
1000,CH01,X,g,148,0.000526
1000,CH01,X,g,152,0.000684
1000,CH01,X,g,156,0.00094
1000,CH01,X,g,160,0.000649
1000,CH01,X,g,164,0.000541
1000,CH01,X,g,168,0.000677
1000,CH01,X,g,172,0.000503
1000,CH01,X,g,176,0.000804
1000,CH01,X,g,180,0.000712
1000,CH01,X,g,184,0.00097
1000,CH01,X,g,188,0.000514
1000,CH01,X,g,192,0.000925
1000,CH01,X,g,196,0.00089
1000,CH01,X,g,200,0.000889
1000,CH01,X,g,204,0.000642
1000,CH01,X,g,208,0.000583
1000,CH01,X,g,212,0.00054
1000,CH01,X,g,216,0.000751
1000,CH01,X,g,220,0.000547
1000,CH01,X,g,224,0.000589
1000,CH01,X,g,228,0.000665
1000,CH01,X,g,232,0.000567
1000,CH01,X,g,236,0.000998
1000,CH01,X,g,240,0.000776
1000,CH01,X,g,244,0.000521
1000,CH01,X,g,248,0.000539
1000,CH01,X,g,252,0.000733
1000,CH01,X,g,256,0.000576
1000,CH01,X,g,260,0.000657
1000,CH01,X,g,264,0.001
1000,CH01,X,g,268,0.00096
1000,CH01,X,g,272,0.000641
1000,CH01,X,g,276,0.000761
1000,CH01,X,g,280,0.000847
1000,CH01,X,g,284,0.000794
1000,CH01,X,g,288,0.000625
1000,CH01,X,g,292,0.000951
1000,CH01,X,g,296,0.000978
1000,CH01,X,g,300,0.00084
1000,CH01,X,g,304,0.000945
1000,CH01,X,g,308,0.000897
1000,CH01,X,g,312,0.000945
1000,CH01,X,g,316,0.00059
1000,CH01,X,g,320,0.000757
1000,CH01,X,g,324,0.000794
1000,CH01,X,g,328,0.000509
1000,CH01,X,g,332,0.000734
1000,CH01,X,g,336,0.000627
1000,CH01,X,g,340,0.000988
1000,CH01,X,g,344,0.000927
1000,CH01,X,g,348,0.000846
1000,CH01,X,g,352,0.000784
1000,CH01,X,g,356,0.000732
1000,CH01,X,g,360,0.000708
1000,CH01,X,g,364,0.000511
1000,CH01,X,g,368,0.00082
1000,CH01,X,g,372,0.000668
1000,CH01,X,g,376,0.000622
1000,CH01,X,g,380,0.000541
1000,CH01,X,g,384,0.00051
1000,CH01,X,g,388,0.000752
1000,CH01,X,g,392,0.00085
1000,CH01,X,g,396,0.000964
1000,CH01,X,g,400,0.000729
1100,CH01,X,g,4,0.000769
1100,CH01,X,g,8,0.000684
1100,CH01,X,g,12,0.000802
1100,CH01,X,g,16,0.001727
1100,CH01,X,g,20,0.001995
1100,CH01,X,g,24,0.000605
1100,CH01,X,g,28,0.000824
1100,CH01,X,g,32,0.001266
1100,CH01,X,g,36,0.004324
1100,CH01,X,g,40,0.001825
1100,CH01,X,g,44,0.000776
1100,CH01,X,g,48,0.000877
1100,CH01,X,g,52,0.000703
1100,CH01,X,g,56,0.000531
1100,CH01,X,g,60,0.000641
1100,CH01,X,g,64,0.000798
1100,CH01,X,g,68,0.000869
1100,CH01,X,g,72,0.001606
1100,CH01,X,g,76,0.001265
1100,CH01,X,g,80,0.000566
1100,CH01,X,g,84,0.000972
1100,CH01,X,g,88,0.000537
1100,CH01,X,g,92,0.000701
1100,CH01,X,g,96,0.000775
1100,CH01,X,g,100,0.000615
1100,CH01,X,g,104,0.000773
1100,CH01,X,g,108,0.000876
1100,CH01,X,g,112,0.000507
1100,CH01,X,g,116,0.000609
1100,CH01,X,g,120,0.000562
1100,CH01,X,g,124,0.000949
1100,CH01,X,g,128,0.0006
1100,CH01,X,g,132,0.001
1100,CH01,X,g,136,0.000658
1100,CH01,X,g,140,0.000736
1100,CH01,X,g,144,0.00091
1100,CH01,X,g,148,0.000639
1100,CH01,X,g,152,0.00079
1100,CH01,X,g,156,0.00084
1100,CH01,X,g,160,0.000619
1100,CH01,X,g,164,0.00062
1100,CH01,X,g,168,0.000825
1100,CH01,X,g,172,0.000622
1100,CH01,X,g,176,0.000994
1100,CH01,X,g,180,0.000777
1100,CH01,X,g,184,0.000659
1100,CH01,X,g,188,0.000754
1100,CH01,X,g,192,0.000907
1100,CH01,X,g,196,0.000882
1100,CH01,X,g,200,0.000932
1100,CH01,X,g,204,0.000982
1100,CH01,X,g,208,0.000622
1100,CH01,X,g,212,0.000869
1100,CH01,X,g,216,0.000721
1100,CH01,X,g,220,0.000578
1100,CH01,X,g,224,0.000963
1100,CH01,X,g,228,0.000733
1100,CH01,X,g,232,0.000724
1100,CH01,X,g,236,0.000825
1100,CH01,X,g,240,0.000722
1100,CH01,X,g,244,0.000572
1100,CH01,X,g,248,0.000985
1100,CH01,X,g,252,0.000582
1100,CH01,X,g,256,0.00099
1100,CH01,X,g,260,0.000667
1100,CH01,X,g,264,0.000782
1100,CH01,X,g,268,0.000737
1100,CH01,X,g,272,0.000995
1100,CH01,X,g,276,0.000838
1100,CH01,X,g,280,0.000638
1100,CH01,X,g,284,0.000798
1100,CH01,X,g,288,0.000681
1100,CH01,X,g,292,0.000982
1100,CH01,X,g,296,0.000803
1100,CH01,X,g,300,0.000928
1100,CH01,X,g,304,0.000737
1100,CH01,X,g,308,0.000875
1100,CH01,X,g,312,0.000976
1100,CH01,X,g,316,0.000801
1100,CH01,X,g,320,0.000729
1100,CH01,X,g,324,0.00065
1100,CH01,X,g,328,0.000825
1100,CH01,X,g,332,0.00061
1100,CH01,X,g,336,0.000755
1100,CH01,X,g,340,0.000704
1100,CH01,X,g,344,0.000569
1100,CH01,X,g,348,0.000981
1100,CH01,X,g,352,0.000942
1100,CH01,X,g,356,0.000706
1100,CH01,X,g,360,0.000836
1100,CH01,X,g,364,0.000751
1100,CH01,X,g,368,0.000514
1100,CH01,X,g,372,0.000665
1100,CH01,X,g,376,0.000782
1100,CH01,X,g,380,0.00069
1100,CH01,X,g,384,0.000814
1100,CH01,X,g,388,0.000529
1100,CH01,X,g,392,0.000628
1100,CH01,X,g,396,0.000691
1100,CH01,X,g,400,0.000574
1200,CH01,X,g,4,0.000935
1200,CH01,X,g,8,0.000767
1200,CH01,X,g,12,0.000899
1200,CH01,X,g,16,0.001182
1200,CH01,X,g,20,0.002787
1200,CH01,X,g,24,0.001258
1200,CH01,X,g,28,0.000802
1200,CH01,X,g,32,0.0007
1200,CH01,X,g,36,0.0015
1200,CH01,X,g,40,0.005149
1200,CH01,X,g,44,0.001626
1200,CH01,X,g,48,0.00068
1200,CH01,X,g,52,0.000835
1200,CH01,X,g,56,0.000535
1200,CH01,X,g,60,0.000556
1200,CH01,X,g,64,0.000728
1200,CH01,X,g,68,0.000983
1200,CH01,X,g,72,0.00055
1200,CH01,X,g,76,0.001031
1200,CH01,X,g,80,0.002249
1200,CH01,X,g,84,0.000845
1200,CH01,X,g,88,0.000703
1200,CH01,X,g,92,0.000594
1200,CH01,X,g,96,0.000801
1200,CH01,X,g,100,0.000841
1200,CH01,X,g,104,0.000943
1200,CH01,X,g,108,0.000575
1200,CH01,X,g,112,0.000541
1200,CH01,X,g,116,0.000509
1200,CH01,X,g,120,0.000648
1200,CH01,X,g,124,0.000631
1200,CH01,X,g,128,0.001
1200,CH01,X,g,132,0.000855
1200,CH01,X,g,136,0.000567
1200,CH01,X,g,140,0.000722
1200,CH01,X,g,144,0.000901
1200,CH01,X,g,148,0.000683
1200,CH01,X,g,152,0.000555
1200,CH01,X,g,156,0.000932
1200,CH01,X,g,160,0.000665
1200,CH01,X,g,164,0.000981
1200,CH01,X,g,168,0.000951
1200,CH01,X,g,172,0.0008
1200,CH01,X,g,176,0.000896
1200,CH01,X,g,180,0.000966
1200,CH01,X,g,184,0.000566
1200,CH01,X,g,188,0.000527
1200,CH01,X,g,192,0.000803
1200,CH01,X,g,196,0.000522
1200,CH01,X,g,200,0.000953
1200,CH01,X,g,204,0.000535
1200,CH01,X,g,208,0.00067
1200,CH01,X,g,212,0.000815
1200,CH01,X,g,216,0.000853
1200,CH01,X,g,220,0.000828
1200,CH01,X,g,224,0.000593
1200,CH01,X,g,228,0.000953
1200,CH01,X,g,232,0.000986
1200,CH01,X,g,236,0.000713
1200,CH01,X,g,240,0.000829
1200,CH01,X,g,244,0.000919
1200,CH01,X,g,248,0.000987
1200,CH01,X,g,252,0.000511
1200,CH01,X,g,256,0.000986
1200,CH01,X,g,260,0.00063
1200,CH01,X,g,264,0.000921
1200,CH01,X,g,268,0.000972
1200,CH01,X,g,272,0.000715
1200,CH01,X,g,276,0.000767
1200,CH01,X,g,280,0.000738
1200,CH01,X,g,284,0.000952
1200,CH01,X,g,288,0.000939
1200,CH01,X,g,292,0.000649
1200,CH01,X,g,296,0.00091
1200,CH01,X,g,300,0.000714
1200,CH01,X,g,304,0.000715
1200,CH01,X,g,308,0.000792
1200,CH01,X,g,312,0.000779
1200,CH01,X,g,316,0.000693
1200,CH01,X,g,320,0.000542
1200,CH01,X,g,324,0.000856
1200,CH01,X,g,328,0.000516
1200,CH01,X,g,332,0.000622
1200,CH01,X,g,336,0.000926
1200,CH01,X,g,340,0.000837
1200,CH01,X,g,344,0.000745
1200,CH01,X,g,348,0.000921
1200,CH01,X,g,352,0.000739
1200,CH01,X,g,356,0.000568
1200,CH01,X,g,360,0.000717
1200,CH01,X,g,364,0.000508
1200,CH01,X,g,368,0.000781
1200,CH01,X,g,372,0.000596
1200,CH01,X,g,376,0.000525
1200,CH01,X,g,380,0.000675
1200,CH01,X,g,384,0.000874
1200,CH01,X,g,388,0.000663
1200,CH01,X,g,392,0.000607
1200,CH01,X,g,396,0.000792
1200,CH01,X,g,400,0.000866
1300,CH01,X,g,4,0.000502
1300,CH01,X,g,8,0.00067
1300,CH01,X,g,12,0.000651
1300,CH01,X,g,16,0.001056
1300,CH01,X,g,20,0.0024
1300,CH01,X,g,24,0.002007
1300,CH01,X,g,28,0.000945
1300,CH01,X,g,32,0.000543
1300,CH01,X,g,36,0.000657
1300,CH01,X,g,40,0.002529
1300,CH01,X,g,44,0.005768
1300,CH01,X,g,48,0.001226
1300,CH01,X,g,52,0.00091
1300,CH01,X,g,56,0.000516
1300,CH01,X,g,60,0.000772
1300,CH01,X,g,64,0.000757
1300,CH01,X,g,68,0.000745
1300,CH01,X,g,72,0.00094
1300,CH01,X,g,76,0.000914
1300,CH01,X,g,80,0.000597
1300,CH01,X,g,84,0.001248
1300,CH01,X,g,88,0.002249
1300,CH01,X,g,92,0.000963
1300,CH01,X,g,96,0.000843
1300,CH01,X,g,100,0.000883
1300,CH01,X,g,104,0.000779
1300,CH01,X,g,108,0.000715
1300,CH01,X,g,112,0.000706
1300,CH01,X,g,116,0.000785
1300,CH01,X,g,120,0.000653
1300,CH01,X,g,124,0.000722
1300,CH01,X,g,128,0.000785
1300,CH01,X,g,132,0.000666
1300,CH01,X,g,136,0.000771
1300,CH01,X,g,140,0.000742
1300,CH01,X,g,144,0.000576
1300,CH01,X,g,148,0.000986
1300,CH01,X,g,152,0.000878
1300,CH01,X,g,156,0.000699
1300,CH01,X,g,160,0.000528
1300,CH01,X,g,164,0.00059
1300,CH01,X,g,168,0.000574
1300,CH01,X,g,172,0.000529
1300,CH01,X,g,176,0.000764
1300,CH01,X,g,180,0.000927
1300,CH01,X,g,184,0.000758
1300,CH01,X,g,188,0.000595
1300,CH01,X,g,192,0.000971
1300,CH01,X,g,196,0.000701
1300,CH01,X,g,200,0.000688
1300,CH01,X,g,204,0.000769
1300,CH01,X,g,208,0.000787
1300,CH01,X,g,212,0.000536
1300,CH01,X,g,216,0.000639
1300,CH01,X,g,220,0.00081
1300,CH01,X,g,224,0.000997
1300,CH01,X,g,228,0.000512
1300,CH01,X,g,232,0.000559
1300,CH01,X,g,236,0.000707
1300,CH01,X,g,240,0.000878
1300,CH01,X,g,244,0.000892
1300,CH01,X,g,248,0.000674
1300,CH01,X,g,252,0.000726
1300,CH01,X,g,256,0.000881
1300,CH01,X,g,260,0.000623
1300,CH01,X,g,264,0.000798
1300,CH01,X,g,268,0.000818
1300,CH01,X,g,272,0.000927
1300,CH01,X,g,276,0.000967
1300,CH01,X,g,280,0.000537
1300,CH01,X,g,284,0.000659
1300,CH01,X,g,288,0.000877
1300,CH01,X,g,292,0.000802
1300,CH01,X,g,296,0.000737
1300,CH01,X,g,300,0.000914
1300,CH01,X,g,304,0.00068
1300,CH01,X,g,308,0.000956
1300,CH01,X,g,312,0.000718
1300,CH01,X,g,316,0.000771
1300,CH01,X,g,320,0.000819
1300,CH01,X,g,324,0.000846
1300,CH01,X,g,328,0.000888
1300,CH01,X,g,332,0.000505
1300,CH01,X,g,336,0.000508
1300,CH01,X,g,340,0.000553
1300,CH01,X,g,344,0.000886
1300,CH01,X,g,348,0.000577
1300,CH01,X,g,352,0.00091
1300,CH01,X,g,356,0.000692
1300,CH01,X,g,360,0.000944
1300,CH01,X,g,364,0.000538
1300,CH01,X,g,368,0.000946
1300,CH01,X,g,372,0.000681
1300,CH01,X,g,376,0.00075
1300,CH01,X,g,380,0.000615
1300,CH01,X,g,384,0.000942
1300,CH01,X,g,388,0.000866
1300,CH01,X,g,392,0.000942
1300,CH01,X,g,396,0.000527
1300,CH01,X,g,400,0.000736
1400,CH01,X,g,4,0.000694
1400,CH01,X,g,8,0.000854
1400,CH01,X,g,12,0.00085
1400,CH01,X,g,16,0.000838
1400,CH01,X,g,20,0.001632
1400,CH01,X,g,24,0.003254
1400,CH01,X,g,28,0.00102
1400,CH01,X,g,32,0.000705
1400,CH01,X,g,36,0.000625
1400,CH01,X,g,40,0.000782
1400,CH01,X,g,44,0.003638
1400,CH01,X,g,48,0.005555
1400,CH01,X,g,52,0.000796
1400,CH01,X,g,56,0.000557
1400,CH01,X,g,60,0.000669
1400,CH01,X,g,64,0.000689
1400,CH01,X,g,68,0.000973
1400,CH01,X,g,72,0.000652
1400,CH01,X,g,76,0.000759
1400,CH01,X,g,80,0.000827
1400,CH01,X,g,84,0.000663
1400,CH01,X,g,88,0.000666
1400,CH01,X,g,92,0.002311
1400,CH01,X,g,96,0.001616
1400,CH01,X,g,100,0.000617
1400,CH01,X,g,104,0.000579
1400,CH01,X,g,108,0.00085
1400,CH01,X,g,112,0.000709
1400,CH01,X,g,116,0.000508
1400,CH01,X,g,120,0.000686
1400,CH01,X,g,124,0.000702
1400,CH01,X,g,128,0.000558
1400,CH01,X,g,132,0.000827
1400,CH01,X,g,136,0.000969
1400,CH01,X,g,140,0.000979
1400,CH01,X,g,144,0.000662
1400,CH01,X,g,148,0.000689
1400,CH01,X,g,152,0.000967
1400,CH01,X,g,156,0.000732
1400,CH01,X,g,160,0.000583
1400,CH01,X,g,164,0.000948
1400,CH01,X,g,168,0.000959
1400,CH01,X,g,172,0.000778
1400,CH01,X,g,176,0.000722
1400,CH01,X,g,180,0.000989
1400,CH01,X,g,184,0.000945
1400,CH01,X,g,188,0.000612
1400,CH01,X,g,192,0.000545
1400,CH01,X,g,196,0.000986
1400,CH01,X,g,200,0.000896
1400,CH01,X,g,204,0.00068
1400,CH01,X,g,208,0.000964
1400,CH01,X,g,212,0.000639
1400,CH01,X,g,216,0.000925
1400,CH01,X,g,220,0.000527
1400,CH01,X,g,224,0.000541
1400,CH01,X,g,228,0.000861
1400,CH01,X,g,232,0.000747
1400,CH01,X,g,236,0.000659
1400,CH01,X,g,240,0.000876
1400,CH01,X,g,244,0.000974
1400,CH01,X,g,248,0.000702
1400,CH01,X,g,252,0.000572
1400,CH01,X,g,256,0.000549
1400,CH01,X,g,260,0.000892
1400,CH01,X,g,264,0.000504
1400,CH01,X,g,268,0.000605
1400,CH01,X,g,272,0.000911
1400,CH01,X,g,276,0.000955
1400,CH01,X,g,280,0.000772
1400,CH01,X,g,284,0.000583
1400,CH01,X,g,288,0.000553
1400,CH01,X,g,292,0.000796
1400,CH01,X,g,296,0.00084
1400,CH01,X,g,300,0.000952
1400,CH01,X,g,304,0.000987
1400,CH01,X,g,308,0.000769
1400,CH01,X,g,312,0.000637
1400,CH01,X,g,316,0.000957
1400,CH01,X,g,320,0.00053
1400,CH01,X,g,324,0.000866
1400,CH01,X,g,328,0.000632
1400,CH01,X,g,332,0.000644
1400,CH01,X,g,336,0.000681
1400,CH01,X,g,340,0.000738
1400,CH01,X,g,344,0.000635
1400,CH01,X,g,348,0.00063
1400,CH01,X,g,352,0.000882
1400,CH01,X,g,356,0.000851
1400,CH01,X,g,360,0.00093
1400,CH01,X,g,364,0.00051
1400,CH01,X,g,368,0.000522
1400,CH01,X,g,372,0.000598
1400,CH01,X,g,376,0.000995
1400,CH01,X,g,380,0.000806
1400,CH01,X,g,384,0.000635
1400,CH01,X,g,388,0.000792
1400,CH01,X,g,392,0.000642
1400,CH01,X,g,396,0.000581
1400,CH01,X,g,400,0.000503
1500,CH01,X,g,4,0.000637
1500,CH01,X,g,8,0.000522
1500,CH01,X,g,12,0.000915
1500,CH01,X,g,16,0.000961
1500,CH01,X,g,20,0.000813
1500,CH01,X,g,24,0.003402
1500,CH01,X,g,28,0.001771
1500,CH01,X,g,32,0.000943
1500,CH01,X,g,36,0.000686
1500,CH01,X,g,40,0.000733
1500,CH01,X,g,44,0.00088
1500,CH01,X,g,48,0.005261
1500,CH01,X,g,52,0.005028
1500,CH01,X,g,56,0.001027
1500,CH01,X,g,60,0.00072
1500,CH01,X,g,64,0.000708
1500,CH01,X,g,68,0.000822
1500,CH01,X,g,72,0.000505
1500,CH01,X,g,76,0.00077
1500,CH01,X,g,80,0.000655
1500,CH01,X,g,84,0.000524
1500,CH01,X,g,88,0.00087
1500,CH01,X,g,92,0.000781
1500,CH01,X,g,96,0.001388
1500,CH01,X,g,100,0.004112
1500,CH01,X,g,104,0.001386
1500,CH01,X,g,108,0.000808
1500,CH01,X,g,112,0.000593
1500,CH01,X,g,116,0.000625
1500,CH01,X,g,120,0.000796
1500,CH01,X,g,124,0.000572
1500,CH01,X,g,128,0.000543
1500,CH01,X,g,132,0.000609
1500,CH01,X,g,136,0.000589
1500,CH01,X,g,140,0.000514
1500,CH01,X,g,144,0.000956
1500,CH01,X,g,148,0.000879
1500,CH01,X,g,152,0.000694
1500,CH01,X,g,156,0.000954
1500,CH01,X,g,160,0.000538
1500,CH01,X,g,164,0.00067
1500,CH01,X,g,168,0.000895
1500,CH01,X,g,172,0.000601
1500,CH01,X,g,176,0.00072
1500,CH01,X,g,180,0.000736
1500,CH01,X,g,184,0.00099
1500,CH01,X,g,188,0.000661
1500,CH01,X,g,192,0.000536
1500,CH01,X,g,196,0.00066
1500,CH01,X,g,200,0.00099
1500,CH01,X,g,204,0.000713
1500,CH01,X,g,208,0.000749
1500,CH01,X,g,212,0.000804
1500,CH01,X,g,216,0.000866
1500,CH01,X,g,220,0.000912
1500,CH01,X,g,224,0.000566
1500,CH01,X,g,228,0.000541
1500,CH01,X,g,232,0.00083
1500,CH01,X,g,236,0.000518
1500,CH01,X,g,240,0.000793
1500,CH01,X,g,244,0.000615
1500,CH01,X,g,248,0.000771
1500,CH01,X,g,252,0.000713
1500,CH01,X,g,256,0.000505
1500,CH01,X,g,260,0.000522
1500,CH01,X,g,264,0.000933
1500,CH01,X,g,268,0.000916
1500,CH01,X,g,272,0.000784
1500,CH01,X,g,276,0.000625
1500,CH01,X,g,280,0.000709
1500,CH01,X,g,284,0.000819
1500,CH01,X,g,288,0.00091
1500,CH01,X,g,292,0.000977
1500,CH01,X,g,296,0.000886
1500,CH01,X,g,300,0.000858
1500,CH01,X,g,304,0.000758
1500,CH01,X,g,308,0.000985
1500,CH01,X,g,312,0.000909
1500,CH01,X,g,316,0.000998
1500,CH01,X,g,320,0.000869
1500,CH01,X,g,324,0.000674
1500,CH01,X,g,328,0.0009
1500,CH01,X,g,332,0.000974
1500,CH01,X,g,336,0.000756
1500,CH01,X,g,340,0.000674
1500,CH01,X,g,344,0.000602
1500,CH01,X,g,348,0.000621
1500,CH01,X,g,352,0.00084
1500,CH01,X,g,356,0.000846
1500,CH01,X,g,360,0.000992
1500,CH01,X,g,364,0.000793
1500,CH01,X,g,368,0.000646
1500,CH01,X,g,372,0.000885
1500,CH01,X,g,376,0.000567
1500,CH01,X,g,380,0.000789
1500,CH01,X,g,384,0.00095
1500,CH01,X,g,388,0.000505
1500,CH01,X,g,392,0.000798
1500,CH01,X,g,396,0.000892
1500,CH01,X,g,400,0.000697
1600,CH01,X,g,4,0.000621
1600,CH01,X,g,8,0.000909
1600,CH01,X,g,12,0.000729
1600,CH01,X,g,16,0.000561
1600,CH01,X,g,20,0.00098
1600,CH01,X,g,24,0.001976
1600,CH01,X,g,28,0.003519
1600,CH01,X,g,32,0.000707
1600,CH01,X,g,36,0.000884
1600,CH01,X,g,40,0.000737
1600,CH01,X,g,44,0.000835
1600,CH01,X,g,48,0.000952
1600,CH01,X,g,52,0.007275
1600,CH01,X,g,56,0.004361
1600,CH01,X,g,60,0.000933
1600,CH01,X,g,64,0.000925
1600,CH01,X,g,68,0.000509
1600,CH01,X,g,72,0.000559
1600,CH01,X,g,76,0.000656
1600,CH01,X,g,80,0.000805
1600,CH01,X,g,84,0.000932
1600,CH01,X,g,88,0.000966
1600,CH01,X,g,92,0.000594
1600,CH01,X,g,96,0.000521
1600,CH01,X,g,100,0.000612
1600,CH01,X,g,104,0.002982
1600,CH01,X,g,108,0.005829
1600,CH01,X,g,112,0.001118
1600,CH01,X,g,116,0.000808
1600,CH01,X,g,120,0.000597
1600,CH01,X,g,124,0.000928
1600,CH01,X,g,128,0.000535
1600,CH01,X,g,132,0.000705
1600,CH01,X,g,136,0.000829
1600,CH01,X,g,140,0.000995
1600,CH01,X,g,144,0.000679
1600,CH01,X,g,148,0.000683
1600,CH01,X,g,152,0.000522
1600,CH01,X,g,156,0.000709
1600,CH01,X,g,160,0.000526
1600,CH01,X,g,164,0.00074
1600,CH01,X,g,168,0.000971
1600,CH01,X,g,172,0.00089
1600,CH01,X,g,176,0.00074
1600,CH01,X,g,180,0.000718
1600,CH01,X,g,184,0.00084
1600,CH01,X,g,188,0.000764
1600,CH01,X,g,192,0.000563
1600,CH01,X,g,196,0.000869
1600,CH01,X,g,200,0.000619
1600,CH01,X,g,204,0.000626
1600,CH01,X,g,208,0.000666
1600,CH01,X,g,212,0.000891
1600,CH01,X,g,216,0.000899
1600,CH01,X,g,220,0.000846
1600,CH01,X,g,224,0.000773
1600,CH01,X,g,228,0.000769
1600,CH01,X,g,232,0.00076
1600,CH01,X,g,236,0.000805
1600,CH01,X,g,240,0.000677
1600,CH01,X,g,244,0.00052
1600,CH01,X,g,248,0.000838
1600,CH01,X,g,252,0.000517
1600,CH01,X,g,256,0.000911
1600,CH01,X,g,260,0.000974
1600,CH01,X,g,264,0.000581
1600,CH01,X,g,268,0.000955
1600,CH01,X,g,272,0.000629
1600,CH01,X,g,276,0.00066
1600,CH01,X,g,280,0.000717
1600,CH01,X,g,284,0.000864
1600,CH01,X,g,288,0.000603
1600,CH01,X,g,292,0.000958
1600,CH01,X,g,296,0.000607
1600,CH01,X,g,300,0.00063
1600,CH01,X,g,304,0.000951
1600,CH01,X,g,308,0.000928
1600,CH01,X,g,312,0.000934
1600,CH01,X,g,316,0.000983
1600,CH01,X,g,320,0.000531
1600,CH01,X,g,324,0.000721
1600,CH01,X,g,328,0.000572
1600,CH01,X,g,332,0.000618
1600,CH01,X,g,336,0.000571
1600,CH01,X,g,340,0.0007
1600,CH01,X,g,344,0.00073
1600,CH01,X,g,348,0.00069
1600,CH01,X,g,352,0.000797
1600,CH01,X,g,356,0.000945
1600,CH01,X,g,360,0.000794
1600,CH01,X,g,364,0.000532
1600,CH01,X,g,368,0.000998
1600,CH01,X,g,372,0.000823
1600,CH01,X,g,376,0.000978
1600,CH01,X,g,380,0.000759
1600,CH01,X,g,384,0.000917
1600,CH01,X,g,388,0.000784
1600,CH01,X,g,392,0.000509
1600,CH01,X,g,396,0.000857
1600,CH01,X,g,400,0.000961
1700,CH01,X,g,4,0.000762
1700,CH01,X,g,8,0.000918
1700,CH01,X,g,12,0.000548
1700,CH01,X,g,16,0.000952
1700,CH01,X,g,20,0.000942
1700,CH01,X,g,24,0.001018
1700,CH01,X,g,28,0.004421
1700,CH01,X,g,32,0.001472
1700,CH01,X,g,36,0.000903
1700,CH01,X,g,40,0.000593
1700,CH01,X,g,44,0.000727
1700,CH01,X,g,48,0.000914
1700,CH01,X,g,52,0.001304
1700,CH01,X,g,56,0.009324
1700,CH01,X,g,60,0.003327
1700,CH01,X,g,64,0.000849
1700,CH01,X,g,68,0.000694
1700,CH01,X,g,72,0.000711
1700,CH01,X,g,76,0.000532
1700,CH01,X,g,80,0.000728
1700,CH01,X,g,84,0.000742
1700,CH01,X,g,88,0.000731
1700,CH01,X,g,92,0.000677
1700,CH01,X,g,96,0.000889
1700,CH01,X,g,100,0.000827
1700,CH01,X,g,104,0.000856
1700,CH01,X,g,108,0.000968
1700,CH01,X,g,112,0.007961
1700,CH01,X,g,116,0.005247
1700,CH01,X,g,120,0.000738
1700,CH01,X,g,124,0.000931
1700,CH01,X,g,128,0.000793
1700,CH01,X,g,132,0.000838
1700,CH01,X,g,136,0.000534
1700,CH01,X,g,140,0.00077
1700,CH01,X,g,144,0.000682
1700,CH01,X,g,148,0.000643
1700,CH01,X,g,152,0.000695
1700,CH01,X,g,156,0.000502
1700,CH01,X,g,160,0.000927
1700,CH01,X,g,164,0.000992
1700,CH01,X,g,168,0.000803
1700,CH01,X,g,172,0.000928
1700,CH01,X,g,176,0.000571
1700,CH01,X,g,180,0.000904
1700,CH01,X,g,184,0.000522
1700,CH01,X,g,188,0.000668
1700,CH01,X,g,192,0.000986
1700,CH01,X,g,196,0.000579
1700,CH01,X,g,200,0.000851
1700,CH01,X,g,204,0.000853
1700,CH01,X,g,208,0.000673
1700,CH01,X,g,212,0.000585
1700,CH01,X,g,216,0.000522
1700,CH01,X,g,220,0.000947
1700,CH01,X,g,224,0.000584
1700,CH01,X,g,228,0.000843
1700,CH01,X,g,232,0.000942
1700,CH01,X,g,236,0.000614
1700,CH01,X,g,240,0.000985
1700,CH01,X,g,244,0.000618
1700,CH01,X,g,248,0.000801
1700,CH01,X,g,252,0.000949
1700,CH01,X,g,256,0.000687
1700,CH01,X,g,260,0.000884
1700,CH01,X,g,264,0.000689
1700,CH01,X,g,268,0.000877
1700,CH01,X,g,272,0.000737
1700,CH01,X,g,276,0.00077
1700,CH01,X,g,280,0.000766
1700,CH01,X,g,284,0.000595
1700,CH01,X,g,288,0.000832
1700,CH01,X,g,292,0.000685
1700,CH01,X,g,296,0.000794
1700,CH01,X,g,300,0.000907
1700,CH01,X,g,304,0.000648
1700,CH01,X,g,308,0.000529
1700,CH01,X,g,312,0.00055
1700,CH01,X,g,316,0.000848
1700,CH01,X,g,320,0.000684
1700,CH01,X,g,324,0.000579
1700,CH01,X,g,328,0.000529
1700,CH01,X,g,332,0.000665
1700,CH01,X,g,336,0.000574
1700,CH01,X,g,340,0.000556
1700,CH01,X,g,344,0.000631
1700,CH01,X,g,348,0.000908
1700,CH01,X,g,352,0.000576
1700,CH01,X,g,356,0.00066
1700,CH01,X,g,360,0.000642
1700,CH01,X,g,364,0.000808
1700,CH01,X,g,368,0.000711
1700,CH01,X,g,372,0.000911
1700,CH01,X,g,376,0.00067
1700,CH01,X,g,380,0.000511
1700,CH01,X,g,384,0.000802
1700,CH01,X,g,388,0.000954
1700,CH01,X,g,392,0.000809
1700,CH01,X,g,396,0.000765
1700,CH01,X,g,400,0.000641
1800,CH01,X,g,4,0.00062
1800,CH01,X,g,8,0.000552
1800,CH01,X,g,12,0.000572
1800,CH01,X,g,16,0.000951
1800,CH01,X,g,20,0.000848
1800,CH01,X,g,24,0.001053
1800,CH01,X,g,28,0.003238
1800,CH01,X,g,32,0.003347
1800,CH01,X,g,36,0.000838
1800,CH01,X,g,40,0.000832
1800,CH01,X,g,44,0.000736
1800,CH01,X,g,48,0.000788
1800,CH01,X,g,52,0.000826
1800,CH01,X,g,56,0.002503
1800,CH01,X,g,60,0.010756
1800,CH01,X,g,64,0.002695
1800,CH01,X,g,68,0.000614
1800,CH01,X,g,72,0.000716
1800,CH01,X,g,76,0.000588
1800,CH01,X,g,80,0.000619
1800,CH01,X,g,84,0.000588
1800,CH01,X,g,88,0.000796
1800,CH01,X,g,92,0.000708
1800,CH01,X,g,96,0.000736
1800,CH01,X,g,100,0.000964
1800,CH01,X,g,104,0.000927
1800,CH01,X,g,108,0.00076
1800,CH01,X,g,112,0.000916
1800,CH01,X,g,116,0.002551
1800,CH01,X,g,120,0.013042
1800,CH01,X,g,124,0.002708
1800,CH01,X,g,128,0.000863
1800,CH01,X,g,132,0.000767
1800,CH01,X,g,136,0.000812
1800,CH01,X,g,140,0.00074
1800,CH01,X,g,144,0.000849
1800,CH01,X,g,148,0.000749
1800,CH01,X,g,152,0.00082
1800,CH01,X,g,156,0.000786
1800,CH01,X,g,160,0.000559
1800,CH01,X,g,164,0.000946
1800,CH01,X,g,168,0.000927
1800,CH01,X,g,172,0.000875
1800,CH01,X,g,176,0.000883
1800,CH01,X,g,180,0.000955
1800,CH01,X,g,184,0.000597
1800,CH01,X,g,188,0.000691
1800,CH01,X,g,192,0.000696
1800,CH01,X,g,196,0.000963
1800,CH01,X,g,200,0.000749
1800,CH01,X,g,204,0.000786
1800,CH01,X,g,208,0.000621
1800,CH01,X,g,212,0.000929
1800,CH01,X,g,216,0.000682
1800,CH01,X,g,220,0.000656
1800,CH01,X,g,224,0.000782
1800,CH01,X,g,228,0.000699
1800,CH01,X,g,232,0.000707
1800,CH01,X,g,236,0.000887
1800,CH01,X,g,240,0.000778
1800,CH01,X,g,244,0.000828
1800,CH01,X,g,248,0.000876
1800,CH01,X,g,252,0.000831
1800,CH01,X,g,256,0.000805
1800,CH01,X,g,260,0.000768
1800,CH01,X,g,264,0.000587
1800,CH01,X,g,268,0.000837
1800,CH01,X,g,272,0.000928
1800,CH01,X,g,276,0.000939
1800,CH01,X,g,280,0.00064
1800,CH01,X,g,284,0.000942
1800,CH01,X,g,288,0.000688
1800,CH01,X,g,292,0.000898
1800,CH01,X,g,296,0.000753
1800,CH01,X,g,300,0.000623
1800,CH01,X,g,304,0.000946
1800,CH01,X,g,308,0.00081
1800,CH01,X,g,312,0.000633
1800,CH01,X,g,316,0.000591
1800,CH01,X,g,320,0.000861
1800,CH01,X,g,324,0.000534
1800,CH01,X,g,328,0.00067
1800,CH01,X,g,332,0.00096
1800,CH01,X,g,336,0.000801
1800,CH01,X,g,340,0.000768
1800,CH01,X,g,344,0.000676
1800,CH01,X,g,348,0.000997
1800,CH01,X,g,352,0.000537
1800,CH01,X,g,356,0.000983
1800,CH01,X,g,360,0.000978
1800,CH01,X,g,364,0.000584
1800,CH01,X,g,368,0.000827
1800,CH01,X,g,372,0.000865
1800,CH01,X,g,376,0.000756
1800,CH01,X,g,380,0.000678
1800,CH01,X,g,384,0.000632
1800,CH01,X,g,388,0.000868
1800,CH01,X,g,392,0.00066
1800,CH01,X,g,396,0.000592
1800,CH01,X,g,400,0.000985
1900,CH01,X,g,4,0.000808
1900,CH01,X,g,8,0.000817
1900,CH01,X,g,12,0.000857
1900,CH01,X,g,16,0.000905
1900,CH01,X,g,20,0.000654
1900,CH01,X,g,24,0.000803
1900,CH01,X,g,28,0.001744
1900,CH01,X,g,32,0.005354
1900,CH01,X,g,36,0.001292
1900,CH01,X,g,40,0.000843
1900,CH01,X,g,44,0.000585
1900,CH01,X,g,48,0.00065
1900,CH01,X,g,52,0.000504
1900,CH01,X,g,56,0.001004
1900,CH01,X,g,60,0.003792
1900,CH01,X,g,64,0.011483
1900,CH01,X,g,68,0.001651
1900,CH01,X,g,72,0.000571
1900,CH01,X,g,76,0.000997
1900,CH01,X,g,80,0.000752
1900,CH01,X,g,84,0.000705
1900,CH01,X,g,88,0.00095
1900,CH01,X,g,92,0.000896
1900,CH01,X,g,96,0.000659
1900,CH01,X,g,100,0.000911
1900,CH01,X,g,104,0.000953
1900,CH01,X,g,108,0.000631
1900,CH01,X,g,112,0.000676
1900,CH01,X,g,116,0.000525
1900,CH01,X,g,120,0.000841
1900,CH01,X,g,124,0.006433
1900,CH01,X,g,128,0.009916
1900,CH01,X,g,132,0.000926
1900,CH01,X,g,136,0.000642
1900,CH01,X,g,140,0.000505
1900,CH01,X,g,144,0.000819
1900,CH01,X,g,148,0.000791
1900,CH01,X,g,152,0.00098
1900,CH01,X,g,156,0.000974
1900,CH01,X,g,160,0.000745
1900,CH01,X,g,164,0.000559
1900,CH01,X,g,168,0.000856
1900,CH01,X,g,172,0.000983
1900,CH01,X,g,176,0.000907
1900,CH01,X,g,180,0.000526
1900,CH01,X,g,184,0.00066
1900,CH01,X,g,188,0.000692
1900,CH01,X,g,192,0.000681
1900,CH01,X,g,196,0.000817
1900,CH01,X,g,200,0.000712
1900,CH01,X,g,204,0.000959
1900,CH01,X,g,208,0.000621
1900,CH01,X,g,212,0.000514
1900,CH01,X,g,216,0.00085
1900,CH01,X,g,220,0.000603
1900,CH01,X,g,224,0.000609
1900,CH01,X,g,228,0.000794
1900,CH01,X,g,232,0.000907
1900,CH01,X,g,236,0.000802
1900,CH01,X,g,240,0.00066
1900,CH01,X,g,244,0.000706
1900,CH01,X,g,248,0.000903
1900,CH01,X,g,252,0.000692
1900,CH01,X,g,256,0.000976
1900,CH01,X,g,260,0.000853
1900,CH01,X,g,264,0.000986
1900,CH01,X,g,268,0.000533
1900,CH01,X,g,272,0.000598
1900,CH01,X,g,276,0.000545
1900,CH01,X,g,280,0.000899
1900,CH01,X,g,284,0.00074
1900,CH01,X,g,288,0.000853
1900,CH01,X,g,292,0.000946
1900,CH01,X,g,296,0.000633
1900,CH01,X,g,300,0.000809
1900,CH01,X,g,304,0.000631
1900,CH01,X,g,308,0.000518
1900,CH01,X,g,312,0.000519
1900,CH01,X,g,316,0.000848
1900,CH01,X,g,320,0.000855
1900,CH01,X,g,324,0.000555
1900,CH01,X,g,328,0.00099
1900,CH01,X,g,332,0.000896
1900,CH01,X,g,336,0.000626
1900,CH01,X,g,340,0.000597
1900,CH01,X,g,344,0.000842
1900,CH01,X,g,348,0.000998
1900,CH01,X,g,352,0.000773
1900,CH01,X,g,356,0.000692
1900,CH01,X,g,360,0.000744
1900,CH01,X,g,364,0.000844
1900,CH01,X,g,368,0.000902
1900,CH01,X,g,372,0.000924
1900,CH01,X,g,376,0.000913
1900,CH01,X,g,380,0.000855
1900,CH01,X,g,384,0.000955
1900,CH01,X,g,388,0.000894
1900,CH01,X,g,392,0.00062
1900,CH01,X,g,396,0.000632
1900,CH01,X,g,400,0.000714
2000,CH01,X,g,4,0.000895
2000,CH01,X,g,8,0.000871
2000,CH01,X,g,12,0.00051
2000,CH01,X,g,16,0.000515
2000,CH01,X,g,20,0.000754
2000,CH01,X,g,24,0.000757
2000,CH01,X,g,28,0.00091
2000,CH01,X,g,32,0.004782
2000,CH01,X,g,36,0.003223
2000,CH01,X,g,40,0.000786
2000,CH01,X,g,44,0.000556
2000,CH01,X,g,48,0.000571
2000,CH01,X,g,52,0.000562
2000,CH01,X,g,56,0.000673
2000,CH01,X,g,60,0.001044
2000,CH01,X,g,64,0.006432
2000,CH01,X,g,68,0.011066
2000,CH01,X,g,72,0.001399
2000,CH01,X,g,76,0.000611
2000,CH01,X,g,80,0.000584
2000,CH01,X,g,84,0.000773
2000,CH01,X,g,88,0.000967
2000,CH01,X,g,92,0.000619
2000,CH01,X,g,96,0.000882
2000,CH01,X,g,100,0.000831
2000,CH01,X,g,104,0.000849
2000,CH01,X,g,108,0.000971
2000,CH01,X,g,112,0.000835
2000,CH01,X,g,116,0.000794
2000,CH01,X,g,120,0.000857
2000,CH01,X,g,124,0.00086
2000,CH01,X,g,128,0.001026
2000,CH01,X,g,132,0.008705
2000,CH01,X,g,136,0.004298
2000,CH01,X,g,140,0.000991
2000,CH01,X,g,144,0.000791
2000,CH01,X,g,148,0.000904
2000,CH01,X,g,152,0.000632
2000,CH01,X,g,156,0.000897
2000,CH01,X,g,160,0.000536
2000,CH01,X,g,164,0.000973
2000,CH01,X,g,168,0.000534
2000,CH01,X,g,172,0.000853
2000,CH01,X,g,176,0.00077
2000,CH01,X,g,180,0.00098
2000,CH01,X,g,184,0.000667
2000,CH01,X,g,188,0.000559
2000,CH01,X,g,192,0.000791
2000,CH01,X,g,196,0.000585
2000,CH01,X,g,200,0.000693
2000,CH01,X,g,204,0.00095
2000,CH01,X,g,208,0.000991
2000,CH01,X,g,212,0.000946
2000,CH01,X,g,216,0.000916
2000,CH01,X,g,220,0.000543
2000,CH01,X,g,224,0.000698
2000,CH01,X,g,228,0.000547
2000,CH01,X,g,232,0.00084
2000,CH01,X,g,236,0.000733
2000,CH01,X,g,240,0.000733
2000,CH01,X,g,244,0.000819
2000,CH01,X,g,248,0.000689
2000,CH01,X,g,252,0.000708
2000,CH01,X,g,256,0.000518
2000,CH01,X,g,260,0.000704
2000,CH01,X,g,264,0.000935
2000,CH01,X,g,268,0.000692
2000,CH01,X,g,272,0.000697
2000,CH01,X,g,276,0.000864
2000,CH01,X,g,280,0.000874
2000,CH01,X,g,284,0.000613
2000,CH01,X,g,288,0.000957
2000,CH01,X,g,292,0.000604
2000,CH01,X,g,296,0.000694
2000,CH01,X,g,300,0.000955
2000,CH01,X,g,304,0.000523
2000,CH01,X,g,308,0.000864
2000,CH01,X,g,312,0.000788
2000,CH01,X,g,316,0.000978
2000,CH01,X,g,320,0.000515
2000,CH01,X,g,324,0.000512
2000,CH01,X,g,328,0.000584
2000,CH01,X,g,332,0.00079
2000,CH01,X,g,336,0.000582
2000,CH01,X,g,340,0.000835
2000,CH01,X,g,344,0.000993
2000,CH01,X,g,348,0.000705
2000,CH01,X,g,352,0.000912
2000,CH01,X,g,356,0.000972
2000,CH01,X,g,360,0.000509
2000,CH01,X,g,364,0.00077
2000,CH01,X,g,368,0.000653
2000,CH01,X,g,372,0.000642
2000,CH01,X,g,376,0.000572
2000,CH01,X,g,380,0.000844
2000,CH01,X,g,384,0.000622
2000,CH01,X,g,388,0.000651
2000,CH01,X,g,392,0.000834
2000,CH01,X,g,396,0.000916
2000,CH01,X,g,400,0.000934
2100,CH01,X,g,4,0.000969
2100,CH01,X,g,8,0.00071
2100,CH01,X,g,12,0.000741
2100,CH01,X,g,16,0.000729
2100,CH01,X,g,20,0.000681
2100,CH01,X,g,24,0.000655
2100,CH01,X,g,28,0.0007
2100,CH01,X,g,32,0.002919
2100,CH01,X,g,36,0.005802
2100,CH01,X,g,40,0.00092
2100,CH01,X,g,44,0.000642
2100,CH01,X,g,48,0.000849
2100,CH01,X,g,52,0.000631
2100,CH01,X,g,56,0.000585
2100,CH01,X,g,60,0.000667
2100,CH01,X,g,64,0.001243
2100,CH01,X,g,68,0.009478
2100,CH01,X,g,72,0.009644
2100,CH01,X,g,76,0.00113
2100,CH01,X,g,80,0.00099
2100,CH01,X,g,84,0.000837
2100,CH01,X,g,88,0.000564
2100,CH01,X,g,92,0.000942
2100,CH01,X,g,96,0.000683
2100,CH01,X,g,100,0.00065
2100,CH01,X,g,104,0.000719
2100,CH01,X,g,108,0.000574
2100,CH01,X,g,112,0.000616
2100,CH01,X,g,116,0.000603
2100,CH01,X,g,120,0.00086
2100,CH01,X,g,124,0.000712
2100,CH01,X,g,128,0.000743
2100,CH01,X,g,132,0.000874
2100,CH01,X,g,136,0.001977
2100,CH01,X,g,140,0.007112
2100,CH01,X,g,144,0.001694
2100,CH01,X,g,148,0.00096
2100,CH01,X,g,152,0.000622
2100,CH01,X,g,156,0.000749
2100,CH01,X,g,160,0.000617
2100,CH01,X,g,164,0.000951
2100,CH01,X,g,168,0.000914
2100,CH01,X,g,172,0.000647
2100,CH01,X,g,176,0.000855
2100,CH01,X,g,180,0.000699
2100,CH01,X,g,184,0.00061
2100,CH01,X,g,188,0.000977
2100,CH01,X,g,192,0.000515
2100,CH01,X,g,196,0.000971
2100,CH01,X,g,200,0.000627
2100,CH01,X,g,204,0.000917
2100,CH01,X,g,208,0.000881
2100,CH01,X,g,212,0.00078
2100,CH01,X,g,216,0.000607
2100,CH01,X,g,220,0.000527
2100,CH01,X,g,224,0.000967
2100,CH01,X,g,228,0.000892
2100,CH01,X,g,232,0.000567
2100,CH01,X,g,236,0.000738
2100,CH01,X,g,240,0.000727
2100,CH01,X,g,244,0.000513
2100,CH01,X,g,248,0.000769
2100,CH01,X,g,252,0.000891
2100,CH01,X,g,256,0.000654
2100,CH01,X,g,260,0.000964
2100,CH01,X,g,264,0.000796
2100,CH01,X,g,268,0.000743
2100,CH01,X,g,272,0.000506
2100,CH01,X,g,276,0.000659
2100,CH01,X,g,280,0.000651
2100,CH01,X,g,284,0.000696
2100,CH01,X,g,288,0.000927
2100,CH01,X,g,292,0.000962
2100,CH01,X,g,296,0.000773
2100,CH01,X,g,300,0.000831
2100,CH01,X,g,304,0.000653
2100,CH01,X,g,308,0.000742
2100,CH01,X,g,312,0.000655
2100,CH01,X,g,316,0.000594
2100,CH01,X,g,320,0.00095
2100,CH01,X,g,324,0.000561
2100,CH01,X,g,328,0.000627
2100,CH01,X,g,332,0.000906
2100,CH01,X,g,336,0.000765
2100,CH01,X,g,340,0.000565
2100,CH01,X,g,344,0.000784
2100,CH01,X,g,348,0.000874
2100,CH01,X,g,352,0.00084
2100,CH01,X,g,356,0.000585
2100,CH01,X,g,360,0.000824
2100,CH01,X,g,364,0.000811
2100,CH01,X,g,368,0.00061
2100,CH01,X,g,372,0.000871
2100,CH01,X,g,376,0.000698
2100,CH01,X,g,380,0.000511
2100,CH01,X,g,384,0.000551
2100,CH01,X,g,388,0.000808
2100,CH01,X,g,392,0.000608
2100,CH01,X,g,396,0.000698
2100,CH01,X,g,400,0.000805
2200,CH01,X,g,4,0.000797
2200,CH01,X,g,8,0.000994
2200,CH01,X,g,12,0.000959
2200,CH01,X,g,16,0.000714
2200,CH01,X,g,20,0.000862
2200,CH01,X,g,24,0.000642
2200,CH01,X,g,28,0.000579
2200,CH01,X,g,32,0.001111
2200,CH01,X,g,36,0.006359
2200,CH01,X,g,40,0.002662
2200,CH01,X,g,44,0.000542
2200,CH01,X,g,48,0.000609
2200,CH01,X,g,52,0.000705
2200,CH01,X,g,56,0.000702
2200,CH01,X,g,60,0.000823
2200,CH01,X,g,64,0.000537
2200,CH01,X,g,68,0.001387
2200,CH01,X,g,72,0.01328
2200,CH01,X,g,76,0.007761
2200,CH01,X,g,80,0.000618
2200,CH01,X,g,84,0.000953
2200,CH01,X,g,88,0.000663
2200,CH01,X,g,92,0.00071
2200,CH01,X,g,96,0.000636
2200,CH01,X,g,100,0.000583
2200,CH01,X,g,104,0.000869
2200,CH01,X,g,108,0.000853
2200,CH01,X,g,112,0.000728
2200,CH01,X,g,116,0.000512
2200,CH01,X,g,120,0.000501
2200,CH01,X,g,124,0.000757
2200,CH01,X,g,128,0.000675
2200,CH01,X,g,132,0.000952
2200,CH01,X,g,136,0.000651
2200,CH01,X,g,140,0.000618
2200,CH01,X,g,144,0.003323
2200,CH01,X,g,148,0.005046
2200,CH01,X,g,152,0.001153
2200,CH01,X,g,156,0.000913
2200,CH01,X,g,160,0.00085
2200,CH01,X,g,164,0.000623
2200,CH01,X,g,168,0.000517
2200,CH01,X,g,172,0.00087
2200,CH01,X,g,176,0.000693
2200,CH01,X,g,180,0.000725
2200,CH01,X,g,184,0.000599
2200,CH01,X,g,188,0.000651
2200,CH01,X,g,192,0.000632
2200,CH01,X,g,196,0.00097
2200,CH01,X,g,200,0.000731
2200,CH01,X,g,204,0.000514
2200,CH01,X,g,208,0.00079
2200,CH01,X,g,212,0.000869
2200,CH01,X,g,216,0.000865
2200,CH01,X,g,220,0.000758
2200,CH01,X,g,224,0.000808
2200,CH01,X,g,228,0.000862
2200,CH01,X,g,232,0.000844
2200,CH01,X,g,236,0.000776
2200,CH01,X,g,240,0.000596
2200,CH01,X,g,244,0.000805
2200,CH01,X,g,248,0.000673
2200,CH01,X,g,252,0.000624
2200,CH01,X,g,256,0.000763
2200,CH01,X,g,260,0.000694
2200,CH01,X,g,264,0.000818
2200,CH01,X,g,268,0.00056
2200,CH01,X,g,272,0.000772
2200,CH01,X,g,276,0.00081
2200,CH01,X,g,280,0.000505
2200,CH01,X,g,284,0.000667
2200,CH01,X,g,288,0.000982
2200,CH01,X,g,292,0.000666
2200,CH01,X,g,296,0.000546
2200,CH01,X,g,300,0.000625
2200,CH01,X,g,304,0.00057
2200,CH01,X,g,308,0.000969
2200,CH01,X,g,312,0.000958
2200,CH01,X,g,316,0.000755
2200,CH01,X,g,320,0.000864
2200,CH01,X,g,324,0.000787
2200,CH01,X,g,328,0.000918
2200,CH01,X,g,332,0.000775
2200,CH01,X,g,336,0.000703
2200,CH01,X,g,340,0.000564
2200,CH01,X,g,344,0.000993
2200,CH01,X,g,348,0.000895
2200,CH01,X,g,352,0.000812
2200,CH01,X,g,356,0.000566
2200,CH01,X,g,360,0.000522
2200,CH01,X,g,364,0.00094
2200,CH01,X,g,368,0.000756
2200,CH01,X,g,372,0.000594
2200,CH01,X,g,376,0.000666
2200,CH01,X,g,380,0.000876
2200,CH01,X,g,384,0.000729
2200,CH01,X,g,388,0.000572
2200,CH01,X,g,392,0.000647
2200,CH01,X,g,396,0.000508
2200,CH01,X,g,400,0.000793
2300,CH01,X,g,4,0.000822
2300,CH01,X,g,8,0.000937
2300,CH01,X,g,12,0.000899
2300,CH01,X,g,16,0.000862
2300,CH01,X,g,20,0.000855
2300,CH01,X,g,24,0.00071
2300,CH01,X,g,28,0.000821
2300,CH01,X,g,32,0.000913
2300,CH01,X,g,36,0.004599
2300,CH01,X,g,40,0.005853
2300,CH01,X,g,44,0.000819
2300,CH01,X,g,48,0.000839
2300,CH01,X,g,52,0.00062
2300,CH01,X,g,56,0.000826
2300,CH01,X,g,60,0.000584
2300,CH01,X,g,64,0.000982
2300,CH01,X,g,68,0.000629
2300,CH01,X,g,72,0.002424
2300,CH01,X,g,76,0.016245
2300,CH01,X,g,80,0.005706
2300,CH01,X,g,84,0.000881
2300,CH01,X,g,88,0.000828
2300,CH01,X,g,92,0.000725
2300,CH01,X,g,96,0.000699
2300,CH01,X,g,100,0.000616
2300,CH01,X,g,104,0.000903
2300,CH01,X,g,108,0.000927
2300,CH01,X,g,112,0.000789
2300,CH01,X,g,116,0.000903
2300,CH01,X,g,120,0.000749
2300,CH01,X,g,124,0.000724
2300,CH01,X,g,128,0.000741
2300,CH01,X,g,132,0.000862
2300,CH01,X,g,136,0.000847
2300,CH01,X,g,140,0.000627
2300,CH01,X,g,144,0.000588
2300,CH01,X,g,148,0.000741
2300,CH01,X,g,152,0.005102
2300,CH01,X,g,156,0.003233
2300,CH01,X,g,160,0.000909
2300,CH01,X,g,164,0.000514
2300,CH01,X,g,168,0.000596
2300,CH01,X,g,172,0.000907
2300,CH01,X,g,176,0.000867
2300,CH01,X,g,180,0.000733
2300,CH01,X,g,184,0.000768
2300,CH01,X,g,188,0.000856
2300,CH01,X,g,192,0.00076
2300,CH01,X,g,196,0.00091
2300,CH01,X,g,200,0.000661
2300,CH01,X,g,204,0.000655
2300,CH01,X,g,208,0.000848
2300,CH01,X,g,212,0.00083
2300,CH01,X,g,216,0.000932
2300,CH01,X,g,220,0.000859
2300,CH01,X,g,224,0.000521
2300,CH01,X,g,228,0.000527
2300,CH01,X,g,232,0.0009
2300,CH01,X,g,236,0.000893
2300,CH01,X,g,240,0.00081
2300,CH01,X,g,244,0.000907
2300,CH01,X,g,248,0.000926
2300,CH01,X,g,252,0.000853
2300,CH01,X,g,256,0.000672
2300,CH01,X,g,260,0.000607
2300,CH01,X,g,264,0.000894
2300,CH01,X,g,268,0.00095
2300,CH01,X,g,272,0.000903
2300,CH01,X,g,276,0.000847
2300,CH01,X,g,280,0.000826
2300,CH01,X,g,284,0.000544
2300,CH01,X,g,288,0.001
2300,CH01,X,g,292,0.000885
2300,CH01,X,g,296,0.000975
2300,CH01,X,g,300,0.00077
2300,CH01,X,g,304,0.000879
2300,CH01,X,g,308,0.000644
2300,CH01,X,g,312,0.000734
2300,CH01,X,g,316,0.000534
2300,CH01,X,g,320,0.000757
2300,CH01,X,g,324,0.000934
2300,CH01,X,g,328,0.000614
2300,CH01,X,g,332,0.000848
2300,CH01,X,g,336,0.00074
2300,CH01,X,g,340,0.000705
2300,CH01,X,g,344,0.000837
2300,CH01,X,g,348,0.001
2300,CH01,X,g,352,0.000623
2300,CH01,X,g,356,0.000711
2300,CH01,X,g,360,0.000882
2300,CH01,X,g,364,0.000566
2300,CH01,X,g,368,0.000794
2300,CH01,X,g,372,0.000532
2300,CH01,X,g,376,0.000823
2300,CH01,X,g,380,0.000962
2300,CH01,X,g,384,0.000669
2300,CH01,X,g,388,0.000949
2300,CH01,X,g,392,0.00085
2300,CH01,X,g,396,0.000733
2300,CH01,X,g,400,0.000761
2400,CH01,X,g,4,0.000663
2400,CH01,X,g,8,0.000702
2400,CH01,X,g,12,0.000958
2400,CH01,X,g,16,0.000673
2400,CH01,X,g,20,0.000638
2400,CH01,X,g,24,0.000707
2400,CH01,X,g,28,0.000572
2400,CH01,X,g,32,0.000984
2400,CH01,X,g,36,0.002177
2400,CH01,X,g,40,0.007906
2400,CH01,X,g,44,0.002043
2400,CH01,X,g,48,0.000785
2400,CH01,X,g,52,0.000941
2400,CH01,X,g,56,0.00072
2400,CH01,X,g,60,0.000935
2400,CH01,X,g,64,0.000991
2400,CH01,X,g,68,0.00069
2400,CH01,X,g,72,0.000845
2400,CH01,X,g,76,0.003693
2400,CH01,X,g,80,0.018824
2400,CH01,X,g,84,0.003759
2400,CH01,X,g,88,0.000913
2400,CH01,X,g,92,0.000754
2400,CH01,X,g,96,0.000578
2400,CH01,X,g,100,0.000682
2400,CH01,X,g,104,0.000634
2400,CH01,X,g,108,0.000764
2400,CH01,X,g,112,0.000805
2400,CH01,X,g,116,0.000885
2400,CH01,X,g,120,0.000791
2400,CH01,X,g,124,0.000774
2400,CH01,X,g,128,0.000708
2400,CH01,X,g,132,0.000865
2400,CH01,X,g,136,0.000857
2400,CH01,X,g,140,0.000714
2400,CH01,X,g,144,0.000904
2400,CH01,X,g,148,0.000982
2400,CH01,X,g,152,0.00094
2400,CH01,X,g,156,0.001533
2400,CH01,X,g,160,0.006056
2400,CH01,X,g,164,0.001886
2400,CH01,X,g,168,0.000566
2400,CH01,X,g,172,0.000952
2400,CH01,X,g,176,0.000509
2400,CH01,X,g,180,0.00066
2400,CH01,X,g,184,0.000924
2400,CH01,X,g,188,0.000965
2400,CH01,X,g,192,0.000876
2400,CH01,X,g,196,0.0007
2400,CH01,X,g,200,0.000732
2400,CH01,X,g,204,0.000553
2400,CH01,X,g,208,0.000665
2400,CH01,X,g,212,0.000792
2400,CH01,X,g,216,0.000834
2400,CH01,X,g,220,0.000537
2400,CH01,X,g,224,0.00051
2400,CH01,X,g,228,0.000848
2400,CH01,X,g,232,0.000808
2400,CH01,X,g,236,0.000931
2400,CH01,X,g,240,0.000766
2400,CH01,X,g,244,0.000651
2400,CH01,X,g,248,0.00056
2400,CH01,X,g,252,0.000557
2400,CH01,X,g,256,0.00066
2400,CH01,X,g,260,0.000687
2400,CH01,X,g,264,0.000711
2400,CH01,X,g,268,0.000679
2400,CH01,X,g,272,0.000944
2400,CH01,X,g,276,0.000889
2400,CH01,X,g,280,0.000637
2400,CH01,X,g,284,0.000826
2400,CH01,X,g,288,0.000978
2400,CH01,X,g,292,0.000537
2400,CH01,X,g,296,0.000899
2400,CH01,X,g,300,0.000685
2400,CH01,X,g,304,0.000871
2400,CH01,X,g,308,0.000627
2400,CH01,X,g,312,0.000687
2400,CH01,X,g,316,0.00056
2400,CH01,X,g,320,0.000581
2400,CH01,X,g,324,0.000886
2400,CH01,X,g,328,0.000788
2400,CH01,X,g,332,0.00054
2400,CH01,X,g,336,0.000502
2400,CH01,X,g,340,0.000951
2400,CH01,X,g,344,0.00054
2400,CH01,X,g,348,0.000772
2400,CH01,X,g,352,0.000705
2400,CH01,X,g,356,0.000778
2400,CH01,X,g,360,0.000876
2400,CH01,X,g,364,0.000848
2400,CH01,X,g,368,0.000694
2400,CH01,X,g,372,0.000799
2400,CH01,X,g,376,0.000573
2400,CH01,X,g,380,0.000524
2400,CH01,X,g,384,0.00063
2400,CH01,X,g,388,0.000644
2400,CH01,X,g,392,0.000668
2400,CH01,X,g,396,0.000598
2400,CH01,X,g,400,0.000552
2500,CH01,X,g,4,0.000828
2500,CH01,X,g,8,0.000578
2500,CH01,X,g,12,0.000666
2500,CH01,X,g,16,0.000894
2500,CH01,X,g,20,0.00054
2500,CH01,X,g,24,0.000916
2500,CH01,X,g,28,0.000782
2500,CH01,X,g,32,0.000907
2500,CH01,X,g,36,0.000955
2500,CH01,X,g,40,0.006633
2500,CH01,X,g,44,0.004791
2500,CH01,X,g,48,0.000653
2500,CH01,X,g,52,0.00077
2500,CH01,X,g,56,0.00082
2500,CH01,X,g,60,0.000689
2500,CH01,X,g,64,0.00072
2500,CH01,X,g,68,0.000832
2500,CH01,X,g,72,0.000564
2500,CH01,X,g,76,0.000961
2500,CH01,X,g,80,0.006559
2500,CH01,X,g,84,0.019751
2500,CH01,X,g,88,0.002615
2500,CH01,X,g,92,0.00058
2500,CH01,X,g,96,0.000715
2500,CH01,X,g,100,0.000723
2500,CH01,X,g,104,0.000584
2500,CH01,X,g,108,0.000938
2500,CH01,X,g,112,0.00073
2500,CH01,X,g,116,0.000622
2500,CH01,X,g,120,0.000739
2500,CH01,X,g,124,0.000966
2500,CH01,X,g,128,0.000752
2500,CH01,X,g,132,0.000813
2500,CH01,X,g,136,0.000744
2500,CH01,X,g,140,0.000676
2500,CH01,X,g,144,0.000622
2500,CH01,X,g,148,0.000684
2500,CH01,X,g,152,0.000868
2500,CH01,X,g,156,0.0007
2500,CH01,X,g,160,0.000861
2500,CH01,X,g,164,0.003645
2500,CH01,X,g,168,0.005742
2500,CH01,X,g,172,0.000914
2500,CH01,X,g,176,0.000678
2500,CH01,X,g,180,0.000746
2500,CH01,X,g,184,0.000969
2500,CH01,X,g,188,0.00081
2500,CH01,X,g,192,0.000893
2500,CH01,X,g,196,0.000582
2500,CH01,X,g,200,0.00076
2500,CH01,X,g,204,0.000603
2500,CH01,X,g,208,0.00079
2500,CH01,X,g,212,0.000994
2500,CH01,X,g,216,0.000859
2500,CH01,X,g,220,0.000984
2500,CH01,X,g,224,0.00067
2500,CH01,X,g,228,0.000705
2500,CH01,X,g,232,0.000951
2500,CH01,X,g,236,0.000505
2500,CH01,X,g,240,0.000945
2500,CH01,X,g,244,0.000859
2500,CH01,X,g,248,0.000751
2500,CH01,X,g,252,0.000957
2500,CH01,X,g,256,0.000927
2500,CH01,X,g,260,0.000548
2500,CH01,X,g,264,0.000535
2500,CH01,X,g,268,0.000536
2500,CH01,X,g,272,0.000766
2500,CH01,X,g,276,0.000543
2500,CH01,X,g,280,0.000677
2500,CH01,X,g,284,0.000795
2500,CH01,X,g,288,0.000564
2500,CH01,X,g,292,0.000902
2500,CH01,X,g,296,0.000671
2500,CH01,X,g,300,0.000944
2500,CH01,X,g,304,0.00067
2500,CH01,X,g,308,0.000977
2500,CH01,X,g,312,0.000671
2500,CH01,X,g,316,0.000687
2500,CH01,X,g,320,0.000543
2500,CH01,X,g,324,0.000673
2500,CH01,X,g,328,0.000893
2500,CH01,X,g,332,0.000896
2500,CH01,X,g,336,0.000886
2500,CH01,X,g,340,0.000515
2500,CH01,X,g,344,0.000733
2500,CH01,X,g,348,0.00093
2500,CH01,X,g,352,0.00077
2500,CH01,X,g,356,0.000839
2500,CH01,X,g,360,0.000751
2500,CH01,X,g,364,0.000675
2500,CH01,X,g,368,0.000743
2500,CH01,X,g,372,0.000681
2500,CH01,X,g,376,0.000851
2500,CH01,X,g,380,0.000829
2500,CH01,X,g,384,0.000849
2500,CH01,X,g,388,0.000631
2500,CH01,X,g,392,0.000577
2500,CH01,X,g,396,0.000571
2500,CH01,X,g,400,0.000916
2600,CH01,X,g,4,0.000943
2600,CH01,X,g,8,0.00071
2600,CH01,X,g,12,0.000721
2600,CH01,X,g,16,0.000789
2600,CH01,X,g,20,0.000794
2600,CH01,X,g,24,0.000873
2600,CH01,X,g,28,0.00087
2600,CH01,X,g,32,0.000964
2600,CH01,X,g,36,0.000636
2600,CH01,X,g,40,0.003308
2600,CH01,X,g,44,0.008827
2600,CH01,X,g,48,0.001512
2600,CH01,X,g,52,0.00095
2600,CH01,X,g,56,0.000704
2600,CH01,X,g,60,0.000689
2600,CH01,X,g,64,0.000714
2600,CH01,X,g,68,0.000652
2600,CH01,X,g,72,0.000916
2600,CH01,X,g,76,0.00084
2600,CH01,X,g,80,0.001069
2600,CH01,X,g,84,0.010614
2600,CH01,X,g,88,0.018619
2600,CH01,X,g,92,0.001654
2600,CH01,X,g,96,0.000795
2600,CH01,X,g,100,0.00088
2600,CH01,X,g,104,0.00061
2600,CH01,X,g,108,0.000895
2600,CH01,X,g,112,0.000969
2600,CH01,X,g,116,0.00079
2600,CH01,X,g,120,0.000752
2600,CH01,X,g,124,0.000896
2600,CH01,X,g,128,0.00073
2600,CH01,X,g,132,0.000903
2600,CH01,X,g,136,0.000703
2600,CH01,X,g,140,0.00086
2600,CH01,X,g,144,0.000567
2600,CH01,X,g,148,0.000682
2600,CH01,X,g,152,0.000643
2600,CH01,X,g,156,0.000568
2600,CH01,X,g,160,0.000853
2600,CH01,X,g,164,0.000702
2600,CH01,X,g,168,0.00097
2600,CH01,X,g,172,0.005708
2600,CH01,X,g,176,0.003708
2600,CH01,X,g,180,0.000565
2600,CH01,X,g,184,0.000581
2600,CH01,X,g,188,0.000915
2600,CH01,X,g,192,0.000747
2600,CH01,X,g,196,0.000713
2600,CH01,X,g,200,0.00058
2600,CH01,X,g,204,0.000811
2600,CH01,X,g,208,0.000814
2600,CH01,X,g,212,0.000964
2600,CH01,X,g,216,0.000899
2600,CH01,X,g,220,0.000874
2600,CH01,X,g,224,0.000579
2600,CH01,X,g,228,0.000835
2600,CH01,X,g,232,0.0008
2600,CH01,X,g,236,0.000721
2600,CH01,X,g,240,0.000921
2600,CH01,X,g,244,0.000802
2600,CH01,X,g,248,0.000684
2600,CH01,X,g,252,0.000637
2600,CH01,X,g,256,0.000629
2600,CH01,X,g,260,0.000934
2600,CH01,X,g,264,0.000738
2600,CH01,X,g,268,0.000638
2600,CH01,X,g,272,0.000921
2600,CH01,X,g,276,0.000974
2600,CH01,X,g,280,0.000671
2600,CH01,X,g,284,0.000934
2600,CH01,X,g,288,0.000592
2600,CH01,X,g,292,0.000566
2600,CH01,X,g,296,0.000642
2600,CH01,X,g,300,0.000549
2600,CH01,X,g,304,0.000939
2600,CH01,X,g,308,0.000664
2600,CH01,X,g,312,0.000504
2600,CH01,X,g,316,0.00096
2600,CH01,X,g,320,0.000765
2600,CH01,X,g,324,0.000974
2600,CH01,X,g,328,0.000863
2600,CH01,X,g,332,0.000583
2600,CH01,X,g,336,0.000642
2600,CH01,X,g,340,0.000581
2600,CH01,X,g,344,0.000857
2600,CH01,X,g,348,0.00076
2600,CH01,X,g,352,0.000771
2600,CH01,X,g,356,0.000927
2600,CH01,X,g,360,0.000692
2600,CH01,X,g,364,0.000539
2600,CH01,X,g,368,0.000519
2600,CH01,X,g,372,0.000825
2600,CH01,X,g,376,0.000878
2600,CH01,X,g,380,0.000869
2600,CH01,X,g,384,0.000974
2600,CH01,X,g,388,0.000618
2600,CH01,X,g,392,0.000653
2600,CH01,X,g,396,0.000569
2600,CH01,X,g,400,0.000658
2700,CH01,X,g,4,0.000507
2700,CH01,X,g,8,0.000958
2700,CH01,X,g,12,0.000585
2700,CH01,X,g,16,0.000506
2700,CH01,X,g,20,0.00059
2700,CH01,X,g,24,0.000635
2700,CH01,X,g,28,0.000932
2700,CH01,X,g,32,0.000674
2700,CH01,X,g,36,0.000517
2700,CH01,X,g,40,0.001178
2700,CH01,X,g,44,0.00886
2700,CH01,X,g,48,0.00415
2700,CH01,X,g,52,0.000805
2700,CH01,X,g,56,0.00093
2700,CH01,X,g,60,0.000811
2700,CH01,X,g,64,0.000562
2700,CH01,X,g,68,0.00056
2700,CH01,X,g,72,0.000761
2700,CH01,X,g,76,0.000749
2700,CH01,X,g,80,0.000805
2700,CH01,X,g,84,0.001338
2700,CH01,X,g,88,0.015709
2700,CH01,X,g,92,0.016638
2700,CH01,X,g,96,0.001232
2700,CH01,X,g,100,0.000864
2700,CH01,X,g,104,0.000678
2700,CH01,X,g,108,0.000909
2700,CH01,X,g,112,0.000651
2700,CH01,X,g,116,0.000788
2700,CH01,X,g,120,0.000585
2700,CH01,X,g,124,0.000897
2700,CH01,X,g,128,0.000946
2700,CH01,X,g,132,0.000986
2700,CH01,X,g,136,0.000756
2700,CH01,X,g,140,0.000812
2700,CH01,X,g,144,0.000857
2700,CH01,X,g,148,0.000715
2700,CH01,X,g,152,0.000555
2700,CH01,X,g,156,0.000702
2700,CH01,X,g,160,0.000687
2700,CH01,X,g,164,0.000513
2700,CH01,X,g,168,0.000567
2700,CH01,X,g,172,0.00078
2700,CH01,X,g,176,0.001959
2700,CH01,X,g,180,0.007809
2700,CH01,X,g,184,0.001935
2700,CH01,X,g,188,0.000723
2700,CH01,X,g,192,0.000567
2700,CH01,X,g,196,0.00074
2700,CH01,X,g,200,0.000564
2700,CH01,X,g,204,0.000568
2700,CH01,X,g,208,0.000997
2700,CH01,X,g,212,0.000562
2700,CH01,X,g,216,0.00085
2700,CH01,X,g,220,0.00068
2700,CH01,X,g,224,0.000636
2700,CH01,X,g,228,0.000761
2700,CH01,X,g,232,0.000809
2700,CH01,X,g,236,0.000816
2700,CH01,X,g,240,0.000744
2700,CH01,X,g,244,0.000785
2700,CH01,X,g,248,0.00055
2700,CH01,X,g,252,0.000878
2700,CH01,X,g,256,0.000631
2700,CH01,X,g,260,0.000826
2700,CH01,X,g,264,0.000578
2700,CH01,X,g,268,0.000604
2700,CH01,X,g,272,0.000655
2700,CH01,X,g,276,0.00092
2700,CH01,X,g,280,0.000788
2700,CH01,X,g,284,0.000875
2700,CH01,X,g,288,0.000803
2700,CH01,X,g,292,0.000794
2700,CH01,X,g,296,0.000572
2700,CH01,X,g,300,0.000733
2700,CH01,X,g,304,0.00053
2700,CH01,X,g,308,0.000992
2700,CH01,X,g,312,0.000724
2700,CH01,X,g,316,0.000652
2700,CH01,X,g,320,0.000791
2700,CH01,X,g,324,0.000751
2700,CH01,X,g,328,0.000813
2700,CH01,X,g,332,0.000662
2700,CH01,X,g,336,0.000813
2700,CH01,X,g,340,0.000787
2700,CH01,X,g,344,0.000726
2700,CH01,X,g,348,0.000923
2700,CH01,X,g,352,0.000963
2700,CH01,X,g,356,0.000639
2700,CH01,X,g,360,0.000907
2700,CH01,X,g,364,0.000967
2700,CH01,X,g,368,0.001
2700,CH01,X,g,372,0.00079
2700,CH01,X,g,376,0.000769
2700,CH01,X,g,380,0.00092
2700,CH01,X,g,384,0.000779
2700,CH01,X,g,388,0.000776
2700,CH01,X,g,392,0.000984
2700,CH01,X,g,396,0.000653
2700,CH01,X,g,400,0.000668
2800,CH01,X,g,4,0.000503
2800,CH01,X,g,8,0.000564
2800,CH01,X,g,12,0.001
2800,CH01,X,g,16,0.000584
2800,CH01,X,g,20,0.00058
2800,CH01,X,g,24,0.000825
2800,CH01,X,g,28,0.000517
2800,CH01,X,g,32,0.000975
2800,CH01,X,g,36,0.000767
2800,CH01,X,g,40,0.000762
2800,CH01,X,g,44,0.005001
2800,CH01,X,g,48,0.009001
2800,CH01,X,g,52,0.001382
2800,CH01,X,g,56,0.000743
2800,CH01,X,g,60,0.000761
2800,CH01,X,g,64,0.000503
2800,CH01,X,g,68,0.000618
2800,CH01,X,g,72,0.000937
2800,CH01,X,g,76,0.000629
2800,CH01,X,g,80,0.000839
2800,CH01,X,g,84,0.000806
2800,CH01,X,g,88,0.001615
2800,CH01,X,g,92,0.022765
2800,CH01,X,g,96,0.014609
2800,CH01,X,g,100,0.0009
2800,CH01,X,g,104,0.00086
2800,CH01,X,g,108,0.000666
2800,CH01,X,g,112,0.000706
2800,CH01,X,g,116,0.000638
2800,CH01,X,g,120,0.00093
2800,CH01,X,g,124,0.000578
2800,CH01,X,g,128,0.000959
2800,CH01,X,g,132,0.000668
2800,CH01,X,g,136,0.000973
2800,CH01,X,g,140,0.00072
2800,CH01,X,g,144,0.00094
2800,CH01,X,g,148,0.000922
2800,CH01,X,g,152,0.000992
2800,CH01,X,g,156,0.000637
2800,CH01,X,g,160,0.000853
2800,CH01,X,g,164,0.000597
2800,CH01,X,g,168,0.000606
2800,CH01,X,g,172,0.000703
2800,CH01,X,g,176,0.000744
2800,CH01,X,g,180,0.000562
2800,CH01,X,g,184,0.004027
2800,CH01,X,g,188,0.006568
2800,CH01,X,g,192,0.000939
2800,CH01,X,g,196,0.000804
2800,CH01,X,g,200,0.000823
2800,CH01,X,g,204,0.000834
2800,CH01,X,g,208,0.000619
2800,CH01,X,g,212,0.000632
2800,CH01,X,g,216,0.000768
2800,CH01,X,g,220,0.000728
2800,CH01,X,g,224,0.000552
2800,CH01,X,g,228,0.000743
2800,CH01,X,g,232,0.000858
2800,CH01,X,g,236,0.000842
2800,CH01,X,g,240,0.000835
2800,CH01,X,g,244,0.000737
2800,CH01,X,g,248,0.000719
2800,CH01,X,g,252,0.000966
2800,CH01,X,g,256,0.000726
2800,CH01,X,g,260,0.000797
2800,CH01,X,g,264,0.000936
2800,CH01,X,g,268,0.000759
2800,CH01,X,g,272,0.000912
2800,CH01,X,g,276,0.000731
2800,CH01,X,g,280,0.000805
2800,CH01,X,g,284,0.000549
2800,CH01,X,g,288,0.000983
2800,CH01,X,g,292,0.000742
2800,CH01,X,g,296,0.000856
2800,CH01,X,g,300,0.000746
2800,CH01,X,g,304,0.000601
2800,CH01,X,g,308,0.000978
2800,CH01,X,g,312,0.000688
2800,CH01,X,g,316,0.000899
2800,CH01,X,g,320,0.000762
2800,CH01,X,g,324,0.000911
2800,CH01,X,g,328,0.000524
2800,CH01,X,g,332,0.000776
2800,CH01,X,g,336,0.000652
2800,CH01,X,g,340,0.000572
2800,CH01,X,g,344,0.000914
2800,CH01,X,g,348,0.000934
2800,CH01,X,g,352,0.000537
2800,CH01,X,g,356,0.000579
2800,CH01,X,g,360,0.000916
2800,CH01,X,g,364,0.000857
2800,CH01,X,g,368,0.000898
2800,CH01,X,g,372,0.000732
2800,CH01,X,g,376,0.000877
2800,CH01,X,g,380,0.000603
2800,CH01,X,g,384,0.000834
2800,CH01,X,g,388,0.000662
2800,CH01,X,g,392,0.000761
2800,CH01,X,g,396,0.000508
2800,CH01,X,g,400,0.000549
2900,CH01,X,g,4,0.000677
2900,CH01,X,g,8,0.000613
2900,CH01,X,g,12,0.000735
2900,CH01,X,g,16,0.000953
2900,CH01,X,g,20,0.000916
2900,CH01,X,g,24,0.000978
2900,CH01,X,g,28,0.000985
2900,CH01,X,g,32,0.000839
2900,CH01,X,g,36,0.000667
2900,CH01,X,g,40,0.000776
2900,CH01,X,g,44,0.002267
2900,CH01,X,g,48,0.011362
2900,CH01,X,g,52,0.003246
2900,CH01,X,g,56,0.000527
2900,CH01,X,g,60,0.000669
2900,CH01,X,g,64,0.000849
2900,CH01,X,g,68,0.000647
2900,CH01,X,g,72,0.000552
2900,CH01,X,g,76,0.000924
2900,CH01,X,g,80,0.000593
2900,CH01,X,g,84,0.000913
2900,CH01,X,g,88,0.000537
2900,CH01,X,g,92,0.00311
2900,CH01,X,g,96,0.031797
2900,CH01,X,g,100,0.012158
2900,CH01,X,g,104,0.000826
2900,CH01,X,g,108,0.000554
2900,CH01,X,g,112,0.000688
2900,CH01,X,g,116,0.00058
2900,CH01,X,g,120,0.000797
2900,CH01,X,g,124,0.000916
2900,CH01,X,g,128,0.000965
2900,CH01,X,g,132,0.000839
2900,CH01,X,g,136,0.000964
2900,CH01,X,g,140,0.000853
2900,CH01,X,g,144,0.000541
2900,CH01,X,g,148,0.000872
2900,CH01,X,g,152,0.000555
2900,CH01,X,g,156,0.000639
2900,CH01,X,g,160,0.000789
2900,CH01,X,g,164,0.000637
2900,CH01,X,g,168,0.000735
2900,CH01,X,g,172,0.000828
2900,CH01,X,g,176,0.000515
2900,CH01,X,g,180,0.000778
2900,CH01,X,g,184,0.000778
2900,CH01,X,g,188,0.000924
2900,CH01,X,g,192,0.007203
2900,CH01,X,g,196,0.004438
2900,CH01,X,g,200,0.000882
2900,CH01,X,g,204,0.000565
2900,CH01,X,g,208,0.000862
2900,CH01,X,g,212,0.000786
2900,CH01,X,g,216,0.000525
2900,CH01,X,g,220,0.00096
2900,CH01,X,g,224,0.000868
2900,CH01,X,g,228,0.000805
2900,CH01,X,g,232,0.000918
2900,CH01,X,g,236,0.000512
2900,CH01,X,g,240,0.000863
2900,CH01,X,g,244,0.000653
2900,CH01,X,g,248,0.000816
2900,CH01,X,g,252,0.000592
2900,CH01,X,g,256,0.000888
2900,CH01,X,g,260,0.000541
2900,CH01,X,g,264,0.0009
2900,CH01,X,g,268,0.000664
2900,CH01,X,g,272,0.000572
2900,CH01,X,g,276,0.000719
2900,CH01,X,g,280,0.000985
2900,CH01,X,g,284,0.000878
2900,CH01,X,g,288,0.000826
2900,CH01,X,g,292,0.000738
2900,CH01,X,g,296,0.000566
2900,CH01,X,g,300,0.000853
2900,CH01,X,g,304,0.000699
2900,CH01,X,g,308,0.000707
2900,CH01,X,g,312,0.000919
2900,CH01,X,g,316,0.000963
2900,CH01,X,g,320,0.000951
2900,CH01,X,g,324,0.000942
2900,CH01,X,g,328,0.000813
2900,CH01,X,g,332,0.000743
2900,CH01,X,g,336,0.000902
2900,CH01,X,g,340,0.000684
2900,CH01,X,g,344,0.000546
2900,CH01,X,g,348,0.000526
2900,CH01,X,g,352,0.000716
2900,CH01,X,g,356,0.000989
2900,CH01,X,g,360,0.00052
2900,CH01,X,g,364,0.000977
2900,CH01,X,g,368,0.00082
2900,CH01,X,g,372,0.000984
2900,CH01,X,g,376,0.000715
2900,CH01,X,g,380,0.000631
2900,CH01,X,g,384,0.000892
2900,CH01,X,g,388,0.000676
2900,CH01,X,g,392,0.000966
2900,CH01,X,g,396,0.000848
2900,CH01,X,g,400,0.000667
3000,CH01,X,g,4,0.000731
3000,CH01,X,g,8,0.000824
3000,CH01,X,g,12,0.000941
3000,CH01,X,g,16,0.000841
3000,CH01,X,g,20,0.000699
3000,CH01,X,g,24,0.000589
3000,CH01,X,g,28,0.000659
3000,CH01,X,g,32,0.000837
3000,CH01,X,g,36,0.000748
3000,CH01,X,g,40,0.00071
3000,CH01,X,g,44,0.000828
3000,CH01,X,g,48,0.008057
3000,CH01,X,g,52,0.008128
3000,CH01,X,g,56,0.000868
3000,CH01,X,g,60,0.00061
3000,CH01,X,g,64,0.000998
3000,CH01,X,g,68,0.000879
3000,CH01,X,g,72,0.000815
3000,CH01,X,g,76,0.000544
3000,CH01,X,g,80,0.000655
3000,CH01,X,g,84,0.000952
3000,CH01,X,g,88,0.000861
3000,CH01,X,g,92,0.000773
3000,CH01,X,g,96,0.006535
3000,CH01,X,g,100,0.043117
3000,CH01,X,g,104,0.010075
3000,CH01,X,g,108,0.000976
3000,CH01,X,g,112,0.000921
3000,CH01,X,g,116,0.000524
3000,CH01,X,g,120,0.000967
3000,CH01,X,g,124,0.000516
3000,CH01,X,g,128,0.000636
3000,CH01,X,g,132,0.000922
3000,CH01,X,g,136,0.000777
3000,CH01,X,g,140,0.000562
3000,CH01,X,g,144,0.00058
3000,CH01,X,g,148,0.000757
3000,CH01,X,g,152,0.000671
3000,CH01,X,g,156,0.000994
3000,CH01,X,g,160,0.000972
3000,CH01,X,g,164,0.000525
3000,CH01,X,g,168,0.000568
3000,CH01,X,g,172,0.000787
3000,CH01,X,g,176,0.000693
3000,CH01,X,g,180,0.000613
3000,CH01,X,g,184,0.000792
3000,CH01,X,g,188,0.000814
3000,CH01,X,g,192,0.000728
3000,CH01,X,g,196,0.002337
3000,CH01,X,g,200,0.009366
3000,CH01,X,g,204,0.002304
3000,CH01,X,g,208,0.000894
3000,CH01,X,g,212,0.000732
3000,CH01,X,g,216,0.000626
3000,CH01,X,g,220,0.000647
3000,CH01,X,g,224,0.000683
3000,CH01,X,g,228,0.000681
3000,CH01,X,g,232,0.000977
3000,CH01,X,g,236,0.000516
3000,CH01,X,g,240,0.000929
3000,CH01,X,g,244,0.000562
3000,CH01,X,g,248,0.00068
3000,CH01,X,g,252,0.000894
3000,CH01,X,g,256,0.000687
3000,CH01,X,g,260,0.000583
3000,CH01,X,g,264,0.000909
3000,CH01,X,g,268,0.000542
3000,CH01,X,g,272,0.000915
3000,CH01,X,g,276,0.000808
3000,CH01,X,g,280,0.000735
3000,CH01,X,g,284,0.000815
3000,CH01,X,g,288,0.00085
3000,CH01,X,g,292,0.000844
3000,CH01,X,g,296,0.000806
3000,CH01,X,g,300,0.000741
3000,CH01,X,g,304,0.000657
3000,CH01,X,g,308,0.000566
3000,CH01,X,g,312,0.000608
3000,CH01,X,g,316,0.000668
3000,CH01,X,g,320,0.000566
3000,CH01,X,g,324,0.000662
3000,CH01,X,g,328,0.000541
3000,CH01,X,g,332,0.000695
3000,CH01,X,g,336,0.000796
3000,CH01,X,g,340,0.000904
3000,CH01,X,g,344,0.000506
3000,CH01,X,g,348,0.000967
3000,CH01,X,g,352,0.000735
3000,CH01,X,g,356,0.000523
3000,CH01,X,g,360,0.000925
3000,CH01,X,g,364,0.000542
3000,CH01,X,g,368,0.000973
3000,CH01,X,g,372,0.000941
3000,CH01,X,g,376,0.000714
3000,CH01,X,g,380,0.000976
3000,CH01,X,g,384,0.000888
3000,CH01,X,g,388,0.000892
3000,CH01,X,g,392,0.000934
3000,CH01,X,g,396,0.000886
3000,CH01,X,g,400,0.000814
3100,CH01,X,g,4,0.000681
3100,CH01,X,g,8,0.000596
3100,CH01,X,g,12,0.000727
3100,CH01,X,g,16,0.00072
3100,CH01,X,g,20,0.000657
3100,CH01,X,g,24,0.000854
3100,CH01,X,g,28,0.000741
3100,CH01,X,g,32,0.00098
3100,CH01,X,g,36,0.000725
3100,CH01,X,g,40,0.00073
3100,CH01,X,g,44,0.000918
3100,CH01,X,g,48,0.003501
3100,CH01,X,g,52,0.012513
3100,CH01,X,g,56,0.002103
3100,CH01,X,g,60,0.000558
3100,CH01,X,g,64,0.000736
3100,CH01,X,g,68,0.000835
3100,CH01,X,g,72,0.00095
3100,CH01,X,g,76,0.000845
3100,CH01,X,g,80,0.000588
3100,CH01,X,g,84,0.000526
3100,CH01,X,g,88,0.000781
3100,CH01,X,g,92,0.000863
3100,CH01,X,g,96,0.000661
3100,CH01,X,g,100,0.013957
3100,CH01,X,g,104,0.056661
3100,CH01,X,g,108,0.007781
3100,CH01,X,g,112,0.001006
3100,CH01,X,g,116,0.000655
3100,CH01,X,g,120,0.000744
3100,CH01,X,g,124,0.000857
3100,CH01,X,g,128,0.000579
3100,CH01,X,g,132,0.000716
3100,CH01,X,g,136,0.000558
3100,CH01,X,g,140,0.000982
3100,CH01,X,g,144,0.000786
3100,CH01,X,g,148,0.000583
3100,CH01,X,g,152,0.000934
3100,CH01,X,g,156,0.000664
3100,CH01,X,g,160,0.000986
3100,CH01,X,g,164,0.000567
3100,CH01,X,g,168,0.000999
3100,CH01,X,g,172,0.000673
3100,CH01,X,g,176,0.00099
3100,CH01,X,g,180,0.00085
3100,CH01,X,g,184,0.000786
3100,CH01,X,g,188,0.000686
3100,CH01,X,g,192,0.000568
3100,CH01,X,g,196,0.000511
3100,CH01,X,g,200,0.000589
3100,CH01,X,g,204,0.00484
3100,CH01,X,g,208,0.008176
3100,CH01,X,g,212,0.001012
3100,CH01,X,g,216,0.000515
3100,CH01,X,g,220,0.000897
3100,CH01,X,g,224,0.000794
3100,CH01,X,g,228,0.000943
3100,CH01,X,g,232,0.000882
3100,CH01,X,g,236,0.00097
3100,CH01,X,g,240,0.000838
3100,CH01,X,g,244,0.000983
3100,CH01,X,g,248,0.000552
3100,CH01,X,g,252,0.000747
3100,CH01,X,g,256,0.00094
3100,CH01,X,g,260,0.000867
3100,CH01,X,g,264,0.000912
3100,CH01,X,g,268,0.000563
3100,CH01,X,g,272,0.000568
3100,CH01,X,g,276,0.000961
3100,CH01,X,g,280,0.000909
3100,CH01,X,g,284,0.000727
3100,CH01,X,g,288,0.000953
3100,CH01,X,g,292,0.000764
3100,CH01,X,g,296,0.000956
3100,CH01,X,g,300,0.000733
3100,CH01,X,g,304,0.000962
3100,CH01,X,g,308,0.000696
3100,CH01,X,g,312,0.000603
3100,CH01,X,g,316,0.000756
3100,CH01,X,g,320,0.000896
3100,CH01,X,g,324,0.000693
3100,CH01,X,g,328,0.000964
3100,CH01,X,g,332,0.000892
3100,CH01,X,g,336,0.000814
3100,CH01,X,g,340,0.000511
3100,CH01,X,g,344,0.000625
3100,CH01,X,g,348,0.000521
3100,CH01,X,g,352,0.000918
3100,CH01,X,g,356,0.000995
3100,CH01,X,g,360,0.000645
3100,CH01,X,g,364,0.000586
3100,CH01,X,g,368,0.000996
3100,CH01,X,g,372,0.000922
3100,CH01,X,g,376,0.000737
3100,CH01,X,g,380,0.000513
3100,CH01,X,g,384,0.000715
3100,CH01,X,g,388,0.000519
3100,CH01,X,g,392,0.00057
3100,CH01,X,g,396,0.000865
3100,CH01,X,g,400,0.000685
3200,CH01,X,g,4,0.000657
3200,CH01,X,g,8,0.000955
3200,CH01,X,g,12,0.000818
3200,CH01,X,g,16,0.000509
3200,CH01,X,g,20,0.000567
3200,CH01,X,g,24,0.000795
3200,CH01,X,g,28,0.000874
3200,CH01,X,g,32,0.000859
3200,CH01,X,g,36,0.000952
3200,CH01,X,g,40,0.000934
3200,CH01,X,g,44,0.000815
3200,CH01,X,g,48,0.001446
3200,CH01,X,g,52,0.011194
3200,CH01,X,g,56,0.006669
3200,CH01,X,g,60,0.000952
3200,CH01,X,g,64,0.000507
3200,CH01,X,g,68,0.000913
3200,CH01,X,g,72,0.000789
3200,CH01,X,g,76,0.000909
3200,CH01,X,g,80,0.000619
3200,CH01,X,g,84,0.000957
3200,CH01,X,g,88,0.000768
3200,CH01,X,g,92,0.000579
3200,CH01,X,g,96,0.000811
3200,CH01,X,g,100,0.00133
3200,CH01,X,g,104,0.029162
3200,CH01,X,g,108,0.068769
3200,CH01,X,g,112,0.005095
3200,CH01,X,g,116,0.000604
3200,CH01,X,g,120,0.000888
3200,CH01,X,g,124,0.000788
3200,CH01,X,g,128,0.000615
3200,CH01,X,g,132,0.00084
3200,CH01,X,g,136,0.00084
3200,CH01,X,g,140,0.000598
3200,CH01,X,g,144,0.000803
3200,CH01,X,g,148,0.000804
3200,CH01,X,g,152,0.000787
3200,CH01,X,g,156,0.000754
3200,CH01,X,g,160,0.000982
3200,CH01,X,g,164,0.000853
3200,CH01,X,g,168,0.000679
3200,CH01,X,g,172,0.000722
3200,CH01,X,g,176,0.000987
3200,CH01,X,g,180,0.00093
3200,CH01,X,g,184,0.000889
3200,CH01,X,g,188,0.000541
3200,CH01,X,g,192,0.000859
3200,CH01,X,g,196,0.000529
3200,CH01,X,g,200,0.000904
3200,CH01,X,g,204,0.000781
3200,CH01,X,g,208,0.001361
3200,CH01,X,g,212,0.008593
3200,CH01,X,g,216,0.005002
3200,CH01,X,g,220,0.000944
3200,CH01,X,g,224,0.000617
3200,CH01,X,g,228,0.000593
3200,CH01,X,g,232,0.00067
3200,CH01,X,g,236,0.000557
3200,CH01,X,g,240,0.000597
3200,CH01,X,g,244,0.000947
3200,CH01,X,g,248,0.000829
3200,CH01,X,g,252,0.000501
3200,CH01,X,g,256,0.000804
3200,CH01,X,g,260,0.000764
3200,CH01,X,g,264,0.000571
3200,CH01,X,g,268,0.000736
3200,CH01,X,g,272,0.000526
3200,CH01,X,g,276,0.000742
3200,CH01,X,g,280,0.000776
3200,CH01,X,g,284,0.000865
3200,CH01,X,g,288,0.00095
3200,CH01,X,g,292,0.000557
3200,CH01,X,g,296,0.0009
3200,CH01,X,g,300,0.00071
3200,CH01,X,g,304,0.000542
3200,CH01,X,g,308,0.000984
3200,CH01,X,g,312,0.000525
3200,CH01,X,g,316,0.000536
3200,CH01,X,g,320,0.000602
3200,CH01,X,g,324,0.000845
3200,CH01,X,g,328,0.000546
3200,CH01,X,g,332,0.000596
3200,CH01,X,g,336,0.000697
3200,CH01,X,g,340,0.000968
3200,CH01,X,g,344,0.000673
3200,CH01,X,g,348,0.000679
3200,CH01,X,g,352,0.000783
3200,CH01,X,g,356,0.000904
3200,CH01,X,g,360,0.000822
3200,CH01,X,g,364,0.000749
3200,CH01,X,g,368,0.000606
3200,CH01,X,g,372,0.000738
3200,CH01,X,g,376,0.000776
3200,CH01,X,g,380,0.00068
3200,CH01,X,g,384,0.000613
3200,CH01,X,g,388,0.000905
3200,CH01,X,g,392,0.000807
3200,CH01,X,g,396,0.000547
3200,CH01,X,g,400,0.00074
3300,CH01,X,g,4,0.000731
3300,CH01,X,g,8,0.000987
3300,CH01,X,g,12,0.000612
3300,CH01,X,g,16,0.00065
3300,CH01,X,g,20,0.000988
3300,CH01,X,g,24,0.000582
3300,CH01,X,g,28,0.000858
3300,CH01,X,g,32,0.000737
3300,CH01,X,g,36,0.000564
3300,CH01,X,g,40,0.000826
3300,CH01,X,g,44,0.000922
3300,CH01,X,g,48,0.000908
3300,CH01,X,g,52,0.005984
3300,CH01,X,g,56,0.012964
3300,CH01,X,g,60,0.001692
3300,CH01,X,g,64,0.000686
3300,CH01,X,g,68,0.000651
3300,CH01,X,g,72,0.000825
3300,CH01,X,g,76,0.000521
3300,CH01,X,g,80,0.000999
3300,CH01,X,g,84,0.000772
3300,CH01,X,g,88,0.000921
3300,CH01,X,g,92,0.00062
3300,CH01,X,g,96,0.000937
3300,CH01,X,g,100,0.000594
3300,CH01,X,g,104,0.002161
3300,CH01,X,g,108,0.057237
3300,CH01,X,g,112,0.071682
3300,CH01,X,g,116,0.00309
3300,CH01,X,g,120,0.000912
3300,CH01,X,g,124,0.000702
3300,CH01,X,g,128,0.000977
3300,CH01,X,g,132,0.00079
3300,CH01,X,g,136,0.000783
3300,CH01,X,g,140,0.000904
3300,CH01,X,g,144,0.000852
3300,CH01,X,g,148,0.000585
3300,CH01,X,g,152,0.000633
3300,CH01,X,g,156,0.00079
3300,CH01,X,g,160,0.000919
3300,CH01,X,g,164,0.000741
3300,CH01,X,g,168,0.000564
3300,CH01,X,g,172,0.000602
3300,CH01,X,g,176,0.000924
3300,CH01,X,g,180,0.000991
3300,CH01,X,g,184,0.000891
3300,CH01,X,g,188,0.000506
3300,CH01,X,g,192,0.000746
3300,CH01,X,g,196,0.000907
3300,CH01,X,g,200,0.000814
3300,CH01,X,g,204,0.000749
3300,CH01,X,g,208,0.000969
3300,CH01,X,g,212,0.000579
3300,CH01,X,g,216,0.002252
3300,CH01,X,g,220,0.010745
3300,CH01,X,g,224,0.002599
3300,CH01,X,g,228,0.000827
3300,CH01,X,g,232,0.000508
3300,CH01,X,g,236,0.000831
3300,CH01,X,g,240,0.00096
3300,CH01,X,g,244,0.000855
3300,CH01,X,g,248,0.000951
3300,CH01,X,g,252,0.000555
3300,CH01,X,g,256,0.000988
3300,CH01,X,g,260,0.000662
3300,CH01,X,g,264,0.000809
3300,CH01,X,g,268,0.00067
3300,CH01,X,g,272,0.000901
3300,CH01,X,g,276,0.000601
3300,CH01,X,g,280,0.000536
3300,CH01,X,g,284,0.000594
3300,CH01,X,g,288,0.000682
3300,CH01,X,g,292,0.000715
3300,CH01,X,g,296,0.000558
3300,CH01,X,g,300,0.000736
3300,CH01,X,g,304,0.000626
3300,CH01,X,g,308,0.000915
3300,CH01,X,g,312,0.000934
3300,CH01,X,g,316,0.000777
3300,CH01,X,g,320,0.000593
3300,CH01,X,g,324,0.000688
3300,CH01,X,g,328,0.000534
3300,CH01,X,g,332,0.000557
3300,CH01,X,g,336,0.00063
3300,CH01,X,g,340,0.00092
3300,CH01,X,g,344,0.000577
3300,CH01,X,g,348,0.000762
3300,CH01,X,g,352,0.000864
3300,CH01,X,g,356,0.000815
3300,CH01,X,g,360,0.000791
3300,CH01,X,g,364,0.000631
3300,CH01,X,g,368,0.000828
3300,CH01,X,g,372,0.000757
3300,CH01,X,g,376,0.000646
3300,CH01,X,g,380,0.00066
3300,CH01,X,g,384,0.000847
3300,CH01,X,g,388,0.000894
3300,CH01,X,g,392,0.000525
3300,CH01,X,g,396,0.000549
3300,CH01,X,g,400,0.000929
3400,CH01,X,g,4,0.000739
3400,CH01,X,g,8,0.000778
3400,CH01,X,g,12,0.000941
3400,CH01,X,g,16,0.000791
3400,CH01,X,g,20,0.000858
3400,CH01,X,g,24,0.00056
3400,CH01,X,g,28,0.000641
3400,CH01,X,g,32,0.000812
3400,CH01,X,g,36,0.00055
3400,CH01,X,g,40,0.000928
3400,CH01,X,g,44,0.000992
3400,CH01,X,g,48,0.000523
3400,CH01,X,g,52,0.002277
3400,CH01,X,g,56,0.014622
3400,CH01,X,g,60,0.005024
3400,CH01,X,g,64,0.000702
3400,CH01,X,g,68,0.000671
3400,CH01,X,g,72,0.000994
3400,CH01,X,g,76,0.000953
3400,CH01,X,g,80,0.000861
3400,CH01,X,g,84,0.000575
3400,CH01,X,g,88,0.00067
3400,CH01,X,g,92,0.000695
3400,CH01,X,g,96,0.000676
3400,CH01,X,g,100,0.000695
3400,CH01,X,g,104,0.00059
3400,CH01,X,g,108,0.004786
3400,CH01,X,g,112,0.097156
3400,CH01,X,g,116,0.063186
3400,CH01,X,g,120,0.001797
3400,CH01,X,g,124,0.000739
3400,CH01,X,g,128,0.000555
3400,CH01,X,g,132,0.000963
3400,CH01,X,g,136,0.000617
3400,CH01,X,g,140,0.000992
3400,CH01,X,g,144,0.00071
3400,CH01,X,g,148,0.000522
3400,CH01,X,g,152,0.000519
3400,CH01,X,g,156,0.000751
3400,CH01,X,g,160,0.000761
3400,CH01,X,g,164,0.000755
3400,CH01,X,g,168,0.000941
3400,CH01,X,g,172,0.000603
3400,CH01,X,g,176,0.000672
3400,CH01,X,g,180,0.000793
3400,CH01,X,g,184,0.000567
3400,CH01,X,g,188,0.000694
3400,CH01,X,g,192,0.000889
3400,CH01,X,g,196,0.000797
3400,CH01,X,g,200,0.000881
3400,CH01,X,g,204,0.000908
3400,CH01,X,g,208,0.000634
3400,CH01,X,g,212,0.000753
3400,CH01,X,g,216,0.000948
3400,CH01,X,g,220,0.000781
3400,CH01,X,g,224,0.005471
3400,CH01,X,g,228,0.009428
3400,CH01,X,g,232,0.001081
3400,CH01,X,g,236,0.000884
3400,CH01,X,g,240,0.000916
3400,CH01,X,g,244,0.000751
3400,CH01,X,g,248,0.000847
3400,CH01,X,g,252,0.000659
3400,CH01,X,g,256,0.000954
3400,CH01,X,g,260,0.000609
3400,CH01,X,g,264,0.000735
3400,CH01,X,g,268,0.00056
3400,CH01,X,g,272,0.000909
3400,CH01,X,g,276,0.000942
3400,CH01,X,g,280,0.000892
3400,CH01,X,g,284,0.000591
3400,CH01,X,g,288,0.000844
3400,CH01,X,g,292,0.000625
3400,CH01,X,g,296,0.000537
3400,CH01,X,g,300,0.000799
3400,CH01,X,g,304,0.000803
3400,CH01,X,g,308,0.000972
3400,CH01,X,g,312,0.000679
3400,CH01,X,g,316,0.000661
3400,CH01,X,g,320,0.000968
3400,CH01,X,g,324,0.000899
3400,CH01,X,g,328,0.000745
3400,CH01,X,g,332,0.000794
3400,CH01,X,g,336,0.000677
3400,CH01,X,g,340,0.000606
3400,CH01,X,g,344,0.000611
3400,CH01,X,g,348,0.000788
3400,CH01,X,g,352,0.000826
3400,CH01,X,g,356,0.000801
3400,CH01,X,g,360,0.000739
3400,CH01,X,g,364,0.00083
3400,CH01,X,g,368,0.000678
3400,CH01,X,g,372,0.000734
3400,CH01,X,g,376,0.000691
3400,CH01,X,g,380,0.000545
3400,CH01,X,g,384,0.000678
3400,CH01,X,g,388,0.000973
3400,CH01,X,g,392,0.0009
3400,CH01,X,g,396,0.000944
3400,CH01,X,g,400,0.000746
3500,CH01,X,g,4,0.000948
3500,CH01,X,g,8,0.000646
3500,CH01,X,g,12,0.000779
3500,CH01,X,g,16,0.00056
3500,CH01,X,g,20,0.000875
3500,CH01,X,g,24,0.000655
3500,CH01,X,g,28,0.000711
3500,CH01,X,g,32,0.000523
3500,CH01,X,g,36,0.00099
3500,CH01,X,g,40,0.000616
3500,CH01,X,g,44,0.000833
3500,CH01,X,g,48,0.000707
3500,CH01,X,g,52,0.000911
3500,CH01,X,g,56,0.009032
3500,CH01,X,g,60,0.011825
3500,CH01,X,g,64,0.000983
3500,CH01,X,g,68,0.000595
3500,CH01,X,g,72,0.000557
3500,CH01,X,g,76,0.000796
3500,CH01,X,g,80,0.000503
3500,CH01,X,g,84,0.000544
3500,CH01,X,g,88,0.000516
3500,CH01,X,g,92,0.000741
3500,CH01,X,g,96,0.00075
3500,CH01,X,g,100,0.00086
3500,CH01,X,g,104,0.000947
3500,CH01,X,g,108,0.000775
3500,CH01,X,g,112,0.011837
3500,CH01,X,g,116,0.139235
3500,CH01,X,g,120,0.04541
3500,CH01,X,g,124,0.00106
3500,CH01,X,g,128,0.000964
3500,CH01,X,g,132,0.000853
3500,CH01,X,g,136,0.000946
3500,CH01,X,g,140,0.000584
3500,CH01,X,g,144,0.000893
3500,CH01,X,g,148,0.000761
3500,CH01,X,g,152,0.000869
3500,CH01,X,g,156,0.000866
3500,CH01,X,g,160,0.00071
3500,CH01,X,g,164,0.000945
3500,CH01,X,g,168,0.000657
3500,CH01,X,g,172,0.000631
3500,CH01,X,g,176,0.000811
3500,CH01,X,g,180,0.00092
3500,CH01,X,g,184,0.000828
3500,CH01,X,g,188,0.000751
3500,CH01,X,g,192,0.000544
3500,CH01,X,g,196,0.000654
3500,CH01,X,g,200,0.000881
3500,CH01,X,g,204,0.000993
3500,CH01,X,g,208,0.000985
3500,CH01,X,g,212,0.000519
3500,CH01,X,g,216,0.000796
3500,CH01,X,g,220,0.000945
3500,CH01,X,g,224,0.000889
3500,CH01,X,g,228,0.000999
3500,CH01,X,g,232,0.010139
3500,CH01,X,g,236,0.006052
3500,CH01,X,g,240,0.000692
3500,CH01,X,g,244,0.000777
3500,CH01,X,g,248,0.000951
3500,CH01,X,g,252,0.000566
3500,CH01,X,g,256,0.000661
3500,CH01,X,g,260,0.000855
3500,CH01,X,g,264,0.00099
3500,CH01,X,g,268,0.000573
3500,CH01,X,g,272,0.000764
3500,CH01,X,g,276,0.000651
3500,CH01,X,g,280,0.000763
3500,CH01,X,g,284,0.000967
3500,CH01,X,g,288,0.000761
3500,CH01,X,g,292,0.000734
3500,CH01,X,g,296,0.00077
3500,CH01,X,g,300,0.000952
3500,CH01,X,g,304,0.000665
3500,CH01,X,g,308,0.000567
3500,CH01,X,g,312,0.000751
3500,CH01,X,g,316,0.000831
3500,CH01,X,g,320,0.00092
3500,CH01,X,g,324,0.000654
3500,CH01,X,g,328,0.000672
3500,CH01,X,g,332,0.000945
3500,CH01,X,g,336,0.00072
3500,CH01,X,g,340,0.000743
3500,CH01,X,g,344,0.000944
3500,CH01,X,g,348,0.000506
3500,CH01,X,g,352,0.000986
3500,CH01,X,g,356,0.000649
3500,CH01,X,g,360,0.000919
3500,CH01,X,g,364,0.000576
3500,CH01,X,g,368,0.000951
3500,CH01,X,g,372,0.000745
3500,CH01,X,g,376,0.000863
3500,CH01,X,g,380,0.000733
3500,CH01,X,g,384,0.00078
3500,CH01,X,g,388,0.000532
3500,CH01,X,g,392,0.000778
3500,CH01,X,g,396,0.000639
3500,CH01,X,g,400,0.000693
3600,CH01,X,g,4,0.000723
3600,CH01,X,g,8,0.000676
3600,CH01,X,g,12,0.000969
3600,CH01,X,g,16,0.00072
3600,CH01,X,g,20,0.000864
3600,CH01,X,g,24,0.00095
3600,CH01,X,g,28,0.000842
3600,CH01,X,g,32,0.000972
3600,CH01,X,g,36,0.000684
3600,CH01,X,g,40,0.000963
3600,CH01,X,g,44,0.000943
3600,CH01,X,g,48,0.000669
3600,CH01,X,g,52,0.000527
3600,CH01,X,g,56,0.003291
3600,CH01,X,g,60,0.017076
3600,CH01,X,g,64,0.003384
3600,CH01,X,g,68,0.000611
3600,CH01,X,g,72,0.000677
3600,CH01,X,g,76,0.000724
3600,CH01,X,g,80,0.000973
3600,CH01,X,g,84,0.00077
3600,CH01,X,g,88,0.000965
3600,CH01,X,g,92,0.000973
3600,CH01,X,g,96,0.000703
3600,CH01,X,g,100,0.000854
3600,CH01,X,g,104,0.000857
3600,CH01,X,g,108,0.000836
3600,CH01,X,g,112,0.000877
3600,CH01,X,g,116,0.02692
3600,CH01,X,g,120,0.16276
3600,CH01,X,g,124,0.026809
3600,CH01,X,g,128,0.000858
3600,CH01,X,g,132,0.00094
3600,CH01,X,g,136,0.000924
3600,CH01,X,g,140,0.000596
3600,CH01,X,g,144,0.000604
3600,CH01,X,g,148,0.000515
3600,CH01,X,g,152,0.000626
3600,CH01,X,g,156,0.000586
3600,CH01,X,g,160,0.000856
3600,CH01,X,g,164,0.000563
3600,CH01,X,g,168,0.000575
3600,CH01,X,g,172,0.00095
3600,CH01,X,g,176,0.000699
3600,CH01,X,g,180,0.000977
3600,CH01,X,g,184,0.000846
3600,CH01,X,g,188,0.000989
3600,CH01,X,g,192,0.000693
3600,CH01,X,g,196,0.000872
3600,CH01,X,g,200,0.000827
3600,CH01,X,g,204,0.000724
3600,CH01,X,g,208,0.000773
3600,CH01,X,g,212,0.000632
3600,CH01,X,g,216,0.000945
3600,CH01,X,g,220,0.000938
3600,CH01,X,g,224,0.000538
3600,CH01,X,g,228,0.000611
3600,CH01,X,g,232,0.000738
3600,CH01,X,g,236,0.002791
3600,CH01,X,g,240,0.013112
3600,CH01,X,g,244,0.002659
3600,CH01,X,g,248,0.000532
3600,CH01,X,g,252,0.000851
3600,CH01,X,g,256,0.000777
3600,CH01,X,g,260,0.000939
3600,CH01,X,g,264,0.000927
3600,CH01,X,g,268,0.000898
3600,CH01,X,g,272,0.000858
3600,CH01,X,g,276,0.000998
3600,CH01,X,g,280,0.000831
3600,CH01,X,g,284,0.000508
3600,CH01,X,g,288,0.000744
3600,CH01,X,g,292,0.000743
3600,CH01,X,g,296,0.000571
3600,CH01,X,g,300,0.000802
3600,CH01,X,g,304,0.000867
3600,CH01,X,g,308,0.00068
3600,CH01,X,g,312,0.000908
3600,CH01,X,g,316,0.000749
3600,CH01,X,g,320,0.000707
3600,CH01,X,g,324,0.000681
3600,CH01,X,g,328,0.000727
3600,CH01,X,g,332,0.000883
3600,CH01,X,g,336,0.000926
3600,CH01,X,g,340,0.000776
3600,CH01,X,g,344,0.00089
3600,CH01,X,g,348,0.000716
3600,CH01,X,g,352,0.000553
3600,CH01,X,g,356,0.000608
3600,CH01,X,g,360,0.000607
3600,CH01,X,g,364,0.000548
3600,CH01,X,g,368,0.00055
3600,CH01,X,g,372,0.000947
3600,CH01,X,g,376,0.000806
3600,CH01,X,g,380,0.000988
3600,CH01,X,g,384,0.000835
3600,CH01,X,g,388,0.000867
3600,CH01,X,g,392,0.000639
3600,CH01,X,g,396,0.000633
3600,CH01,X,g,400,0.0006
3700,CH01,X,g,4,0.000726
3700,CH01,X,g,8,0.000772
3700,CH01,X,g,12,0.000684
3700,CH01,X,g,16,0.000628
3700,CH01,X,g,20,0.000909
3700,CH01,X,g,24,0.000823
3700,CH01,X,g,28,0.000815
3700,CH01,X,g,32,0.000585
3700,CH01,X,g,36,0.000831
3700,CH01,X,g,40,0.000528
3700,CH01,X,g,44,0.000626
3700,CH01,X,g,48,0.000641
3700,CH01,X,g,52,0.000888
3700,CH01,X,g,56,0.001403
3700,CH01,X,g,60,0.013321
3700,CH01,X,g,64,0.010295
3700,CH01,X,g,68,0.001179
3700,CH01,X,g,72,0.000918
3700,CH01,X,g,76,0.0009
3700,CH01,X,g,80,0.000708
3700,CH01,X,g,84,0.000756
3700,CH01,X,g,88,0.000618
3700,CH01,X,g,92,0.000947
3700,CH01,X,g,96,0.000791
3700,CH01,X,g,100,0.000974
3700,CH01,X,g,104,0.000679
3700,CH01,X,g,108,0.000536
3700,CH01,X,g,112,0.000613
3700,CH01,X,g,116,0.001376
3700,CH01,X,g,120,0.050723
3700,CH01,X,g,124,0.155095
3700,CH01,X,g,128,0.01311
3700,CH01,X,g,132,0.000953
3700,CH01,X,g,136,0.000715
3700,CH01,X,g,140,0.000503
3700,CH01,X,g,144,0.000797
3700,CH01,X,g,148,0.000603
3700,CH01,X,g,152,0.000833
3700,CH01,X,g,156,0.000663
3700,CH01,X,g,160,0.000872
3700,CH01,X,g,164,0.000569
3700,CH01,X,g,168,0.000501
3700,CH01,X,g,172,0.000712
3700,CH01,X,g,176,0.000716
3700,CH01,X,g,180,0.000707
3700,CH01,X,g,184,0.00051
3700,CH01,X,g,188,0.000692
3700,CH01,X,g,192,0.000653
3700,CH01,X,g,196,0.000964
3700,CH01,X,g,200,0.000791
3700,CH01,X,g,204,0.000813
3700,CH01,X,g,208,0.00052
3700,CH01,X,g,212,0.000874
3700,CH01,X,g,216,0.000763
3700,CH01,X,g,220,0.000744
3700,CH01,X,g,224,0.000501
3700,CH01,X,g,228,0.000944
3700,CH01,X,g,232,0.000963
3700,CH01,X,g,236,0.000762
3700,CH01,X,g,240,0.000914
3700,CH01,X,g,244,0.006382
3700,CH01,X,g,248,0.011089
3700,CH01,X,g,252,0.001478
3700,CH01,X,g,256,0.000702
3700,CH01,X,g,260,0.000838
3700,CH01,X,g,264,0.000719
3700,CH01,X,g,268,0.000829
3700,CH01,X,g,272,0.0007
3700,CH01,X,g,276,0.000515
3700,CH01,X,g,280,0.000622
3700,CH01,X,g,284,0.000639
3700,CH01,X,g,288,0.000968
3700,CH01,X,g,292,0.000949
3700,CH01,X,g,296,0.000725
3700,CH01,X,g,300,0.000848
3700,CH01,X,g,304,0.00081
3700,CH01,X,g,308,0.00052
3700,CH01,X,g,312,0.000701
3700,CH01,X,g,316,0.000845
3700,CH01,X,g,320,0.000722
3700,CH01,X,g,324,0.000777
3700,CH01,X,g,328,0.000647
3700,CH01,X,g,332,0.000876
3700,CH01,X,g,336,0.000632
3700,CH01,X,g,340,0.000599
3700,CH01,X,g,344,0.000776
3700,CH01,X,g,348,0.00063
3700,CH01,X,g,352,0.000633
3700,CH01,X,g,356,0.000891
3700,CH01,X,g,360,0.000614
3700,CH01,X,g,364,0.000926
3700,CH01,X,g,368,0.000949
3700,CH01,X,g,372,0.00052
3700,CH01,X,g,376,0.000703
3700,CH01,X,g,380,0.000608
3700,CH01,X,g,384,0.000784
3700,CH01,X,g,388,0.000574
3700,CH01,X,g,392,0.00073
3700,CH01,X,g,396,0.000727
3700,CH01,X,g,400,0.00075
3800,CH01,X,g,4,0.000857
3800,CH01,X,g,8,0.000578
3800,CH01,X,g,12,0.000556
3800,CH01,X,g,16,0.000937
3800,CH01,X,g,20,0.000844
3800,CH01,X,g,24,0.000987
3800,CH01,X,g,28,0.000716
3800,CH01,X,g,32,0.000525
3800,CH01,X,g,36,0.000925
3800,CH01,X,g,40,0.000578
3800,CH01,X,g,44,0.000597
3800,CH01,X,g,48,0.000589
3800,CH01,X,g,52,0.00062
3800,CH01,X,g,56,0.000626
3800,CH01,X,g,60,0.0059
3800,CH01,X,g,64,0.018122
3800,CH01,X,g,68,0.00215
3800,CH01,X,g,72,0.000569
3800,CH01,X,g,76,0.000609
3800,CH01,X,g,80,0.000651
3800,CH01,X,g,84,0.000545
3800,CH01,X,g,88,0.000609
3800,CH01,X,g,92,0.00053
3800,CH01,X,g,96,0.000536
3800,CH01,X,g,100,0.000548
3800,CH01,X,g,104,0.000693
3800,CH01,X,g,108,0.000889
3800,CH01,X,g,112,0.000872
3800,CH01,X,g,116,0.000547
3800,CH01,X,g,120,0.002092
3800,CH01,X,g,124,0.078683
3800,CH01,X,g,128,0.121418
3800,CH01,X,g,132,0.005576
3800,CH01,X,g,136,0.000945
3800,CH01,X,g,140,0.000559
3800,CH01,X,g,144,0.000682
3800,CH01,X,g,148,0.000824
3800,CH01,X,g,152,0.000941
3800,CH01,X,g,156,0.000676
3800,CH01,X,g,160,0.000536
3800,CH01,X,g,164,0.000507
3800,CH01,X,g,168,0.000766
3800,CH01,X,g,172,0.000941
3800,CH01,X,g,176,0.000606
3800,CH01,X,g,180,0.000912
3800,CH01,X,g,184,0.000916
3800,CH01,X,g,188,0.000961
3800,CH01,X,g,192,0.000973
3800,CH01,X,g,196,0.000872
3800,CH01,X,g,200,0.000522
3800,CH01,X,g,204,0.000809
3800,CH01,X,g,208,0.000982
3800,CH01,X,g,212,0.00085
3800,CH01,X,g,216,0.000574
3800,CH01,X,g,220,0.000827
3800,CH01,X,g,224,0.000827
3800,CH01,X,g,228,0.000543
3800,CH01,X,g,232,0.000754
3800,CH01,X,g,236,0.00069
3800,CH01,X,g,240,0.00082
3800,CH01,X,g,244,0.000906
3800,CH01,X,g,248,0.00129
3800,CH01,X,g,252,0.011826
3800,CH01,X,g,256,0.006989
3800,CH01,X,g,260,0.000727
3800,CH01,X,g,264,0.000736
3800,CH01,X,g,268,0.000517
3800,CH01,X,g,272,0.000981
3800,CH01,X,g,276,0.000814
3800,CH01,X,g,280,0.000656
3800,CH01,X,g,284,0.000786
3800,CH01,X,g,288,0.000561
3800,CH01,X,g,292,0.000651
3800,CH01,X,g,296,0.000684
3800,CH01,X,g,300,0.00065
3800,CH01,X,g,304,0.000685
3800,CH01,X,g,308,0.000945
3800,CH01,X,g,312,0.000683
3800,CH01,X,g,316,0.000931
3800,CH01,X,g,320,0.000594
3800,CH01,X,g,324,0.000992
3800,CH01,X,g,328,0.000718
3800,CH01,X,g,332,0.000718
3800,CH01,X,g,336,0.000907
3800,CH01,X,g,340,0.000803
3800,CH01,X,g,344,0.000692
3800,CH01,X,g,348,0.000892
3800,CH01,X,g,352,0.000929
3800,CH01,X,g,356,0.000546
3800,CH01,X,g,360,0.000976
3800,CH01,X,g,364,0.000896
3800,CH01,X,g,368,0.000914
3800,CH01,X,g,372,0.000712
3800,CH01,X,g,376,0.000581
3800,CH01,X,g,380,0.000998
3800,CH01,X,g,384,0.000905
3800,CH01,X,g,388,0.000729
3800,CH01,X,g,392,0.000755
3800,CH01,X,g,396,0.000578
3800,CH01,X,g,400,0.000722
3900,CH01,X,g,4,0.000532
3900,CH01,X,g,8,0.000846
3900,CH01,X,g,12,0.000804
3900,CH01,X,g,16,0.000739
3900,CH01,X,g,20,0.000961
3900,CH01,X,g,24,0.000977
3900,CH01,X,g,28,0.000989
3900,CH01,X,g,32,0.000515
3900,CH01,X,g,36,0.000744
3900,CH01,X,g,40,0.000855
3900,CH01,X,g,44,0.000541
3900,CH01,X,g,48,0.000522
3900,CH01,X,g,52,0.00053
3900,CH01,X,g,56,0.000602
3900,CH01,X,g,60,0.001927
3900,CH01,X,g,64,0.017924
3900,CH01,X,g,68,0.007815
3900,CH01,X,g,72,0.000927
3900,CH01,X,g,76,0.000993
3900,CH01,X,g,80,0.00085
3900,CH01,X,g,84,0.000531
3900,CH01,X,g,88,0.000859
3900,CH01,X,g,92,0.000902
3900,CH01,X,g,96,0.000638
3900,CH01,X,g,100,0.001
3900,CH01,X,g,104,0.000982
3900,CH01,X,g,108,0.000612
3900,CH01,X,g,112,0.000874
3900,CH01,X,g,116,0.000678
3900,CH01,X,g,120,0.00081
3900,CH01,X,g,124,0.003859
3900,CH01,X,g,128,0.099861
3900,CH01,X,g,132,0.079334
3900,CH01,X,g,136,0.002559
3900,CH01,X,g,140,0.000926
3900,CH01,X,g,144,0.000885
3900,CH01,X,g,148,0.000937
3900,CH01,X,g,152,0.000797
3900,CH01,X,g,156,0.000666
3900,CH01,X,g,160,0.000897
3900,CH01,X,g,164,0.000908
3900,CH01,X,g,168,0.000839
3900,CH01,X,g,172,0.000667
3900,CH01,X,g,176,0.000979
3900,CH01,X,g,180,0.000567
3900,CH01,X,g,184,0.0008
3900,CH01,X,g,188,0.000972
3900,CH01,X,g,192,0.000709
3900,CH01,X,g,196,0.000699
3900,CH01,X,g,200,0.000827
3900,CH01,X,g,204,0.000652
3900,CH01,X,g,208,0.000542
3900,CH01,X,g,212,0.000809
3900,CH01,X,g,216,0.00079
3900,CH01,X,g,220,0.000635
3900,CH01,X,g,224,0.000976
3900,CH01,X,g,228,0.000899
3900,CH01,X,g,232,0.000727
3900,CH01,X,g,236,0.00053
3900,CH01,X,g,240,0.000873
3900,CH01,X,g,244,0.000922
3900,CH01,X,g,248,0.000929
3900,CH01,X,g,252,0.000999
3900,CH01,X,g,256,0.003002
3900,CH01,X,g,260,0.015128
3900,CH01,X,g,264,0.00325
3900,CH01,X,g,268,0.000676
3900,CH01,X,g,272,0.000801
3900,CH01,X,g,276,0.000535
3900,CH01,X,g,280,0.000965
3900,CH01,X,g,284,0.000842
3900,CH01,X,g,288,0.00063
3900,CH01,X,g,292,0.000734
3900,CH01,X,g,296,0.000508
3900,CH01,X,g,300,0.000654
3900,CH01,X,g,304,0.000688
3900,CH01,X,g,308,0.000532
3900,CH01,X,g,312,0.00064
3900,CH01,X,g,316,0.000587
3900,CH01,X,g,320,0.000584
3900,CH01,X,g,324,0.00096
3900,CH01,X,g,328,0.000542
3900,CH01,X,g,332,0.000764
3900,CH01,X,g,336,0.000904
3900,CH01,X,g,340,0.000966
3900,CH01,X,g,344,0.000591
3900,CH01,X,g,348,0.000663
3900,CH01,X,g,352,0.000627
3900,CH01,X,g,356,0.000587
3900,CH01,X,g,360,0.000915
3900,CH01,X,g,364,0.000883
3900,CH01,X,g,368,0.000984
3900,CH01,X,g,372,0.000617
3900,CH01,X,g,376,0.000973
3900,CH01,X,g,380,0.000544
3900,CH01,X,g,384,0.000586
3900,CH01,X,g,388,0.000864
3900,CH01,X,g,392,0.000931
3900,CH01,X,g,396,0.00076
3900,CH01,X,g,400,0.000915
4000,CH01,X,g,4,0.000628
4000,CH01,X,g,8,0.000834
4000,CH01,X,g,12,0.000819
4000,CH01,X,g,16,0.000799
4000,CH01,X,g,20,0.000601
4000,CH01,X,g,24,0.000915
4000,CH01,X,g,28,0.000781
4000,CH01,X,g,32,0.000902
4000,CH01,X,g,36,0.000935
4000,CH01,X,g,40,0.000978
4000,CH01,X,g,44,0.000882
4000,CH01,X,g,48,0.000796
4000,CH01,X,g,52,0.000846
4000,CH01,X,g,56,0.000558
4000,CH01,X,g,60,0.000786
4000,CH01,X,g,64,0.010061
4000,CH01,X,g,68,0.017117
4000,CH01,X,g,72,0.001677
4000,CH01,X,g,76,0.000774
4000,CH01,X,g,80,0.000951
4000,CH01,X,g,84,0.000783
4000,CH01,X,g,88,0.000514
4000,CH01,X,g,92,0.000732
4000,CH01,X,g,96,0.000532
4000,CH01,X,g,100,0.000911
4000,CH01,X,g,104,0.000967
4000,CH01,X,g,108,0.000994
4000,CH01,X,g,112,0.000816
4000,CH01,X,g,116,0.000545
4000,CH01,X,g,120,0.000629
4000,CH01,X,g,124,0.000537
4000,CH01,X,g,128,0.007798
4000,CH01,X,g,132,0.106946
4000,CH01,X,g,136,0.045029
4000,CH01,X,g,140,0.001104
4000,CH01,X,g,144,0.000655
4000,CH01,X,g,148,0.000938
4000,CH01,X,g,152,0.000861
4000,CH01,X,g,156,0.000522
4000,CH01,X,g,160,0.000588
4000,CH01,X,g,164,0.000974
4000,CH01,X,g,168,0.000675
4000,CH01,X,g,172,0.000627
4000,CH01,X,g,176,0.000774
4000,CH01,X,g,180,0.000565
4000,CH01,X,g,184,0.000959
4000,CH01,X,g,188,0.000813
4000,CH01,X,g,192,0.000732
4000,CH01,X,g,196,0.000632
4000,CH01,X,g,200,0.000867
4000,CH01,X,g,204,0.0007
4000,CH01,X,g,208,0.000954
4000,CH01,X,g,212,0.000817
4000,CH01,X,g,216,0.000812
4000,CH01,X,g,220,0.000778
4000,CH01,X,g,224,0.000603
4000,CH01,X,g,228,0.000835
4000,CH01,X,g,232,0.000893
4000,CH01,X,g,236,0.000628
4000,CH01,X,g,240,0.000569
4000,CH01,X,g,244,0.000704
4000,CH01,X,g,248,0.000646
4000,CH01,X,g,252,0.000892
4000,CH01,X,g,256,0.000583
4000,CH01,X,g,260,0.000956
4000,CH01,X,g,264,0.007482
4000,CH01,X,g,268,0.0133
4000,CH01,X,g,272,0.001308
4000,CH01,X,g,276,0.000625
4000,CH01,X,g,280,0.000588
4000,CH01,X,g,284,0.000684
4000,CH01,X,g,288,0.000822
4000,CH01,X,g,292,0.000985
4000,CH01,X,g,296,0.000518
4000,CH01,X,g,300,0.000762
4000,CH01,X,g,304,0.000957
4000,CH01,X,g,308,0.000619
4000,CH01,X,g,312,0.00082
4000,CH01,X,g,316,0.000544
4000,CH01,X,g,320,0.000972
4000,CH01,X,g,324,0.000904
4000,CH01,X,g,328,0.000739
4000,CH01,X,g,332,0.000518
4000,CH01,X,g,336,0.000763
4000,CH01,X,g,340,0.000617
4000,CH01,X,g,344,0.000861
4000,CH01,X,g,348,0.000718
4000,CH01,X,g,352,0.000902
4000,CH01,X,g,356,0.000905
4000,CH01,X,g,360,0.000857
4000,CH01,X,g,364,0.000804
4000,CH01,X,g,368,0.000921
4000,CH01,X,g,372,0.000947
4000,CH01,X,g,376,0.000566
4000,CH01,X,g,380,0.000771
4000,CH01,X,g,384,0.000785
4000,CH01,X,g,388,0.000692
4000,CH01,X,g,392,0.000635
4000,CH01,X,g,396,0.000571
4000,CH01,X,g,400,0.000965
1000,CH01,Y,g,4,0.000581
1000,CH01,Y,g,8,0.000709
1000,CH01,Y,g,12,0.001071
1000,CH01,Y,g,16,0.001408
1000,CH01,Y,g,20,0.001077
1000,CH01,Y,g,24,0.000676
1000,CH01,Y,g,28,0.001037
1000,CH01,Y,g,32,0.002525
1000,CH01,Y,g,36,0.001783
1000,CH01,Y,g,40,0.000535
1000,CH01,Y,g,44,0.000597
1000,CH01,Y,g,48,0.000725
1000,CH01,Y,g,52,0.000644
1000,CH01,Y,g,56,0.000891
1000,CH01,Y,g,60,0.000518
1000,CH01,Y,g,64,0.001162
1000,CH01,Y,g,68,0.001396
1000,CH01,Y,g,72,0.000853
1000,CH01,Y,g,76,0.000604
1000,CH01,Y,g,80,0.000829
1000,CH01,Y,g,84,0.000908
1000,CH01,Y,g,88,0.000563
1000,CH01,Y,g,92,0.00091
1000,CH01,Y,g,96,0.000787
1000,CH01,Y,g,100,0.000981
1000,CH01,Y,g,104,0.00088
1000,CH01,Y,g,108,0.000612
1000,CH01,Y,g,112,0.000806
1000,CH01,Y,g,116,0.000814
1000,CH01,Y,g,120,0.000982
1000,CH01,Y,g,124,0.000888
1000,CH01,Y,g,128,0.000569
1000,CH01,Y,g,132,0.000852
1000,CH01,Y,g,136,0.00094
1000,CH01,Y,g,140,0.000944
1000,CH01,Y,g,144,0.000926
1000,CH01,Y,g,148,0.000726
1000,CH01,Y,g,152,0.000715
1000,CH01,Y,g,156,0.000647
1000,CH01,Y,g,160,0.000849
1000,CH01,Y,g,164,0.000909
1000,CH01,Y,g,168,0.000641
1000,CH01,Y,g,172,0.000791
1000,CH01,Y,g,176,0.000777
1000,CH01,Y,g,180,0.000989
1000,CH01,Y,g,184,0.000852
1000,CH01,Y,g,188,0.000963
1000,CH01,Y,g,192,0.000792
1000,CH01,Y,g,196,0.000834
1000,CH01,Y,g,200,0.000796
1000,CH01,Y,g,204,0.000721
1000,CH01,Y,g,208,0.000836
1000,CH01,Y,g,212,0.000802
1000,CH01,Y,g,216,0.000762
1000,CH01,Y,g,220,0.000595
1000,CH01,Y,g,224,0.000948
1000,CH01,Y,g,228,0.000948
1000,CH01,Y,g,232,0.000534
1000,CH01,Y,g,236,0.000713
1000,CH01,Y,g,240,0.000659
1000,CH01,Y,g,244,0.000631
1000,CH01,Y,g,248,0.000936
1000,CH01,Y,g,252,0.000716
1000,CH01,Y,g,256,0.000692
1000,CH01,Y,g,260,0.000608
1000,CH01,Y,g,264,0.000849
1000,CH01,Y,g,268,0.000764
1000,CH01,Y,g,272,0.000667
1000,CH01,Y,g,276,0.000672
1000,CH01,Y,g,280,0.000655
1000,CH01,Y,g,284,0.000561
1000,CH01,Y,g,288,0.000806
1000,CH01,Y,g,292,0.000911
1000,CH01,Y,g,296,0.000883
1000,CH01,Y,g,300,0.000647
1000,CH01,Y,g,304,0.000674
1000,CH01,Y,g,308,0.000557
1000,CH01,Y,g,312,0.000582
1000,CH01,Y,g,316,0.000796
1000,CH01,Y,g,320,0.000925
1000,CH01,Y,g,324,0.000873
1000,CH01,Y,g,328,0.000986
1000,CH01,Y,g,332,0.000701
1000,CH01,Y,g,336,0.00052
1000,CH01,Y,g,340,0.00073
1000,CH01,Y,g,344,0.000624
1000,CH01,Y,g,348,0.00058
1000,CH01,Y,g,352,0.000521
1000,CH01,Y,g,356,0.000598
1000,CH01,Y,g,360,0.000536
1000,CH01,Y,g,364,0.000527
1000,CH01,Y,g,368,0.000653
1000,CH01,Y,g,372,0.000761
1000,CH01,Y,g,376,0.000995
1000,CH01,Y,g,380,0.000938
1000,CH01,Y,g,384,0.000687
1000,CH01,Y,g,388,0.000939
1000,CH01,Y,g,392,0.000547
1000,CH01,Y,g,396,0.000933
1000,CH01,Y,g,400,0.000568
1100,CH01,Y,g,4,0.000913
1100,CH01,Y,g,8,0.000919
1100,CH01,Y,g,12,0.000723
1100,CH01,Y,g,16,0.001349
1100,CH01,Y,g,20,0.001587
1100,CH01,Y,g,24,0.000742
1100,CH01,Y,g,28,0.000944
1100,CH01,Y,g,32,0.001167
1100,CH01,Y,g,36,0.003342
1100,CH01,Y,g,40,0.001274
1100,CH01,Y,g,44,0.000784
1100,CH01,Y,g,48,0.000604
1100,CH01,Y,g,52,0.000513
1100,CH01,Y,g,56,0.000664
1100,CH01,Y,g,60,0.000717
1100,CH01,Y,g,64,0.000741
1100,CH01,Y,g,68,0.000986
1100,CH01,Y,g,72,0.001493
1100,CH01,Y,g,76,0.001108
1100,CH01,Y,g,80,0.000584
1100,CH01,Y,g,84,0.000704
1100,CH01,Y,g,88,0.000967
1100,CH01,Y,g,92,0.000521
1100,CH01,Y,g,96,0.000737
1100,CH01,Y,g,100,0.000984
1100,CH01,Y,g,104,0.00059
1100,CH01,Y,g,108,0.000987
1100,CH01,Y,g,112,0.000927
1100,CH01,Y,g,116,0.000916
1100,CH01,Y,g,120,0.000819
1100,CH01,Y,g,124,0.000637
1100,CH01,Y,g,128,0.000843
1100,CH01,Y,g,132,0.000504
1100,CH01,Y,g,136,0.000508
1100,CH01,Y,g,140,0.00095
1100,CH01,Y,g,144,0.0005
1100,CH01,Y,g,148,0.000616
1100,CH01,Y,g,152,0.00098
1100,CH01,Y,g,156,0.000608
1100,CH01,Y,g,160,0.000906
1100,CH01,Y,g,164,0.000551
1100,CH01,Y,g,168,0.000947
1100,CH01,Y,g,172,0.000981
1100,CH01,Y,g,176,0.000735
1100,CH01,Y,g,180,0.000955
1100,CH01,Y,g,184,0.000724
1100,CH01,Y,g,188,0.000514
1100,CH01,Y,g,192,0.000614
1100,CH01,Y,g,196,0.000804
1100,CH01,Y,g,200,0.000885
1100,CH01,Y,g,204,0.0007
1100,CH01,Y,g,208,0.000747
1100,CH01,Y,g,212,0.000874
1100,CH01,Y,g,216,0.000943
1100,CH01,Y,g,220,0.000553
1100,CH01,Y,g,224,0.00058
1100,CH01,Y,g,228,0.000555
1100,CH01,Y,g,232,0.000922
1100,CH01,Y,g,236,0.000834
1100,CH01,Y,g,240,0.000643
1100,CH01,Y,g,244,0.000642
1100,CH01,Y,g,248,0.0007
1100,CH01,Y,g,252,0.000546
1100,CH01,Y,g,256,0.00077
1100,CH01,Y,g,260,0.000986
1100,CH01,Y,g,264,0.000969
1100,CH01,Y,g,268,0.000502
1100,CH01,Y,g,272,0.000689
1100,CH01,Y,g,276,0.00056
1100,CH01,Y,g,280,0.000997
1100,CH01,Y,g,284,0.000962
1100,CH01,Y,g,288,0.000712
1100,CH01,Y,g,292,0.000613
1100,CH01,Y,g,296,0.000989
1100,CH01,Y,g,300,0.000843
1100,CH01,Y,g,304,0.000794
1100,CH01,Y,g,308,0.000826
1100,CH01,Y,g,312,0.00056
1100,CH01,Y,g,316,0.000762
1100,CH01,Y,g,320,0.000702
1100,CH01,Y,g,324,0.000733
1100,CH01,Y,g,328,0.000536
1100,CH01,Y,g,332,0.000598
1100,CH01,Y,g,336,0.000959
1100,CH01,Y,g,340,0.000757
1100,CH01,Y,g,344,0.000623
1100,CH01,Y,g,348,0.000773
1100,CH01,Y,g,352,0.000714
1100,CH01,Y,g,356,0.000901
1100,CH01,Y,g,360,0.000789
1100,CH01,Y,g,364,0.000742
1100,CH01,Y,g,368,0.000749
1100,CH01,Y,g,372,0.000865
1100,CH01,Y,g,376,0.000762
1100,CH01,Y,g,380,0.000694
1100,CH01,Y,g,384,0.000688
1100,CH01,Y,g,388,0.000747
1100,CH01,Y,g,392,0.000627
1100,CH01,Y,g,396,0.000748
1100,CH01,Y,g,400,0.000802
1200,CH01,Y,g,4,0.00096
1200,CH01,Y,g,8,0.000674
1200,CH01,Y,g,12,0.00082
1200,CH01,Y,g,16,0.001012
1200,CH01,Y,g,20,0.002145
1200,CH01,Y,g,24,0.000961
1200,CH01,Y,g,28,0.000626
1200,CH01,Y,g,32,0.000616
1200,CH01,Y,g,36,0.001403
1200,CH01,Y,g,40,0.003972
1200,CH01,Y,g,44,0.001217
1200,CH01,Y,g,48,0.000841
1200,CH01,Y,g,52,0.000576
1200,CH01,Y,g,56,0.000798
1200,CH01,Y,g,60,0.000922
1200,CH01,Y,g,64,0.000981
1200,CH01,Y,g,68,0.000684
1200,CH01,Y,g,72,0.000524
1200,CH01,Y,g,76,0.000739
1200,CH01,Y,g,80,0.001484
1200,CH01,Y,g,84,0.001085
1200,CH01,Y,g,88,0.000587
1200,CH01,Y,g,92,0.000765
1200,CH01,Y,g,96,0.000646
1200,CH01,Y,g,100,0.000816
1200,CH01,Y,g,104,0.000728
1200,CH01,Y,g,108,0.000717
1200,CH01,Y,g,112,0.000945
1200,CH01,Y,g,116,0.000512
1200,CH01,Y,g,120,0.000714
1200,CH01,Y,g,124,0.000739
1200,CH01,Y,g,128,0.000614
1200,CH01,Y,g,132,0.000954
1200,CH01,Y,g,136,0.000548
1200,CH01,Y,g,140,0.00083
1200,CH01,Y,g,144,0.000972
1200,CH01,Y,g,148,0.000684
1200,CH01,Y,g,152,0.000744
1200,CH01,Y,g,156,0.000746
1200,CH01,Y,g,160,0.00091
1200,CH01,Y,g,164,0.000527
1200,CH01,Y,g,168,0.000837
1200,CH01,Y,g,172,0.000794
1200,CH01,Y,g,176,0.000621
1200,CH01,Y,g,180,0.000813
1200,CH01,Y,g,184,0.000695
1200,CH01,Y,g,188,0.000881
1200,CH01,Y,g,192,0.000986
1200,CH01,Y,g,196,0.000532
1200,CH01,Y,g,200,0.000826
1200,CH01,Y,g,204,0.000918
1200,CH01,Y,g,208,0.000896
1200,CH01,Y,g,212,0.000912
1200,CH01,Y,g,216,0.000869
1200,CH01,Y,g,220,0.000829
1200,CH01,Y,g,224,0.000995
1200,CH01,Y,g,228,0.000609
1200,CH01,Y,g,232,0.000505
1200,CH01,Y,g,236,0.000713
1200,CH01,Y,g,240,0.000874
1200,CH01,Y,g,244,0.00087
1200,CH01,Y,g,248,0.00066
1200,CH01,Y,g,252,0.000811
1200,CH01,Y,g,256,0.000764
1200,CH01,Y,g,260,0.000966
1200,CH01,Y,g,264,0.000721
1200,CH01,Y,g,268,0.000647
1200,CH01,Y,g,272,0.000636
1200,CH01,Y,g,276,0.000723
1200,CH01,Y,g,280,0.000847
1200,CH01,Y,g,284,0.000559
1200,CH01,Y,g,288,0.000638
1200,CH01,Y,g,292,0.000603
1200,CH01,Y,g,296,0.000685
1200,CH01,Y,g,300,0.000514
1200,CH01,Y,g,304,0.000929
1200,CH01,Y,g,308,0.000642
1200,CH01,Y,g,312,0.000538
1200,CH01,Y,g,316,0.000789
1200,CH01,Y,g,320,0.000652
1200,CH01,Y,g,324,0.00061
1200,CH01,Y,g,328,0.000739
1200,CH01,Y,g,332,0.000743
1200,CH01,Y,g,336,0.000874
1200,CH01,Y,g,340,0.000927
1200,CH01,Y,g,344,0.000766
1200,CH01,Y,g,348,0.000779
1200,CH01,Y,g,352,0.000886
1200,CH01,Y,g,356,0.000918
1200,CH01,Y,g,360,0.000933
1200,CH01,Y,g,364,0.000735
1200,CH01,Y,g,368,0.000953
1200,CH01,Y,g,372,0.000994
1200,CH01,Y,g,376,0.000594
1200,CH01,Y,g,380,0.00094
1200,CH01,Y,g,384,0.000878
1200,CH01,Y,g,388,0.000813
1200,CH01,Y,g,392,0.000928
1200,CH01,Y,g,396,0.000945
1200,CH01,Y,g,400,0.000799
1300,CH01,Y,g,4,0.000747
1300,CH01,Y,g,8,0.000853
1300,CH01,Y,g,12,0.000566
1300,CH01,Y,g,16,0.000967
1300,CH01,Y,g,20,0.001778
1300,CH01,Y,g,24,0.001667
1300,CH01,Y,g,28,0.000891
1300,CH01,Y,g,32,0.000658
1300,CH01,Y,g,36,0.000804
1300,CH01,Y,g,40,0.001717
1300,CH01,Y,g,44,0.004199
1300,CH01,Y,g,48,0.001235
1300,CH01,Y,g,52,0.000653
1300,CH01,Y,g,56,0.000699
1300,CH01,Y,g,60,0.00098
1300,CH01,Y,g,64,0.00085
1300,CH01,Y,g,68,0.000945
1300,CH01,Y,g,72,0.000547
1300,CH01,Y,g,76,0.000529
1300,CH01,Y,g,80,0.000734
1300,CH01,Y,g,84,0.001035
1300,CH01,Y,g,88,0.001836
1300,CH01,Y,g,92,0.000998
1300,CH01,Y,g,96,0.000574
1300,CH01,Y,g,100,0.000712
1300,CH01,Y,g,104,0.000802
1300,CH01,Y,g,108,0.000719
1300,CH01,Y,g,112,0.000912
1300,CH01,Y,g,116,0.000515
1300,CH01,Y,g,120,0.000524
1300,CH01,Y,g,124,0.000896
1300,CH01,Y,g,128,0.000707
1300,CH01,Y,g,132,0.000659
1300,CH01,Y,g,136,0.000636
1300,CH01,Y,g,140,0.000896
1300,CH01,Y,g,144,0.000789
1300,CH01,Y,g,148,0.000789
1300,CH01,Y,g,152,0.000882
1300,CH01,Y,g,156,0.000783
1300,CH01,Y,g,160,0.000586
1300,CH01,Y,g,164,0.000877
1300,CH01,Y,g,168,0.000776
1300,CH01,Y,g,172,0.000656
1300,CH01,Y,g,176,0.000544
1300,CH01,Y,g,180,0.000549
1300,CH01,Y,g,184,0.000875
1300,CH01,Y,g,188,0.000633
1300,CH01,Y,g,192,0.000975
1300,CH01,Y,g,196,0.000954
1300,CH01,Y,g,200,0.000511
1300,CH01,Y,g,204,0.000941
1300,CH01,Y,g,208,0.000906
1300,CH01,Y,g,212,0.000805
1300,CH01,Y,g,216,0.000738
1300,CH01,Y,g,220,0.000837
1300,CH01,Y,g,224,0.000538
1300,CH01,Y,g,228,0.000566
1300,CH01,Y,g,232,0.000573
1300,CH01,Y,g,236,0.00077
1300,CH01,Y,g,240,0.000893
1300,CH01,Y,g,244,0.000836
1300,CH01,Y,g,248,0.000512
1300,CH01,Y,g,252,0.00076
1300,CH01,Y,g,256,0.000698
1300,CH01,Y,g,260,0.000805
1300,CH01,Y,g,264,0.000689
1300,CH01,Y,g,268,0.000671
1300,CH01,Y,g,272,0.000583
1300,CH01,Y,g,276,0.000858
1300,CH01,Y,g,280,0.000845
1300,CH01,Y,g,284,0.000569
1300,CH01,Y,g,288,0.0008
1300,CH01,Y,g,292,0.00055
1300,CH01,Y,g,296,0.000835
1300,CH01,Y,g,300,0.000634
1300,CH01,Y,g,304,0.000658
1300,CH01,Y,g,308,0.000816
1300,CH01,Y,g,312,0.000918
1300,CH01,Y,g,316,0.000858
1300,CH01,Y,g,320,0.000956
1300,CH01,Y,g,324,0.000524
1300,CH01,Y,g,328,0.000703
1300,CH01,Y,g,332,0.000651
1300,CH01,Y,g,336,0.000875
1300,CH01,Y,g,340,0.000523
1300,CH01,Y,g,344,0.000789
1300,CH01,Y,g,348,0.000842
1300,CH01,Y,g,352,0.000779
1300,CH01,Y,g,356,0.000987
1300,CH01,Y,g,360,0.000905
1300,CH01,Y,g,364,0.000578
1300,CH01,Y,g,368,0.000627
1300,CH01,Y,g,372,0.000831
1300,CH01,Y,g,376,0.000782
1300,CH01,Y,g,380,0.00072
1300,CH01,Y,g,384,0.00052
1300,CH01,Y,g,388,0.00076
1300,CH01,Y,g,392,0.000645
1300,CH01,Y,g,396,0.000836
1300,CH01,Y,g,400,0.000811
1400,CH01,Y,g,4,0.000643
1400,CH01,Y,g,8,0.000879
1400,CH01,Y,g,12,0.000503
1400,CH01,Y,g,16,0.000631
1400,CH01,Y,g,20,0.001181
1400,CH01,Y,g,24,0.002423
1400,CH01,Y,g,28,0.000667
1400,CH01,Y,g,32,0.000967
1400,CH01,Y,g,36,0.000509
1400,CH01,Y,g,40,0.00062
1400,CH01,Y,g,44,0.002841
1400,CH01,Y,g,48,0.004163
1400,CH01,Y,g,52,0.001035
1400,CH01,Y,g,56,0.00079
1400,CH01,Y,g,60,0.000543
1400,CH01,Y,g,64,0.000677
1400,CH01,Y,g,68,0.000865
1400,CH01,Y,g,72,0.000689
1400,CH01,Y,g,76,0.000974
1400,CH01,Y,g,80,0.000836
1400,CH01,Y,g,84,0.000754
1400,CH01,Y,g,88,0.000942
1400,CH01,Y,g,92,0.001786
1400,CH01,Y,g,96,0.001517
1400,CH01,Y,g,100,0.000521
1400,CH01,Y,g,104,0.000585
1400,CH01,Y,g,108,0.00073
1400,CH01,Y,g,112,0.00073
1400,CH01,Y,g,116,0.000593
1400,CH01,Y,g,120,0.00078
1400,CH01,Y,g,124,0.000889
1400,CH01,Y,g,128,0.000553
1400,CH01,Y,g,132,0.000971
1400,CH01,Y,g,136,0.000922
1400,CH01,Y,g,140,0.000664
1400,CH01,Y,g,144,0.000516
1400,CH01,Y,g,148,0.000518
1400,CH01,Y,g,152,0.000732
1400,CH01,Y,g,156,0.000693
1400,CH01,Y,g,160,0.000523
1400,CH01,Y,g,164,0.000647
1400,CH01,Y,g,168,0.000874
1400,CH01,Y,g,172,0.000669
1400,CH01,Y,g,176,0.000961
1400,CH01,Y,g,180,0.000806
1400,CH01,Y,g,184,0.000644
1400,CH01,Y,g,188,0.000933
1400,CH01,Y,g,192,0.00078
1400,CH01,Y,g,196,0.000929
1400,CH01,Y,g,200,0.000724
1400,CH01,Y,g,204,0.000779
1400,CH01,Y,g,208,0.00071
1400,CH01,Y,g,212,0.000713
1400,CH01,Y,g,216,0.000987
1400,CH01,Y,g,220,0.000742
1400,CH01,Y,g,224,0.000547
1400,CH01,Y,g,228,0.000878
1400,CH01,Y,g,232,0.000784
1400,CH01,Y,g,236,0.000743
1400,CH01,Y,g,240,0.000745
1400,CH01,Y,g,244,0.000842
1400,CH01,Y,g,248,0.000579
1400,CH01,Y,g,252,0.000902
1400,CH01,Y,g,256,0.000809
1400,CH01,Y,g,260,0.000816
1400,CH01,Y,g,264,0.000808
1400,CH01,Y,g,268,0.000697
1400,CH01,Y,g,272,0.000731
1400,CH01,Y,g,276,0.000821
1400,CH01,Y,g,280,0.000983
1400,CH01,Y,g,284,0.000831
1400,CH01,Y,g,288,0.000941
1400,CH01,Y,g,292,0.000997
1400,CH01,Y,g,296,0.000908
1400,CH01,Y,g,300,0.000904
1400,CH01,Y,g,304,0.000679
1400,CH01,Y,g,308,0.000666
1400,CH01,Y,g,312,0.000615
1400,CH01,Y,g,316,0.000656
1400,CH01,Y,g,320,0.000978
1400,CH01,Y,g,324,0.000541
1400,CH01,Y,g,328,0.000967
1400,CH01,Y,g,332,0.000561
1400,CH01,Y,g,336,0.000704
1400,CH01,Y,g,340,0.000733
1400,CH01,Y,g,344,0.00088
1400,CH01,Y,g,348,0.00053
1400,CH01,Y,g,352,0.000694
1400,CH01,Y,g,356,0.000956
1400,CH01,Y,g,360,0.000622
1400,CH01,Y,g,364,0.000618
1400,CH01,Y,g,368,0.00066
1400,CH01,Y,g,372,0.000802
1400,CH01,Y,g,376,0.000597
1400,CH01,Y,g,380,0.00086
1400,CH01,Y,g,384,0.000889
1400,CH01,Y,g,388,0.000741
1400,CH01,Y,g,392,0.000801
1400,CH01,Y,g,396,0.000597
1400,CH01,Y,g,400,0.000782
1500,CH01,Y,g,4,0.000501
1500,CH01,Y,g,8,0.000987
1500,CH01,Y,g,12,0.000741
1500,CH01,Y,g,16,0.000529
1500,CH01,Y,g,20,0.000962
1500,CH01,Y,g,24,0.002611
1500,CH01,Y,g,28,0.001664
1500,CH01,Y,g,32,0.000911
1500,CH01,Y,g,36,0.000641
1500,CH01,Y,g,40,0.000655
1500,CH01,Y,g,44,0.000992
1500,CH01,Y,g,48,0.003734
1500,CH01,Y,g,52,0.003757
1500,CH01,Y,g,56,0.000826
1500,CH01,Y,g,60,0.000995
1500,CH01,Y,g,64,0.000863
1500,CH01,Y,g,68,0.000999
1500,CH01,Y,g,72,0.000515
1500,CH01,Y,g,76,0.000557
1500,CH01,Y,g,80,0.000543
1500,CH01,Y,g,84,0.000544
1500,CH01,Y,g,88,0.000824
1500,CH01,Y,g,92,0.000972
1500,CH01,Y,g,96,0.000968
1500,CH01,Y,g,100,0.003155
1500,CH01,Y,g,104,0.001122
1500,CH01,Y,g,108,0.000567
1500,CH01,Y,g,112,0.000977
1500,CH01,Y,g,116,0.00063
1500,CH01,Y,g,120,0.000572
1500,CH01,Y,g,124,0.000867
1500,CH01,Y,g,128,0.000681
1500,CH01,Y,g,132,0.000985
1500,CH01,Y,g,136,0.000551
1500,CH01,Y,g,140,0.000764
1500,CH01,Y,g,144,0.000546
1500,CH01,Y,g,148,0.001
1500,CH01,Y,g,152,0.000526
1500,CH01,Y,g,156,0.000598
1500,CH01,Y,g,160,0.000664
1500,CH01,Y,g,164,0.000658
1500,CH01,Y,g,168,0.000824
1500,CH01,Y,g,172,0.000687
1500,CH01,Y,g,176,0.000864
1500,CH01,Y,g,180,0.000544
1500,CH01,Y,g,184,0.000722
1500,CH01,Y,g,188,0.000642
1500,CH01,Y,g,192,0.000767
1500,CH01,Y,g,196,0.000543
1500,CH01,Y,g,200,0.000504
1500,CH01,Y,g,204,0.000711
1500,CH01,Y,g,208,0.000781
1500,CH01,Y,g,212,0.000532
1500,CH01,Y,g,216,0.000541
1500,CH01,Y,g,220,0.000717
1500,CH01,Y,g,224,0.000799
1500,CH01,Y,g,228,0.000953
1500,CH01,Y,g,232,0.000653
1500,CH01,Y,g,236,0.00058
1500,CH01,Y,g,240,0.000551
1500,CH01,Y,g,244,0.000917
1500,CH01,Y,g,248,0.000502
1500,CH01,Y,g,252,0.000933
1500,CH01,Y,g,256,0.000717
1500,CH01,Y,g,260,0.00066
1500,CH01,Y,g,264,0.000889
1500,CH01,Y,g,268,0.000988
1500,CH01,Y,g,272,0.000815
1500,CH01,Y,g,276,0.000893
1500,CH01,Y,g,280,0.00051
1500,CH01,Y,g,284,0.000849
1500,CH01,Y,g,288,0.000873
1500,CH01,Y,g,292,0.000682
1500,CH01,Y,g,296,0.00084
1500,CH01,Y,g,300,0.000589
1500,CH01,Y,g,304,0.000588
1500,CH01,Y,g,308,0.000825
1500,CH01,Y,g,312,0.000648
1500,CH01,Y,g,316,0.000547
1500,CH01,Y,g,320,0.000692
1500,CH01,Y,g,324,0.001
1500,CH01,Y,g,328,0.000818
1500,CH01,Y,g,332,0.00093
1500,CH01,Y,g,336,0.000825
1500,CH01,Y,g,340,0.000643
1500,CH01,Y,g,344,0.000852
1500,CH01,Y,g,348,0.000811
1500,CH01,Y,g,352,0.000907
1500,CH01,Y,g,356,0.000528
1500,CH01,Y,g,360,0.000542
1500,CH01,Y,g,364,0.00073
1500,CH01,Y,g,368,0.000675
1500,CH01,Y,g,372,0.000979
1500,CH01,Y,g,376,0.000931
1500,CH01,Y,g,380,0.000981
1500,CH01,Y,g,384,0.000532
1500,CH01,Y,g,388,0.000958
1500,CH01,Y,g,392,0.000656
1500,CH01,Y,g,396,0.000646
1500,CH01,Y,g,400,0.000773
1600,CH01,Y,g,4,0.000526
1600,CH01,Y,g,8,0.000864
1600,CH01,Y,g,12,0.000665
1600,CH01,Y,g,16,0.000798
1600,CH01,Y,g,20,0.000692
1600,CH01,Y,g,24,0.001669
1600,CH01,Y,g,28,0.002402
1600,CH01,Y,g,32,0.000767
1600,CH01,Y,g,36,0.000963
1600,CH01,Y,g,40,0.000889
1600,CH01,Y,g,44,0.000831
1600,CH01,Y,g,48,0.000952
1600,CH01,Y,g,52,0.00546
1600,CH01,Y,g,56,0.003069
1600,CH01,Y,g,60,0.000739
1600,CH01,Y,g,64,0.000655
1600,CH01,Y,g,68,0.000682
1600,CH01,Y,g,72,0.000644
1600,CH01,Y,g,76,0.000925
1600,CH01,Y,g,80,0.000714
1600,CH01,Y,g,84,0.00097
1600,CH01,Y,g,88,0.000939
1600,CH01,Y,g,92,0.000507
1600,CH01,Y,g,96,0.000542
1600,CH01,Y,g,100,0.000726
1600,CH01,Y,g,104,0.002026
1600,CH01,Y,g,108,0.004239
1600,CH01,Y,g,112,0.001119
1600,CH01,Y,g,116,0.000655
1600,CH01,Y,g,120,0.000969
1600,CH01,Y,g,124,0.000715
1600,CH01,Y,g,128,0.000646
1600,CH01,Y,g,132,0.000935
1600,CH01,Y,g,136,0.00068
1600,CH01,Y,g,140,0.00066
1600,CH01,Y,g,144,0.00088
1600,CH01,Y,g,148,0.000618
1600,CH01,Y,g,152,0.000758
1600,CH01,Y,g,156,0.000609
1600,CH01,Y,g,160,0.000532
1600,CH01,Y,g,164,0.000713
1600,CH01,Y,g,168,0.00065
1600,CH01,Y,g,172,0.000858
1600,CH01,Y,g,176,0.000603
1600,CH01,Y,g,180,0.000564
1600,CH01,Y,g,184,0.000529
1600,CH01,Y,g,188,0.000937
1600,CH01,Y,g,192,0.000806
1600,CH01,Y,g,196,0.000872
1600,CH01,Y,g,200,0.000518
1600,CH01,Y,g,204,0.000509
1600,CH01,Y,g,208,0.000984
1600,CH01,Y,g,212,0.000657
1600,CH01,Y,g,216,0.000661
1600,CH01,Y,g,220,0.000702
1600,CH01,Y,g,224,0.000738
1600,CH01,Y,g,228,0.000537
1600,CH01,Y,g,232,0.000514
1600,CH01,Y,g,236,0.000865
1600,CH01,Y,g,240,0.000616
1600,CH01,Y,g,244,0.000581
1600,CH01,Y,g,248,0.000817
1600,CH01,Y,g,252,0.000733
1600,CH01,Y,g,256,0.000867
1600,CH01,Y,g,260,0.000917
1600,CH01,Y,g,264,0.000948
1600,CH01,Y,g,268,0.000841
1600,CH01,Y,g,272,0.000513
1600,CH01,Y,g,276,0.000841
1600,CH01,Y,g,280,0.000743
1600,CH01,Y,g,284,0.000555
1600,CH01,Y,g,288,0.000897
1600,CH01,Y,g,292,0.000722
1600,CH01,Y,g,296,0.000769
1600,CH01,Y,g,300,0.000968
1600,CH01,Y,g,304,0.000937
1600,CH01,Y,g,308,0.000747
1600,CH01,Y,g,312,0.000971
1600,CH01,Y,g,316,0.000951
1600,CH01,Y,g,320,0.000924
1600,CH01,Y,g,324,0.000995
1600,CH01,Y,g,328,0.000813
1600,CH01,Y,g,332,0.000668
1600,CH01,Y,g,336,0.000794
1600,CH01,Y,g,340,0.000678
1600,CH01,Y,g,344,0.000985
1600,CH01,Y,g,348,0.000542
1600,CH01,Y,g,352,0.000862
1600,CH01,Y,g,356,0.000676
1600,CH01,Y,g,360,0.00051
1600,CH01,Y,g,364,0.000561
1600,CH01,Y,g,368,0.000855
1600,CH01,Y,g,372,0.000907
1600,CH01,Y,g,376,0.000974
1600,CH01,Y,g,380,0.000886
1600,CH01,Y,g,384,0.00063
1600,CH01,Y,g,388,0.000874
1600,CH01,Y,g,392,0.0009
1600,CH01,Y,g,396,0.000828
1600,CH01,Y,g,400,0.000602
1700,CH01,Y,g,4,0.000781
1700,CH01,Y,g,8,0.000924
1700,CH01,Y,g,12,0.000861
1700,CH01,Y,g,16,0.000841
1700,CH01,Y,g,20,0.000808
1700,CH01,Y,g,24,0.001046
1700,CH01,Y,g,28,0.003303
1700,CH01,Y,g,32,0.001158
1700,CH01,Y,g,36,0.000658
1700,CH01,Y,g,40,0.000877
1700,CH01,Y,g,44,0.000844
1700,CH01,Y,g,48,0.00054
1700,CH01,Y,g,52,0.001269
1700,CH01,Y,g,56,0.006843
1700,CH01,Y,g,60,0.002573
1700,CH01,Y,g,64,0.00094
1700,CH01,Y,g,68,0.000663
1700,CH01,Y,g,72,0.000931
1700,CH01,Y,g,76,0.000741
1700,CH01,Y,g,80,0.000919
1700,CH01,Y,g,84,0.000926
1700,CH01,Y,g,88,0.000911
1700,CH01,Y,g,92,0.000836
1700,CH01,Y,g,96,0.000863
1700,CH01,Y,g,100,0.000945
1700,CH01,Y,g,104,0.000801
1700,CH01,Y,g,108,0.001084
1700,CH01,Y,g,112,0.005739
1700,CH01,Y,g,116,0.004157
1700,CH01,Y,g,120,0.000698
1700,CH01,Y,g,124,0.000598
1700,CH01,Y,g,128,0.000994
1700,CH01,Y,g,132,0.000728
1700,CH01,Y,g,136,0.000561
1700,CH01,Y,g,140,0.0007
1700,CH01,Y,g,144,0.000837
1700,CH01,Y,g,148,0.000876
1700,CH01,Y,g,152,0.000899
1700,CH01,Y,g,156,0.000552
1700,CH01,Y,g,160,0.000554
1700,CH01,Y,g,164,0.00079
1700,CH01,Y,g,168,0.000771
1700,CH01,Y,g,172,0.000919
1700,CH01,Y,g,176,0.000982
1700,CH01,Y,g,180,0.000791
1700,CH01,Y,g,184,0.000947
1700,CH01,Y,g,188,0.000796
1700,CH01,Y,g,192,0.000735
1700,CH01,Y,g,196,0.000701
1700,CH01,Y,g,200,0.000816
1700,CH01,Y,g,204,0.000865
1700,CH01,Y,g,208,0.000752
1700,CH01,Y,g,212,0.000948
1700,CH01,Y,g,216,0.000979
1700,CH01,Y,g,220,0.000503
1700,CH01,Y,g,224,0.000957
1700,CH01,Y,g,228,0.000961
1700,CH01,Y,g,232,0.000688
1700,CH01,Y,g,236,0.000856
1700,CH01,Y,g,240,0.000647
1700,CH01,Y,g,244,0.00057
1700,CH01,Y,g,248,0.000957
1700,CH01,Y,g,252,0.000674
1700,CH01,Y,g,256,0.000829
1700,CH01,Y,g,260,0.000783
1700,CH01,Y,g,264,0.000557
1700,CH01,Y,g,268,0.000922
1700,CH01,Y,g,272,0.000876
1700,CH01,Y,g,276,0.000931
1700,CH01,Y,g,280,0.000935
1700,CH01,Y,g,284,0.00078
1700,CH01,Y,g,288,0.000572
1700,CH01,Y,g,292,0.000973
1700,CH01,Y,g,296,0.000584
1700,CH01,Y,g,300,0.000776
1700,CH01,Y,g,304,0.000553
1700,CH01,Y,g,308,0.000955
1700,CH01,Y,g,312,0.000837
1700,CH01,Y,g,316,0.000999
1700,CH01,Y,g,320,0.00062
1700,CH01,Y,g,324,0.000502
1700,CH01,Y,g,328,0.000704
1700,CH01,Y,g,332,0.000974
1700,CH01,Y,g,336,0.000607
1700,CH01,Y,g,340,0.00055
1700,CH01,Y,g,344,0.000975
1700,CH01,Y,g,348,0.000611
1700,CH01,Y,g,352,0.000517
1700,CH01,Y,g,356,0.00059
1700,CH01,Y,g,360,0.000843
1700,CH01,Y,g,364,0.000906
1700,CH01,Y,g,368,0.00082
1700,CH01,Y,g,372,0.000769
1700,CH01,Y,g,376,0.000963
1700,CH01,Y,g,380,0.000862
1700,CH01,Y,g,384,0.000658
1700,CH01,Y,g,388,0.000842
1700,CH01,Y,g,392,0.000507
1700,CH01,Y,g,396,0.000884
1700,CH01,Y,g,400,0.000525
1800,CH01,Y,g,4,0.000559
1800,CH01,Y,g,8,0.000784
1800,CH01,Y,g,12,0.000869
1800,CH01,Y,g,16,0.000998
1800,CH01,Y,g,20,0.000803
1800,CH01,Y,g,24,0.000757
1800,CH01,Y,g,28,0.002624
1800,CH01,Y,g,32,0.00272
1800,CH01,Y,g,36,0.001005
1800,CH01,Y,g,40,0.000889
1800,CH01,Y,g,44,0.000617
1800,CH01,Y,g,48,0.000901
1800,CH01,Y,g,52,0.0009
1800,CH01,Y,g,56,0.001738
1800,CH01,Y,g,60,0.007672
1800,CH01,Y,g,64,0.002083
1800,CH01,Y,g,68,0.000847
1800,CH01,Y,g,72,0.000803
1800,CH01,Y,g,76,0.000606
1800,CH01,Y,g,80,0.000504
1800,CH01,Y,g,84,0.000628
1800,CH01,Y,g,88,0.000681
1800,CH01,Y,g,92,0.000986
1800,CH01,Y,g,96,0.00067
1800,CH01,Y,g,100,0.000764
1800,CH01,Y,g,104,0.000848
1800,CH01,Y,g,108,0.000675
1800,CH01,Y,g,112,0.00058
1800,CH01,Y,g,116,0.001972
1800,CH01,Y,g,120,0.009266
1800,CH01,Y,g,124,0.002022
1800,CH01,Y,g,128,0.000743
1800,CH01,Y,g,132,0.000657
1800,CH01,Y,g,136,0.000561
1800,CH01,Y,g,140,0.000585
1800,CH01,Y,g,144,0.000594
1800,CH01,Y,g,148,0.000598
1800,CH01,Y,g,152,0.000807
1800,CH01,Y,g,156,0.000862
1800,CH01,Y,g,160,0.000943
1800,CH01,Y,g,164,0.000527
1800,CH01,Y,g,168,0.000557
1800,CH01,Y,g,172,0.000809
1800,CH01,Y,g,176,0.000877
1800,CH01,Y,g,180,0.000757
1800,CH01,Y,g,184,0.000648
1800,CH01,Y,g,188,0.00093
1800,CH01,Y,g,192,0.000838
1800,CH01,Y,g,196,0.000571
1800,CH01,Y,g,200,0.00094
1800,CH01,Y,g,204,0.000594
1800,CH01,Y,g,208,0.000686
1800,CH01,Y,g,212,0.000968
1800,CH01,Y,g,216,0.000813
1800,CH01,Y,g,220,0.000706
1800,CH01,Y,g,224,0.000848
1800,CH01,Y,g,228,0.000527
1800,CH01,Y,g,232,0.000905
1800,CH01,Y,g,236,0.000645
1800,CH01,Y,g,240,0.000513
1800,CH01,Y,g,244,0.000958
1800,CH01,Y,g,248,0.000807
1800,CH01,Y,g,252,0.000859
1800,CH01,Y,g,256,0.000832
1800,CH01,Y,g,260,0.000791
1800,CH01,Y,g,264,0.000721
1800,CH01,Y,g,268,0.000712
1800,CH01,Y,g,272,0.000518
1800,CH01,Y,g,276,0.000859
1800,CH01,Y,g,280,0.000691
1800,CH01,Y,g,284,0.000794
1800,CH01,Y,g,288,0.000896
1800,CH01,Y,g,292,0.000989
1800,CH01,Y,g,296,0.000625
1800,CH01,Y,g,300,0.000996
1800,CH01,Y,g,304,0.000852
1800,CH01,Y,g,308,0.000606
1800,CH01,Y,g,312,0.000934
1800,CH01,Y,g,316,0.000863
1800,CH01,Y,g,320,0.000577
1800,CH01,Y,g,324,0.000851
1800,CH01,Y,g,328,0.000993
1800,CH01,Y,g,332,0.000906
1800,CH01,Y,g,336,0.000616
1800,CH01,Y,g,340,0.000796
1800,CH01,Y,g,344,0.000702
1800,CH01,Y,g,348,0.000813
1800,CH01,Y,g,352,0.000788
1800,CH01,Y,g,356,0.000585
1800,CH01,Y,g,360,0.000907
1800,CH01,Y,g,364,0.000902
1800,CH01,Y,g,368,0.000899
1800,CH01,Y,g,372,0.000648
1800,CH01,Y,g,376,0.000609
1800,CH01,Y,g,380,0.000664
1800,CH01,Y,g,384,0.000742
1800,CH01,Y,g,388,0.000906
1800,CH01,Y,g,392,0.000706
1800,CH01,Y,g,396,0.00077
1800,CH01,Y,g,400,0.000836
1900,CH01,Y,g,4,0.000595
1900,CH01,Y,g,8,0.000546
1900,CH01,Y,g,12,0.000936
1900,CH01,Y,g,16,0.000931
1900,CH01,Y,g,20,0.000838
1900,CH01,Y,g,24,0.000656
1900,CH01,Y,g,28,0.001686
1900,CH01,Y,g,32,0.003649
1900,CH01,Y,g,36,0.000956
1900,CH01,Y,g,40,0.00058
1900,CH01,Y,g,44,0.000936
1900,CH01,Y,g,48,0.000855
1900,CH01,Y,g,52,0.000851
1900,CH01,Y,g,56,0.000535
1900,CH01,Y,g,60,0.003012
1900,CH01,Y,g,64,0.008363
1900,CH01,Y,g,68,0.001362
1900,CH01,Y,g,72,0.000831
1900,CH01,Y,g,76,0.000967
1900,CH01,Y,g,80,0.000813
1900,CH01,Y,g,84,0.000867
1900,CH01,Y,g,88,0.000612
1900,CH01,Y,g,92,0.000572
1900,CH01,Y,g,96,0.000937
1900,CH01,Y,g,100,0.000598
1900,CH01,Y,g,104,0.000759
1900,CH01,Y,g,108,0.000564
1900,CH01,Y,g,112,0.00075
1900,CH01,Y,g,116,0.000597
1900,CH01,Y,g,120,0.000591
1900,CH01,Y,g,124,0.004582
1900,CH01,Y,g,128,0.007032
1900,CH01,Y,g,132,0.001153
1900,CH01,Y,g,136,0.000662
1900,CH01,Y,g,140,0.000678
1900,CH01,Y,g,144,0.000513
1900,CH01,Y,g,148,0.00059
1900,CH01,Y,g,152,0.000606
1900,CH01,Y,g,156,0.000769
1900,CH01,Y,g,160,0.000779
1900,CH01,Y,g,164,0.000968
1900,CH01,Y,g,168,0.000522
1900,CH01,Y,g,172,0.000663
1900,CH01,Y,g,176,0.000965
1900,CH01,Y,g,180,0.000637
1900,CH01,Y,g,184,0.000534
1900,CH01,Y,g,188,0.000693
1900,CH01,Y,g,192,0.000982
1900,CH01,Y,g,196,0.000758
1900,CH01,Y,g,200,0.000545
1900,CH01,Y,g,204,0.00055
1900,CH01,Y,g,208,0.000999
1900,CH01,Y,g,212,0.000833
1900,CH01,Y,g,216,0.000729
1900,CH01,Y,g,220,0.00052
1900,CH01,Y,g,224,0.000631
1900,CH01,Y,g,228,0.000961
1900,CH01,Y,g,232,0.000755
1900,CH01,Y,g,236,0.000777
1900,CH01,Y,g,240,0.000752
1900,CH01,Y,g,244,0.00099
1900,CH01,Y,g,248,0.000536
1900,CH01,Y,g,252,0.000596
1900,CH01,Y,g,256,0.000907
1900,CH01,Y,g,260,0.000506
1900,CH01,Y,g,264,0.000734
1900,CH01,Y,g,268,0.000558
1900,CH01,Y,g,272,0.000547
1900,CH01,Y,g,276,0.000755
1900,CH01,Y,g,280,0.000537
1900,CH01,Y,g,284,0.000891
1900,CH01,Y,g,288,0.000792
1900,CH01,Y,g,292,0.000833
1900,CH01,Y,g,296,0.00083
1900,CH01,Y,g,300,0.000673
1900,CH01,Y,g,304,0.000548
1900,CH01,Y,g,308,0.000564
1900,CH01,Y,g,312,0.000645
1900,CH01,Y,g,316,0.000875
1900,CH01,Y,g,320,0.000776
1900,CH01,Y,g,324,0.000519
1900,CH01,Y,g,328,0.000516
1900,CH01,Y,g,332,0.000719
1900,CH01,Y,g,336,0.00067
1900,CH01,Y,g,340,0.000645
1900,CH01,Y,g,344,0.000712
1900,CH01,Y,g,348,0.000634
1900,CH01,Y,g,352,0.000561
1900,CH01,Y,g,356,0.000962
1900,CH01,Y,g,360,0.000985
1900,CH01,Y,g,364,0.000621
1900,CH01,Y,g,368,0.000997
1900,CH01,Y,g,372,0.000655
1900,CH01,Y,g,376,0.000528
1900,CH01,Y,g,380,0.000732
1900,CH01,Y,g,384,0.000604
1900,CH01,Y,g,388,0.000806
1900,CH01,Y,g,392,0.000519
1900,CH01,Y,g,396,0.000963
1900,CH01,Y,g,400,0.000546
2000,CH01,Y,g,4,0.000589
2000,CH01,Y,g,8,0.000623
2000,CH01,Y,g,12,0.000964
2000,CH01,Y,g,16,0.00051
2000,CH01,Y,g,20,0.000808
2000,CH01,Y,g,24,0.00089
2000,CH01,Y,g,28,0.000974
2000,CH01,Y,g,32,0.003484
2000,CH01,Y,g,36,0.002096
2000,CH01,Y,g,40,0.000711
2000,CH01,Y,g,44,0.000507
2000,CH01,Y,g,48,0.000608
2000,CH01,Y,g,52,0.000749
2000,CH01,Y,g,56,0.000629
2000,CH01,Y,g,60,0.000753
2000,CH01,Y,g,64,0.004519
2000,CH01,Y,g,68,0.007826
2000,CH01,Y,g,72,0.001308
2000,CH01,Y,g,76,0.00087
2000,CH01,Y,g,80,0.000919
2000,CH01,Y,g,84,0.000531
2000,CH01,Y,g,88,0.00085
2000,CH01,Y,g,92,0.000885
2000,CH01,Y,g,96,0.000504
2000,CH01,Y,g,100,0.000586
2000,CH01,Y,g,104,0.000915
2000,CH01,Y,g,108,0.000553
2000,CH01,Y,g,112,0.000908
2000,CH01,Y,g,116,0.000788
2000,CH01,Y,g,120,0.000904
2000,CH01,Y,g,124,0.000675
2000,CH01,Y,g,128,0.00099
2000,CH01,Y,g,132,0.006365
2000,CH01,Y,g,136,0.003113
2000,CH01,Y,g,140,0.00096
2000,CH01,Y,g,144,0.000993
2000,CH01,Y,g,148,0.000905
2000,CH01,Y,g,152,0.00097
2000,CH01,Y,g,156,0.000627
2000,CH01,Y,g,160,0.000549
2000,CH01,Y,g,164,0.000662
2000,CH01,Y,g,168,0.000948
2000,CH01,Y,g,172,0.000784
2000,CH01,Y,g,176,0.000829
2000,CH01,Y,g,180,0.000687
2000,CH01,Y,g,184,0.000642
2000,CH01,Y,g,188,0.000864
2000,CH01,Y,g,192,0.000916
2000,CH01,Y,g,196,0.000838
2000,CH01,Y,g,200,0.000579
2000,CH01,Y,g,204,0.000988
2000,CH01,Y,g,208,0.000746
2000,CH01,Y,g,212,0.000895
2000,CH01,Y,g,216,0.000519
2000,CH01,Y,g,220,0.000812
2000,CH01,Y,g,224,0.000853
2000,CH01,Y,g,228,0.000591
2000,CH01,Y,g,232,0.000617
2000,CH01,Y,g,236,0.000603
2000,CH01,Y,g,240,0.000653
2000,CH01,Y,g,244,0.000847
2000,CH01,Y,g,248,0.000957
2000,CH01,Y,g,252,0.000719
2000,CH01,Y,g,256,0.000784
2000,CH01,Y,g,260,0.000852
2000,CH01,Y,g,264,0.000778
2000,CH01,Y,g,268,0.000621
2000,CH01,Y,g,272,0.000873
2000,CH01,Y,g,276,0.000626
2000,CH01,Y,g,280,0.000514
2000,CH01,Y,g,284,0.000535
2000,CH01,Y,g,288,0.000619
2000,CH01,Y,g,292,0.000562
2000,CH01,Y,g,296,0.000527
2000,CH01,Y,g,300,0.000796
2000,CH01,Y,g,304,0.000531
2000,CH01,Y,g,308,0.00096
2000,CH01,Y,g,312,0.000688
2000,CH01,Y,g,316,0.000783
2000,CH01,Y,g,320,0.000846
2000,CH01,Y,g,324,0.000539
2000,CH01,Y,g,328,0.000842
2000,CH01,Y,g,332,0.000919
2000,CH01,Y,g,336,0.000782
2000,CH01,Y,g,340,0.000526
2000,CH01,Y,g,344,0.00061
2000,CH01,Y,g,348,0.000722
2000,CH01,Y,g,352,0.000724
2000,CH01,Y,g,356,0.000832
2000,CH01,Y,g,360,0.000544
2000,CH01,Y,g,364,0.000532
2000,CH01,Y,g,368,0.00056
2000,CH01,Y,g,372,0.000651
2000,CH01,Y,g,376,0.000917
2000,CH01,Y,g,380,0.000683
2000,CH01,Y,g,384,0.000537
2000,CH01,Y,g,388,0.000513
2000,CH01,Y,g,392,0.00064
2000,CH01,Y,g,396,0.000709
2000,CH01,Y,g,400,0.000636
2100,CH01,Y,g,4,0.000649
2100,CH01,Y,g,8,0.000791
2100,CH01,Y,g,12,0.000526
2100,CH01,Y,g,16,0.000951
2100,CH01,Y,g,20,0.00064
2100,CH01,Y,g,24,0.000863
2100,CH01,Y,g,28,0.000809
2100,CH01,Y,g,32,0.002216
2100,CH01,Y,g,36,0.0044
2100,CH01,Y,g,40,0.00101
2100,CH01,Y,g,44,0.000668
2100,CH01,Y,g,48,0.000783
2100,CH01,Y,g,52,0.000897
2100,CH01,Y,g,56,0.000767
2100,CH01,Y,g,60,0.000733
2100,CH01,Y,g,64,0.001117
2100,CH01,Y,g,68,0.007126
2100,CH01,Y,g,72,0.006764
2100,CH01,Y,g,76,0.001089
2100,CH01,Y,g,80,0.000967
2100,CH01,Y,g,84,0.00087
2100,CH01,Y,g,88,0.000731
2100,CH01,Y,g,92,0.000969
2100,CH01,Y,g,96,0.000882
2100,CH01,Y,g,100,0.000837
2100,CH01,Y,g,104,0.000926
2100,CH01,Y,g,108,0.00073
2100,CH01,Y,g,112,0.000894
2100,CH01,Y,g,116,0.000834
2100,CH01,Y,g,120,0.000534
2100,CH01,Y,g,124,0.000694
2100,CH01,Y,g,128,0.000762
2100,CH01,Y,g,132,0.00084
2100,CH01,Y,g,136,0.001638
2100,CH01,Y,g,140,0.004945
2100,CH01,Y,g,144,0.001259
2100,CH01,Y,g,148,0.000991
2100,CH01,Y,g,152,0.000622
2100,CH01,Y,g,156,0.000953
2100,CH01,Y,g,160,0.000966
2100,CH01,Y,g,164,0.000568
2100,CH01,Y,g,168,0.000987
2100,CH01,Y,g,172,0.000804
2100,CH01,Y,g,176,0.000786
2100,CH01,Y,g,180,0.001
2100,CH01,Y,g,184,0.000968
2100,CH01,Y,g,188,0.000634
2100,CH01,Y,g,192,0.000554
2100,CH01,Y,g,196,0.000794
2100,CH01,Y,g,200,0.000672
2100,CH01,Y,g,204,0.000912
2100,CH01,Y,g,208,0.000619
2100,CH01,Y,g,212,0.000534
2100,CH01,Y,g,216,0.00063
2100,CH01,Y,g,220,0.000767
2100,CH01,Y,g,224,0.000876
2100,CH01,Y,g,228,0.000727
2100,CH01,Y,g,232,0.000911
2100,CH01,Y,g,236,0.000978
2100,CH01,Y,g,240,0.000621
2100,CH01,Y,g,244,0.000903
2100,CH01,Y,g,248,0.000742
2100,CH01,Y,g,252,0.000699
2100,CH01,Y,g,256,0.000983
2100,CH01,Y,g,260,0.00069
2100,CH01,Y,g,264,0.000885
2100,CH01,Y,g,268,0.000771
2100,CH01,Y,g,272,0.000721
2100,CH01,Y,g,276,0.000588
2100,CH01,Y,g,280,0.000528
2100,CH01,Y,g,284,0.000901
2100,CH01,Y,g,288,0.000969
2100,CH01,Y,g,292,0.000627
2100,CH01,Y,g,296,0.00051
2100,CH01,Y,g,300,0.000675
2100,CH01,Y,g,304,0.000826
2100,CH01,Y,g,308,0.00077
2100,CH01,Y,g,312,0.000795
2100,CH01,Y,g,316,0.000652
2100,CH01,Y,g,320,0.00096
2100,CH01,Y,g,324,0.000736
2100,CH01,Y,g,328,0.000649
2100,CH01,Y,g,332,0.000674
2100,CH01,Y,g,336,0.000662
2100,CH01,Y,g,340,0.000563
2100,CH01,Y,g,344,0.000557
2100,CH01,Y,g,348,0.000727
2100,CH01,Y,g,352,0.000516
2100,CH01,Y,g,356,0.000841
2100,CH01,Y,g,360,0.000745
2100,CH01,Y,g,364,0.000738
2100,CH01,Y,g,368,0.000983
2100,CH01,Y,g,372,0.000956
2100,CH01,Y,g,376,0.000665
2100,CH01,Y,g,380,0.000558
2100,CH01,Y,g,384,0.000951
2100,CH01,Y,g,388,0.000805
2100,CH01,Y,g,392,0.000543
2100,CH01,Y,g,396,0.000894
2100,CH01,Y,g,400,0.000875
2200,CH01,Y,g,4,0.000612
2200,CH01,Y,g,8,0.000882
2200,CH01,Y,g,12,0.000651
2200,CH01,Y,g,16,0.000566
2200,CH01,Y,g,20,0.000959
2200,CH01,Y,g,24,0.000587
2200,CH01,Y,g,28,0.000656
2200,CH01,Y,g,32,0.001358
2200,CH01,Y,g,36,0.004775
2200,CH01,Y,g,40,0.002133
2200,CH01,Y,g,44,0.000518
2200,CH01,Y,g,48,0.000839
2200,CH01,Y,g,52,0.000649
2200,CH01,Y,g,56,0.000805
2200,CH01,Y,g,60,0.000985
2200,CH01,Y,g,64,0.00096
2200,CH01,Y,g,68,0.001203
2200,CH01,Y,g,72,0.009351
2200,CH01,Y,g,76,0.005733
2200,CH01,Y,g,80,0.000793
2200,CH01,Y,g,84,0.000682
2200,CH01,Y,g,88,0.000607
2200,CH01,Y,g,92,0.000975
2200,CH01,Y,g,96,0.000679
2200,CH01,Y,g,100,0.000589
2200,CH01,Y,g,104,0.000782
2200,CH01,Y,g,108,0.000676
2200,CH01,Y,g,112,0.000604
2200,CH01,Y,g,116,0.000966
2200,CH01,Y,g,120,0.000961
2200,CH01,Y,g,124,0.000754
2200,CH01,Y,g,128,0.000999
2200,CH01,Y,g,132,0.000573
2200,CH01,Y,g,136,0.000839
2200,CH01,Y,g,140,0.000682
2200,CH01,Y,g,144,0.002413
2200,CH01,Y,g,148,0.003453
2200,CH01,Y,g,152,0.000829
2200,CH01,Y,g,156,0.000547
2200,CH01,Y,g,160,0.000871
2200,CH01,Y,g,164,0.000899
2200,CH01,Y,g,168,0.000634
2200,CH01,Y,g,172,0.000849
2200,CH01,Y,g,176,0.000725
2200,CH01,Y,g,180,0.000974
2200,CH01,Y,g,184,0.000592
2200,CH01,Y,g,188,0.000716
2200,CH01,Y,g,192,0.000813
2200,CH01,Y,g,196,0.000925
2200,CH01,Y,g,200,0.000899
2200,CH01,Y,g,204,0.000718
2200,CH01,Y,g,208,0.000505
2200,CH01,Y,g,212,0.000623
2200,CH01,Y,g,216,0.000972
2200,CH01,Y,g,220,0.000679
2200,CH01,Y,g,224,0.000743
2200,CH01,Y,g,228,0.000984
2200,CH01,Y,g,232,0.000831
2200,CH01,Y,g,236,0.000666
2200,CH01,Y,g,240,0.000886
2200,CH01,Y,g,244,0.0007
2200,CH01,Y,g,248,0.000684
2200,CH01,Y,g,252,0.000534
2200,CH01,Y,g,256,0.000787
2200,CH01,Y,g,260,0.000933
2200,CH01,Y,g,264,0.000775
2200,CH01,Y,g,268,0.000806
2200,CH01,Y,g,272,0.000656
2200,CH01,Y,g,276,0.000847
2200,CH01,Y,g,280,0.000538
2200,CH01,Y,g,284,0.000899
2200,CH01,Y,g,288,0.000781
2200,CH01,Y,g,292,0.000634
2200,CH01,Y,g,296,0.000618
2200,CH01,Y,g,300,0.000686
2200,CH01,Y,g,304,0.000879
2200,CH01,Y,g,308,0.000703
2200,CH01,Y,g,312,0.000755
2200,CH01,Y,g,316,0.000501
2200,CH01,Y,g,320,0.000756
2200,CH01,Y,g,324,0.000797
2200,CH01,Y,g,328,0.000785
2200,CH01,Y,g,332,0.000796
2200,CH01,Y,g,336,0.000533
2200,CH01,Y,g,340,0.000932
2200,CH01,Y,g,344,0.000937
2200,CH01,Y,g,348,0.000939
2200,CH01,Y,g,352,0.000827
2200,CH01,Y,g,356,0.000569
2200,CH01,Y,g,360,0.000904
2200,CH01,Y,g,364,0.000822
2200,CH01,Y,g,368,0.000984
2200,CH01,Y,g,372,0.000843
2200,CH01,Y,g,376,0.000524
2200,CH01,Y,g,380,0.000968
2200,CH01,Y,g,384,0.000924
2200,CH01,Y,g,388,0.000665
2200,CH01,Y,g,392,0.000836
2200,CH01,Y,g,396,0.000695
2200,CH01,Y,g,400,0.000915
2300,CH01,Y,g,4,0.000688
2300,CH01,Y,g,8,0.000815
2300,CH01,Y,g,12,0.000731
2300,CH01,Y,g,16,0.000962
2300,CH01,Y,g,20,0.00062
2300,CH01,Y,g,24,0.000721
2300,CH01,Y,g,28,0.000746
2300,CH01,Y,g,32,0.000576
2300,CH01,Y,g,36,0.00317
2300,CH01,Y,g,40,0.00428
2300,CH01,Y,g,44,0.00069
2300,CH01,Y,g,48,0.000756
2300,CH01,Y,g,52,0.000677
2300,CH01,Y,g,56,0.000652
2300,CH01,Y,g,60,0.000936
2300,CH01,Y,g,64,0.000817
2300,CH01,Y,g,68,0.0006
2300,CH01,Y,g,72,0.001554
2300,CH01,Y,g,76,0.01201
2300,CH01,Y,g,80,0.003972
2300,CH01,Y,g,84,0.000556
2300,CH01,Y,g,88,0.000519
2300,CH01,Y,g,92,0.00087
2300,CH01,Y,g,96,0.000505
2300,CH01,Y,g,100,0.000878
2300,CH01,Y,g,104,0.00073
2300,CH01,Y,g,108,0.000558
2300,CH01,Y,g,112,0.000999
2300,CH01,Y,g,116,0.000841
2300,CH01,Y,g,120,0.000656
2300,CH01,Y,g,124,0.000982
2300,CH01,Y,g,128,0.000668
2300,CH01,Y,g,132,0.00064
2300,CH01,Y,g,136,0.000803
2300,CH01,Y,g,140,0.000693
2300,CH01,Y,g,144,0.00079
2300,CH01,Y,g,148,0.000816
2300,CH01,Y,g,152,0.003688
2300,CH01,Y,g,156,0.002342
2300,CH01,Y,g,160,0.000937
2300,CH01,Y,g,164,0.000568
2300,CH01,Y,g,168,0.000641
2300,CH01,Y,g,172,0.000509
2300,CH01,Y,g,176,0.00096
2300,CH01,Y,g,180,0.000676
2300,CH01,Y,g,184,0.000975
2300,CH01,Y,g,188,0.000516
2300,CH01,Y,g,192,0.000782
2300,CH01,Y,g,196,0.000725
2300,CH01,Y,g,200,0.000877
2300,CH01,Y,g,204,0.000677
2300,CH01,Y,g,208,0.000504
2300,CH01,Y,g,212,0.000714
2300,CH01,Y,g,216,0.00067
2300,CH01,Y,g,220,0.000887
2300,CH01,Y,g,224,0.00069
2300,CH01,Y,g,228,0.000555
2300,CH01,Y,g,232,0.000597
2300,CH01,Y,g,236,0.000623
2300,CH01,Y,g,240,0.000504
2300,CH01,Y,g,244,0.000993
2300,CH01,Y,g,248,0.000992
2300,CH01,Y,g,252,0.000983
2300,CH01,Y,g,256,0.000542
2300,CH01,Y,g,260,0.000867
2300,CH01,Y,g,264,0.000778
2300,CH01,Y,g,268,0.000994
2300,CH01,Y,g,272,0.000934
2300,CH01,Y,g,276,0.000953
2300,CH01,Y,g,280,0.000563
2300,CH01,Y,g,284,0.000906
2300,CH01,Y,g,288,0.000502
2300,CH01,Y,g,292,0.000635
2300,CH01,Y,g,296,0.000548
2300,CH01,Y,g,300,0.000667
2300,CH01,Y,g,304,0.000673
2300,CH01,Y,g,308,0.000889
2300,CH01,Y,g,312,0.000775
2300,CH01,Y,g,316,0.000908
2300,CH01,Y,g,320,0.000728
2300,CH01,Y,g,324,0.000531
2300,CH01,Y,g,328,0.000864
2300,CH01,Y,g,332,0.000598
2300,CH01,Y,g,336,0.000912
2300,CH01,Y,g,340,0.000714
2300,CH01,Y,g,344,0.000576
2300,CH01,Y,g,348,0.000532
2300,CH01,Y,g,352,0.000681
2300,CH01,Y,g,356,0.000748
2300,CH01,Y,g,360,0.000749
2300,CH01,Y,g,364,0.000922
2300,CH01,Y,g,368,0.000926
2300,CH01,Y,g,372,0.000887
2300,CH01,Y,g,376,0.000592
2300,CH01,Y,g,380,0.000546
2300,CH01,Y,g,384,0.000542
2300,CH01,Y,g,388,0.000866
2300,CH01,Y,g,392,0.000668
2300,CH01,Y,g,396,0.000838
2300,CH01,Y,g,400,0.000837
2400,CH01,Y,g,4,0.000784
2400,CH01,Y,g,8,0.000897
2400,CH01,Y,g,12,0.000761
2400,CH01,Y,g,16,0.000824
2400,CH01,Y,g,20,0.000903
2400,CH01,Y,g,24,0.0008
2400,CH01,Y,g,28,0.000797
2400,CH01,Y,g,32,0.000782
2400,CH01,Y,g,36,0.001689
2400,CH01,Y,g,40,0.005839
2400,CH01,Y,g,44,0.001546
2400,CH01,Y,g,48,0.000961
2400,CH01,Y,g,52,0.000679
2400,CH01,Y,g,56,0.000501
2400,CH01,Y,g,60,0.000719
2400,CH01,Y,g,64,0.000966
2400,CH01,Y,g,68,0.000784
2400,CH01,Y,g,72,0.000558
2400,CH01,Y,g,76,0.00304
2400,CH01,Y,g,80,0.01317
2400,CH01,Y,g,84,0.002989
2400,CH01,Y,g,88,0.000531
2400,CH01,Y,g,92,0.0006
2400,CH01,Y,g,96,0.000682
2400,CH01,Y,g,100,0.000792
2400,CH01,Y,g,104,0.000658
2400,CH01,Y,g,108,0.000859
2400,CH01,Y,g,112,0.000893
2400,CH01,Y,g,116,0.000974
2400,CH01,Y,g,120,0.000762
2400,CH01,Y,g,124,0.000572
2400,CH01,Y,g,128,0.000653
2400,CH01,Y,g,132,0.000695
2400,CH01,Y,g,136,0.00082
2400,CH01,Y,g,140,0.000664
2400,CH01,Y,g,144,0.000885
2400,CH01,Y,g,148,0.000862
2400,CH01,Y,g,152,0.000569
2400,CH01,Y,g,156,0.001403
2400,CH01,Y,g,160,0.00441
2400,CH01,Y,g,164,0.001345
2400,CH01,Y,g,168,0.000829
2400,CH01,Y,g,172,0.000621
2400,CH01,Y,g,176,0.000935
2400,CH01,Y,g,180,0.000879
2400,CH01,Y,g,184,0.000714
2400,CH01,Y,g,188,0.000948
2400,CH01,Y,g,192,0.000969
2400,CH01,Y,g,196,0.000955
2400,CH01,Y,g,200,0.000765
2400,CH01,Y,g,204,0.00086
2400,CH01,Y,g,208,0.000509
2400,CH01,Y,g,212,0.00056
2400,CH01,Y,g,216,0.00055
2400,CH01,Y,g,220,0.000739
2400,CH01,Y,g,224,0.000975
2400,CH01,Y,g,228,0.000727
2400,CH01,Y,g,232,0.000634
2400,CH01,Y,g,236,0.000526
2400,CH01,Y,g,240,0.000644
2400,CH01,Y,g,244,0.000718
2400,CH01,Y,g,248,0.000682
2400,CH01,Y,g,252,0.000851
2400,CH01,Y,g,256,0.000525
2400,CH01,Y,g,260,0.000604
2400,CH01,Y,g,264,0.000609
2400,CH01,Y,g,268,0.000775
2400,CH01,Y,g,272,0.000714
2400,CH01,Y,g,276,0.000543
2400,CH01,Y,g,280,0.00066
2400,CH01,Y,g,284,0.00066
2400,CH01,Y,g,288,0.00078
2400,CH01,Y,g,292,0.000625
2400,CH01,Y,g,296,0.000649
2400,CH01,Y,g,300,0.000891
2400,CH01,Y,g,304,0.000873
2400,CH01,Y,g,308,0.000692
2400,CH01,Y,g,312,0.000841
2400,CH01,Y,g,316,0.00085
2400,CH01,Y,g,320,0.000887
2400,CH01,Y,g,324,0.000945
2400,CH01,Y,g,328,0.000727
2400,CH01,Y,g,332,0.000679
2400,CH01,Y,g,336,0.000893
2400,CH01,Y,g,340,0.000679
2400,CH01,Y,g,344,0.000513
2400,CH01,Y,g,348,0.000554
2400,CH01,Y,g,352,0.00065
2400,CH01,Y,g,356,0.000983
2400,CH01,Y,g,360,0.000561
2400,CH01,Y,g,364,0.000716
2400,CH01,Y,g,368,0.000597
2400,CH01,Y,g,372,0.000895
2400,CH01,Y,g,376,0.000646
2400,CH01,Y,g,380,0.000821
2400,CH01,Y,g,384,0.000996
2400,CH01,Y,g,388,0.000544
2400,CH01,Y,g,392,0.000777
2400,CH01,Y,g,396,0.000681
2400,CH01,Y,g,400,0.000556
2500,CH01,Y,g,4,0.000515
2500,CH01,Y,g,8,0.000822
2500,CH01,Y,g,12,0.000806
2500,CH01,Y,g,16,0.000954
2500,CH01,Y,g,20,0.000781
2500,CH01,Y,g,24,0.000822
2500,CH01,Y,g,28,0.000833
2500,CH01,Y,g,32,0.00099
2500,CH01,Y,g,36,0.00075
2500,CH01,Y,g,40,0.004709
2500,CH01,Y,g,44,0.00357
2500,CH01,Y,g,48,0.000791
2500,CH01,Y,g,52,0.000578
2500,CH01,Y,g,56,0.000569
2500,CH01,Y,g,60,0.000515
2500,CH01,Y,g,64,0.000962
2500,CH01,Y,g,68,0.000622
2500,CH01,Y,g,72,0.000664
2500,CH01,Y,g,76,0.000944
2500,CH01,Y,g,80,0.004594
2500,CH01,Y,g,84,0.014072
2500,CH01,Y,g,88,0.002042
2500,CH01,Y,g,92,0.000714
2500,CH01,Y,g,96,0.000712
2500,CH01,Y,g,100,0.000969
2500,CH01,Y,g,104,0.000747
2500,CH01,Y,g,108,0.000801
2500,CH01,Y,g,112,0.000932
2500,CH01,Y,g,116,0.000576
2500,CH01,Y,g,120,0.00051
2500,CH01,Y,g,124,0.000686
2500,CH01,Y,g,128,0.000504
2500,CH01,Y,g,132,0.000615
2500,CH01,Y,g,136,0.000531
2500,CH01,Y,g,140,0.000684
2500,CH01,Y,g,144,0.000829
2500,CH01,Y,g,148,0.000679
2500,CH01,Y,g,152,0.000913
2500,CH01,Y,g,156,0.000551
2500,CH01,Y,g,160,0.000692
2500,CH01,Y,g,164,0.002836
2500,CH01,Y,g,168,0.004247
2500,CH01,Y,g,172,0.000738
2500,CH01,Y,g,176,0.000769
2500,CH01,Y,g,180,0.000502
2500,CH01,Y,g,184,0.000511
2500,CH01,Y,g,188,0.000543
2500,CH01,Y,g,192,0.000872
2500,CH01,Y,g,196,0.000782
2500,CH01,Y,g,200,0.000959
2500,CH01,Y,g,204,0.000981
2500,CH01,Y,g,208,0.000725
2500,CH01,Y,g,212,0.000759
2500,CH01,Y,g,216,0.00064
2500,CH01,Y,g,220,0.000856
2500,CH01,Y,g,224,0.00074
2500,CH01,Y,g,228,0.000888
2500,CH01,Y,g,232,0.00051
2500,CH01,Y,g,236,0.000993
2500,CH01,Y,g,240,0.000908
2500,CH01,Y,g,244,0.00067
2500,CH01,Y,g,248,0.000858
2500,CH01,Y,g,252,0.00065
2500,CH01,Y,g,256,0.000503
2500,CH01,Y,g,260,0.000735
2500,CH01,Y,g,264,0.000703
2500,CH01,Y,g,268,0.00085
2500,CH01,Y,g,272,0.000535
2500,CH01,Y,g,276,0.000998
2500,CH01,Y,g,280,0.000921
2500,CH01,Y,g,284,0.00052
2500,CH01,Y,g,288,0.000906
2500,CH01,Y,g,292,0.000545
2500,CH01,Y,g,296,0.00055
2500,CH01,Y,g,300,0.000854
2500,CH01,Y,g,304,0.000732
2500,CH01,Y,g,308,0.000973
2500,CH01,Y,g,312,0.000749
2500,CH01,Y,g,316,0.00069
2500,CH01,Y,g,320,0.000939
2500,CH01,Y,g,324,0.000611
2500,CH01,Y,g,328,0.000797
2500,CH01,Y,g,332,0.000744
2500,CH01,Y,g,336,0.000847
2500,CH01,Y,g,340,0.000748
2500,CH01,Y,g,344,0.000669
2500,CH01,Y,g,348,0.000618
2500,CH01,Y,g,352,0.000973
2500,CH01,Y,g,356,0.000649
2500,CH01,Y,g,360,0.000759
2500,CH01,Y,g,364,0.00065
2500,CH01,Y,g,368,0.000811
2500,CH01,Y,g,372,0.000605
2500,CH01,Y,g,376,0.00055
2500,CH01,Y,g,380,0.000801
2500,CH01,Y,g,384,0.000669
2500,CH01,Y,g,388,0.000951
2500,CH01,Y,g,392,0.000604
2500,CH01,Y,g,396,0.000876
2500,CH01,Y,g,400,0.000665
2600,CH01,Y,g,4,0.000684
2600,CH01,Y,g,8,0.000877
2600,CH01,Y,g,12,0.000752
2600,CH01,Y,g,16,0.000874
2600,CH01,Y,g,20,0.000635
2600,CH01,Y,g,24,0.000878
2600,CH01,Y,g,28,0.000554
2600,CH01,Y,g,32,0.000822
2600,CH01,Y,g,36,0.00083
2600,CH01,Y,g,40,0.002518
2600,CH01,Y,g,44,0.006513
2600,CH01,Y,g,48,0.001514
2600,CH01,Y,g,52,0.000805
2600,CH01,Y,g,56,0.000992
2600,CH01,Y,g,60,0.000503
2600,CH01,Y,g,64,0.000735
2600,CH01,Y,g,68,0.000744
2600,CH01,Y,g,72,0.000612
2600,CH01,Y,g,76,0.000981
2600,CH01,Y,g,80,0.000891
2600,CH01,Y,g,84,0.007572
2600,CH01,Y,g,88,0.013481
2600,CH01,Y,g,92,0.001422
2600,CH01,Y,g,96,0.000642
2600,CH01,Y,g,100,0.000908
2600,CH01,Y,g,104,0.000781
2600,CH01,Y,g,108,0.000835
2600,CH01,Y,g,112,0.000656
2600,CH01,Y,g,116,0.000966
2600,CH01,Y,g,120,0.000645
2600,CH01,Y,g,124,0.000885
2600,CH01,Y,g,128,0.000763
2600,CH01,Y,g,132,0.000787
2600,CH01,Y,g,136,0.000566
2600,CH01,Y,g,140,0.000944
2600,CH01,Y,g,144,0.000644
2600,CH01,Y,g,148,0.000953
2600,CH01,Y,g,152,0.000675
2600,CH01,Y,g,156,0.000767
2600,CH01,Y,g,160,0.000902
2600,CH01,Y,g,164,0.000772
2600,CH01,Y,g,168,0.000736
2600,CH01,Y,g,172,0.004373
2600,CH01,Y,g,176,0.002541
2600,CH01,Y,g,180,0.000734
2600,CH01,Y,g,184,0.000501
2600,CH01,Y,g,188,0.000708
2600,CH01,Y,g,192,0.000798
2600,CH01,Y,g,196,0.00098
2600,CH01,Y,g,200,0.000911
2600,CH01,Y,g,204,0.000824
2600,CH01,Y,g,208,0.000583
2600,CH01,Y,g,212,0.000726
2600,CH01,Y,g,216,0.000576
2600,CH01,Y,g,220,0.000826
2600,CH01,Y,g,224,0.000861
2600,CH01,Y,g,228,0.00099
2600,CH01,Y,g,232,0.000807
2600,CH01,Y,g,236,0.00059
2600,CH01,Y,g,240,0.000761
2600,CH01,Y,g,244,0.000984
2600,CH01,Y,g,248,0.000969
2600,CH01,Y,g,252,0.000703
2600,CH01,Y,g,256,0.000534
2600,CH01,Y,g,260,0.000623
2600,CH01,Y,g,264,0.000851
2600,CH01,Y,g,268,0.00095
2600,CH01,Y,g,272,0.000804
2600,CH01,Y,g,276,0.000834
2600,CH01,Y,g,280,0.00073
2600,CH01,Y,g,284,0.000536
2600,CH01,Y,g,288,0.000692
2600,CH01,Y,g,292,0.000636
2600,CH01,Y,g,296,0.000555
2600,CH01,Y,g,300,0.000937
2600,CH01,Y,g,304,0.000756
2600,CH01,Y,g,308,0.000812
2600,CH01,Y,g,312,0.00067
2600,CH01,Y,g,316,0.000791
2600,CH01,Y,g,320,0.00099
2600,CH01,Y,g,324,0.000676
2600,CH01,Y,g,328,0.000941
2600,CH01,Y,g,332,0.000635
2600,CH01,Y,g,336,0.000933
2600,CH01,Y,g,340,0.000912
2600,CH01,Y,g,344,0.000991
2600,CH01,Y,g,348,0.00073
2600,CH01,Y,g,352,0.000873
2600,CH01,Y,g,356,0.000672
2600,CH01,Y,g,360,0.000577
2600,CH01,Y,g,364,0.00097
2600,CH01,Y,g,368,0.000924
2600,CH01,Y,g,372,0.000775
2600,CH01,Y,g,376,0.000614
2600,CH01,Y,g,380,0.000551
2600,CH01,Y,g,384,0.000598
2600,CH01,Y,g,388,0.000628
2600,CH01,Y,g,392,0.00083
2600,CH01,Y,g,396,0.000956
2600,CH01,Y,g,400,0.000525
2700,CH01,Y,g,4,0.000693
2700,CH01,Y,g,8,0.000918
2700,CH01,Y,g,12,0.00087
2700,CH01,Y,g,16,0.000643
2700,CH01,Y,g,20,0.000822
2700,CH01,Y,g,24,0.00092
2700,CH01,Y,g,28,0.000652
2700,CH01,Y,g,32,0.000566
2700,CH01,Y,g,36,0.000597
2700,CH01,Y,g,40,0.001117
2700,CH01,Y,g,44,0.006579
2700,CH01,Y,g,48,0.003239
2700,CH01,Y,g,52,0.000738
2700,CH01,Y,g,56,0.000925
2700,CH01,Y,g,60,0.000652
2700,CH01,Y,g,64,0.000584
2700,CH01,Y,g,68,0.000889
2700,CH01,Y,g,72,0.000835
2700,CH01,Y,g,76,0.000673
2700,CH01,Y,g,80,0.000869
2700,CH01,Y,g,84,0.001043
2700,CH01,Y,g,88,0.011344
2700,CH01,Y,g,92,0.012089
2700,CH01,Y,g,96,0.001327
2700,CH01,Y,g,100,0.000579
2700,CH01,Y,g,104,0.000905
2700,CH01,Y,g,108,0.00063
2700,CH01,Y,g,112,0.000938
2700,CH01,Y,g,116,0.000928
2700,CH01,Y,g,120,0.000532
2700,CH01,Y,g,124,0.000629
2700,CH01,Y,g,128,0.00063
2700,CH01,Y,g,132,0.000938
2700,CH01,Y,g,136,0.000726
2700,CH01,Y,g,140,0.000736
2700,CH01,Y,g,144,0.000881
2700,CH01,Y,g,148,0.000596
2700,CH01,Y,g,152,0.000953
2700,CH01,Y,g,156,0.000881
2700,CH01,Y,g,160,0.000524
2700,CH01,Y,g,164,0.00098
2700,CH01,Y,g,168,0.00067
2700,CH01,Y,g,172,0.000536
2700,CH01,Y,g,176,0.001532
2700,CH01,Y,g,180,0.005413
2700,CH01,Y,g,184,0.001808
2700,CH01,Y,g,188,0.000663
2700,CH01,Y,g,192,0.0007
2700,CH01,Y,g,196,0.000624
2700,CH01,Y,g,200,0.00061
2700,CH01,Y,g,204,0.000839
2700,CH01,Y,g,208,0.000683
2700,CH01,Y,g,212,0.000724
2700,CH01,Y,g,216,0.000936
2700,CH01,Y,g,220,0.000547
2700,CH01,Y,g,224,0.000974
2700,CH01,Y,g,228,0.000668
2700,CH01,Y,g,232,0.000606
2700,CH01,Y,g,236,0.000745
2700,CH01,Y,g,240,0.000936
2700,CH01,Y,g,244,0.000508
2700,CH01,Y,g,248,0.000816
2700,CH01,Y,g,252,0.000741
2700,CH01,Y,g,256,0.000713
2700,CH01,Y,g,260,0.000659
2700,CH01,Y,g,264,0.000517
2700,CH01,Y,g,268,0.000961
2700,CH01,Y,g,272,0.00099
2700,CH01,Y,g,276,0.00091
2700,CH01,Y,g,280,0.000637
2700,CH01,Y,g,284,0.000598
2700,CH01,Y,g,288,0.000907
2700,CH01,Y,g,292,0.000658
2700,CH01,Y,g,296,0.00052
2700,CH01,Y,g,300,0.000534
2700,CH01,Y,g,304,0.000535
2700,CH01,Y,g,308,0.000734
2700,CH01,Y,g,312,0.000823
2700,CH01,Y,g,316,0.000853
2700,CH01,Y,g,320,0.000696
2700,CH01,Y,g,324,0.000649
2700,CH01,Y,g,328,0.000846
2700,CH01,Y,g,332,0.000924
2700,CH01,Y,g,336,0.000837
2700,CH01,Y,g,340,0.000965
2700,CH01,Y,g,344,0.000877
2700,CH01,Y,g,348,0.000841
2700,CH01,Y,g,352,0.000598
2700,CH01,Y,g,356,0.00087
2700,CH01,Y,g,360,0.000973
2700,CH01,Y,g,364,0.000646
2700,CH01,Y,g,368,0.000568
2700,CH01,Y,g,372,0.000718
2700,CH01,Y,g,376,0.000602
2700,CH01,Y,g,380,0.000742
2700,CH01,Y,g,384,0.000587
2700,CH01,Y,g,388,0.0005
2700,CH01,Y,g,392,0.000723
2700,CH01,Y,g,396,0.00065
2700,CH01,Y,g,400,0.000777
2800,CH01,Y,g,4,0.0006
2800,CH01,Y,g,8,0.000601
2800,CH01,Y,g,12,0.000726
2800,CH01,Y,g,16,0.000821
2800,CH01,Y,g,20,0.000867
2800,CH01,Y,g,24,0.000917
2800,CH01,Y,g,28,0.000615
2800,CH01,Y,g,32,0.000956
2800,CH01,Y,g,36,0.000843
2800,CH01,Y,g,40,0.000832
2800,CH01,Y,g,44,0.004049
2800,CH01,Y,g,48,0.006175
2800,CH01,Y,g,52,0.000971
2800,CH01,Y,g,56,0.001
2800,CH01,Y,g,60,0.000586
2800,CH01,Y,g,64,0.000792
2800,CH01,Y,g,68,0.000788
2800,CH01,Y,g,72,0.000685
2800,CH01,Y,g,76,0.000563
2800,CH01,Y,g,80,0.000727
2800,CH01,Y,g,84,0.000602
2800,CH01,Y,g,88,0.001652
2800,CH01,Y,g,92,0.0161
2800,CH01,Y,g,96,0.010502
2800,CH01,Y,g,100,0.00095
2800,CH01,Y,g,104,0.000614
2800,CH01,Y,g,108,0.000747
2800,CH01,Y,g,112,0.00066
2800,CH01,Y,g,116,0.000521
2800,CH01,Y,g,120,0.0009
2800,CH01,Y,g,124,0.000557
2800,CH01,Y,g,128,0.000786
2800,CH01,Y,g,132,0.00087
2800,CH01,Y,g,136,0.000691
2800,CH01,Y,g,140,0.000631
2800,CH01,Y,g,144,0.000824
2800,CH01,Y,g,148,0.000517
2800,CH01,Y,g,152,0.000913
2800,CH01,Y,g,156,0.000735
2800,CH01,Y,g,160,0.000503
2800,CH01,Y,g,164,0.000774
2800,CH01,Y,g,168,0.000588
2800,CH01,Y,g,172,0.00094
2800,CH01,Y,g,176,0.000574
2800,CH01,Y,g,180,0.000831
2800,CH01,Y,g,184,0.003323
2800,CH01,Y,g,188,0.00504
2800,CH01,Y,g,192,0.000848
2800,CH01,Y,g,196,0.000516
2800,CH01,Y,g,200,0.000707
2800,CH01,Y,g,204,0.000855
2800,CH01,Y,g,208,0.000849
2800,CH01,Y,g,212,0.000921
2800,CH01,Y,g,216,0.000995
2800,CH01,Y,g,220,0.000619
2800,CH01,Y,g,224,0.000876
2800,CH01,Y,g,228,0.000761
2800,CH01,Y,g,232,0.000931
2800,CH01,Y,g,236,0.000801
2800,CH01,Y,g,240,0.00074
2800,CH01,Y,g,244,0.000746
2800,CH01,Y,g,248,0.000781
2800,CH01,Y,g,252,0.000975
2800,CH01,Y,g,256,0.000508
2800,CH01,Y,g,260,0.000552
2800,CH01,Y,g,264,0.000801
2800,CH01,Y,g,268,0.000658
2800,CH01,Y,g,272,0.000632
2800,CH01,Y,g,276,0.000962
2800,CH01,Y,g,280,0.000589
2800,CH01,Y,g,284,0.000816
2800,CH01,Y,g,288,0.000664
2800,CH01,Y,g,292,0.000763
2800,CH01,Y,g,296,0.000807
2800,CH01,Y,g,300,0.000766
2800,CH01,Y,g,304,0.000876
2800,CH01,Y,g,308,0.000909
2800,CH01,Y,g,312,0.000644
2800,CH01,Y,g,316,0.000522
2800,CH01,Y,g,320,0.000635
2800,CH01,Y,g,324,0.000878
2800,CH01,Y,g,328,0.000747
2800,CH01,Y,g,332,0.000732
2800,CH01,Y,g,336,0.000679
2800,CH01,Y,g,340,0.000708
2800,CH01,Y,g,344,0.000561
2800,CH01,Y,g,348,0.000645
2800,CH01,Y,g,352,0.000849
2800,CH01,Y,g,356,0.000804
2800,CH01,Y,g,360,0.000996
2800,CH01,Y,g,364,0.000973
2800,CH01,Y,g,368,0.000908
2800,CH01,Y,g,372,0.000763
2800,CH01,Y,g,376,0.000642
2800,CH01,Y,g,380,0.000788
2800,CH01,Y,g,384,0.000915
2800,CH01,Y,g,388,0.000883
2800,CH01,Y,g,392,0.000994
2800,CH01,Y,g,396,0.000888
2800,CH01,Y,g,400,0.000959
2900,CH01,Y,g,4,0.000844
2900,CH01,Y,g,8,0.000664
2900,CH01,Y,g,12,0.000795
2900,CH01,Y,g,16,0.000608
2900,CH01,Y,g,20,0.000532
2900,CH01,Y,g,24,0.000694
2900,CH01,Y,g,28,0.000712
2900,CH01,Y,g,32,0.000683
2900,CH01,Y,g,36,0.000525
2900,CH01,Y,g,40,0.000603
2900,CH01,Y,g,44,0.001604
2900,CH01,Y,g,48,0.008267
2900,CH01,Y,g,52,0.002224
2900,CH01,Y,g,56,0.000832
2900,CH01,Y,g,60,0.000688
2900,CH01,Y,g,64,0.000805
2900,CH01,Y,g,68,0.000862
2900,CH01,Y,g,72,0.000589
2900,CH01,Y,g,76,0.000763
2900,CH01,Y,g,80,0.000691
2900,CH01,Y,g,84,0.000972
2900,CH01,Y,g,88,0.000759
2900,CH01,Y,g,92,0.002518
2900,CH01,Y,g,96,0.022089
2900,CH01,Y,g,100,0.008883
2900,CH01,Y,g,104,0.000998
2900,CH01,Y,g,108,0.000799
2900,CH01,Y,g,112,0.000794
2900,CH01,Y,g,116,0.00099
2900,CH01,Y,g,120,0.000785
2900,CH01,Y,g,124,0.000742
2900,CH01,Y,g,128,0.000751
2900,CH01,Y,g,132,0.000565
2900,CH01,Y,g,136,0.000541
2900,CH01,Y,g,140,0.000806
2900,CH01,Y,g,144,0.000622
2900,CH01,Y,g,148,0.000709
2900,CH01,Y,g,152,0.000653
2900,CH01,Y,g,156,0.0008
2900,CH01,Y,g,160,0.000657
2900,CH01,Y,g,164,0.000823
2900,CH01,Y,g,168,0.000849
2900,CH01,Y,g,172,0.000513
2900,CH01,Y,g,176,0.000551
2900,CH01,Y,g,180,0.000683
2900,CH01,Y,g,184,0.000842
2900,CH01,Y,g,188,0.001137
2900,CH01,Y,g,192,0.005096
2900,CH01,Y,g,196,0.003156
2900,CH01,Y,g,200,0.00082
2900,CH01,Y,g,204,0.000869
2900,CH01,Y,g,208,0.000713
2900,CH01,Y,g,212,0.000936
2900,CH01,Y,g,216,0.000528
2900,CH01,Y,g,220,0.000658
2900,CH01,Y,g,224,0.000681
2900,CH01,Y,g,228,0.000945
2900,CH01,Y,g,232,0.000518
2900,CH01,Y,g,236,0.000778
2900,CH01,Y,g,240,0.000567
2900,CH01,Y,g,244,0.000849
2900,CH01,Y,g,248,0.000649
2900,CH01,Y,g,252,0.000868
2900,CH01,Y,g,256,0.000831
2900,CH01,Y,g,260,0.000649
2900,CH01,Y,g,264,0.000808
2900,CH01,Y,g,268,0.000586
2900,CH01,Y,g,272,0.000997
2900,CH01,Y,g,276,0.000694
2900,CH01,Y,g,280,0.000871
2900,CH01,Y,g,284,0.000558
2900,CH01,Y,g,288,0.000874
2900,CH01,Y,g,292,0.000686
2900,CH01,Y,g,296,0.00074
2900,CH01,Y,g,300,0.000769
2900,CH01,Y,g,304,0.000985
2900,CH01,Y,g,308,0.000543
2900,CH01,Y,g,312,0.000526
2900,CH01,Y,g,316,0.000714
2900,CH01,Y,g,320,0.000896
2900,CH01,Y,g,324,0.000691
2900,CH01,Y,g,328,0.000795
2900,CH01,Y,g,332,0.00089
2900,CH01,Y,g,336,0.000682
2900,CH01,Y,g,340,0.000914
2900,CH01,Y,g,344,0.000694
2900,CH01,Y,g,348,0.00087
2900,CH01,Y,g,352,0.000812
2900,CH01,Y,g,356,0.00053
2900,CH01,Y,g,360,0.000701
2900,CH01,Y,g,364,0.000847
2900,CH01,Y,g,368,0.000908
2900,CH01,Y,g,372,0.000962
2900,CH01,Y,g,376,0.000762
2900,CH01,Y,g,380,0.000917
2900,CH01,Y,g,384,0.000894
2900,CH01,Y,g,388,0.000667
2900,CH01,Y,g,392,0.000637
2900,CH01,Y,g,396,0.000945
2900,CH01,Y,g,400,0.000629
3000,CH01,Y,g,4,0.000603
3000,CH01,Y,g,8,0.000816
3000,CH01,Y,g,12,0.000614
3000,CH01,Y,g,16,0.000543
3000,CH01,Y,g,20,0.000726
3000,CH01,Y,g,24,0.000769
3000,CH01,Y,g,28,0.000907
3000,CH01,Y,g,32,0.000981
3000,CH01,Y,g,36,0.000834
3000,CH01,Y,g,40,0.000872
3000,CH01,Y,g,44,0.000902
3000,CH01,Y,g,48,0.005661
3000,CH01,Y,g,52,0.005639
3000,CH01,Y,g,56,0.0008
3000,CH01,Y,g,60,0.000596
3000,CH01,Y,g,64,0.000773
3000,CH01,Y,g,68,0.000578
3000,CH01,Y,g,72,0.000989
3000,CH01,Y,g,76,0.00085
3000,CH01,Y,g,80,0.000947
3000,CH01,Y,g,84,0.00088
3000,CH01,Y,g,88,0.000548
3000,CH01,Y,g,92,0.000557
3000,CH01,Y,g,96,0.005064
3000,CH01,Y,g,100,0.030528
3000,CH01,Y,g,104,0.007028
3000,CH01,Y,g,108,0.000616
3000,CH01,Y,g,112,0.0009
3000,CH01,Y,g,116,0.000937
3000,CH01,Y,g,120,0.000548
3000,CH01,Y,g,124,0.000807
3000,CH01,Y,g,128,0.000713
3000,CH01,Y,g,132,0.000737
3000,CH01,Y,g,136,0.000766
3000,CH01,Y,g,140,0.000918
3000,CH01,Y,g,144,0.000502
3000,CH01,Y,g,148,0.000609
3000,CH01,Y,g,152,0.000845
3000,CH01,Y,g,156,0.000918
3000,CH01,Y,g,160,0.000576
3000,CH01,Y,g,164,0.000917
3000,CH01,Y,g,168,0.000952
3000,CH01,Y,g,172,0.000931
3000,CH01,Y,g,176,0.0006
3000,CH01,Y,g,180,0.000635
3000,CH01,Y,g,184,0.000926
3000,CH01,Y,g,188,0.000514
3000,CH01,Y,g,192,0.000782
3000,CH01,Y,g,196,0.001564
3000,CH01,Y,g,200,0.006525
3000,CH01,Y,g,204,0.001691
3000,CH01,Y,g,208,0.000959
3000,CH01,Y,g,212,0.00053
3000,CH01,Y,g,216,0.000742
3000,CH01,Y,g,220,0.000851
3000,CH01,Y,g,224,0.000624
3000,CH01,Y,g,228,0.000584
3000,CH01,Y,g,232,0.000516
3000,CH01,Y,g,236,0.000668
3000,CH01,Y,g,240,0.000842
3000,CH01,Y,g,244,0.000869
3000,CH01,Y,g,248,0.000692
3000,CH01,Y,g,252,0.00074
3000,CH01,Y,g,256,0.000622
3000,CH01,Y,g,260,0.000595
3000,CH01,Y,g,264,0.000966
3000,CH01,Y,g,268,0.000824
3000,CH01,Y,g,272,0.00087
3000,CH01,Y,g,276,0.000655
3000,CH01,Y,g,280,0.000833
3000,CH01,Y,g,284,0.000918
3000,CH01,Y,g,288,0.000889
3000,CH01,Y,g,292,0.000603
3000,CH01,Y,g,296,0.000628
3000,CH01,Y,g,300,0.00079
3000,CH01,Y,g,304,0.000934
3000,CH01,Y,g,308,0.000615
3000,CH01,Y,g,312,0.000716
3000,CH01,Y,g,316,0.000588
3000,CH01,Y,g,320,0.000691
3000,CH01,Y,g,324,0.000661
3000,CH01,Y,g,328,0.000858
3000,CH01,Y,g,332,0.000966
3000,CH01,Y,g,336,0.000981
3000,CH01,Y,g,340,0.000982
3000,CH01,Y,g,344,0.000712
3000,CH01,Y,g,348,0.000761
3000,CH01,Y,g,352,0.000918
3000,CH01,Y,g,356,0.000724
3000,CH01,Y,g,360,0.000696
3000,CH01,Y,g,364,0.000845
3000,CH01,Y,g,368,0.000651
3000,CH01,Y,g,372,0.000898
3000,CH01,Y,g,376,0.000793
3000,CH01,Y,g,380,0.000717
3000,CH01,Y,g,384,0.000691
3000,CH01,Y,g,388,0.000864
3000,CH01,Y,g,392,0.000649
3000,CH01,Y,g,396,0.000651
3000,CH01,Y,g,400,0.000927
3100,CH01,Y,g,4,0.000917
3100,CH01,Y,g,8,0.000878
3100,CH01,Y,g,12,0.000554
3100,CH01,Y,g,16,0.00075
3100,CH01,Y,g,20,0.000576
3100,CH01,Y,g,24,0.000779
3100,CH01,Y,g,28,0.000673
3100,CH01,Y,g,32,0.000633
3100,CH01,Y,g,36,0.000821
3100,CH01,Y,g,40,0.000893
3100,CH01,Y,g,44,0.000641
3100,CH01,Y,g,48,0.002553
3100,CH01,Y,g,52,0.008971
3100,CH01,Y,g,56,0.001565
3100,CH01,Y,g,60,0.00055
3100,CH01,Y,g,64,0.000839
3100,CH01,Y,g,68,0.000901
3100,CH01,Y,g,72,0.000624
3100,CH01,Y,g,76,0.000941
3100,CH01,Y,g,80,0.00066
3100,CH01,Y,g,84,0.000584
3100,CH01,Y,g,88,0.000655
3100,CH01,Y,g,92,0.00092
3100,CH01,Y,g,96,0.001053
3100,CH01,Y,g,100,0.009884
3100,CH01,Y,g,104,0.040164
3100,CH01,Y,g,108,0.005756
3100,CH01,Y,g,112,0.000706
3100,CH01,Y,g,116,0.000918
3100,CH01,Y,g,120,0.00074
3100,CH01,Y,g,124,0.000878
3100,CH01,Y,g,128,0.000649
3100,CH01,Y,g,132,0.000795
3100,CH01,Y,g,136,0.000649
3100,CH01,Y,g,140,0.000535
3100,CH01,Y,g,144,0.000834
3100,CH01,Y,g,148,0.000506
3100,CH01,Y,g,152,0.000965
3100,CH01,Y,g,156,0.000752
3100,CH01,Y,g,160,0.000797
3100,CH01,Y,g,164,0.000915
3100,CH01,Y,g,168,0.000612
3100,CH01,Y,g,172,0.000717
3100,CH01,Y,g,176,0.000509
3100,CH01,Y,g,180,0.000662
3100,CH01,Y,g,184,0.000819
3100,CH01,Y,g,188,0.00087
3100,CH01,Y,g,192,0.000824
3100,CH01,Y,g,196,0.000712
3100,CH01,Y,g,200,0.000629
3100,CH01,Y,g,204,0.003389
3100,CH01,Y,g,208,0.005916
3100,CH01,Y,g,212,0.001005
3100,CH01,Y,g,216,0.000625
3100,CH01,Y,g,220,0.000637
3100,CH01,Y,g,224,0.000849
3100,CH01,Y,g,228,0.00062
3100,CH01,Y,g,232,0.000907
3100,CH01,Y,g,236,0.000648
3100,CH01,Y,g,240,0.000663
3100,CH01,Y,g,244,0.000544
3100,CH01,Y,g,248,0.000568
3100,CH01,Y,g,252,0.000557
3100,CH01,Y,g,256,0.000776
3100,CH01,Y,g,260,0.00069
3100,CH01,Y,g,264,0.000527
3100,CH01,Y,g,268,0.000717
3100,CH01,Y,g,272,0.000766
3100,CH01,Y,g,276,0.00093
3100,CH01,Y,g,280,0.000835
3100,CH01,Y,g,284,0.000875
3100,CH01,Y,g,288,0.000648
3100,CH01,Y,g,292,0.000937
3100,CH01,Y,g,296,0.000595
3100,CH01,Y,g,300,0.000706
3100,CH01,Y,g,304,0.000744
3100,CH01,Y,g,308,0.000703
3100,CH01,Y,g,312,0.000888
3100,CH01,Y,g,316,0.000847
3100,CH01,Y,g,320,0.000521
3100,CH01,Y,g,324,0.00075
3100,CH01,Y,g,328,0.000589
3100,CH01,Y,g,332,0.00052
3100,CH01,Y,g,336,0.000752
3100,CH01,Y,g,340,0.000958
3100,CH01,Y,g,344,0.000653
3100,CH01,Y,g,348,0.000514
3100,CH01,Y,g,352,0.000582
3100,CH01,Y,g,356,0.000853
3100,CH01,Y,g,360,0.00096
3100,CH01,Y,g,364,0.000583
3100,CH01,Y,g,368,0.000701
3100,CH01,Y,g,372,0.000711
3100,CH01,Y,g,376,0.000744
3100,CH01,Y,g,380,0.000939
3100,CH01,Y,g,384,0.000927
3100,CH01,Y,g,388,0.000962
3100,CH01,Y,g,392,0.000862
3100,CH01,Y,g,396,0.000736
3100,CH01,Y,g,400,0.00088
3200,CH01,Y,g,4,0.000849
3200,CH01,Y,g,8,0.000759
3200,CH01,Y,g,12,0.000835
3200,CH01,Y,g,16,0.000992
3200,CH01,Y,g,20,0.000742
3200,CH01,Y,g,24,0.000776
3200,CH01,Y,g,28,0.00083
3200,CH01,Y,g,32,0.000734
3200,CH01,Y,g,36,0.000751
3200,CH01,Y,g,40,0.000734
3200,CH01,Y,g,44,0.000613
3200,CH01,Y,g,48,0.001339
3200,CH01,Y,g,52,0.008337
3200,CH01,Y,g,56,0.005027
3200,CH01,Y,g,60,0.000885
3200,CH01,Y,g,64,0.000616
3200,CH01,Y,g,68,0.00081
3200,CH01,Y,g,72,0.000872
3200,CH01,Y,g,76,0.000966
3200,CH01,Y,g,80,0.000763
3200,CH01,Y,g,84,0.00083
3200,CH01,Y,g,88,0.000554
3200,CH01,Y,g,92,0.000819
3200,CH01,Y,g,96,0.000843
3200,CH01,Y,g,100,0.000858
3200,CH01,Y,g,104,0.020692
3200,CH01,Y,g,108,0.047978
3200,CH01,Y,g,112,0.003768
3200,CH01,Y,g,116,0.000706
3200,CH01,Y,g,120,0.000956
3200,CH01,Y,g,124,0.000674
3200,CH01,Y,g,128,0.00096
3200,CH01,Y,g,132,0.000866
3200,CH01,Y,g,136,0.000753
3200,CH01,Y,g,140,0.000959
3200,CH01,Y,g,144,0.000639
3200,CH01,Y,g,148,0.000682
3200,CH01,Y,g,152,0.000708
3200,CH01,Y,g,156,0.000624
3200,CH01,Y,g,160,0.000544
3200,CH01,Y,g,164,0.000534
3200,CH01,Y,g,168,0.000842
3200,CH01,Y,g,172,0.000525
3200,CH01,Y,g,176,0.000537
3200,CH01,Y,g,180,0.000529
3200,CH01,Y,g,184,0.000844
3200,CH01,Y,g,188,0.000543
3200,CH01,Y,g,192,0.000642
3200,CH01,Y,g,196,0.000761
3200,CH01,Y,g,200,0.000914
3200,CH01,Y,g,204,0.000797
3200,CH01,Y,g,208,0.001016
3200,CH01,Y,g,212,0.006079
3200,CH01,Y,g,216,0.003839
3200,CH01,Y,g,220,0.000681
3200,CH01,Y,g,224,0.000919
3200,CH01,Y,g,228,0.000573
3200,CH01,Y,g,232,0.000996
3200,CH01,Y,g,236,0.000544
3200,CH01,Y,g,240,0.000745
3200,CH01,Y,g,244,0.000714
3200,CH01,Y,g,248,0.000625
3200,CH01,Y,g,252,0.000764
3200,CH01,Y,g,256,0.00063
3200,CH01,Y,g,260,0.000845
3200,CH01,Y,g,264,0.000989
3200,CH01,Y,g,268,0.000613
3200,CH01,Y,g,272,0.000988
3200,CH01,Y,g,276,0.000548
3200,CH01,Y,g,280,0.00092
3200,CH01,Y,g,284,0.000523
3200,CH01,Y,g,288,0.000529
3200,CH01,Y,g,292,0.000932
3200,CH01,Y,g,296,0.0009
3200,CH01,Y,g,300,0.000551
3200,CH01,Y,g,304,0.000893
3200,CH01,Y,g,308,0.000762
3200,CH01,Y,g,312,0.000975
3200,CH01,Y,g,316,0.000968
3200,CH01,Y,g,320,0.00051
3200,CH01,Y,g,324,0.000686
3200,CH01,Y,g,328,0.000726
3200,CH01,Y,g,332,0.000554
3200,CH01,Y,g,336,0.000866
3200,CH01,Y,g,340,0.000875
3200,CH01,Y,g,344,0.000865
3200,CH01,Y,g,348,0.000591
3200,CH01,Y,g,352,0.000876
3200,CH01,Y,g,356,0.000997
3200,CH01,Y,g,360,0.00077
3200,CH01,Y,g,364,0.000988
3200,CH01,Y,g,368,0.000903
3200,CH01,Y,g,372,0.000578
3200,CH01,Y,g,376,0.000951
3200,CH01,Y,g,380,0.000618
3200,CH01,Y,g,384,0.000933
3200,CH01,Y,g,388,0.000871
3200,CH01,Y,g,392,0.000804
3200,CH01,Y,g,396,0.000936
3200,CH01,Y,g,400,0.000735
3300,CH01,Y,g,4,0.000613
3300,CH01,Y,g,8,0.000518
3300,CH01,Y,g,12,0.000548
3300,CH01,Y,g,16,0.000623
3300,CH01,Y,g,20,0.000957
3300,CH01,Y,g,24,0.000767
3300,CH01,Y,g,28,0.000744
3300,CH01,Y,g,32,0.000921
3300,CH01,Y,g,36,0.000622
3300,CH01,Y,g,40,0.000949
3300,CH01,Y,g,44,0.00086
3300,CH01,Y,g,48,0.000592
3300,CH01,Y,g,52,0.004493
3300,CH01,Y,g,56,0.00904
3300,CH01,Y,g,60,0.001347
3300,CH01,Y,g,64,0.000804
3300,CH01,Y,g,68,0.0008
3300,CH01,Y,g,72,0.000622
3300,CH01,Y,g,76,0.000516
3300,CH01,Y,g,80,0.000833
3300,CH01,Y,g,84,0.000629
3300,CH01,Y,g,88,0.000682
3300,CH01,Y,g,92,0.000872
3300,CH01,Y,g,96,0.000762
3300,CH01,Y,g,100,0.000998
3300,CH01,Y,g,104,0.001521
3300,CH01,Y,g,108,0.040174
3300,CH01,Y,g,112,0.0503
3300,CH01,Y,g,116,0.002371
3300,CH01,Y,g,120,0.000935
3300,CH01,Y,g,124,0.000608
3300,CH01,Y,g,128,0.000901
3300,CH01,Y,g,132,0.000779
3300,CH01,Y,g,136,0.000876
3300,CH01,Y,g,140,0.000998
3300,CH01,Y,g,144,0.000717
3300,CH01,Y,g,148,0.000976
3300,CH01,Y,g,152,0.000973
3300,CH01,Y,g,156,0.000741
3300,CH01,Y,g,160,0.0006
3300,CH01,Y,g,164,0.000647
3300,CH01,Y,g,168,0.000538
3300,CH01,Y,g,172,0.000572
3300,CH01,Y,g,176,0.000616
3300,CH01,Y,g,180,0.000643
3300,CH01,Y,g,184,0.000739
3300,CH01,Y,g,188,0.000822
3300,CH01,Y,g,192,0.000952
3300,CH01,Y,g,196,0.000618
3300,CH01,Y,g,200,0.000852
3300,CH01,Y,g,204,0.000595
3300,CH01,Y,g,208,0.000853
3300,CH01,Y,g,212,0.000529
3300,CH01,Y,g,216,0.0018
3300,CH01,Y,g,220,0.007931
3300,CH01,Y,g,224,0.002002
3300,CH01,Y,g,228,0.000962
3300,CH01,Y,g,232,0.000679
3300,CH01,Y,g,236,0.000783
3300,CH01,Y,g,240,0.000528
3300,CH01,Y,g,244,0.000855
3300,CH01,Y,g,248,0.000774
3300,CH01,Y,g,252,0.000827
3300,CH01,Y,g,256,0.000749
3300,CH01,Y,g,260,0.00099
3300,CH01,Y,g,264,0.000835
3300,CH01,Y,g,268,0.000813
3300,CH01,Y,g,272,0.000981
3300,CH01,Y,g,276,0.000854
3300,CH01,Y,g,280,0.00092
3300,CH01,Y,g,284,0.00081
3300,CH01,Y,g,288,0.000993
3300,CH01,Y,g,292,0.000813
3300,CH01,Y,g,296,0.000683
3300,CH01,Y,g,300,0.000965
3300,CH01,Y,g,304,0.000917
3300,CH01,Y,g,308,0.000531
3300,CH01,Y,g,312,0.00079
3300,CH01,Y,g,316,0.000899
3300,CH01,Y,g,320,0.00056
3300,CH01,Y,g,324,0.00099
3300,CH01,Y,g,328,0.000606
3300,CH01,Y,g,332,0.000526
3300,CH01,Y,g,336,0.000703
3300,CH01,Y,g,340,0.000591
3300,CH01,Y,g,344,0.000928
3300,CH01,Y,g,348,0.000833
3300,CH01,Y,g,352,0.000795
3300,CH01,Y,g,356,0.000984
3300,CH01,Y,g,360,0.000541
3300,CH01,Y,g,364,0.000745
3300,CH01,Y,g,368,0.000692
3300,CH01,Y,g,372,0.000871
3300,CH01,Y,g,376,0.000987
3300,CH01,Y,g,380,0.000698
3300,CH01,Y,g,384,0.000931
3300,CH01,Y,g,388,0.00098
3300,CH01,Y,g,392,0.000818
3300,CH01,Y,g,396,0.000968
3300,CH01,Y,g,400,0.000691
3400,CH01,Y,g,4,0.00083
3400,CH01,Y,g,8,0.000587
3400,CH01,Y,g,12,0.000598
3400,CH01,Y,g,16,0.000951
3400,CH01,Y,g,20,0.000597
3400,CH01,Y,g,24,0.00099
3400,CH01,Y,g,28,0.000801
3400,CH01,Y,g,32,0.000981
3400,CH01,Y,g,36,0.000794
3400,CH01,Y,g,40,0.000895
3400,CH01,Y,g,44,0.00081
3400,CH01,Y,g,48,0.000659
3400,CH01,Y,g,52,0.001483
3400,CH01,Y,g,56,0.010483
3400,CH01,Y,g,60,0.003745
3400,CH01,Y,g,64,0.000664
3400,CH01,Y,g,68,0.00091
3400,CH01,Y,g,72,0.00082
3400,CH01,Y,g,76,0.000939
3400,CH01,Y,g,80,0.000585
3400,CH01,Y,g,84,0.000547
3400,CH01,Y,g,88,0.000828
3400,CH01,Y,g,92,0.000941
3400,CH01,Y,g,96,0.000709
3400,CH01,Y,g,100,0.000853
3400,CH01,Y,g,104,0.000906
3400,CH01,Y,g,108,0.003409
3400,CH01,Y,g,112,0.068581
3400,CH01,Y,g,116,0.044102
3400,CH01,Y,g,120,0.001481
3400,CH01,Y,g,124,0.000799
3400,CH01,Y,g,128,0.000674
3400,CH01,Y,g,132,0.000983
3400,CH01,Y,g,136,0.000819
3400,CH01,Y,g,140,0.000639
3400,CH01,Y,g,144,0.000629
3400,CH01,Y,g,148,0.000544
3400,CH01,Y,g,152,0.000975
3400,CH01,Y,g,156,0.000681
3400,CH01,Y,g,160,0.000934
3400,CH01,Y,g,164,0.000969
3400,CH01,Y,g,168,0.000946
3400,CH01,Y,g,172,0.000624
3400,CH01,Y,g,176,0.001
3400,CH01,Y,g,180,0.000612
3400,CH01,Y,g,184,0.000934
3400,CH01,Y,g,188,0.000997
3400,CH01,Y,g,192,0.000966
3400,CH01,Y,g,196,0.000779
3400,CH01,Y,g,200,0.000673
3400,CH01,Y,g,204,0.000537
3400,CH01,Y,g,208,0.000502
3400,CH01,Y,g,212,0.000661
3400,CH01,Y,g,216,0.000967
3400,CH01,Y,g,220,0.00074
3400,CH01,Y,g,224,0.004322
3400,CH01,Y,g,228,0.007049
3400,CH01,Y,g,232,0.001087
3400,CH01,Y,g,236,0.000734
3400,CH01,Y,g,240,0.000928
3400,CH01,Y,g,244,0.000682
3400,CH01,Y,g,248,0.000954
3400,CH01,Y,g,252,0.000906
3400,CH01,Y,g,256,0.000924
3400,CH01,Y,g,260,0.000706
3400,CH01,Y,g,264,0.000846
3400,CH01,Y,g,268,0.000615
3400,CH01,Y,g,272,0.00067
3400,CH01,Y,g,276,0.0008
3400,CH01,Y,g,280,0.000708
3400,CH01,Y,g,284,0.000633
3400,CH01,Y,g,288,0.000933
3400,CH01,Y,g,292,0.000989
3400,CH01,Y,g,296,0.000601
3400,CH01,Y,g,300,0.000544
3400,CH01,Y,g,304,0.000942
3400,CH01,Y,g,308,0.000837
3400,CH01,Y,g,312,0.000547
3400,CH01,Y,g,316,0.000765
3400,CH01,Y,g,320,0.000881
3400,CH01,Y,g,324,0.000866
3400,CH01,Y,g,328,0.00077
3400,CH01,Y,g,332,0.00092
3400,CH01,Y,g,336,0.000756
3400,CH01,Y,g,340,0.000661
3400,CH01,Y,g,344,0.000666
3400,CH01,Y,g,348,0.000988
3400,CH01,Y,g,352,0.000862
3400,CH01,Y,g,356,0.000568
3400,CH01,Y,g,360,0.000977
3400,CH01,Y,g,364,0.000881
3400,CH01,Y,g,368,0.000798
3400,CH01,Y,g,372,0.000956
3400,CH01,Y,g,376,0.000813
3400,CH01,Y,g,380,0.000973
3400,CH01,Y,g,384,0.000791
3400,CH01,Y,g,388,0.000505
3400,CH01,Y,g,392,0.000879
3400,CH01,Y,g,396,0.000696
3400,CH01,Y,g,400,0.000755
3500,CH01,Y,g,4,0.000915
3500,CH01,Y,g,8,0.000996
3500,CH01,Y,g,12,0.000872
3500,CH01,Y,g,16,0.000911
3500,CH01,Y,g,20,0.000974
3500,CH01,Y,g,24,0.000981
3500,CH01,Y,g,28,0.000569
3500,CH01,Y,g,32,0.000559
3500,CH01,Y,g,36,0.000887
3500,CH01,Y,g,40,0.00063
3500,CH01,Y,g,44,0.000633
3500,CH01,Y,g,48,0.000992
3500,CH01,Y,g,52,0.000938
3500,CH01,Y,g,56,0.006435
3500,CH01,Y,g,60,0.008488
3500,CH01,Y,g,64,0.001202
3500,CH01,Y,g,68,0.000527
3500,CH01,Y,g,72,0.000862
3500,CH01,Y,g,76,0.000662
3500,CH01,Y,g,80,0.000728
3500,CH01,Y,g,84,0.000527
3500,CH01,Y,g,88,0.000744
3500,CH01,Y,g,92,0.000947
3500,CH01,Y,g,96,0.00062
3500,CH01,Y,g,100,0.00074
3500,CH01,Y,g,104,0.000663
3500,CH01,Y,g,108,0.000658
3500,CH01,Y,g,112,0.008594
3500,CH01,Y,g,116,0.097544
3500,CH01,Y,g,120,0.031717
3500,CH01,Y,g,124,0.000929
3500,CH01,Y,g,128,0.000931
3500,CH01,Y,g,132,0.000623
3500,CH01,Y,g,136,0.000804
3500,CH01,Y,g,140,0.00078
3500,CH01,Y,g,144,0.000821
3500,CH01,Y,g,148,0.000746
3500,CH01,Y,g,152,0.00073
3500,CH01,Y,g,156,0.000938
3500,CH01,Y,g,160,0.000838
3500,CH01,Y,g,164,0.000993
3500,CH01,Y,g,168,0.00073
3500,CH01,Y,g,172,0.000685
3500,CH01,Y,g,176,0.000741
3500,CH01,Y,g,180,0.000898
3500,CH01,Y,g,184,0.000648
3500,CH01,Y,g,188,0.000846
3500,CH01,Y,g,192,0.000672
3500,CH01,Y,g,196,0.000635
3500,CH01,Y,g,200,0.000744
3500,CH01,Y,g,204,0.000535
3500,CH01,Y,g,208,0.000802
3500,CH01,Y,g,212,0.000562
3500,CH01,Y,g,216,0.000598
3500,CH01,Y,g,220,0.000964
3500,CH01,Y,g,224,0.000553
3500,CH01,Y,g,228,0.000936
3500,CH01,Y,g,232,0.007299
3500,CH01,Y,g,236,0.004327
3500,CH01,Y,g,240,0.000675
3500,CH01,Y,g,244,0.000778
3500,CH01,Y,g,248,0.000621
3500,CH01,Y,g,252,0.000925
3500,CH01,Y,g,256,0.000526
3500,CH01,Y,g,260,0.000709
3500,CH01,Y,g,264,0.000573
3500,CH01,Y,g,268,0.000702
3500,CH01,Y,g,272,0.000778
3500,CH01,Y,g,276,0.000542
3500,CH01,Y,g,280,0.000616
3500,CH01,Y,g,284,0.000912
3500,CH01,Y,g,288,0.000686
3500,CH01,Y,g,292,0.000714
3500,CH01,Y,g,296,0.000978
3500,CH01,Y,g,300,0.000977
3500,CH01,Y,g,304,0.000744
3500,CH01,Y,g,308,0.000522
3500,CH01,Y,g,312,0.000924
3500,CH01,Y,g,316,0.000846
3500,CH01,Y,g,320,0.000812
3500,CH01,Y,g,324,0.000905
3500,CH01,Y,g,328,0.000739
3500,CH01,Y,g,332,0.000835
3500,CH01,Y,g,336,0.000624
3500,CH01,Y,g,340,0.000955
3500,CH01,Y,g,344,0.000746
3500,CH01,Y,g,348,0.000961
3500,CH01,Y,g,352,0.000509
3500,CH01,Y,g,356,0.000738
3500,CH01,Y,g,360,0.000885
3500,CH01,Y,g,364,0.000916
3500,CH01,Y,g,368,0.000587
3500,CH01,Y,g,372,0.000644
3500,CH01,Y,g,376,0.000634
3500,CH01,Y,g,380,0.000908
3500,CH01,Y,g,384,0.000829
3500,CH01,Y,g,388,0.000818
3500,CH01,Y,g,392,0.000708
3500,CH01,Y,g,396,0.000918
3500,CH01,Y,g,400,0.00099
3600,CH01,Y,g,4,0.000529
3600,CH01,Y,g,8,0.000667
3600,CH01,Y,g,12,0.000796
3600,CH01,Y,g,16,0.000608
3600,CH01,Y,g,20,0.000875
3600,CH01,Y,g,24,0.000522
3600,CH01,Y,g,28,0.000748
3600,CH01,Y,g,32,0.000574
3600,CH01,Y,g,36,0.000834
3600,CH01,Y,g,40,0.000991
3600,CH01,Y,g,44,0.000712
3600,CH01,Y,g,48,0.000778
3600,CH01,Y,g,52,0.000707
3600,CH01,Y,g,56,0.002611
3600,CH01,Y,g,60,0.012088
3600,CH01,Y,g,64,0.002656
3600,CH01,Y,g,68,0.00081
3600,CH01,Y,g,72,0.000685
3600,CH01,Y,g,76,0.000514
3600,CH01,Y,g,80,0.000789
3600,CH01,Y,g,84,0.000923
3600,CH01,Y,g,88,0.000936
3600,CH01,Y,g,92,0.000863
3600,CH01,Y,g,96,0.000655
3600,CH01,Y,g,100,0.000669
3600,CH01,Y,g,104,0.000836
3600,CH01,Y,g,108,0.000528
3600,CH01,Y,g,112,0.000876
3600,CH01,Y,g,116,0.019168
3600,CH01,Y,g,120,0.114047
3600,CH01,Y,g,124,0.01913
3600,CH01,Y,g,128,0.000875
3600,CH01,Y,g,132,0.00059
3600,CH01,Y,g,136,0.000977
3600,CH01,Y,g,140,0.000957
3600,CH01,Y,g,144,0.000762
3600,CH01,Y,g,148,0.000756
3600,CH01,Y,g,152,0.00078
3600,CH01,Y,g,156,0.000709
3600,CH01,Y,g,160,0.0009
3600,CH01,Y,g,164,0.000562
3600,CH01,Y,g,168,0.000956
3600,CH01,Y,g,172,0.000562
3600,CH01,Y,g,176,0.00078
3600,CH01,Y,g,180,0.000629
3600,CH01,Y,g,184,0.000528
3600,CH01,Y,g,188,0.000532
3600,CH01,Y,g,192,0.000618
3600,CH01,Y,g,196,0.000919
3600,CH01,Y,g,200,0.000856
3600,CH01,Y,g,204,0.000516
3600,CH01,Y,g,208,0.000956
3600,CH01,Y,g,212,0.00093
3600,CH01,Y,g,216,0.000772
3600,CH01,Y,g,220,0.000992
3600,CH01,Y,g,224,0.000567
3600,CH01,Y,g,228,0.00056
3600,CH01,Y,g,232,0.000602
3600,CH01,Y,g,236,0.002382
3600,CH01,Y,g,240,0.00926
3600,CH01,Y,g,244,0.002137
3600,CH01,Y,g,248,0.000809
3600,CH01,Y,g,252,0.000721
3600,CH01,Y,g,256,0.000804
3600,CH01,Y,g,260,0.000868
3600,CH01,Y,g,264,0.00057
3600,CH01,Y,g,268,0.000599
3600,CH01,Y,g,272,0.000603
3600,CH01,Y,g,276,0.000958
3600,CH01,Y,g,280,0.000595
3600,CH01,Y,g,284,0.000641
3600,CH01,Y,g,288,0.000899
3600,CH01,Y,g,292,0.000949
3600,CH01,Y,g,296,0.000737
3600,CH01,Y,g,300,0.000878
3600,CH01,Y,g,304,0.000792
3600,CH01,Y,g,308,0.000887
3600,CH01,Y,g,312,0.00063
3600,CH01,Y,g,316,0.000517
3600,CH01,Y,g,320,0.000915
3600,CH01,Y,g,324,0.000819
3600,CH01,Y,g,328,0.000885
3600,CH01,Y,g,332,0.000689
3600,CH01,Y,g,336,0.000534
3600,CH01,Y,g,340,0.000541
3600,CH01,Y,g,344,0.000583
3600,CH01,Y,g,348,0.00092
3600,CH01,Y,g,352,0.000733
3600,CH01,Y,g,356,0.000832
3600,CH01,Y,g,360,0.000785
3600,CH01,Y,g,364,0.000729
3600,CH01,Y,g,368,0.000888
3600,CH01,Y,g,372,0.000614
3600,CH01,Y,g,376,0.00068
3600,CH01,Y,g,380,0.000872
3600,CH01,Y,g,384,0.000659
3600,CH01,Y,g,388,0.000516
3600,CH01,Y,g,392,0.000635
3600,CH01,Y,g,396,0.000915
3600,CH01,Y,g,400,0.000991
3700,CH01,Y,g,4,0.000972
3700,CH01,Y,g,8,0.000571
3700,CH01,Y,g,12,0.000938
3700,CH01,Y,g,16,0.000663
3700,CH01,Y,g,20,0.000518
3700,CH01,Y,g,24,0.000909
3700,CH01,Y,g,28,0.00066
3700,CH01,Y,g,32,0.000557
3700,CH01,Y,g,36,0.00086
3700,CH01,Y,g,40,0.000919
3700,CH01,Y,g,44,0.000879
3700,CH01,Y,g,48,0.000926
3700,CH01,Y,g,52,0.000574
3700,CH01,Y,g,56,0.001077
3700,CH01,Y,g,60,0.009322
3700,CH01,Y,g,64,0.007113
3700,CH01,Y,g,68,0.000957
3700,CH01,Y,g,72,0.000784
3700,CH01,Y,g,76,0.000856
3700,CH01,Y,g,80,0.00073
3700,CH01,Y,g,84,0.000718
3700,CH01,Y,g,88,0.000776
3700,CH01,Y,g,92,0.000831
3700,CH01,Y,g,96,0.000517
3700,CH01,Y,g,100,0.000922
3700,CH01,Y,g,104,0.000532
3700,CH01,Y,g,108,0.000977
3700,CH01,Y,g,112,0.000881
3700,CH01,Y,g,116,0.000988
3700,CH01,Y,g,120,0.03555
3700,CH01,Y,g,124,0.108839
3700,CH01,Y,g,128,0.009284
3700,CH01,Y,g,132,0.00062
3700,CH01,Y,g,136,0.000694
3700,CH01,Y,g,140,0.000519
3700,CH01,Y,g,144,0.000757
3700,CH01,Y,g,148,0.000619
3700,CH01,Y,g,152,0.000894
3700,CH01,Y,g,156,0.000991
3700,CH01,Y,g,160,0.000584
3700,CH01,Y,g,164,0.000574
3700,CH01,Y,g,168,0.000959
3700,CH01,Y,g,172,0.000504
3700,CH01,Y,g,176,0.000915
3700,CH01,Y,g,180,0.0009
3700,CH01,Y,g,184,0.000934
3700,CH01,Y,g,188,0.000606
3700,CH01,Y,g,192,0.00069
3700,CH01,Y,g,196,0.000809
3700,CH01,Y,g,200,0.00078
3700,CH01,Y,g,204,0.000741
3700,CH01,Y,g,208,0.000765
3700,CH01,Y,g,212,0.000866
3700,CH01,Y,g,216,0.000757
3700,CH01,Y,g,220,0.000755
3700,CH01,Y,g,224,0.000861
3700,CH01,Y,g,228,0.000523
3700,CH01,Y,g,232,0.000931
3700,CH01,Y,g,236,0.00058
3700,CH01,Y,g,240,0.001034
3700,CH01,Y,g,244,0.004735
3700,CH01,Y,g,248,0.008363
3700,CH01,Y,g,252,0.001101
3700,CH01,Y,g,256,0.000549
3700,CH01,Y,g,260,0.000797
3700,CH01,Y,g,264,0.000899
3700,CH01,Y,g,268,0.000974
3700,CH01,Y,g,272,0.000849
3700,CH01,Y,g,276,0.000936
3700,CH01,Y,g,280,0.000868
3700,CH01,Y,g,284,0.000579
3700,CH01,Y,g,288,0.000937
3700,CH01,Y,g,292,0.000503
3700,CH01,Y,g,296,0.000874
3700,CH01,Y,g,300,0.000816
3700,CH01,Y,g,304,0.000949
3700,CH01,Y,g,308,0.000875
3700,CH01,Y,g,312,0.000719
3700,CH01,Y,g,316,0.000887
3700,CH01,Y,g,320,0.000892
3700,CH01,Y,g,324,0.000547
3700,CH01,Y,g,328,0.000867
3700,CH01,Y,g,332,0.000529
3700,CH01,Y,g,336,0.000901
3700,CH01,Y,g,340,0.000938
3700,CH01,Y,g,344,0.000542
3700,CH01,Y,g,348,0.000773
3700,CH01,Y,g,352,0.000818
3700,CH01,Y,g,356,0.00064
3700,CH01,Y,g,360,0.000841
3700,CH01,Y,g,364,0.000793
3700,CH01,Y,g,368,0.000519
3700,CH01,Y,g,372,0.000975
3700,CH01,Y,g,376,0.000732
3700,CH01,Y,g,380,0.000978
3700,CH01,Y,g,384,0.000674
3700,CH01,Y,g,388,0.000786
3700,CH01,Y,g,392,0.000868
3700,CH01,Y,g,396,0.000844
3700,CH01,Y,g,400,0.00084
3800,CH01,Y,g,4,0.000746
3800,CH01,Y,g,8,0.000581
3800,CH01,Y,g,12,0.000732
3800,CH01,Y,g,16,0.000737
3800,CH01,Y,g,20,0.000587
3800,CH01,Y,g,24,0.000583
3800,CH01,Y,g,28,0.000538
3800,CH01,Y,g,32,0.000568
3800,CH01,Y,g,36,0.000882
3800,CH01,Y,g,40,0.000637
3800,CH01,Y,g,44,0.000941
3800,CH01,Y,g,48,0.000641
3800,CH01,Y,g,52,0.00073
3800,CH01,Y,g,56,0.000777
3800,CH01,Y,g,60,0.004235
3800,CH01,Y,g,64,0.012842
3800,CH01,Y,g,68,0.001821
3800,CH01,Y,g,72,0.000822
3800,CH01,Y,g,76,0.000987
3800,CH01,Y,g,80,0.000798
3800,CH01,Y,g,84,0.000527
3800,CH01,Y,g,88,0.000711
3800,CH01,Y,g,92,0.000685
3800,CH01,Y,g,96,0.000956
3800,CH01,Y,g,100,0.000552
3800,CH01,Y,g,104,0.000838
3800,CH01,Y,g,108,0.000984
3800,CH01,Y,g,112,0.000768
3800,CH01,Y,g,116,0.000793
3800,CH01,Y,g,120,0.001848
3800,CH01,Y,g,124,0.0551
3800,CH01,Y,g,128,0.085133
3800,CH01,Y,g,132,0.004354
3800,CH01,Y,g,136,0.000699
3800,CH01,Y,g,140,0.00054
3800,CH01,Y,g,144,0.000535
3800,CH01,Y,g,148,0.000726
3800,CH01,Y,g,152,0.000611
3800,CH01,Y,g,156,0.000605
3800,CH01,Y,g,160,0.000654
3800,CH01,Y,g,164,0.000503
3800,CH01,Y,g,168,0.000962
3800,CH01,Y,g,172,0.000779
3800,CH01,Y,g,176,0.000687
3800,CH01,Y,g,180,0.000996
3800,CH01,Y,g,184,0.000605
3800,CH01,Y,g,188,0.000613
3800,CH01,Y,g,192,0.000555
3800,CH01,Y,g,196,0.000932
3800,CH01,Y,g,200,0.000888
3800,CH01,Y,g,204,0.000552
3800,CH01,Y,g,208,0.00052
3800,CH01,Y,g,212,0.000761
3800,CH01,Y,g,216,0.000567
3800,CH01,Y,g,220,0.000891
3800,CH01,Y,g,224,0.000709
3800,CH01,Y,g,228,0.000611
3800,CH01,Y,g,232,0.000865
3800,CH01,Y,g,236,0.000968
3800,CH01,Y,g,240,0.000706
3800,CH01,Y,g,244,0.000822
3800,CH01,Y,g,248,0.001079
3800,CH01,Y,g,252,0.008599
3800,CH01,Y,g,256,0.00509
3800,CH01,Y,g,260,0.000777
3800,CH01,Y,g,264,0.000835
3800,CH01,Y,g,268,0.000581
3800,CH01,Y,g,272,0.000691
3800,CH01,Y,g,276,0.000523
3800,CH01,Y,g,280,0.000744
3800,CH01,Y,g,284,0.000838
3800,CH01,Y,g,288,0.00063
3800,CH01,Y,g,292,0.000679
3800,CH01,Y,g,296,0.000508
3800,CH01,Y,g,300,0.000884
3800,CH01,Y,g,304,0.000533
3800,CH01,Y,g,308,0.000521
3800,CH01,Y,g,312,0.000782
3800,CH01,Y,g,316,0.000504
3800,CH01,Y,g,320,0.000989
3800,CH01,Y,g,324,0.000738
3800,CH01,Y,g,328,0.000598
3800,CH01,Y,g,332,0.000906
3800,CH01,Y,g,336,0.000783
3800,CH01,Y,g,340,0.000848
3800,CH01,Y,g,344,0.000906
3800,CH01,Y,g,348,0.000792
3800,CH01,Y,g,352,0.000628
3800,CH01,Y,g,356,0.000654
3800,CH01,Y,g,360,0.000867
3800,CH01,Y,g,364,0.000936
3800,CH01,Y,g,368,0.000764
3800,CH01,Y,g,372,0.000781
3800,CH01,Y,g,376,0.000887
3800,CH01,Y,g,380,0.000849
3800,CH01,Y,g,384,0.000769
3800,CH01,Y,g,388,0.000892
3800,CH01,Y,g,392,0.000861
3800,CH01,Y,g,396,0.000855
3800,CH01,Y,g,400,0.000939
3900,CH01,Y,g,4,0.00056
3900,CH01,Y,g,8,0.000559
3900,CH01,Y,g,12,0.000763
3900,CH01,Y,g,16,0.000927
3900,CH01,Y,g,20,0.000823
3900,CH01,Y,g,24,0.000783
3900,CH01,Y,g,28,0.000733
3900,CH01,Y,g,32,0.000837
3900,CH01,Y,g,36,0.000907
3900,CH01,Y,g,40,0.000581
3900,CH01,Y,g,44,0.000563
3900,CH01,Y,g,48,0.000661
3900,CH01,Y,g,52,0.000537
3900,CH01,Y,g,56,0.000553
3900,CH01,Y,g,60,0.00156
3900,CH01,Y,g,64,0.012722
3900,CH01,Y,g,68,0.005891
3900,CH01,Y,g,72,0.000727
3900,CH01,Y,g,76,0.000594
3900,CH01,Y,g,80,0.000969
3900,CH01,Y,g,84,0.000853
3900,CH01,Y,g,88,0.000803
3900,CH01,Y,g,92,0.000864
3900,CH01,Y,g,96,0.00095
3900,CH01,Y,g,100,0.000638
3900,CH01,Y,g,104,0.0007
3900,CH01,Y,g,108,0.000837
3900,CH01,Y,g,112,0.00085
3900,CH01,Y,g,116,0.000823
3900,CH01,Y,g,120,0.000845
3900,CH01,Y,g,124,0.00296
3900,CH01,Y,g,128,0.070125
3900,CH01,Y,g,132,0.055969
3900,CH01,Y,g,136,0.001954
3900,CH01,Y,g,140,0.000597
3900,CH01,Y,g,144,0.000939
3900,CH01,Y,g,148,0.000723
3900,CH01,Y,g,152,0.000572
3900,CH01,Y,g,156,0.000657
3900,CH01,Y,g,160,0.000933
3900,CH01,Y,g,164,0.000508
3900,CH01,Y,g,168,0.000595
3900,CH01,Y,g,172,0.000675
3900,CH01,Y,g,176,0.000555
3900,CH01,Y,g,180,0.000949
3900,CH01,Y,g,184,0.000759
3900,CH01,Y,g,188,0.000888
3900,CH01,Y,g,192,0.000934
3900,CH01,Y,g,196,0.00094
3900,CH01,Y,g,200,0.00077
3900,CH01,Y,g,204,0.000819
3900,CH01,Y,g,208,0.000635
3900,CH01,Y,g,212,0.000972
3900,CH01,Y,g,216,0.000868
3900,CH01,Y,g,220,0.000679
3900,CH01,Y,g,224,0.000835
3900,CH01,Y,g,228,0.000881
3900,CH01,Y,g,232,0.000723
3900,CH01,Y,g,236,0.000533
3900,CH01,Y,g,240,0.000645
3900,CH01,Y,g,244,0.000552
3900,CH01,Y,g,248,0.000573
3900,CH01,Y,g,252,0.000736
3900,CH01,Y,g,256,0.002267
3900,CH01,Y,g,260,0.010655
3900,CH01,Y,g,264,0.002309
3900,CH01,Y,g,268,0.000863
3900,CH01,Y,g,272,0.000597
3900,CH01,Y,g,276,0.000733
3900,CH01,Y,g,280,0.000895
3900,CH01,Y,g,284,0.000775
3900,CH01,Y,g,288,0.00078
3900,CH01,Y,g,292,0.000703
3900,CH01,Y,g,296,0.00051
3900,CH01,Y,g,300,0.000945
3900,CH01,Y,g,304,0.000616
3900,CH01,Y,g,308,0.000851
3900,CH01,Y,g,312,0.000681
3900,CH01,Y,g,316,0.000602
3900,CH01,Y,g,320,0.000985
3900,CH01,Y,g,324,0.00084
3900,CH01,Y,g,328,0.000518
3900,CH01,Y,g,332,0.000753
3900,CH01,Y,g,336,0.000627
3900,CH01,Y,g,340,0.000773
3900,CH01,Y,g,344,0.000507
3900,CH01,Y,g,348,0.000804
3900,CH01,Y,g,352,0.000586
3900,CH01,Y,g,356,0.000879
3900,CH01,Y,g,360,0.000764
3900,CH01,Y,g,364,0.00053
3900,CH01,Y,g,368,0.000546
3900,CH01,Y,g,372,0.000962
3900,CH01,Y,g,376,0.000733
3900,CH01,Y,g,380,0.000511
3900,CH01,Y,g,384,0.000549
3900,CH01,Y,g,388,0.000507
3900,CH01,Y,g,392,0.00083
3900,CH01,Y,g,396,0.000787
3900,CH01,Y,g,400,0.000595
4000,CH01,Y,g,4,0.000709
4000,CH01,Y,g,8,0.000513
4000,CH01,Y,g,12,0.000976
4000,CH01,Y,g,16,0.000839
4000,CH01,Y,g,20,0.000722
4000,CH01,Y,g,24,0.000685
4000,CH01,Y,g,28,0.000645
4000,CH01,Y,g,32,0.000736
4000,CH01,Y,g,36,0.000606
4000,CH01,Y,g,40,0.000735
4000,CH01,Y,g,44,0.000865
4000,CH01,Y,g,48,0.000787
4000,CH01,Y,g,52,0.000886
4000,CH01,Y,g,56,0.000948
4000,CH01,Y,g,60,0.001034
4000,CH01,Y,g,64,0.006991
4000,CH01,Y,g,68,0.012202
4000,CH01,Y,g,72,0.001432
4000,CH01,Y,g,76,0.000955
4000,CH01,Y,g,80,0.000572
4000,CH01,Y,g,84,0.000608
4000,CH01,Y,g,88,0.000623
4000,CH01,Y,g,92,0.00059
4000,CH01,Y,g,96,0.000697
4000,CH01,Y,g,100,0.000659
4000,CH01,Y,g,104,0.000814
4000,CH01,Y,g,108,0.000694
4000,CH01,Y,g,112,0.000546
4000,CH01,Y,g,116,0.000891
4000,CH01,Y,g,120,0.000918
4000,CH01,Y,g,124,0.000744
4000,CH01,Y,g,128,0.005367
4000,CH01,Y,g,132,0.075023
4000,CH01,Y,g,136,0.031968
4000,CH01,Y,g,140,0.001242
4000,CH01,Y,g,144,0.000579
4000,CH01,Y,g,148,0.000866
4000,CH01,Y,g,152,0.000691
4000,CH01,Y,g,156,0.00093
4000,CH01,Y,g,160,0.000805
4000,CH01,Y,g,164,0.000996
4000,CH01,Y,g,168,0.000511
4000,CH01,Y,g,172,0.000928
4000,CH01,Y,g,176,0.000943
4000,CH01,Y,g,180,0.000604
4000,CH01,Y,g,184,0.000746
4000,CH01,Y,g,188,0.000835
4000,CH01,Y,g,192,0.000679
4000,CH01,Y,g,196,0.000866
4000,CH01,Y,g,200,0.000796
4000,CH01,Y,g,204,0.000589
4000,CH01,Y,g,208,0.000927
4000,CH01,Y,g,212,0.000617
4000,CH01,Y,g,216,0.000503
4000,CH01,Y,g,220,0.00058
4000,CH01,Y,g,224,0.000583
4000,CH01,Y,g,228,0.000741
4000,CH01,Y,g,232,0.000899
4000,CH01,Y,g,236,0.000944
4000,CH01,Y,g,240,0.00061
4000,CH01,Y,g,244,0.000512
4000,CH01,Y,g,248,0.000971
4000,CH01,Y,g,252,0.000954
4000,CH01,Y,g,256,0.000568
4000,CH01,Y,g,260,0.000659
4000,CH01,Y,g,264,0.005745
4000,CH01,Y,g,268,0.009498
4000,CH01,Y,g,272,0.00136
4000,CH01,Y,g,276,0.000729
4000,CH01,Y,g,280,0.000587
4000,CH01,Y,g,284,0.000689
4000,CH01,Y,g,288,0.000767
4000,CH01,Y,g,292,0.000699
4000,CH01,Y,g,296,0.000786
4000,CH01,Y,g,300,0.000507
4000,CH01,Y,g,304,0.000757
4000,CH01,Y,g,308,0.00077
4000,CH01,Y,g,312,0.00056
4000,CH01,Y,g,316,0.000967
4000,CH01,Y,g,320,0.00094
4000,CH01,Y,g,324,0.00092
4000,CH01,Y,g,328,0.00095
4000,CH01,Y,g,332,0.000702
4000,CH01,Y,g,336,0.000912
4000,CH01,Y,g,340,0.000925
4000,CH01,Y,g,344,0.000884
4000,CH01,Y,g,348,0.00071
4000,CH01,Y,g,352,0.000607
4000,CH01,Y,g,356,0.000686
4000,CH01,Y,g,360,0.000962
4000,CH01,Y,g,364,0.000636
4000,CH01,Y,g,368,0.000979
4000,CH01,Y,g,372,0.000937
4000,CH01,Y,g,376,0.000503
4000,CH01,Y,g,380,0.000584
4000,CH01,Y,g,384,0.000756
4000,CH01,Y,g,388,0.000508
4000,CH01,Y,g,392,0.000689
4000,CH01,Y,g,396,0.000502
4000,CH01,Y,g,400,0.000703
1000,CH01,Z,g,4,0.000965
1000,CH01,Z,g,8,0.000791
1000,CH01,Z,g,12,0.000737
1000,CH01,Z,g,16,0.002505
1000,CH01,Z,g,20,0.00129
1000,CH01,Z,g,24,0.000803
1000,CH01,Z,g,28,0.000846
1000,CH01,Z,g,32,0.004132
1000,CH01,Z,g,36,0.002438
1000,CH01,Z,g,40,0.000856
1000,CH01,Z,g,44,0.000723
1000,CH01,Z,g,48,0.000754
1000,CH01,Z,g,52,0.000653
1000,CH01,Z,g,56,0.000851
1000,CH01,Z,g,60,0.000935
1000,CH01,Z,g,64,0.001211
1000,CH01,Z,g,68,0.001887
1000,CH01,Z,g,72,0.000579
1000,CH01,Z,g,76,0.000625
1000,CH01,Z,g,80,0.00068
1000,CH01,Z,g,84,0.000639
1000,CH01,Z,g,88,0.000576
1000,CH01,Z,g,92,0.0009
1000,CH01,Z,g,96,0.000723
1000,CH01,Z,g,100,0.000593
1000,CH01,Z,g,104,0.000926
1000,CH01,Z,g,108,0.000793
1000,CH01,Z,g,112,0.000513
1000,CH01,Z,g,116,0.000773
1000,CH01,Z,g,120,0.000738
1000,CH01,Z,g,124,0.000886
1000,CH01,Z,g,128,0.000513
1000,CH01,Z,g,132,0.000892
1000,CH01,Z,g,136,0.000769
1000,CH01,Z,g,140,0.00079
1000,CH01,Z,g,144,0.000652
1000,CH01,Z,g,148,0.000925
1000,CH01,Z,g,152,0.000606
1000,CH01,Z,g,156,0.000946
1000,CH01,Z,g,160,0.000821
1000,CH01,Z,g,164,0.000591
1000,CH01,Z,g,168,0.000968
1000,CH01,Z,g,172,0.00088
1000,CH01,Z,g,176,0.000535
1000,CH01,Z,g,180,0.000676
1000,CH01,Z,g,184,0.000545
1000,CH01,Z,g,188,0.000984
1000,CH01,Z,g,192,0.000871
1000,CH01,Z,g,196,0.000618
1000,CH01,Z,g,200,0.000744
1000,CH01,Z,g,204,0.000946
1000,CH01,Z,g,208,0.00087
1000,CH01,Z,g,212,0.000597
1000,CH01,Z,g,216,0.000551
1000,CH01,Z,g,220,0.000754
1000,CH01,Z,g,224,0.000556
1000,CH01,Z,g,228,0.000622
1000,CH01,Z,g,232,0.00091
1000,CH01,Z,g,236,0.000572
1000,CH01,Z,g,240,0.000606
1000,CH01,Z,g,244,0.000876
1000,CH01,Z,g,248,0.000678
1000,CH01,Z,g,252,0.000862
1000,CH01,Z,g,256,0.000963
1000,CH01,Z,g,260,0.000981
1000,CH01,Z,g,264,0.000654
1000,CH01,Z,g,268,0.000778
1000,CH01,Z,g,272,0.000927
1000,CH01,Z,g,276,0.000644
1000,CH01,Z,g,280,0.000727
1000,CH01,Z,g,284,0.00064
1000,CH01,Z,g,288,0.000696
1000,CH01,Z,g,292,0.000942
1000,CH01,Z,g,296,0.000536
1000,CH01,Z,g,300,0.000585
1000,CH01,Z,g,304,0.00066
1000,CH01,Z,g,308,0.000945
1000,CH01,Z,g,312,0.000651
1000,CH01,Z,g,316,0.000736
1000,CH01,Z,g,320,0.000695
1000,CH01,Z,g,324,0.000613
1000,CH01,Z,g,328,0.000837
1000,CH01,Z,g,332,0.000836
1000,CH01,Z,g,336,0.000754
1000,CH01,Z,g,340,0.000714
1000,CH01,Z,g,344,0.000901
1000,CH01,Z,g,348,0.000825
1000,CH01,Z,g,352,0.000958
1000,CH01,Z,g,356,0.000791
1000,CH01,Z,g,360,0.000565
1000,CH01,Z,g,364,0.000574
1000,CH01,Z,g,368,0.000918
1000,CH01,Z,g,372,0.000766
1000,CH01,Z,g,376,0.000509
1000,CH01,Z,g,380,0.000669
1000,CH01,Z,g,384,0.000764
1000,CH01,Z,g,388,0.000844
1000,CH01,Z,g,392,0.000637
1000,CH01,Z,g,396,0.000823
1000,CH01,Z,g,400,0.000613
1100,CH01,Z,g,4,0.000693
1100,CH01,Z,g,8,0.000616
1100,CH01,Z,g,12,0.000978
1100,CH01,Z,g,16,0.001924
1100,CH01,Z,g,20,0.002067
1100,CH01,Z,g,24,0.000732
1100,CH01,Z,g,28,0.000738
1100,CH01,Z,g,32,0.001131
1100,CH01,Z,g,36,0.005636
1100,CH01,Z,g,40,0.002233
1100,CH01,Z,g,44,0.000951
1100,CH01,Z,g,48,0.000674
1100,CH01,Z,g,52,0.000612
1100,CH01,Z,g,56,0.000674
1100,CH01,Z,g,60,0.000594
1100,CH01,Z,g,64,0.000677
1100,CH01,Z,g,68,0.000866
1100,CH01,Z,g,72,0.002083
1100,CH01,Z,g,76,0.001541
1100,CH01,Z,g,80,0.000793
1100,CH01,Z,g,84,0.000503
1100,CH01,Z,g,88,0.000612
1100,CH01,Z,g,92,0.000521
1100,CH01,Z,g,96,0.000972
1100,CH01,Z,g,100,0.000935
1100,CH01,Z,g,104,0.000987
1100,CH01,Z,g,108,0.00062
1100,CH01,Z,g,112,0.000764
1100,CH01,Z,g,116,0.000505
1100,CH01,Z,g,120,0.000824
1100,CH01,Z,g,124,0.000901
1100,CH01,Z,g,128,0.0008
1100,CH01,Z,g,132,0.000704
1100,CH01,Z,g,136,0.000522
1100,CH01,Z,g,140,0.000817
1100,CH01,Z,g,144,0.000728
1100,CH01,Z,g,148,0.000658
1100,CH01,Z,g,152,0.000723
1100,CH01,Z,g,156,0.000507
1100,CH01,Z,g,160,0.000928
1100,CH01,Z,g,164,0.000748
1100,CH01,Z,g,168,0.00089
1100,CH01,Z,g,172,0.000861
1100,CH01,Z,g,176,0.000767
1100,CH01,Z,g,180,0.000664
1100,CH01,Z,g,184,0.000506
1100,CH01,Z,g,188,0.00095
1100,CH01,Z,g,192,0.000625
1100,CH01,Z,g,196,0.000643
1100,CH01,Z,g,200,0.000757
1100,CH01,Z,g,204,0.000762
1100,CH01,Z,g,208,0.000843
1100,CH01,Z,g,212,0.000664
1100,CH01,Z,g,216,0.000938
1100,CH01,Z,g,220,0.000762
1100,CH01,Z,g,224,0.000546
1100,CH01,Z,g,228,0.000902
1100,CH01,Z,g,232,0.000887
1100,CH01,Z,g,236,0.000897
1100,CH01,Z,g,240,0.000856
1100,CH01,Z,g,244,0.000687
1100,CH01,Z,g,248,0.000683
1100,CH01,Z,g,252,0.000704
1100,CH01,Z,g,256,0.000688
1100,CH01,Z,g,260,0.000524
1100,CH01,Z,g,264,0.000633
1100,CH01,Z,g,268,0.00061
1100,CH01,Z,g,272,0.000905
1100,CH01,Z,g,276,0.000556
1100,CH01,Z,g,280,0.000824
1100,CH01,Z,g,284,0.000889
1100,CH01,Z,g,288,0.000773
1100,CH01,Z,g,292,0.000796
1100,CH01,Z,g,296,0.000626
1100,CH01,Z,g,300,0.000963
1100,CH01,Z,g,304,0.000538
1100,CH01,Z,g,308,0.000857
1100,CH01,Z,g,312,0.000831
1100,CH01,Z,g,316,0.000643
1100,CH01,Z,g,320,0.00068
1100,CH01,Z,g,324,0.000754
1100,CH01,Z,g,328,0.000726
1100,CH01,Z,g,332,0.000813
1100,CH01,Z,g,336,0.000675
1100,CH01,Z,g,340,0.000808
1100,CH01,Z,g,344,0.000849
1100,CH01,Z,g,348,0.000549
1100,CH01,Z,g,352,0.000759
1100,CH01,Z,g,356,0.000943
1100,CH01,Z,g,360,0.000656
1100,CH01,Z,g,364,0.000653
1100,CH01,Z,g,368,0.000563
1100,CH01,Z,g,372,0.000621
1100,CH01,Z,g,376,0.000603
1100,CH01,Z,g,380,0.000721
1100,CH01,Z,g,384,0.00094
1100,CH01,Z,g,388,0.000749
1100,CH01,Z,g,392,0.000526
1100,CH01,Z,g,396,0.000965
1100,CH01,Z,g,400,0.000681
1200,CH01,Z,g,4,0.000815
1200,CH01,Z,g,8,0.000681
1200,CH01,Z,g,12,0.000781
1200,CH01,Z,g,16,0.001349
1200,CH01,Z,g,20,0.002905
1200,CH01,Z,g,24,0.001312
1200,CH01,Z,g,28,0.00089
1200,CH01,Z,g,32,0.000641
1200,CH01,Z,g,36,0.001754
1200,CH01,Z,g,40,0.006804
1200,CH01,Z,g,44,0.001959
1200,CH01,Z,g,48,0.000656
1200,CH01,Z,g,52,0.000715
1200,CH01,Z,g,56,0.000594
1200,CH01,Z,g,60,0.00095
1200,CH01,Z,g,64,0.00078
1200,CH01,Z,g,68,0.000652
1200,CH01,Z,g,72,0.000667
1200,CH01,Z,g,76,0.001249
1200,CH01,Z,g,80,0.002378
1200,CH01,Z,g,84,0.000943
1200,CH01,Z,g,88,0.00073
1200,CH01,Z,g,92,0.000806
1200,CH01,Z,g,96,0.000958
1200,CH01,Z,g,100,0.000928
1200,CH01,Z,g,104,0.00095
1200,CH01,Z,g,108,0.000518
1200,CH01,Z,g,112,0.000756
1200,CH01,Z,g,116,0.000763
1200,CH01,Z,g,120,0.000824
1200,CH01,Z,g,124,0.000755
1200,CH01,Z,g,128,0.000985
1200,CH01,Z,g,132,0.000517
1200,CH01,Z,g,136,0.000814
1200,CH01,Z,g,140,0.000813
1200,CH01,Z,g,144,0.000989
1200,CH01,Z,g,148,0.000971
1200,CH01,Z,g,152,0.000538
1200,CH01,Z,g,156,0.000967
1200,CH01,Z,g,160,0.000624
1200,CH01,Z,g,164,0.000827
1200,CH01,Z,g,168,0.000908
1200,CH01,Z,g,172,0.000537
1200,CH01,Z,g,176,0.000754
1200,CH01,Z,g,180,0.000835
1200,CH01,Z,g,184,0.000733
1200,CH01,Z,g,188,0.000924
1200,CH01,Z,g,192,0.000976
1200,CH01,Z,g,196,0.00076
1200,CH01,Z,g,200,0.000974
1200,CH01,Z,g,204,0.000791
1200,CH01,Z,g,208,0.000716
1200,CH01,Z,g,212,0.000717
1200,CH01,Z,g,216,0.000682
1200,CH01,Z,g,220,0.00088
1200,CH01,Z,g,224,0.000843
1200,CH01,Z,g,228,0.00074
1200,CH01,Z,g,232,0.000527
1200,CH01,Z,g,236,0.000593
1200,CH01,Z,g,240,0.000713
1200,CH01,Z,g,244,0.000547
1200,CH01,Z,g,248,0.000839
1200,CH01,Z,g,252,0.000966
1200,CH01,Z,g,256,0.000749
1200,CH01,Z,g,260,0.000823
1200,CH01,Z,g,264,0.000717
1200,CH01,Z,g,268,0.000833
1200,CH01,Z,g,272,0.000715
1200,CH01,Z,g,276,0.000961
1200,CH01,Z,g,280,0.000821
1200,CH01,Z,g,284,0.00099
1200,CH01,Z,g,288,0.000556
1200,CH01,Z,g,292,0.0007
1200,CH01,Z,g,296,0.00096
1200,CH01,Z,g,300,0.000825
1200,CH01,Z,g,304,0.00096
1200,CH01,Z,g,308,0.000669
1200,CH01,Z,g,312,0.000585
1200,CH01,Z,g,316,0.00083
1200,CH01,Z,g,320,0.000522
1200,CH01,Z,g,324,0.00096
1200,CH01,Z,g,328,0.000621
1200,CH01,Z,g,332,0.000519
1200,CH01,Z,g,336,0.000554
1200,CH01,Z,g,340,0.000755
1200,CH01,Z,g,344,0.000911
1200,CH01,Z,g,348,0.000668
1200,CH01,Z,g,352,0.00063
1200,CH01,Z,g,356,0.000987
1200,CH01,Z,g,360,0.000636
1200,CH01,Z,g,364,0.000899
1200,CH01,Z,g,368,0.000879
1200,CH01,Z,g,372,0.000859
1200,CH01,Z,g,376,0.00096
1200,CH01,Z,g,380,0.00084
1200,CH01,Z,g,384,0.000772
1200,CH01,Z,g,388,0.000902
1200,CH01,Z,g,392,0.000546
1200,CH01,Z,g,396,0.000872
1200,CH01,Z,g,400,0.00089
1300,CH01,Z,g,4,0.000561
1300,CH01,Z,g,8,0.000693
1300,CH01,Z,g,12,0.000698
1300,CH01,Z,g,16,0.000614
1300,CH01,Z,g,20,0.002791
1300,CH01,Z,g,24,0.002488
1300,CH01,Z,g,28,0.001014
1300,CH01,Z,g,32,0.00082
1300,CH01,Z,g,36,0.000521
1300,CH01,Z,g,40,0.002927
1300,CH01,Z,g,44,0.007153
1300,CH01,Z,g,48,0.001231
1300,CH01,Z,g,52,0.000503
1300,CH01,Z,g,56,0.000663
1300,CH01,Z,g,60,0.00074
1300,CH01,Z,g,64,0.000989
1300,CH01,Z,g,68,0.000651
1300,CH01,Z,g,72,0.000606
1300,CH01,Z,g,76,0.000948
1300,CH01,Z,g,80,0.001012
1300,CH01,Z,g,84,0.001474
1300,CH01,Z,g,88,0.002254
1300,CH01,Z,g,92,0.000931
1300,CH01,Z,g,96,0.000949
1300,CH01,Z,g,100,0.00065
1300,CH01,Z,g,104,0.000702
1300,CH01,Z,g,108,0.000769
1300,CH01,Z,g,112,0.000671
1300,CH01,Z,g,116,0.000905
1300,CH01,Z,g,120,0.000514
1300,CH01,Z,g,124,0.00078
1300,CH01,Z,g,128,0.000746
1300,CH01,Z,g,132,0.000529
1300,CH01,Z,g,136,0.000677
1300,CH01,Z,g,140,0.00092
1300,CH01,Z,g,144,0.000679
1300,CH01,Z,g,148,0.000991
1300,CH01,Z,g,152,0.000723
1300,CH01,Z,g,156,0.000674
1300,CH01,Z,g,160,0.000714
1300,CH01,Z,g,164,0.000718
1300,CH01,Z,g,168,0.000515
1300,CH01,Z,g,172,0.000727
1300,CH01,Z,g,176,0.000733
1300,CH01,Z,g,180,0.000752
1300,CH01,Z,g,184,0.000696
1300,CH01,Z,g,188,0.000674
1300,CH01,Z,g,192,0.000546
1300,CH01,Z,g,196,0.000952
1300,CH01,Z,g,200,0.000618
1300,CH01,Z,g,204,0.000823
1300,CH01,Z,g,208,0.00092
1300,CH01,Z,g,212,0.000817
1300,CH01,Z,g,216,0.000939
1300,CH01,Z,g,220,0.000864
1300,CH01,Z,g,224,0.000875
1300,CH01,Z,g,228,0.000682
1300,CH01,Z,g,232,0.000726
1300,CH01,Z,g,236,0.000582
1300,CH01,Z,g,240,0.000808
1300,CH01,Z,g,244,0.000744
1300,CH01,Z,g,248,0.000842
1300,CH01,Z,g,252,0.000677
1300,CH01,Z,g,256,0.000653
1300,CH01,Z,g,260,0.000954
1300,CH01,Z,g,264,0.000716
1300,CH01,Z,g,268,0.000524
1300,CH01,Z,g,272,0.000843
1300,CH01,Z,g,276,0.000921
1300,CH01,Z,g,280,0.000655
1300,CH01,Z,g,284,0.000657
1300,CH01,Z,g,288,0.000875
1300,CH01,Z,g,292,0.000981
1300,CH01,Z,g,296,0.000572
1300,CH01,Z,g,300,0.000868
1300,CH01,Z,g,304,0.000656
1300,CH01,Z,g,308,0.000912
1300,CH01,Z,g,312,0.000779
1300,CH01,Z,g,316,0.000608
1300,CH01,Z,g,320,0.000715
1300,CH01,Z,g,324,0.000987
1300,CH01,Z,g,328,0.000657
1300,CH01,Z,g,332,0.000568
1300,CH01,Z,g,336,0.000753
1300,CH01,Z,g,340,0.000707
1300,CH01,Z,g,344,0.000861
1300,CH01,Z,g,348,0.000635
1300,CH01,Z,g,352,0.000984
1300,CH01,Z,g,356,0.000859
1300,CH01,Z,g,360,0.000921
1300,CH01,Z,g,364,0.000796
1300,CH01,Z,g,368,0.000793
1300,CH01,Z,g,372,0.000531
1300,CH01,Z,g,376,0.000516
1300,CH01,Z,g,380,0.000614
1300,CH01,Z,g,384,0.000847
1300,CH01,Z,g,388,0.000898
1300,CH01,Z,g,392,0.000887
1300,CH01,Z,g,396,0.00076
1300,CH01,Z,g,400,0.000519
1400,CH01,Z,g,4,0.000798
1400,CH01,Z,g,8,0.00099
1400,CH01,Z,g,12,0.000599
1400,CH01,Z,g,16,0.000783
1400,CH01,Z,g,20,0.001894
1400,CH01,Z,g,24,0.003572
1400,CH01,Z,g,28,0.000926
1400,CH01,Z,g,32,0.00099
1400,CH01,Z,g,36,0.00099
1400,CH01,Z,g,40,0.001003
1400,CH01,Z,g,44,0.004468
1400,CH01,Z,g,48,0.0074
1400,CH01,Z,g,52,0.001072
1400,CH01,Z,g,56,0.00061
1400,CH01,Z,g,60,0.000584
1400,CH01,Z,g,64,0.000547
1400,CH01,Z,g,68,0.000612
1400,CH01,Z,g,72,0.00092
1400,CH01,Z,g,76,0.000886
1400,CH01,Z,g,80,0.000681
1400,CH01,Z,g,84,0.000766
1400,CH01,Z,g,88,0.000858
1400,CH01,Z,g,92,0.002736
1400,CH01,Z,g,96,0.001964
1400,CH01,Z,g,100,0.000622
1400,CH01,Z,g,104,0.000784
1400,CH01,Z,g,108,0.000575
1400,CH01,Z,g,112,0.000752
1400,CH01,Z,g,116,0.000915
1400,CH01,Z,g,120,0.000546
1400,CH01,Z,g,124,0.000651
1400,CH01,Z,g,128,0.000653
1400,CH01,Z,g,132,0.000969
1400,CH01,Z,g,136,0.000539
1400,CH01,Z,g,140,0.000837
1400,CH01,Z,g,144,0.000684
1400,CH01,Z,g,148,0.000786
1400,CH01,Z,g,152,0.00095
1400,CH01,Z,g,156,0.000722
1400,CH01,Z,g,160,0.000538
1400,CH01,Z,g,164,0.000654
1400,CH01,Z,g,168,0.000587
1400,CH01,Z,g,172,0.000704
1400,CH01,Z,g,176,0.000759
1400,CH01,Z,g,180,0.000781
1400,CH01,Z,g,184,0.000982
1400,CH01,Z,g,188,0.000761
1400,CH01,Z,g,192,0.000625
1400,CH01,Z,g,196,0.000958
1400,CH01,Z,g,200,0.000579
1400,CH01,Z,g,204,0.000834
1400,CH01,Z,g,208,0.000985
1400,CH01,Z,g,212,0.000656
1400,CH01,Z,g,216,0.000558
1400,CH01,Z,g,220,0.000876
1400,CH01,Z,g,224,0.000672
1400,CH01,Z,g,228,0.00091
1400,CH01,Z,g,232,0.000883
1400,CH01,Z,g,236,0.000887
1400,CH01,Z,g,240,0.000659
1400,CH01,Z,g,244,0.000985
1400,CH01,Z,g,248,0.000749
1400,CH01,Z,g,252,0.000587
1400,CH01,Z,g,256,0.000706
1400,CH01,Z,g,260,0.000867
1400,CH01,Z,g,264,0.000745
1400,CH01,Z,g,268,0.000743
1400,CH01,Z,g,272,0.000763
1400,CH01,Z,g,276,0.000802
1400,CH01,Z,g,280,0.000779
1400,CH01,Z,g,284,0.000769
1400,CH01,Z,g,288,0.000508
1400,CH01,Z,g,292,0.00089
1400,CH01,Z,g,296,0.000706
1400,CH01,Z,g,300,0.000919
1400,CH01,Z,g,304,0.000911
1400,CH01,Z,g,308,0.000783
1400,CH01,Z,g,312,0.000939
1400,CH01,Z,g,316,0.000854
1400,CH01,Z,g,320,0.000828
1400,CH01,Z,g,324,0.00093
1400,CH01,Z,g,328,0.000884
1400,CH01,Z,g,332,0.000736
1400,CH01,Z,g,336,0.000859
1400,CH01,Z,g,340,0.000748
1400,CH01,Z,g,344,0.000896
1400,CH01,Z,g,348,0.000938
1400,CH01,Z,g,352,0.000826
1400,CH01,Z,g,356,0.00072
1400,CH01,Z,g,360,0.000842
1400,CH01,Z,g,364,0.000891
1400,CH01,Z,g,368,0.000956
1400,CH01,Z,g,372,0.000837
1400,CH01,Z,g,376,0.000607
1400,CH01,Z,g,380,0.000769
1400,CH01,Z,g,384,0.000979
1400,CH01,Z,g,388,0.000626
1400,CH01,Z,g,392,0.000936
1400,CH01,Z,g,396,0.000691
1400,CH01,Z,g,400,0.000943
1500,CH01,Z,g,4,0.000691
1500,CH01,Z,g,8,0.000554
1500,CH01,Z,g,12,0.000571
1500,CH01,Z,g,16,0.000936
1500,CH01,Z,g,20,0.001081
1500,CH01,Z,g,24,0.004254
1500,CH01,Z,g,28,0.001879
1500,CH01,Z,g,32,0.00085
1500,CH01,Z,g,36,0.00085
1500,CH01,Z,g,40,0.000606
1500,CH01,Z,g,44,0.001143
1500,CH01,Z,g,48,0.006617
1500,CH01,Z,g,52,0.006518
1500,CH01,Z,g,56,0.000928
1500,CH01,Z,g,60,0.000744
1500,CH01,Z,g,64,0.000888
1500,CH01,Z,g,68,0.000982
1500,CH01,Z,g,72,0.000757
1500,CH01,Z,g,76,0.00075
1500,CH01,Z,g,80,0.000713
1500,CH01,Z,g,84,0.000689
1500,CH01,Z,g,88,0.000857
1500,CH01,Z,g,92,0.000602
1500,CH01,Z,g,96,0.001444
1500,CH01,Z,g,100,0.004871
1500,CH01,Z,g,104,0.001617
1500,CH01,Z,g,108,0.000883
1500,CH01,Z,g,112,0.000975
1500,CH01,Z,g,116,0.000598
1500,CH01,Z,g,120,0.000909
1500,CH01,Z,g,124,0.000932
1500,CH01,Z,g,128,0.000709
1500,CH01,Z,g,132,0.000882
1500,CH01,Z,g,136,0.000917
1500,CH01,Z,g,140,0.000862
1500,CH01,Z,g,144,0.000819
1500,CH01,Z,g,148,0.000897
1500,CH01,Z,g,152,0.000859
1500,CH01,Z,g,156,0.000708
1500,CH01,Z,g,160,0.000721
1500,CH01,Z,g,164,0.000911
1500,CH01,Z,g,168,0.00074
1500,CH01,Z,g,172,0.000703
1500,CH01,Z,g,176,0.000735
1500,CH01,Z,g,180,0.000911
1500,CH01,Z,g,184,0.00058
1500,CH01,Z,g,188,0.000978
1500,CH01,Z,g,192,0.00056
1500,CH01,Z,g,196,0.000614
1500,CH01,Z,g,200,0.000651
1500,CH01,Z,g,204,0.000869
1500,CH01,Z,g,208,0.000677
1500,CH01,Z,g,212,0.000632
1500,CH01,Z,g,216,0.00097
1500,CH01,Z,g,220,0.000822
1500,CH01,Z,g,224,0.000876
1500,CH01,Z,g,228,0.000593
1500,CH01,Z,g,232,0.000608
1500,CH01,Z,g,236,0.000994
1500,CH01,Z,g,240,0.000509
1500,CH01,Z,g,244,0.000812
1500,CH01,Z,g,248,0.000614
1500,CH01,Z,g,252,0.000544
1500,CH01,Z,g,256,0.000674
1500,CH01,Z,g,260,0.000552
1500,CH01,Z,g,264,0.000868
1500,CH01,Z,g,268,0.000516
1500,CH01,Z,g,272,0.000502
1500,CH01,Z,g,276,0.000648
1500,CH01,Z,g,280,0.000723
1500,CH01,Z,g,284,0.000527
1500,CH01,Z,g,288,0.000804
1500,CH01,Z,g,292,0.000731
1500,CH01,Z,g,296,0.000588
1500,CH01,Z,g,300,0.000999
1500,CH01,Z,g,304,0.000952
1500,CH01,Z,g,308,0.000906
1500,CH01,Z,g,312,0.000696
1500,CH01,Z,g,316,0.000986
1500,CH01,Z,g,320,0.00099
1500,CH01,Z,g,324,0.000991
1500,CH01,Z,g,328,0.000938
1500,CH01,Z,g,332,0.000681
1500,CH01,Z,g,336,0.00088
1500,CH01,Z,g,340,0.000611
1500,CH01,Z,g,344,0.000708
1500,CH01,Z,g,348,0.000679
1500,CH01,Z,g,352,0.000537
1500,CH01,Z,g,356,0.000925
1500,CH01,Z,g,360,0.00051
1500,CH01,Z,g,364,0.000985
1500,CH01,Z,g,368,0.000588
1500,CH01,Z,g,372,0.00066
1500,CH01,Z,g,376,0.000501
1500,CH01,Z,g,380,0.000644
1500,CH01,Z,g,384,0.000823
1500,CH01,Z,g,388,0.000982
1500,CH01,Z,g,392,0.000678
1500,CH01,Z,g,396,0.000759
1500,CH01,Z,g,400,0.000949
1600,CH01,Z,g,4,0.00085
1600,CH01,Z,g,8,0.000652
1600,CH01,Z,g,12,0.000863
1600,CH01,Z,g,16,0.000994
1600,CH01,Z,g,20,0.000855
1600,CH01,Z,g,24,0.002783
1600,CH01,Z,g,28,0.004287
1600,CH01,Z,g,32,0.00107
1600,CH01,Z,g,36,0.000841
1600,CH01,Z,g,40,0.000646
1600,CH01,Z,g,44,0.000949
1600,CH01,Z,g,48,0.000987
1600,CH01,Z,g,52,0.009197
1600,CH01,Z,g,56,0.005369
1600,CH01,Z,g,60,0.000901
1600,CH01,Z,g,64,0.000599
1600,CH01,Z,g,68,0.000874
1600,CH01,Z,g,72,0.000705
1600,CH01,Z,g,76,0.000572
1600,CH01,Z,g,80,0.000901
1600,CH01,Z,g,84,0.000766
1600,CH01,Z,g,88,0.00063
1600,CH01,Z,g,92,0.000916
1600,CH01,Z,g,96,0.000843
1600,CH01,Z,g,100,0.000873
1600,CH01,Z,g,104,0.003643
1600,CH01,Z,g,108,0.007452
1600,CH01,Z,g,112,0.001305
1600,CH01,Z,g,116,0.000794
1600,CH01,Z,g,120,0.000538
1600,CH01,Z,g,124,0.000598
1600,CH01,Z,g,128,0.000799
1600,CH01,Z,g,132,0.000757
1600,CH01,Z,g,136,0.000809
1600,CH01,Z,g,140,0.000824
1600,CH01,Z,g,144,0.000742
1600,CH01,Z,g,148,0.00083
1600,CH01,Z,g,152,0.000894
1600,CH01,Z,g,156,0.00068
1600,CH01,Z,g,160,0.000561
1600,CH01,Z,g,164,0.000678
1600,CH01,Z,g,168,0.000974
1600,CH01,Z,g,172,0.000834
1600,CH01,Z,g,176,0.000862
1600,CH01,Z,g,180,0.000906
1600,CH01,Z,g,184,0.000955
1600,CH01,Z,g,188,0.000517
1600,CH01,Z,g,192,0.000582
1600,CH01,Z,g,196,0.000677
1600,CH01,Z,g,200,0.000676
1600,CH01,Z,g,204,0.000545
1600,CH01,Z,g,208,0.00061
1600,CH01,Z,g,212,0.000754
1600,CH01,Z,g,216,0.000579
1600,CH01,Z,g,220,0.000597
1600,CH01,Z,g,224,0.000946
1600,CH01,Z,g,228,0.000812
1600,CH01,Z,g,232,0.000903
1600,CH01,Z,g,236,0.000667
1600,CH01,Z,g,240,0.000618
1600,CH01,Z,g,244,0.000857
1600,CH01,Z,g,248,0.000539
1600,CH01,Z,g,252,0.000506
1600,CH01,Z,g,256,0.000542
1600,CH01,Z,g,260,0.000852
1600,CH01,Z,g,264,0.000617
1600,CH01,Z,g,268,0.00079
1600,CH01,Z,g,272,0.000982
1600,CH01,Z,g,276,0.000686
1600,CH01,Z,g,280,0.000998
1600,CH01,Z,g,284,0.000681
1600,CH01,Z,g,288,0.000658
1600,CH01,Z,g,292,0.000935
1600,CH01,Z,g,296,0.000662
1600,CH01,Z,g,300,0.000887
1600,CH01,Z,g,304,0.000755
1600,CH01,Z,g,308,0.000658
1600,CH01,Z,g,312,0.000853
1600,CH01,Z,g,316,0.000911
1600,CH01,Z,g,320,0.000775
1600,CH01,Z,g,324,0.000812
1600,CH01,Z,g,328,0.000702
1600,CH01,Z,g,332,0.000579
1600,CH01,Z,g,336,0.000943
1600,CH01,Z,g,340,0.000795
1600,CH01,Z,g,344,0.00067
1600,CH01,Z,g,348,0.000549
1600,CH01,Z,g,352,0.000774
1600,CH01,Z,g,356,0.000921
1600,CH01,Z,g,360,0.000531
1600,CH01,Z,g,364,0.000855
1600,CH01,Z,g,368,0.000591
1600,CH01,Z,g,372,0.000663
1600,CH01,Z,g,376,0.000987
1600,CH01,Z,g,380,0.00096
1600,CH01,Z,g,384,0.000598
1600,CH01,Z,g,388,0.000623
1600,CH01,Z,g,392,0.000736
1600,CH01,Z,g,396,0.00073
1600,CH01,Z,g,400,0.00083
1700,CH01,Z,g,4,0.000549
1700,CH01,Z,g,8,0.000918
1700,CH01,Z,g,12,0.000724
1700,CH01,Z,g,16,0.000528
1700,CH01,Z,g,20,0.000655
1700,CH01,Z,g,24,0.001186
1700,CH01,Z,g,28,0.005469
1700,CH01,Z,g,32,0.001762
1700,CH01,Z,g,36,0.000848
1700,CH01,Z,g,40,0.000938
1700,CH01,Z,g,44,0.000954
1700,CH01,Z,g,48,0.000879
1700,CH01,Z,g,52,0.001809
1700,CH01,Z,g,56,0.011896
1700,CH01,Z,g,60,0.004341
1700,CH01,Z,g,64,0.00054
1700,CH01,Z,g,68,0.000991
1700,CH01,Z,g,72,0.000796
1700,CH01,Z,g,76,0.000912
1700,CH01,Z,g,80,0.000985
1700,CH01,Z,g,84,0.00053
1700,CH01,Z,g,88,0.000967
1700,CH01,Z,g,92,0.000607
1700,CH01,Z,g,96,0.000922
1700,CH01,Z,g,100,0.000808
1700,CH01,Z,g,104,0.000658
1700,CH01,Z,g,108,0.001326
1700,CH01,Z,g,112,0.009982
1700,CH01,Z,g,116,0.006871
1700,CH01,Z,g,120,0.000802
1700,CH01,Z,g,124,0.000945
1700,CH01,Z,g,128,0.000872
1700,CH01,Z,g,132,0.000907
1700,CH01,Z,g,136,0.000582
1700,CH01,Z,g,140,0.000564
1700,CH01,Z,g,144,0.000962
1700,CH01,Z,g,148,0.000845
1700,CH01,Z,g,152,0.000558
1700,CH01,Z,g,156,0.000735
1700,CH01,Z,g,160,0.000825
1700,CH01,Z,g,164,0.000816
1700,CH01,Z,g,168,0.000538
1700,CH01,Z,g,172,0.000761
1700,CH01,Z,g,176,0.000823
1700,CH01,Z,g,180,0.000632
1700,CH01,Z,g,184,0.000896
1700,CH01,Z,g,188,0.000894
1700,CH01,Z,g,192,0.000557
1700,CH01,Z,g,196,0.000922
1700,CH01,Z,g,200,0.000861
1700,CH01,Z,g,204,0.000932
1700,CH01,Z,g,208,0.00084
1700,CH01,Z,g,212,0.000628
1700,CH01,Z,g,216,0.000732
1700,CH01,Z,g,220,0.000736
1700,CH01,Z,g,224,0.000752
1700,CH01,Z,g,228,0.000713
1700,CH01,Z,g,232,0.000992
1700,CH01,Z,g,236,0.000693
1700,CH01,Z,g,240,0.000605
1700,CH01,Z,g,244,0.000691
1700,CH01,Z,g,248,0.000676
1700,CH01,Z,g,252,0.000832
1700,CH01,Z,g,256,0.000821
1700,CH01,Z,g,260,0.000842
1700,CH01,Z,g,264,0.000545
1700,CH01,Z,g,268,0.000978
1700,CH01,Z,g,272,0.000602
1700,CH01,Z,g,276,0.000636
1700,CH01,Z,g,280,0.000625
1700,CH01,Z,g,284,0.000835
1700,CH01,Z,g,288,0.000754
1700,CH01,Z,g,292,0.00086
1700,CH01,Z,g,296,0.000657
1700,CH01,Z,g,300,0.000815
1700,CH01,Z,g,304,0.000715
1700,CH01,Z,g,308,0.000579
1700,CH01,Z,g,312,0.000981
1700,CH01,Z,g,316,0.000815
1700,CH01,Z,g,320,0.000873
1700,CH01,Z,g,324,0.000708
1700,CH01,Z,g,328,0.00069
1700,CH01,Z,g,332,0.000998
1700,CH01,Z,g,336,0.000811
1700,CH01,Z,g,340,0.000828
1700,CH01,Z,g,344,0.000772
1700,CH01,Z,g,348,0.000944
1700,CH01,Z,g,352,0.000533
1700,CH01,Z,g,356,0.000847
1700,CH01,Z,g,360,0.000976
1700,CH01,Z,g,364,0.000936
1700,CH01,Z,g,368,0.00062
1700,CH01,Z,g,372,0.000889
1700,CH01,Z,g,376,0.000583
1700,CH01,Z,g,380,0.000656
1700,CH01,Z,g,384,0.000576
1700,CH01,Z,g,388,0.000643
1700,CH01,Z,g,392,0.000513
1700,CH01,Z,g,396,0.000939
1700,CH01,Z,g,400,0.000949
1800,CH01,Z,g,4,0.000867
1800,CH01,Z,g,8,0.000591
1800,CH01,Z,g,12,0.000862
1800,CH01,Z,g,16,0.000854
1800,CH01,Z,g,20,0.000759
1800,CH01,Z,g,24,0.001073
1800,CH01,Z,g,28,0.004163
1800,CH01,Z,g,32,0.004327
1800,CH01,Z,g,36,0.000633
1800,CH01,Z,g,40,0.000798
1800,CH01,Z,g,44,0.000726
1800,CH01,Z,g,48,0.000592
1800,CH01,Z,g,52,0.000699
1800,CH01,Z,g,56,0.00282
1800,CH01,Z,g,60,0.014061
1800,CH01,Z,g,64,0.003222
1800,CH01,Z,g,68,0.000516
1800,CH01,Z,g,72,0.000661
1800,CH01,Z,g,76,0.000689
1800,CH01,Z,g,80,0.000612
1800,CH01,Z,g,84,0.00087
1800,CH01,Z,g,88,0.000933
1800,CH01,Z,g,92,0.000948
1800,CH01,Z,g,96,0.000724
1800,CH01,Z,g,100,0.000952
1800,CH01,Z,g,104,0.000545
1800,CH01,Z,g,108,0.000989
1800,CH01,Z,g,112,0.000776
1800,CH01,Z,g,116,0.003166
1800,CH01,Z,g,120,0.016393
1800,CH01,Z,g,124,0.00327
1800,CH01,Z,g,128,0.000645
1800,CH01,Z,g,132,0.000739
1800,CH01,Z,g,136,0.000711
1800,CH01,Z,g,140,0.00069
1800,CH01,Z,g,144,0.000815
1800,CH01,Z,g,148,0.000647
1800,CH01,Z,g,152,0.000595
1800,CH01,Z,g,156,0.000605
1800,CH01,Z,g,160,0.00094
1800,CH01,Z,g,164,0.000939
1800,CH01,Z,g,168,0.000677
1800,CH01,Z,g,172,0.000709
1800,CH01,Z,g,176,0.000642
1800,CH01,Z,g,180,0.000779
1800,CH01,Z,g,184,0.000507
1800,CH01,Z,g,188,0.000996
1800,CH01,Z,g,192,0.000823
1800,CH01,Z,g,196,0.000789
1800,CH01,Z,g,200,0.000841
1800,CH01,Z,g,204,0.000848
1800,CH01,Z,g,208,0.000786
1800,CH01,Z,g,212,0.000555
1800,CH01,Z,g,216,0.000957
1800,CH01,Z,g,220,0.00064
1800,CH01,Z,g,224,0.00071
1800,CH01,Z,g,228,0.000597
1800,CH01,Z,g,232,0.000834
1800,CH01,Z,g,236,0.000813
1800,CH01,Z,g,240,0.000829
1800,CH01,Z,g,244,0.00079
1800,CH01,Z,g,248,0.000857
1800,CH01,Z,g,252,0.000646
1800,CH01,Z,g,256,0.000645
1800,CH01,Z,g,260,0.000846
1800,CH01,Z,g,264,0.000586
1800,CH01,Z,g,268,0.000591
1800,CH01,Z,g,272,0.000845
1800,CH01,Z,g,276,0.000995
1800,CH01,Z,g,280,0.000655
1800,CH01,Z,g,284,0.00077
1800,CH01,Z,g,288,0.000634
1800,CH01,Z,g,292,0.000988
1800,CH01,Z,g,296,0.000722
1800,CH01,Z,g,300,0.000635
1800,CH01,Z,g,304,0.000549
1800,CH01,Z,g,308,0.000502
1800,CH01,Z,g,312,0.000948
1800,CH01,Z,g,316,0.000576
1800,CH01,Z,g,320,0.000861
1800,CH01,Z,g,324,0.000945
1800,CH01,Z,g,328,0.000837
1800,CH01,Z,g,332,0.000989
1800,CH01,Z,g,336,0.000654
1800,CH01,Z,g,340,0.000828
1800,CH01,Z,g,344,0.000888
1800,CH01,Z,g,348,0.000885
1800,CH01,Z,g,352,0.000841
1800,CH01,Z,g,356,0.000929
1800,CH01,Z,g,360,0.000642
1800,CH01,Z,g,364,0.000872
1800,CH01,Z,g,368,0.00052
1800,CH01,Z,g,372,0.000755
1800,CH01,Z,g,376,0.000915
1800,CH01,Z,g,380,0.000623
1800,CH01,Z,g,384,0.000591
1800,CH01,Z,g,388,0.000661
1800,CH01,Z,g,392,0.000616
1800,CH01,Z,g,396,0.000702
1800,CH01,Z,g,400,0.000658
1900,CH01,Z,g,4,0.000519
1900,CH01,Z,g,8,0.000726
1900,CH01,Z,g,12,0.000566
1900,CH01,Z,g,16,0.000744
1900,CH01,Z,g,20,0.000812
1900,CH01,Z,g,24,0.000574
1900,CH01,Z,g,28,0.001894
1900,CH01,Z,g,32,0.006398
1900,CH01,Z,g,36,0.001549
1900,CH01,Z,g,40,0.000713
1900,CH01,Z,g,44,0.000599
1900,CH01,Z,g,48,0.000541
1900,CH01,Z,g,52,0.000767
1900,CH01,Z,g,56,0.000634
1900,CH01,Z,g,60,0.005016
1900,CH01,Z,g,64,0.014904
1900,CH01,Z,g,68,0.002264
1900,CH01,Z,g,72,0.000664
1900,CH01,Z,g,76,0.000647
1900,CH01,Z,g,80,0.000779
1900,CH01,Z,g,84,0.000556
1900,CH01,Z,g,88,0.000706
1900,CH01,Z,g,92,0.000712
1900,CH01,Z,g,96,0.000904
1900,CH01,Z,g,100,0.000606
1900,CH01,Z,g,104,0.000553
1900,CH01,Z,g,108,0.000603
1900,CH01,Z,g,112,0.000936
1900,CH01,Z,g,116,0.000878
1900,CH01,Z,g,120,0.000806
1900,CH01,Z,g,124,0.008469
1900,CH01,Z,g,128,0.012449
1900,CH01,Z,g,132,0.001232
1900,CH01,Z,g,136,0.000889
1900,CH01,Z,g,140,0.000933
1900,CH01,Z,g,144,0.000581
1900,CH01,Z,g,148,0.000676
1900,CH01,Z,g,152,0.000796
1900,CH01,Z,g,156,0.000723
1900,CH01,Z,g,160,0.000699
1900,CH01,Z,g,164,0.00098
1900,CH01,Z,g,168,0.000584
1900,CH01,Z,g,172,0.00067
1900,CH01,Z,g,176,0.000948
1900,CH01,Z,g,180,0.000996
1900,CH01,Z,g,184,0.000896
1900,CH01,Z,g,188,0.000607
1900,CH01,Z,g,192,0.00069
1900,CH01,Z,g,196,0.000765
1900,CH01,Z,g,200,0.00077
1900,CH01,Z,g,204,0.000997
1900,CH01,Z,g,208,0.000739
1900,CH01,Z,g,212,0.000671
1900,CH01,Z,g,216,0.000749
1900,CH01,Z,g,220,0.000556
1900,CH01,Z,g,224,0.000648
1900,CH01,Z,g,228,0.000887
1900,CH01,Z,g,232,0.000752
1900,CH01,Z,g,236,0.00072
1900,CH01,Z,g,240,0.000902
1900,CH01,Z,g,244,0.000998
1900,CH01,Z,g,248,0.000911
1900,CH01,Z,g,252,0.000645
1900,CH01,Z,g,256,0.00076
1900,CH01,Z,g,260,0.000738
1900,CH01,Z,g,264,0.000622
1900,CH01,Z,g,268,0.000619
1900,CH01,Z,g,272,0.000807
1900,CH01,Z,g,276,0.00072
1900,CH01,Z,g,280,0.000529
1900,CH01,Z,g,284,0.000612
1900,CH01,Z,g,288,0.000961
1900,CH01,Z,g,292,0.000649
1900,CH01,Z,g,296,0.000925
1900,CH01,Z,g,300,0.000721
1900,CH01,Z,g,304,0.000698
1900,CH01,Z,g,308,0.000695
1900,CH01,Z,g,312,0.000663
1900,CH01,Z,g,316,0.000583
1900,CH01,Z,g,320,0.000685
1900,CH01,Z,g,324,0.000725
1900,CH01,Z,g,328,0.000861
1900,CH01,Z,g,332,0.000872
1900,CH01,Z,g,336,0.000885
1900,CH01,Z,g,340,0.000999
1900,CH01,Z,g,344,0.000659
1900,CH01,Z,g,348,0.000623
1900,CH01,Z,g,352,0.000521
1900,CH01,Z,g,356,0.000576
1900,CH01,Z,g,360,0.000862
1900,CH01,Z,g,364,0.000751
1900,CH01,Z,g,368,0.000565
1900,CH01,Z,g,372,0.000563
1900,CH01,Z,g,376,0.000946
1900,CH01,Z,g,380,0.000986
1900,CH01,Z,g,384,0.000844
1900,CH01,Z,g,388,0.000775
1900,CH01,Z,g,392,0.000963
1900,CH01,Z,g,396,0.000764
1900,CH01,Z,g,400,0.000775
2000,CH01,Z,g,4,0.000541
2000,CH01,Z,g,8,0.000762
2000,CH01,Z,g,12,0.000838
2000,CH01,Z,g,16,0.000608
2000,CH01,Z,g,20,0.000823
2000,CH01,Z,g,24,0.000684
2000,CH01,Z,g,28,0.001076
2000,CH01,Z,g,32,0.006278
2000,CH01,Z,g,36,0.003853
2000,CH01,Z,g,40,0.000688
2000,CH01,Z,g,44,0.000973
2000,CH01,Z,g,48,0.000958
2000,CH01,Z,g,52,0.000944
2000,CH01,Z,g,56,0.000951
2000,CH01,Z,g,60,0.000812
2000,CH01,Z,g,64,0.008202
2000,CH01,Z,g,68,0.014153
2000,CH01,Z,g,72,0.001555
2000,CH01,Z,g,76,0.000546
2000,CH01,Z,g,80,0.000982
2000,CH01,Z,g,84,0.00078
2000,CH01,Z,g,88,0.000872
2000,CH01,Z,g,92,0.000571
2000,CH01,Z,g,96,0.000722
2000,CH01,Z,g,100,0.000776
2000,CH01,Z,g,104,0.000705
2000,CH01,Z,g,108,0.000993
2000,CH01,Z,g,112,0.00057
2000,CH01,Z,g,116,0.000657
2000,CH01,Z,g,120,0.000821
2000,CH01,Z,g,124,0.000619
2000,CH01,Z,g,128,0.001607
2000,CH01,Z,g,132,0.011269
2000,CH01,Z,g,136,0.005005
2000,CH01,Z,g,140,0.000974
2000,CH01,Z,g,144,0.000871
2000,CH01,Z,g,148,0.000799
2000,CH01,Z,g,152,0.000924
2000,CH01,Z,g,156,0.000869
2000,CH01,Z,g,160,0.000574
2000,CH01,Z,g,164,0.000513
2000,CH01,Z,g,168,0.000865
2000,CH01,Z,g,172,0.000868
2000,CH01,Z,g,176,0.000972
2000,CH01,Z,g,180,0.000555
2000,CH01,Z,g,184,0.000774
2000,CH01,Z,g,188,0.000965
2000,CH01,Z,g,192,0.000826
2000,CH01,Z,g,196,0.000885
2000,CH01,Z,g,200,0.000893
2000,CH01,Z,g,204,0.000983
2000,CH01,Z,g,208,0.000893
2000,CH01,Z,g,212,0.000914
2000,CH01,Z,g,216,0.000975
2000,CH01,Z,g,220,0.000937
2000,CH01,Z,g,224,0.000734
2000,CH01,Z,g,228,0.000628
2000,CH01,Z,g,232,0.000806
2000,CH01,Z,g,236,0.000542
2000,CH01,Z,g,240,0.000597
2000,CH01,Z,g,244,0.000786
2000,CH01,Z,g,248,0.000796
2000,CH01,Z,g,252,0.000772
2000,CH01,Z,g,256,0.000972
2000,CH01,Z,g,260,0.000946
2000,CH01,Z,g,264,0.000965
2000,CH01,Z,g,268,0.000543
2000,CH01,Z,g,272,0.000618
2000,CH01,Z,g,276,0.000747
2000,CH01,Z,g,280,0.000811
2000,CH01,Z,g,284,0.000675
2000,CH01,Z,g,288,0.000963
2000,CH01,Z,g,292,0.000874
2000,CH01,Z,g,296,0.000842
2000,CH01,Z,g,300,0.000962
2000,CH01,Z,g,304,0.000641
2000,CH01,Z,g,308,0.000729
2000,CH01,Z,g,312,0.000677
2000,CH01,Z,g,316,0.000877
2000,CH01,Z,g,320,0.000846
2000,CH01,Z,g,324,0.000779
2000,CH01,Z,g,328,0.00082
2000,CH01,Z,g,332,0.000993
2000,CH01,Z,g,336,0.000801
2000,CH01,Z,g,340,0.000857
2000,CH01,Z,g,344,0.000912
2000,CH01,Z,g,348,0.0007
2000,CH01,Z,g,352,0.000955
2000,CH01,Z,g,356,0.000933
2000,CH01,Z,g,360,0.000909
2000,CH01,Z,g,364,0.000677
2000,CH01,Z,g,368,0.000958
2000,CH01,Z,g,372,0.000944
2000,CH01,Z,g,376,0.000574
2000,CH01,Z,g,380,0.000927
2000,CH01,Z,g,384,0.000669
2000,CH01,Z,g,388,0.000973
2000,CH01,Z,g,392,0.000861
2000,CH01,Z,g,396,0.00075
2000,CH01,Z,g,400,0.000678
2100,CH01,Z,g,4,0.000688
2100,CH01,Z,g,8,0.000719
2100,CH01,Z,g,12,0.000848
2100,CH01,Z,g,16,0.000965
2100,CH01,Z,g,20,0.000688
2100,CH01,Z,g,24,0.000512
2100,CH01,Z,g,28,0.00078
2100,CH01,Z,g,32,0.003621
2100,CH01,Z,g,36,0.007084
2100,CH01,Z,g,40,0.001254
2100,CH01,Z,g,44,0.000634
2100,CH01,Z,g,48,0.000718
2100,CH01,Z,g,52,0.00079
2100,CH01,Z,g,56,0.000971
2100,CH01,Z,g,60,0.000729
2100,CH01,Z,g,64,0.001048
2100,CH01,Z,g,68,0.012225
2100,CH01,Z,g,72,0.012454
2100,CH01,Z,g,76,0.000853
2100,CH01,Z,g,80,0.000875
2100,CH01,Z,g,84,0.000992
2100,CH01,Z,g,88,0.000698
2100,CH01,Z,g,92,0.000659
2100,CH01,Z,g,96,0.000787
2100,CH01,Z,g,100,0.00078
2100,CH01,Z,g,104,0.000844
2100,CH01,Z,g,108,0.000923
2100,CH01,Z,g,112,0.000899
2100,CH01,Z,g,116,0.000924
2100,CH01,Z,g,120,0.000733
2100,CH01,Z,g,124,0.000986
2100,CH01,Z,g,128,0.000816
2100,CH01,Z,g,132,0.000561
2100,CH01,Z,g,136,0.002349
2100,CH01,Z,g,140,0.008873
2100,CH01,Z,g,144,0.001819
2100,CH01,Z,g,148,0.000963
2100,CH01,Z,g,152,0.000544
2100,CH01,Z,g,156,0.00058
2100,CH01,Z,g,160,0.000894
2100,CH01,Z,g,164,0.000796
2100,CH01,Z,g,168,0.000857
2100,CH01,Z,g,172,0.000691
2100,CH01,Z,g,176,0.000927
2100,CH01,Z,g,180,0.000905
2100,CH01,Z,g,184,0.000901
2100,CH01,Z,g,188,0.00092
2100,CH01,Z,g,192,0.000597
2100,CH01,Z,g,196,0.00099
2100,CH01,Z,g,200,0.000861
2100,CH01,Z,g,204,0.000503
2100,CH01,Z,g,208,0.000784
2100,CH01,Z,g,212,0.0008
2100,CH01,Z,g,216,0.000785
2100,CH01,Z,g,220,0.00081
2100,CH01,Z,g,224,0.000923
2100,CH01,Z,g,228,0.000814
2100,CH01,Z,g,232,0.000874
2100,CH01,Z,g,236,0.000862
2100,CH01,Z,g,240,0.000964
2100,CH01,Z,g,244,0.000504
2100,CH01,Z,g,248,0.0009
2100,CH01,Z,g,252,0.000539
2100,CH01,Z,g,256,0.000882
2100,CH01,Z,g,260,0.000709
2100,CH01,Z,g,264,0.00078
2100,CH01,Z,g,268,0.000766
2100,CH01,Z,g,272,0.000687
2100,CH01,Z,g,276,0.00099
2100,CH01,Z,g,280,0.000783
2100,CH01,Z,g,284,0.000783
2100,CH01,Z,g,288,0.000562
2100,CH01,Z,g,292,0.000868
2100,CH01,Z,g,296,0.000627
2100,CH01,Z,g,300,0.000992
2100,CH01,Z,g,304,0.000555
2100,CH01,Z,g,308,0.00051
2100,CH01,Z,g,312,0.000804
2100,CH01,Z,g,316,0.000569
2100,CH01,Z,g,320,0.000639
2100,CH01,Z,g,324,0.000549
2100,CH01,Z,g,328,0.000507
2100,CH01,Z,g,332,0.000777
2100,CH01,Z,g,336,0.000688
2100,CH01,Z,g,340,0.000939
2100,CH01,Z,g,344,0.00099
2100,CH01,Z,g,348,0.000799
2100,CH01,Z,g,352,0.000978
2100,CH01,Z,g,356,0.000658
2100,CH01,Z,g,360,0.000603
2100,CH01,Z,g,364,0.000811
2100,CH01,Z,g,368,0.000961
2100,CH01,Z,g,372,0.000914
2100,CH01,Z,g,376,0.000572
2100,CH01,Z,g,380,0.000649
2100,CH01,Z,g,384,0.000522
2100,CH01,Z,g,388,0.000646
2100,CH01,Z,g,392,0.000512
2100,CH01,Z,g,396,0.000557
2100,CH01,Z,g,400,0.00094
2200,CH01,Z,g,4,0.000933
2200,CH01,Z,g,8,0.00091
2200,CH01,Z,g,12,0.000516
2200,CH01,Z,g,16,0.000707
2200,CH01,Z,g,20,0.000912
2200,CH01,Z,g,24,0.000833
2200,CH01,Z,g,28,0.000997
2200,CH01,Z,g,32,0.001227
2200,CH01,Z,g,36,0.008324
2200,CH01,Z,g,40,0.002839
2200,CH01,Z,g,44,0.000641
2200,CH01,Z,g,48,0.000731
2200,CH01,Z,g,52,0.000555
2200,CH01,Z,g,56,0.000699
2200,CH01,Z,g,60,0.000728
2200,CH01,Z,g,64,0.000598
2200,CH01,Z,g,68,0.001519
2200,CH01,Z,g,72,0.017016
2200,CH01,Z,g,76,0.009625
2200,CH01,Z,g,80,0.000719
2200,CH01,Z,g,84,0.000754
2200,CH01,Z,g,88,0.000546
2200,CH01,Z,g,92,0.00063
2200,CH01,Z,g,96,0.00075
2200,CH01,Z,g,100,0.000877
2200,CH01,Z,g,104,0.000965
2200,CH01,Z,g,108,0.000752
2200,CH01,Z,g,112,0.000957
2200,CH01,Z,g,116,0.000806
2200,CH01,Z,g,120,0.00051
2200,CH01,Z,g,124,0.000733
2200,CH01,Z,g,128,0.000529
2200,CH01,Z,g,132,0.000843
2200,CH01,Z,g,136,0.000776
2200,CH01,Z,g,140,0.000595
2200,CH01,Z,g,144,0.003986
2200,CH01,Z,g,148,0.005819
2200,CH01,Z,g,152,0.000814
2200,CH01,Z,g,156,0.00072
2200,CH01,Z,g,160,0.00063
2200,CH01,Z,g,164,0.000844
2200,CH01,Z,g,168,0.000904
2200,CH01,Z,g,172,0.000987
2200,CH01,Z,g,176,0.000562
2200,CH01,Z,g,180,0.000634
2200,CH01,Z,g,184,0.00053
2200,CH01,Z,g,188,0.000788
2200,CH01,Z,g,192,0.000547
2200,CH01,Z,g,196,0.00056
2200,CH01,Z,g,200,0.000524
2200,CH01,Z,g,204,0.000909
2200,CH01,Z,g,208,0.000792
2200,CH01,Z,g,212,0.000742
2200,CH01,Z,g,216,0.000567
2200,CH01,Z,g,220,0.000634
2200,CH01,Z,g,224,0.000536
2200,CH01,Z,g,228,0.000945
2200,CH01,Z,g,232,0.000676
2200,CH01,Z,g,236,0.000508
2200,CH01,Z,g,240,0.000642
2200,CH01,Z,g,244,0.000616
2200,CH01,Z,g,248,0.000562
2200,CH01,Z,g,252,0.000577
2200,CH01,Z,g,256,0.000794
2200,CH01,Z,g,260,0.00061
2200,CH01,Z,g,264,0.000541
2200,CH01,Z,g,268,0.000599
2200,CH01,Z,g,272,0.00072
2200,CH01,Z,g,276,0.00072
2200,CH01,Z,g,280,0.000528
2200,CH01,Z,g,284,0.000675
2200,CH01,Z,g,288,0.00085
2200,CH01,Z,g,292,0.000849
2200,CH01,Z,g,296,0.00057
2200,CH01,Z,g,300,0.000508
2200,CH01,Z,g,304,0.000679
2200,CH01,Z,g,308,0.000769
2200,CH01,Z,g,312,0.000951
2200,CH01,Z,g,316,0.000618
2200,CH01,Z,g,320,0.000879
2200,CH01,Z,g,324,0.000881
2200,CH01,Z,g,328,0.000937
2200,CH01,Z,g,332,0.000744
2200,CH01,Z,g,336,0.000688
2200,CH01,Z,g,340,0.000579
2200,CH01,Z,g,344,0.00082
2200,CH01,Z,g,348,0.000814
2200,CH01,Z,g,352,0.000669
2200,CH01,Z,g,356,0.000679
2200,CH01,Z,g,360,0.00097
2200,CH01,Z,g,364,0.000656
2200,CH01,Z,g,368,0.00068
2200,CH01,Z,g,372,0.000767
2200,CH01,Z,g,376,0.000719
2200,CH01,Z,g,380,0.000806
2200,CH01,Z,g,384,0.000504
2200,CH01,Z,g,388,0.000856
2200,CH01,Z,g,392,0.000533
2200,CH01,Z,g,396,0.000773
2200,CH01,Z,g,400,0.0008
2300,CH01,Z,g,4,0.000661
2300,CH01,Z,g,8,0.000861
2300,CH01,Z,g,12,0.00059
2300,CH01,Z,g,16,0.000942
2300,CH01,Z,g,20,0.00086
2300,CH01,Z,g,24,0.000658
2300,CH01,Z,g,28,0.000542
2300,CH01,Z,g,32,0.0008
2300,CH01,Z,g,36,0.005389
2300,CH01,Z,g,40,0.007073
2300,CH01,Z,g,44,0.001108
2300,CH01,Z,g,48,0.000698
2300,CH01,Z,g,52,0.000501
2300,CH01,Z,g,56,0.000816
2300,CH01,Z,g,60,0.000624
2300,CH01,Z,g,64,0.000936
2300,CH01,Z,g,68,0.000886
2300,CH01,Z,g,72,0.002634
2300,CH01,Z,g,76,0.021416
2300,CH01,Z,g,80,0.00711
2300,CH01,Z,g,84,0.000857
2300,CH01,Z,g,88,0.000833
2300,CH01,Z,g,92,0.000837
2300,CH01,Z,g,96,0.000842
2300,CH01,Z,g,100,0.000632
2300,CH01,Z,g,104,0.000663
2300,CH01,Z,g,108,0.000765
2300,CH01,Z,g,112,0.000536
2300,CH01,Z,g,116,0.000643
2300,CH01,Z,g,120,0.000635
2300,CH01,Z,g,124,0.000553
2300,CH01,Z,g,128,0.00065
2300,CH01,Z,g,132,0.000565
2300,CH01,Z,g,136,0.000891
2300,CH01,Z,g,140,0.000856
2300,CH01,Z,g,144,0.000613
2300,CH01,Z,g,148,0.001077
2300,CH01,Z,g,152,0.006437
2300,CH01,Z,g,156,0.003519
2300,CH01,Z,g,160,0.000732
2300,CH01,Z,g,164,0.000554
2300,CH01,Z,g,168,0.000609
2300,CH01,Z,g,172,0.000508
2300,CH01,Z,g,176,0.000878
2300,CH01,Z,g,180,0.000655
2300,CH01,Z,g,184,0.000645
2300,CH01,Z,g,188,0.000513
2300,CH01,Z,g,192,0.000881
2300,CH01,Z,g,196,0.00069
2300,CH01,Z,g,200,0.000556
2300,CH01,Z,g,204,0.000606
2300,CH01,Z,g,208,0.000619
2300,CH01,Z,g,212,0.000747
2300,CH01,Z,g,216,0.000697
2300,CH01,Z,g,220,0.000872
2300,CH01,Z,g,224,0.000705
2300,CH01,Z,g,228,0.000917
2300,CH01,Z,g,232,0.000515
2300,CH01,Z,g,236,0.000623
2300,CH01,Z,g,240,0.000708
2300,CH01,Z,g,244,0.000807
2300,CH01,Z,g,248,0.00095
2300,CH01,Z,g,252,0.000879
2300,CH01,Z,g,256,0.000989
2300,CH01,Z,g,260,0.000968
2300,CH01,Z,g,264,0.000519
2300,CH01,Z,g,268,0.000628
2300,CH01,Z,g,272,0.000854
2300,CH01,Z,g,276,0.0007
2300,CH01,Z,g,280,0.000628
2300,CH01,Z,g,284,0.000971
2300,CH01,Z,g,288,0.000531
2300,CH01,Z,g,292,0.000718
2300,CH01,Z,g,296,0.000737
2300,CH01,Z,g,300,0.000782
2300,CH01,Z,g,304,0.000683
2300,CH01,Z,g,308,0.000856
2300,CH01,Z,g,312,0.000501
2300,CH01,Z,g,316,0.000939
2300,CH01,Z,g,320,0.000539
2300,CH01,Z,g,324,0.000774
2300,CH01,Z,g,328,0.000815
2300,CH01,Z,g,332,0.000915
2300,CH01,Z,g,336,0.000742
2300,CH01,Z,g,340,0.000999
2300,CH01,Z,g,344,0.000951
2300,CH01,Z,g,348,0.000822
2300,CH01,Z,g,352,0.000791
2300,CH01,Z,g,356,0.000502
2300,CH01,Z,g,360,0.000743
2300,CH01,Z,g,364,0.000635
2300,CH01,Z,g,368,0.000953
2300,CH01,Z,g,372,0.000743
2300,CH01,Z,g,376,0.000683
2300,CH01,Z,g,380,0.000698
2300,CH01,Z,g,384,0.000526
2300,CH01,Z,g,388,0.000501
2300,CH01,Z,g,392,0.000676
2300,CH01,Z,g,396,0.000534
2300,CH01,Z,g,400,0.000688
2400,CH01,Z,g,4,0.000876
2400,CH01,Z,g,8,0.000687
2400,CH01,Z,g,12,0.000589
2400,CH01,Z,g,16,0.000721
2400,CH01,Z,g,20,0.000704
2400,CH01,Z,g,24,0.000679
2400,CH01,Z,g,28,0.000697
2400,CH01,Z,g,32,0.000661
2400,CH01,Z,g,36,0.002322
2400,CH01,Z,g,40,0.009973
2400,CH01,Z,g,44,0.002299
2400,CH01,Z,g,48,0.000642
2400,CH01,Z,g,52,0.000839
2400,CH01,Z,g,56,0.0006
2400,CH01,Z,g,60,0.000655
2400,CH01,Z,g,64,0.000785
2400,CH01,Z,g,68,0.00051
2400,CH01,Z,g,72,0.000728
2400,CH01,Z,g,76,0.004699
2400,CH01,Z,g,80,0.024229
2400,CH01,Z,g,84,0.004856
2400,CH01,Z,g,88,0.000664
2400,CH01,Z,g,92,0.000571
2400,CH01,Z,g,96,0.00094
2400,CH01,Z,g,100,0.000574
2400,CH01,Z,g,104,0.000802
2400,CH01,Z,g,108,0.000539
2400,CH01,Z,g,112,0.000961
2400,CH01,Z,g,116,0.000565
2400,CH01,Z,g,120,0.000688
2400,CH01,Z,g,124,0.000606
2400,CH01,Z,g,128,0.000767
2400,CH01,Z,g,132,0.000606
2400,CH01,Z,g,136,0.000954
2400,CH01,Z,g,140,0.000743
2400,CH01,Z,g,144,0.000599
2400,CH01,Z,g,148,0.000592
2400,CH01,Z,g,152,0.00071
2400,CH01,Z,g,156,0.001768
2400,CH01,Z,g,160,0.007962
2400,CH01,Z,g,164,0.002004
2400,CH01,Z,g,168,0.00056
2400,CH01,Z,g,172,0.000907
2400,CH01,Z,g,176,0.000726
2400,CH01,Z,g,180,0.000979
2400,CH01,Z,g,184,0.000753
2400,CH01,Z,g,188,0.000812
2400,CH01,Z,g,192,0.000537
2400,CH01,Z,g,196,0.000852
2400,CH01,Z,g,200,0.000757
2400,CH01,Z,g,204,0.000662
2400,CH01,Z,g,208,0.000942
2400,CH01,Z,g,212,0.000778
2400,CH01,Z,g,216,0.000668
2400,CH01,Z,g,220,0.00067
2400,CH01,Z,g,224,0.00097
2400,CH01,Z,g,228,0.000918
2400,CH01,Z,g,232,0.000847
2400,CH01,Z,g,236,0.000574
2400,CH01,Z,g,240,0.000909
2400,CH01,Z,g,244,0.000577
2400,CH01,Z,g,248,0.000614
2400,CH01,Z,g,252,0.000945
2400,CH01,Z,g,256,0.000685
2400,CH01,Z,g,260,0.000765
2400,CH01,Z,g,264,0.000591
2400,CH01,Z,g,268,0.00092
2400,CH01,Z,g,272,0.000941
2400,CH01,Z,g,276,0.000922
2400,CH01,Z,g,280,0.000847
2400,CH01,Z,g,284,0.000919
2400,CH01,Z,g,288,0.000988
2400,CH01,Z,g,292,0.000825
2400,CH01,Z,g,296,0.000854
2400,CH01,Z,g,300,0.000955
2400,CH01,Z,g,304,0.000877
2400,CH01,Z,g,308,0.000909
2400,CH01,Z,g,312,0.000698
2400,CH01,Z,g,316,0.000717
2400,CH01,Z,g,320,0.00059
2400,CH01,Z,g,324,0.000943
2400,CH01,Z,g,328,0.000663
2400,CH01,Z,g,332,0.000587
2400,CH01,Z,g,336,0.000572
2400,CH01,Z,g,340,0.000987
2400,CH01,Z,g,344,0.000533
2400,CH01,Z,g,348,0.000731
2400,CH01,Z,g,352,0.000503
2400,CH01,Z,g,356,0.000703
2400,CH01,Z,g,360,0.00089
2400,CH01,Z,g,364,0.000785
2400,CH01,Z,g,368,0.000555
2400,CH01,Z,g,372,0.000621
2400,CH01,Z,g,376,0.000839
2400,CH01,Z,g,380,0.000537
2400,CH01,Z,g,384,0.000675
2400,CH01,Z,g,388,0.000821
2400,CH01,Z,g,392,0.000569
2400,CH01,Z,g,396,0.000982
2400,CH01,Z,g,400,0.000608
2500,CH01,Z,g,4,0.000543
2500,CH01,Z,g,8,0.00067
2500,CH01,Z,g,12,0.000766
2500,CH01,Z,g,16,0.000979
2500,CH01,Z,g,20,0.000867
2500,CH01,Z,g,24,0.000513
2500,CH01,Z,g,28,0.000679
2500,CH01,Z,g,32,0.00096
2500,CH01,Z,g,36,0.001134
2500,CH01,Z,g,40,0.008383
2500,CH01,Z,g,44,0.00622
2500,CH01,Z,g,48,0.000913
2500,CH01,Z,g,52,0.000927
2500,CH01,Z,g,56,0.000841
2500,CH01,Z,g,60,0.00062
2500,CH01,Z,g,64,0.000861
2500,CH01,Z,g,68,0.000792
2500,CH01,Z,g,72,0.000518
2500,CH01,Z,g,76,0.001027
2500,CH01,Z,g,80,0.007936
2500,CH01,Z,g,84,0.025306
2500,CH01,Z,g,88,0.003079
2500,CH01,Z,g,92,0.000837
2500,CH01,Z,g,96,0.000897
2500,CH01,Z,g,100,0.000611
2500,CH01,Z,g,104,0.000522
2500,CH01,Z,g,108,0.000865
2500,CH01,Z,g,112,0.000717
2500,CH01,Z,g,116,0.000635
2500,CH01,Z,g,120,0.000856
2500,CH01,Z,g,124,0.000728
2500,CH01,Z,g,128,0.000912
2500,CH01,Z,g,132,0.000948
2500,CH01,Z,g,136,0.000513
2500,CH01,Z,g,140,0.000969
2500,CH01,Z,g,144,0.000865
2500,CH01,Z,g,148,0.000543
2500,CH01,Z,g,152,0.000569
2500,CH01,Z,g,156,0.000677
2500,CH01,Z,g,160,0.000964
2500,CH01,Z,g,164,0.004338
2500,CH01,Z,g,168,0.007033
2500,CH01,Z,g,172,0.00083
2500,CH01,Z,g,176,0.000751
2500,CH01,Z,g,180,0.000968
2500,CH01,Z,g,184,0.000624
2500,CH01,Z,g,188,0.000607
2500,CH01,Z,g,192,0.000677
2500,CH01,Z,g,196,0.000732
2500,CH01,Z,g,200,0.000893
2500,CH01,Z,g,204,0.000827
2500,CH01,Z,g,208,0.000552
2500,CH01,Z,g,212,0.000775
2500,CH01,Z,g,216,0.000529
2500,CH01,Z,g,220,0.000842
2500,CH01,Z,g,224,0.000691
2500,CH01,Z,g,228,0.000697
2500,CH01,Z,g,232,0.000786
2500,CH01,Z,g,236,0.000505
2500,CH01,Z,g,240,0.000901
2500,CH01,Z,g,244,0.000643
2500,CH01,Z,g,248,0.000627
2500,CH01,Z,g,252,0.000908
2500,CH01,Z,g,256,0.000546
2500,CH01,Z,g,260,0.000719
2500,CH01,Z,g,264,0.000628
2500,CH01,Z,g,268,0.000617
2500,CH01,Z,g,272,0.000556
2500,CH01,Z,g,276,0.000974
2500,CH01,Z,g,280,0.000765
2500,CH01,Z,g,284,0.00094
2500,CH01,Z,g,288,0.000923
2500,CH01,Z,g,292,0.000784
2500,CH01,Z,g,296,0.000736
2500,CH01,Z,g,300,0.000821
2500,CH01,Z,g,304,0.000952
2500,CH01,Z,g,308,0.000952
2500,CH01,Z,g,312,0.000581
2500,CH01,Z,g,316,0.000845
2500,CH01,Z,g,320,0.00062
2500,CH01,Z,g,324,0.000954
2500,CH01,Z,g,328,0.000576
2500,CH01,Z,g,332,0.000539
2500,CH01,Z,g,336,0.000732
2500,CH01,Z,g,340,0.000824
2500,CH01,Z,g,344,0.000525
2500,CH01,Z,g,348,0.000532
2500,CH01,Z,g,352,0.000653
2500,CH01,Z,g,356,0.000627
2500,CH01,Z,g,360,0.000549
2500,CH01,Z,g,364,0.000981
2500,CH01,Z,g,368,0.000831
2500,CH01,Z,g,372,0.000822
2500,CH01,Z,g,376,0.000713
2500,CH01,Z,g,380,0.000576
2500,CH01,Z,g,384,0.000705
2500,CH01,Z,g,388,0.000827
2500,CH01,Z,g,392,0.000532
2500,CH01,Z,g,396,0.000976
2500,CH01,Z,g,400,0.000702
2600,CH01,Z,g,4,0.000587
2600,CH01,Z,g,8,0.000535
2600,CH01,Z,g,12,0.000647
2600,CH01,Z,g,16,0.000503
2600,CH01,Z,g,20,0.000865
2600,CH01,Z,g,24,0.000826
2600,CH01,Z,g,28,0.000788
2600,CH01,Z,g,32,0.000893
2600,CH01,Z,g,36,0.000578
2600,CH01,Z,g,40,0.004123
2600,CH01,Z,g,44,0.011127
2600,CH01,Z,g,48,0.001918
2600,CH01,Z,g,52,0.00073
2600,CH01,Z,g,56,0.000772
2600,CH01,Z,g,60,0.00068
2600,CH01,Z,g,64,0.000868
2600,CH01,Z,g,68,0.000729
2600,CH01,Z,g,72,0.000669
2600,CH01,Z,g,76,0.000749
2600,CH01,Z,g,80,0.000738
2600,CH01,Z,g,84,0.013262
2600,CH01,Z,g,88,0.024071
2600,CH01,Z,g,92,0.001873
2600,CH01,Z,g,96,0.000942
2600,CH01,Z,g,100,0.000609
2600,CH01,Z,g,104,0.000549
2600,CH01,Z,g,108,0.000882
2600,CH01,Z,g,112,0.000998
2600,CH01,Z,g,116,0.000932
2600,CH01,Z,g,120,0.000879
2600,CH01,Z,g,124,0.00086
2600,CH01,Z,g,128,0.000643
2600,CH01,Z,g,132,0.000595
2600,CH01,Z,g,136,0.000708
2600,CH01,Z,g,140,0.00086
2600,CH01,Z,g,144,0.00097
2600,CH01,Z,g,148,0.000863
2600,CH01,Z,g,152,0.00094
2600,CH01,Z,g,156,0.000899
2600,CH01,Z,g,160,0.000621
2600,CH01,Z,g,164,0.000759
2600,CH01,Z,g,168,0.001051
2600,CH01,Z,g,172,0.007546
2600,CH01,Z,g,176,0.004633
2600,CH01,Z,g,180,0.000985
2600,CH01,Z,g,184,0.000854
2600,CH01,Z,g,188,0.000997
2600,CH01,Z,g,192,0.000978
2600,CH01,Z,g,196,0.000784
2600,CH01,Z,g,200,0.00076
2600,CH01,Z,g,204,0.000526
2600,CH01,Z,g,208,0.000687
2600,CH01,Z,g,212,0.00054
2600,CH01,Z,g,216,0.000713
2600,CH01,Z,g,220,0.000992
2600,CH01,Z,g,224,0.000677
2600,CH01,Z,g,228,0.00071
2600,CH01,Z,g,232,0.000615
2600,CH01,Z,g,236,0.000576
2600,CH01,Z,g,240,0.000642
2600,CH01,Z,g,244,0.000598
2600,CH01,Z,g,248,0.000715
2600,CH01,Z,g,252,0.000867
2600,CH01,Z,g,256,0.000872
2600,CH01,Z,g,260,0.000926
2600,CH01,Z,g,264,0.00082
2600,CH01,Z,g,268,0.00093
2600,CH01,Z,g,272,0.000716
2600,CH01,Z,g,276,0.000838
2600,CH01,Z,g,280,0.000696
2600,CH01,Z,g,284,0.000668
2600,CH01,Z,g,288,0.000641
2600,CH01,Z,g,292,0.000936
2600,CH01,Z,g,296,0.000994
2600,CH01,Z,g,300,0.00095
2600,CH01,Z,g,304,0.000572
2600,CH01,Z,g,308,0.000994
2600,CH01,Z,g,312,0.000537
2600,CH01,Z,g,316,0.000602
2600,CH01,Z,g,320,0.00096
2600,CH01,Z,g,324,0.000955
2600,CH01,Z,g,328,0.000577
2600,CH01,Z,g,332,0.000508
2600,CH01,Z,g,336,0.000793
2600,CH01,Z,g,340,0.000983
2600,CH01,Z,g,344,0.000705
2600,CH01,Z,g,348,0.000653
2600,CH01,Z,g,352,0.000806
2600,CH01,Z,g,356,0.00062
2600,CH01,Z,g,360,0.000743
2600,CH01,Z,g,364,0.000637
2600,CH01,Z,g,368,0.000897
2600,CH01,Z,g,372,0.000974
2600,CH01,Z,g,376,0.000703
2600,CH01,Z,g,380,0.00067
2600,CH01,Z,g,384,0.00057
2600,CH01,Z,g,388,0.000939
2600,CH01,Z,g,392,0.000554
2600,CH01,Z,g,396,0.000999
2600,CH01,Z,g,400,0.000569
2700,CH01,Z,g,4,0.000985
2700,CH01,Z,g,8,0.000723
2700,CH01,Z,g,12,0.000728
2700,CH01,Z,g,16,0.000751
2700,CH01,Z,g,20,0.000689
2700,CH01,Z,g,24,0.000866
2700,CH01,Z,g,28,0.000746
2700,CH01,Z,g,32,0.000905
2700,CH01,Z,g,36,0.000524
2700,CH01,Z,g,40,0.001542
2700,CH01,Z,g,44,0.011117
2700,CH01,Z,g,48,0.005122
2700,CH01,Z,g,52,0.000834
2700,CH01,Z,g,56,0.00089
2700,CH01,Z,g,60,0.000507
2700,CH01,Z,g,64,0.000713
2700,CH01,Z,g,68,0.000907
2700,CH01,Z,g,72,0.000658
2700,CH01,Z,g,76,0.000898
2700,CH01,Z,g,80,0.00075
2700,CH01,Z,g,84,0.001339
2700,CH01,Z,g,88,0.020478
2700,CH01,Z,g,92,0.021453
2700,CH01,Z,g,96,0.001286
2700,CH01,Z,g,100,0.000608
2700,CH01,Z,g,104,0.000712
2700,CH01,Z,g,108,0.000869
2700,CH01,Z,g,112,0.000771
2700,CH01,Z,g,116,0.000633
2700,CH01,Z,g,120,0.000875
2700,CH01,Z,g,124,0.000544
2700,CH01,Z,g,128,0.000848
2700,CH01,Z,g,132,0.000891
2700,CH01,Z,g,136,0.000771
2700,CH01,Z,g,140,0.00055
2700,CH01,Z,g,144,0.000849
2700,CH01,Z,g,148,0.000594
2700,CH01,Z,g,152,0.00067
2700,CH01,Z,g,156,0.000675
2700,CH01,Z,g,160,0.000676
2700,CH01,Z,g,164,0.000871
2700,CH01,Z,g,168,0.000813
2700,CH01,Z,g,172,0.000584
2700,CH01,Z,g,176,0.002085
2700,CH01,Z,g,180,0.009515
2700,CH01,Z,g,184,0.002021
2700,CH01,Z,g,188,0.000758
2700,CH01,Z,g,192,0.000894
2700,CH01,Z,g,196,0.000598
2700,CH01,Z,g,200,0.000715
2700,CH01,Z,g,204,0.000836
2700,CH01,Z,g,208,0.000583
2700,CH01,Z,g,212,0.000537
2700,CH01,Z,g,216,0.000646
2700,CH01,Z,g,220,0.000869
2700,CH01,Z,g,224,0.000555
2700,CH01,Z,g,228,0.000587
2700,CH01,Z,g,232,0.000943
2700,CH01,Z,g,236,0.000827
2700,CH01,Z,g,240,0.000793
2700,CH01,Z,g,244,0.000561
2700,CH01,Z,g,248,0.000848
2700,CH01,Z,g,252,0.000574
2700,CH01,Z,g,256,0.00094
2700,CH01,Z,g,260,0.001
2700,CH01,Z,g,264,0.000931
2700,CH01,Z,g,268,0.000583
2700,CH01,Z,g,272,0.000908
2700,CH01,Z,g,276,0.000926
2700,CH01,Z,g,280,0.000813
2700,CH01,Z,g,284,0.000647
2700,CH01,Z,g,288,0.000774
2700,CH01,Z,g,292,0.000954
2700,CH01,Z,g,296,0.000795
2700,CH01,Z,g,300,0.000904
2700,CH01,Z,g,304,0.000928
2700,CH01,Z,g,308,0.000937
2700,CH01,Z,g,312,0.000578
2700,CH01,Z,g,316,0.000985
2700,CH01,Z,g,320,0.000545
2700,CH01,Z,g,324,0.000768
2700,CH01,Z,g,328,0.000776
2700,CH01,Z,g,332,0.000856
2700,CH01,Z,g,336,0.000893
2700,CH01,Z,g,340,0.000965
2700,CH01,Z,g,344,0.000642
2700,CH01,Z,g,348,0.00084
2700,CH01,Z,g,352,0.000557
2700,CH01,Z,g,356,0.000876
2700,CH01,Z,g,360,0.000596
2700,CH01,Z,g,364,0.000692
2700,CH01,Z,g,368,0.00065
2700,CH01,Z,g,372,0.000852
2700,CH01,Z,g,376,0.000699
2700,CH01,Z,g,380,0.000556
2700,CH01,Z,g,384,0.000757
2700,CH01,Z,g,388,0.000635
2700,CH01,Z,g,392,0.000675
2700,CH01,Z,g,396,0.000789
2700,CH01,Z,g,400,0.000724
2800,CH01,Z,g,4,0.000741
2800,CH01,Z,g,8,0.000686
2800,CH01,Z,g,12,0.000706
2800,CH01,Z,g,16,0.000716
2800,CH01,Z,g,20,0.000763
2800,CH01,Z,g,24,0.000701
2800,CH01,Z,g,28,0.000735
2800,CH01,Z,g,32,0.000934
2800,CH01,Z,g,36,0.00052
2800,CH01,Z,g,40,0.000702
2800,CH01,Z,g,44,0.006776
2800,CH01,Z,g,48,0.011361
2800,CH01,Z,g,52,0.001374
2800,CH01,Z,g,56,0.00091
2800,CH01,Z,g,60,0.000994
2800,CH01,Z,g,64,0.000968
2800,CH01,Z,g,68,0.000604
2800,CH01,Z,g,72,0.000748
2800,CH01,Z,g,76,0.000642
2800,CH01,Z,g,80,0.000719
2800,CH01,Z,g,84,0.000776
2800,CH01,Z,g,88,0.002261
2800,CH01,Z,g,92,0.029213
2800,CH01,Z,g,96,0.01867
2800,CH01,Z,g,100,0.00128
2800,CH01,Z,g,104,0.000622
2800,CH01,Z,g,108,0.000994
2800,CH01,Z,g,112,0.000687
2800,CH01,Z,g,116,0.000907
2800,CH01,Z,g,120,0.000608
2800,CH01,Z,g,124,0.000986
2800,CH01,Z,g,128,0.000657
2800,CH01,Z,g,132,0.000624
2800,CH01,Z,g,136,0.00067
2800,CH01,Z,g,140,0.000834
2800,CH01,Z,g,144,0.000656
2800,CH01,Z,g,148,0.000606
2800,CH01,Z,g,152,0.000751
2800,CH01,Z,g,156,0.00065
2800,CH01,Z,g,160,0.000701
2800,CH01,Z,g,164,0.00055
2800,CH01,Z,g,168,0.000573
2800,CH01,Z,g,172,0.000769
2800,CH01,Z,g,176,0.000602
2800,CH01,Z,g,180,0.000954
2800,CH01,Z,g,184,0.00501
2800,CH01,Z,g,188,0.008484
2800,CH01,Z,g,192,0.001366
2800,CH01,Z,g,196,0.000617
2800,CH01,Z,g,200,0.000961
2800,CH01,Z,g,204,0.000753
2800,CH01,Z,g,208,0.000552
2800,CH01,Z,g,212,0.000863
2800,CH01,Z,g,216,0.000505
2800,CH01,Z,g,220,0.000682
2800,CH01,Z,g,224,0.000656
2800,CH01,Z,g,228,0.000924
2800,CH01,Z,g,232,0.000734
2800,CH01,Z,g,236,0.00095
2800,CH01,Z,g,240,0.000895
2800,CH01,Z,g,244,0.000661
2800,CH01,Z,g,248,0.000814
2800,CH01,Z,g,252,0.000575
2800,CH01,Z,g,256,0.000846
2800,CH01,Z,g,260,0.000562
2800,CH01,Z,g,264,0.00095
2800,CH01,Z,g,268,0.000948
2800,CH01,Z,g,272,0.00074
2800,CH01,Z,g,276,0.000717
2800,CH01,Z,g,280,0.000999
2800,CH01,Z,g,284,0.000994
2800,CH01,Z,g,288,0.000937
2800,CH01,Z,g,292,0.000606
2800,CH01,Z,g,296,0.000896
2800,CH01,Z,g,300,0.00077
2800,CH01,Z,g,304,0.000641
2800,CH01,Z,g,308,0.00065
2800,CH01,Z,g,312,0.000729
2800,CH01,Z,g,316,0.000731
2800,CH01,Z,g,320,0.000781
2800,CH01,Z,g,324,0.000745
2800,CH01,Z,g,328,0.000526
2800,CH01,Z,g,332,0.000566
2800,CH01,Z,g,336,0.00091
2800,CH01,Z,g,340,0.000731
2800,CH01,Z,g,344,0.000983
2800,CH01,Z,g,348,0.000771
2800,CH01,Z,g,352,0.000908
2800,CH01,Z,g,356,0.000545
2800,CH01,Z,g,360,0.000569
2800,CH01,Z,g,364,0.000845
2800,CH01,Z,g,368,0.000719
2800,CH01,Z,g,372,0.000631
2800,CH01,Z,g,376,0.000784
2800,CH01,Z,g,380,0.000691
2800,CH01,Z,g,384,0.000941
2800,CH01,Z,g,388,0.000586
2800,CH01,Z,g,392,0.000976
2800,CH01,Z,g,396,0.0007
2800,CH01,Z,g,400,0.000942
2900,CH01,Z,g,4,0.000805
2900,CH01,Z,g,8,0.000882
2900,CH01,Z,g,12,0.000638
2900,CH01,Z,g,16,0.000718
2900,CH01,Z,g,20,0.000843
2900,CH01,Z,g,24,0.00063
2900,CH01,Z,g,28,0.000658
2900,CH01,Z,g,32,0.000594
2900,CH01,Z,g,36,0.000767
2900,CH01,Z,g,40,0.000879
2900,CH01,Z,g,44,0.002313
2900,CH01,Z,g,48,0.014362
2900,CH01,Z,g,52,0.003765
2900,CH01,Z,g,56,0.000586
2900,CH01,Z,g,60,0.000843
2900,CH01,Z,g,64,0.000874
2900,CH01,Z,g,68,0.000551
2900,CH01,Z,g,72,0.000958
2900,CH01,Z,g,76,0.000571
2900,CH01,Z,g,80,0.000685
2900,CH01,Z,g,84,0.000923
2900,CH01,Z,g,88,0.00076
2900,CH01,Z,g,92,0.003909
2900,CH01,Z,g,96,0.040841
2900,CH01,Z,g,100,0.01562
2900,CH01,Z,g,104,0.001105
2900,CH01,Z,g,108,0.000827
2900,CH01,Z,g,112,0.000965
2900,CH01,Z,g,116,0.000691
2900,CH01,Z,g,120,0.000685
2900,CH01,Z,g,124,0.000957
2900,CH01,Z,g,128,0.000729
2900,CH01,Z,g,132,0.000699
2900,CH01,Z,g,136,0.000833
2900,CH01,Z,g,140,0.000502
2900,CH01,Z,g,144,0.000755
2900,CH01,Z,g,148,0.000899
2900,CH01,Z,g,152,0.000521
2900,CH01,Z,g,156,0.000895
2900,CH01,Z,g,160,0.000618
2900,CH01,Z,g,164,0.000605
2900,CH01,Z,g,168,0.000965
2900,CH01,Z,g,172,0.000714
2900,CH01,Z,g,176,0.000705
2900,CH01,Z,g,180,0.000762
2900,CH01,Z,g,184,0.000828
2900,CH01,Z,g,188,0.00137
2900,CH01,Z,g,192,0.009295
2900,CH01,Z,g,196,0.005339
2900,CH01,Z,g,200,0.000985
2900,CH01,Z,g,204,0.000665
2900,CH01,Z,g,208,0.000747
2900,CH01,Z,g,212,0.000985
2900,CH01,Z,g,216,0.000539
2900,CH01,Z,g,220,0.000872
2900,CH01,Z,g,224,0.000607
2900,CH01,Z,g,228,0.000757
2900,CH01,Z,g,232,0.000678
2900,CH01,Z,g,236,0.000606
2900,CH01,Z,g,240,0.00096
2900,CH01,Z,g,244,0.000676
2900,CH01,Z,g,248,0.000993
2900,CH01,Z,g,252,0.000727
2900,CH01,Z,g,256,0.000783
2900,CH01,Z,g,260,0.000705
2900,CH01,Z,g,264,0.00099
2900,CH01,Z,g,268,0.000504
2900,CH01,Z,g,272,0.000573
2900,CH01,Z,g,276,0.000505
2900,CH01,Z,g,280,0.000968
2900,CH01,Z,g,284,0.000724
2900,CH01,Z,g,288,0.000625
2900,CH01,Z,g,292,0.000801
2900,CH01,Z,g,296,0.000741
2900,CH01,Z,g,300,0.00078
2900,CH01,Z,g,304,0.000746
2900,CH01,Z,g,308,0.000665
2900,CH01,Z,g,312,0.00068
2900,CH01,Z,g,316,0.00082
2900,CH01,Z,g,320,0.000868
2900,CH01,Z,g,324,0.000935
2900,CH01,Z,g,328,0.00079
2900,CH01,Z,g,332,0.000803
2900,CH01,Z,g,336,0.000771
2900,CH01,Z,g,340,0.000862
2900,CH01,Z,g,344,0.00095
2900,CH01,Z,g,348,0.000943
2900,CH01,Z,g,352,0.000929
2900,CH01,Z,g,356,0.000607
2900,CH01,Z,g,360,0.000948
2900,CH01,Z,g,364,0.00067
2900,CH01,Z,g,368,0.000734
2900,CH01,Z,g,372,0.000738
2900,CH01,Z,g,376,0.000861
2900,CH01,Z,g,380,0.000675
2900,CH01,Z,g,384,0.000757
2900,CH01,Z,g,388,0.000591
2900,CH01,Z,g,392,0.000546
2900,CH01,Z,g,396,0.000629
2900,CH01,Z,g,400,0.000698
3000,CH01,Z,g,4,0.00068
3000,CH01,Z,g,8,0.000883
3000,CH01,Z,g,12,0.000541
3000,CH01,Z,g,16,0.000972
3000,CH01,Z,g,20,0.000761
3000,CH01,Z,g,24,0.000712
3000,CH01,Z,g,28,0.00064
3000,CH01,Z,g,32,0.000922
3000,CH01,Z,g,36,0.000649
3000,CH01,Z,g,40,0.000985
3000,CH01,Z,g,44,0.001025
3000,CH01,Z,g,48,0.010182
3000,CH01,Z,g,52,0.01034
3000,CH01,Z,g,56,0.001047
3000,CH01,Z,g,60,0.000867
3000,CH01,Z,g,64,0.000726
3000,CH01,Z,g,68,0.000862
3000,CH01,Z,g,72,0.00094
3000,CH01,Z,g,76,0.00082
3000,CH01,Z,g,80,0.000715
3000,CH01,Z,g,84,0.000601
3000,CH01,Z,g,88,0.000731
3000,CH01,Z,g,92,0.000807
3000,CH01,Z,g,96,0.008581
3000,CH01,Z,g,100,0.055665
3000,CH01,Z,g,104,0.012896
3000,CH01,Z,g,108,0.000881
3000,CH01,Z,g,112,0.000986
3000,CH01,Z,g,116,0.000787
3000,CH01,Z,g,120,0.000832
3000,CH01,Z,g,124,0.000704
3000,CH01,Z,g,128,0.000581
3000,CH01,Z,g,132,0.000989
3000,CH01,Z,g,136,0.000628
3000,CH01,Z,g,140,0.000862
3000,CH01,Z,g,144,0.000654
3000,CH01,Z,g,148,0.000956
3000,CH01,Z,g,152,0.000523
3000,CH01,Z,g,156,0.000915
3000,CH01,Z,g,160,0.000759
3000,CH01,Z,g,164,0.000644
3000,CH01,Z,g,168,0.00083
3000,CH01,Z,g,172,0.000884
3000,CH01,Z,g,176,0.000788
3000,CH01,Z,g,180,0.000651
3000,CH01,Z,g,184,0.000873
3000,CH01,Z,g,188,0.000796
3000,CH01,Z,g,192,0.000857
3000,CH01,Z,g,196,0.002734
3000,CH01,Z,g,200,0.011746
3000,CH01,Z,g,204,0.002563
3000,CH01,Z,g,208,0.000603
3000,CH01,Z,g,212,0.000849
3000,CH01,Z,g,216,0.000664
3000,CH01,Z,g,220,0.000999
3000,CH01,Z,g,224,0.000553
3000,CH01,Z,g,228,0.000612
3000,CH01,Z,g,232,0.000915
3000,CH01,Z,g,236,0.000563
3000,CH01,Z,g,240,0.000732
3000,CH01,Z,g,244,0.000873
3000,CH01,Z,g,248,0.000962
3000,CH01,Z,g,252,0.000514
3000,CH01,Z,g,256,0.000979
3000,CH01,Z,g,260,0.000579
3000,CH01,Z,g,264,0.00054
3000,CH01,Z,g,268,0.000668
3000,CH01,Z,g,272,0.000659
3000,CH01,Z,g,276,0.000799
3000,CH01,Z,g,280,0.000552
3000,CH01,Z,g,284,0.000792
3000,CH01,Z,g,288,0.000851
3000,CH01,Z,g,292,0.000682
3000,CH01,Z,g,296,0.000732
3000,CH01,Z,g,300,0.000987
3000,CH01,Z,g,304,0.000996
3000,CH01,Z,g,308,0.000666
3000,CH01,Z,g,312,0.000677
3000,CH01,Z,g,316,0.000915
3000,CH01,Z,g,320,0.000788
3000,CH01,Z,g,324,0.000749
3000,CH01,Z,g,328,0.000624
3000,CH01,Z,g,332,0.000774
3000,CH01,Z,g,336,0.000653
3000,CH01,Z,g,340,0.000728
3000,CH01,Z,g,344,0.000574
3000,CH01,Z,g,348,0.000592
3000,CH01,Z,g,352,0.0006
3000,CH01,Z,g,356,0.000861
3000,CH01,Z,g,360,0.000612
3000,CH01,Z,g,364,0.00053
3000,CH01,Z,g,368,0.000932
3000,CH01,Z,g,372,0.000541
3000,CH01,Z,g,376,0.000735
3000,CH01,Z,g,380,0.00062
3000,CH01,Z,g,384,0.000845
3000,CH01,Z,g,388,0.000826
3000,CH01,Z,g,392,0.000871
3000,CH01,Z,g,396,0.00088
3000,CH01,Z,g,400,0.000894
3100,CH01,Z,g,4,0.000648
3100,CH01,Z,g,8,0.000612
3100,CH01,Z,g,12,0.000755
3100,CH01,Z,g,16,0.000637
3100,CH01,Z,g,20,0.000968
3100,CH01,Z,g,24,0.000791
3100,CH01,Z,g,28,0.000554
3100,CH01,Z,g,32,0.000548
3100,CH01,Z,g,36,0.000516
3100,CH01,Z,g,40,0.000762
3100,CH01,Z,g,44,0.000635
3100,CH01,Z,g,48,0.004445
3100,CH01,Z,g,52,0.016044
3100,CH01,Z,g,56,0.0026
3100,CH01,Z,g,60,0.000746
3100,CH01,Z,g,64,0.000784
3100,CH01,Z,g,68,0.000748
3100,CH01,Z,g,72,0.000762
3100,CH01,Z,g,76,0.000657
3100,CH01,Z,g,80,0.00068
3100,CH01,Z,g,84,0.000649
3100,CH01,Z,g,88,0.000537
3100,CH01,Z,g,92,0.000534
3100,CH01,Z,g,96,0.001047
3100,CH01,Z,g,100,0.017689
3100,CH01,Z,g,104,0.073522
3100,CH01,Z,g,108,0.00961
3100,CH01,Z,g,112,0.000764
3100,CH01,Z,g,116,0.000671
3100,CH01,Z,g,120,0.000997
3100,CH01,Z,g,124,0.000801
3100,CH01,Z,g,128,0.000628
3100,CH01,Z,g,132,0.000774
3100,CH01,Z,g,136,0.000553
3100,CH01,Z,g,140,0.000849
3100,CH01,Z,g,144,0.000861
3100,CH01,Z,g,148,0.000929
3100,CH01,Z,g,152,0.000681
3100,CH01,Z,g,156,0.00093
3100,CH01,Z,g,160,0.000536
3100,CH01,Z,g,164,0.000703
3100,CH01,Z,g,168,0.00072
3100,CH01,Z,g,172,0.000812
3100,CH01,Z,g,176,0.000579
3100,CH01,Z,g,180,0.000736
3100,CH01,Z,g,184,0.000754
3100,CH01,Z,g,188,0.000922
3100,CH01,Z,g,192,0.000757
3100,CH01,Z,g,196,0.000991
3100,CH01,Z,g,200,0.000871
3100,CH01,Z,g,204,0.006196
3100,CH01,Z,g,208,0.010459
3100,CH01,Z,g,212,0.001187
3100,CH01,Z,g,216,0.00071
3100,CH01,Z,g,220,0.000709
3100,CH01,Z,g,224,0.00065
3100,CH01,Z,g,228,0.000852
3100,CH01,Z,g,232,0.000865
3100,CH01,Z,g,236,0.000576
3100,CH01,Z,g,240,0.000851
3100,CH01,Z,g,244,0.000698
3100,CH01,Z,g,248,0.000969
3100,CH01,Z,g,252,0.000982
3100,CH01,Z,g,256,0.000672
3100,CH01,Z,g,260,0.000886
3100,CH01,Z,g,264,0.000789
3100,CH01,Z,g,268,0.000784
3100,CH01,Z,g,272,0.000868
3100,CH01,Z,g,276,0.000784
3100,CH01,Z,g,280,0.000661
3100,CH01,Z,g,284,0.000961
3100,CH01,Z,g,288,0.000883
3100,CH01,Z,g,292,0.000699
3100,CH01,Z,g,296,0.000742
3100,CH01,Z,g,300,0.000696
3100,CH01,Z,g,304,0.0007
3100,CH01,Z,g,308,0.000737
3100,CH01,Z,g,312,0.000545
3100,CH01,Z,g,316,0.000908
3100,CH01,Z,g,320,0.000557
3100,CH01,Z,g,324,0.000731
3100,CH01,Z,g,328,0.000725
3100,CH01,Z,g,332,0.000615
3100,CH01,Z,g,336,0.000888
3100,CH01,Z,g,340,0.000731
3100,CH01,Z,g,344,0.000859
3100,CH01,Z,g,348,0.000954
3100,CH01,Z,g,352,0.000574
3100,CH01,Z,g,356,0.000743
3100,CH01,Z,g,360,0.000811
3100,CH01,Z,g,364,0.000684
3100,CH01,Z,g,368,0.000843
3100,CH01,Z,g,372,0.000542
3100,CH01,Z,g,376,0.000802
3100,CH01,Z,g,380,0.000975
3100,CH01,Z,g,384,0.000596
3100,CH01,Z,g,388,0.000991
3100,CH01,Z,g,392,0.000706
3100,CH01,Z,g,396,0.000542
3100,CH01,Z,g,400,0.000696
3200,CH01,Z,g,4,0.000692
3200,CH01,Z,g,8,0.000614
3200,CH01,Z,g,12,0.00068
3200,CH01,Z,g,16,0.000693
3200,CH01,Z,g,20,0.000962
3200,CH01,Z,g,24,0.000764
3200,CH01,Z,g,28,0.00055
3200,CH01,Z,g,32,0.000731
3200,CH01,Z,g,36,0.000877
3200,CH01,Z,g,40,0.000626
3200,CH01,Z,g,44,0.001
3200,CH01,Z,g,48,0.001431
3200,CH01,Z,g,52,0.014235
3200,CH01,Z,g,56,0.00846
3200,CH01,Z,g,60,0.000949
3200,CH01,Z,g,64,0.000671
3200,CH01,Z,g,68,0.000614
3200,CH01,Z,g,72,0.000976
3200,CH01,Z,g,76,0.00092
3200,CH01,Z,g,80,0.00078
3200,CH01,Z,g,84,0.000923
3200,CH01,Z,g,88,0.000566
3200,CH01,Z,g,92,0.000697
3200,CH01,Z,g,96,0.00057
3200,CH01,Z,g,100,0.001281
3200,CH01,Z,g,104,0.037621
3200,CH01,Z,g,108,0.088861
3200,CH01,Z,g,112,0.00647
3200,CH01,Z,g,116,0.000696
3200,CH01,Z,g,120,0.000652
3200,CH01,Z,g,124,0.000936
3200,CH01,Z,g,128,0.000718
3200,CH01,Z,g,132,0.000762
3200,CH01,Z,g,136,0.000793
3200,CH01,Z,g,140,0.000841
3200,CH01,Z,g,144,0.00072
3200,CH01,Z,g,148,0.000649
3200,CH01,Z,g,152,0.000611
3200,CH01,Z,g,156,0.000613
3200,CH01,Z,g,160,0.000888
3200,CH01,Z,g,164,0.000779
3200,CH01,Z,g,168,0.00081
3200,CH01,Z,g,172,0.00056
3200,CH01,Z,g,176,0.000728
3200,CH01,Z,g,180,0.000665
3200,CH01,Z,g,184,0.000937
3200,CH01,Z,g,188,0.000871
3200,CH01,Z,g,192,0.000729
3200,CH01,Z,g,196,0.00079
3200,CH01,Z,g,200,0.000599
3200,CH01,Z,g,204,0.000838
3200,CH01,Z,g,208,0.00149
3200,CH01,Z,g,212,0.011123
3200,CH01,Z,g,216,0.00628
3200,CH01,Z,g,220,0.00087
3200,CH01,Z,g,224,0.000685
3200,CH01,Z,g,228,0.000608
3200,CH01,Z,g,232,0.000598
3200,CH01,Z,g,236,0.000506
3200,CH01,Z,g,240,0.000821
3200,CH01,Z,g,244,0.000906
3200,CH01,Z,g,248,0.000613
3200,CH01,Z,g,252,0.000923
3200,CH01,Z,g,256,0.000925
3200,CH01,Z,g,260,0.000552
3200,CH01,Z,g,264,0.000921
3200,CH01,Z,g,268,0.00062
3200,CH01,Z,g,272,0.000603
3200,CH01,Z,g,276,0.000688
3200,CH01,Z,g,280,0.000975
3200,CH01,Z,g,284,0.000814
3200,CH01,Z,g,288,0.000532
3200,CH01,Z,g,292,0.0009
3200,CH01,Z,g,296,0.000564
3200,CH01,Z,g,300,0.000724
3200,CH01,Z,g,304,0.000562
3200,CH01,Z,g,308,0.000503
3200,CH01,Z,g,312,0.000976
3200,CH01,Z,g,316,0.000776
3200,CH01,Z,g,320,0.000989
3200,CH01,Z,g,324,0.000975
3200,CH01,Z,g,328,0.000733
3200,CH01,Z,g,332,0.000606
3200,CH01,Z,g,336,0.000787
3200,CH01,Z,g,340,0.000818
3200,CH01,Z,g,344,0.000686
3200,CH01,Z,g,348,0.00056
3200,CH01,Z,g,352,0.000551
3200,CH01,Z,g,356,0.000661
3200,CH01,Z,g,360,0.000971
3200,CH01,Z,g,364,0.00084
3200,CH01,Z,g,368,0.000964
3200,CH01,Z,g,372,0.000563
3200,CH01,Z,g,376,0.000546
3200,CH01,Z,g,380,0.00065
3200,CH01,Z,g,384,0.000563
3200,CH01,Z,g,388,0.000897
3200,CH01,Z,g,392,0.000579
3200,CH01,Z,g,396,0.000712
3200,CH01,Z,g,400,0.000516
3300,CH01,Z,g,4,0.000535
3300,CH01,Z,g,8,0.000998
3300,CH01,Z,g,12,0.000671
3300,CH01,Z,g,16,0.000953
3300,CH01,Z,g,20,0.000866
3300,CH01,Z,g,24,0.000552
3300,CH01,Z,g,28,0.000523
3300,CH01,Z,g,32,0.00056
3300,CH01,Z,g,36,0.000882
3300,CH01,Z,g,40,0.000649
3300,CH01,Z,g,44,0.000958
3300,CH01,Z,g,48,0.001045
3300,CH01,Z,g,52,0.007407
3300,CH01,Z,g,56,0.01682
3300,CH01,Z,g,60,0.001984
3300,CH01,Z,g,64,0.000707
3300,CH01,Z,g,68,0.000556
3300,CH01,Z,g,72,0.000916
3300,CH01,Z,g,76,0.000524
3300,CH01,Z,g,80,0.000896
3300,CH01,Z,g,84,0.000991
3300,CH01,Z,g,88,0.000646
3300,CH01,Z,g,92,0.000508
3300,CH01,Z,g,96,0.000821
3300,CH01,Z,g,100,0.000566
3300,CH01,Z,g,104,0.002108
3300,CH01,Z,g,108,0.074092
3300,CH01,Z,g,112,0.093079
3300,CH01,Z,g,116,0.003952
3300,CH01,Z,g,120,0.000926
3300,CH01,Z,g,124,0.000659
3300,CH01,Z,g,128,0.000663
3300,CH01,Z,g,132,0.000585
3300,CH01,Z,g,136,0.000861
3300,CH01,Z,g,140,0.000874
3300,CH01,Z,g,144,0.000799
3300,CH01,Z,g,148,0.000939
3300,CH01,Z,g,152,0.000532
3300,CH01,Z,g,156,0.000674
3300,CH01,Z,g,160,0.000688
3300,CH01,Z,g,164,0.000986
3300,CH01,Z,g,168,0.000922
3300,CH01,Z,g,172,0.000845
3300,CH01,Z,g,176,0.000514
3300,CH01,Z,g,180,0.000746
3300,CH01,Z,g,184,0.000963
3300,CH01,Z,g,188,0.000919
3300,CH01,Z,g,192,0.000621
3300,CH01,Z,g,196,0.000505
3300,CH01,Z,g,200,0.000683
3300,CH01,Z,g,204,0.000563
3300,CH01,Z,g,208,0.000649
3300,CH01,Z,g,212,0.000668
3300,CH01,Z,g,216,0.003167
3300,CH01,Z,g,220,0.013822
3300,CH01,Z,g,224,0.003156
3300,CH01,Z,g,228,0.000978
3300,CH01,Z,g,232,0.000874
3300,CH01,Z,g,236,0.000526
3300,CH01,Z,g,240,0.000649
3300,CH01,Z,g,244,0.000808
3300,CH01,Z,g,248,0.000994
3300,CH01,Z,g,252,0.000897
3300,CH01,Z,g,256,0.000838
3300,CH01,Z,g,260,0.000884
3300,CH01,Z,g,264,0.000828
3300,CH01,Z,g,268,0.000787
3300,CH01,Z,g,272,0.000558
3300,CH01,Z,g,276,0.000519
3300,CH01,Z,g,280,0.000991
3300,CH01,Z,g,284,0.000861
3300,CH01,Z,g,288,0.000882
3300,CH01,Z,g,292,0.000943
3300,CH01,Z,g,296,0.000903
3300,CH01,Z,g,300,0.000802
3300,CH01,Z,g,304,0.000736
3300,CH01,Z,g,308,0.000564
3300,CH01,Z,g,312,0.000864
3300,CH01,Z,g,316,0.000642
3300,CH01,Z,g,320,0.000675
3300,CH01,Z,g,324,0.000892
3300,CH01,Z,g,328,0.000655
3300,CH01,Z,g,332,0.000523
3300,CH01,Z,g,336,0.000655
3300,CH01,Z,g,340,0.000876
3300,CH01,Z,g,344,0.000805
3300,CH01,Z,g,348,0.000683
3300,CH01,Z,g,352,0.000997
3300,CH01,Z,g,356,0.000512
3300,CH01,Z,g,360,0.000938
3300,CH01,Z,g,364,0.000965
3300,CH01,Z,g,368,0.000633
3300,CH01,Z,g,372,0.000906
3300,CH01,Z,g,376,0.000967
3300,CH01,Z,g,380,0.000759
3300,CH01,Z,g,384,0.000577
3300,CH01,Z,g,388,0.000987
3300,CH01,Z,g,392,0.000636
3300,CH01,Z,g,396,0.00059
3300,CH01,Z,g,400,0.000502
3400,CH01,Z,g,4,0.000834
3400,CH01,Z,g,8,0.000977
3400,CH01,Z,g,12,0.000826
3400,CH01,Z,g,16,0.00095
3400,CH01,Z,g,20,0.000586
3400,CH01,Z,g,24,0.000534
3400,CH01,Z,g,28,0.000732
3400,CH01,Z,g,32,0.000727
3400,CH01,Z,g,36,0.000547
3400,CH01,Z,g,40,0.000636
3400,CH01,Z,g,44,0.000925
3400,CH01,Z,g,48,0.000996
3400,CH01,Z,g,52,0.002485
3400,CH01,Z,g,56,0.018853
3400,CH01,Z,g,60,0.006441
3400,CH01,Z,g,64,0.00059
3400,CH01,Z,g,68,0.00073
3400,CH01,Z,g,72,0.000846
3400,CH01,Z,g,76,0.000911
3400,CH01,Z,g,80,0.000659
3400,CH01,Z,g,84,0.000971
3400,CH01,Z,g,88,0.000652
3400,CH01,Z,g,92,0.000882
3400,CH01,Z,g,96,0.000655
3400,CH01,Z,g,100,0.000814
3400,CH01,Z,g,104,0.00099
3400,CH01,Z,g,108,0.005991
3400,CH01,Z,g,112,0.126178
3400,CH01,Z,g,116,0.081549
3400,CH01,Z,g,120,0.00228
3400,CH01,Z,g,124,0.00093
3400,CH01,Z,g,128,0.000693
3400,CH01,Z,g,132,0.000815
3400,CH01,Z,g,136,0.000881
3400,CH01,Z,g,140,0.000953
3400,CH01,Z,g,144,0.000647
3400,CH01,Z,g,148,0.000883
3400,CH01,Z,g,152,0.000899
3400,CH01,Z,g,156,0.000794
3400,CH01,Z,g,160,0.000678
3400,CH01,Z,g,164,0.000656
3400,CH01,Z,g,168,0.000883
3400,CH01,Z,g,172,0.000641
3400,CH01,Z,g,176,0.000773
3400,CH01,Z,g,180,0.000525
3400,CH01,Z,g,184,0.000569
3400,CH01,Z,g,188,0.000915
3400,CH01,Z,g,192,0.000992
3400,CH01,Z,g,196,0.000995
3400,CH01,Z,g,200,0.000555
3400,CH01,Z,g,204,0.000753
3400,CH01,Z,g,208,0.000786
3400,CH01,Z,g,212,0.000955
3400,CH01,Z,g,216,0.000741
3400,CH01,Z,g,220,0.000928
3400,CH01,Z,g,224,0.007352
3400,CH01,Z,g,228,0.01241
3400,CH01,Z,g,232,0.001168
3400,CH01,Z,g,236,0.000978
3400,CH01,Z,g,240,0.000936
3400,CH01,Z,g,244,0.000655
3400,CH01,Z,g,248,0.000987
3400,CH01,Z,g,252,0.00094
3400,CH01,Z,g,256,0.000837
3400,CH01,Z,g,260,0.00084
3400,CH01,Z,g,264,0.000752
3400,CH01,Z,g,268,0.000619
3400,CH01,Z,g,272,0.000569
3400,CH01,Z,g,276,0.000858
3400,CH01,Z,g,280,0.00092
3400,CH01,Z,g,284,0.000879
3400,CH01,Z,g,288,0.00075
3400,CH01,Z,g,292,0.000782
3400,CH01,Z,g,296,0.000973
3400,CH01,Z,g,300,0.000602
3400,CH01,Z,g,304,0.000715
3400,CH01,Z,g,308,0.000739
3400,CH01,Z,g,312,0.000766
3400,CH01,Z,g,316,0.000687
3400,CH01,Z,g,320,0.00083
3400,CH01,Z,g,324,0.000549
3400,CH01,Z,g,328,0.000814
3400,CH01,Z,g,332,0.000709
3400,CH01,Z,g,336,0.000775
3400,CH01,Z,g,340,0.000554
3400,CH01,Z,g,344,0.000709
3400,CH01,Z,g,348,0.000751
3400,CH01,Z,g,352,0.000552
3400,CH01,Z,g,356,0.000896
3400,CH01,Z,g,360,0.000602
3400,CH01,Z,g,364,0.000958
3400,CH01,Z,g,368,0.000754
3400,CH01,Z,g,372,0.000844
3400,CH01,Z,g,376,0.000688
3400,CH01,Z,g,380,0.000626
3400,CH01,Z,g,384,0.000997
3400,CH01,Z,g,388,0.00081
3400,CH01,Z,g,392,0.000796
3400,CH01,Z,g,396,0.000825
3400,CH01,Z,g,400,0.000553
3500,CH01,Z,g,4,0.000862
3500,CH01,Z,g,8,0.000801
3500,CH01,Z,g,12,0.000532
3500,CH01,Z,g,16,0.000848
3500,CH01,Z,g,20,0.000755
3500,CH01,Z,g,24,0.000984
3500,CH01,Z,g,28,0.000911
3500,CH01,Z,g,32,0.000621
3500,CH01,Z,g,36,0.000752
3500,CH01,Z,g,40,0.000727
3500,CH01,Z,g,44,0.000915
3500,CH01,Z,g,48,0.000666
3500,CH01,Z,g,52,0.001102
3500,CH01,Z,g,56,0.011805
3500,CH01,Z,g,60,0.015553
3500,CH01,Z,g,64,0.001327
3500,CH01,Z,g,68,0.000751
3500,CH01,Z,g,72,0.000551
3500,CH01,Z,g,76,0.000579
3500,CH01,Z,g,80,0.000575
3500,CH01,Z,g,84,0.000519
3500,CH01,Z,g,88,0.0009
3500,CH01,Z,g,92,0.00084
3500,CH01,Z,g,96,0.000591
3500,CH01,Z,g,100,0.00074
3500,CH01,Z,g,104,0.000908
3500,CH01,Z,g,108,0.000975
3500,CH01,Z,g,112,0.015268
3500,CH01,Z,g,116,0.180305
3500,CH01,Z,g,120,0.058585
3500,CH01,Z,g,124,0.000996
3500,CH01,Z,g,128,0.000677
3500,CH01,Z,g,132,0.000599
3500,CH01,Z,g,136,0.00056
3500,CH01,Z,g,140,0.000725
3500,CH01,Z,g,144,0.000731
3500,CH01,Z,g,148,0.000743
3500,CH01,Z,g,152,0.000699
3500,CH01,Z,g,156,0.000716
3500,CH01,Z,g,160,0.000798
3500,CH01,Z,g,164,0.00099
3500,CH01,Z,g,168,0.000701
3500,CH01,Z,g,172,0.000816
3500,CH01,Z,g,176,0.000647
3500,CH01,Z,g,180,0.000813
3500,CH01,Z,g,184,0.000567
3500,CH01,Z,g,188,0.000578
3500,CH01,Z,g,192,0.000767
3500,CH01,Z,g,196,0.000652
3500,CH01,Z,g,200,0.000788
3500,CH01,Z,g,204,0.000874
3500,CH01,Z,g,208,0.000961
3500,CH01,Z,g,212,0.000553
3500,CH01,Z,g,216,0.00091
3500,CH01,Z,g,220,0.000565
3500,CH01,Z,g,224,0.000893
3500,CH01,Z,g,228,0.001495
3500,CH01,Z,g,232,0.013143
3500,CH01,Z,g,236,0.007689
3500,CH01,Z,g,240,0.000739
3500,CH01,Z,g,244,0.000744
3500,CH01,Z,g,248,0.000918
3500,CH01,Z,g,252,0.000595
3500,CH01,Z,g,256,0.000688
3500,CH01,Z,g,260,0.000866
3500,CH01,Z,g,264,0.000779
3500,CH01,Z,g,268,0.000574
3500,CH01,Z,g,272,0.000929
3500,CH01,Z,g,276,0.000629
3500,CH01,Z,g,280,0.000539
3500,CH01,Z,g,284,0.000778
3500,CH01,Z,g,288,0.000981
3500,CH01,Z,g,292,0.000743
3500,CH01,Z,g,296,0.000612
3500,CH01,Z,g,300,0.00066
3500,CH01,Z,g,304,0.000835
3500,CH01,Z,g,308,0.000958
3500,CH01,Z,g,312,0.00099
3500,CH01,Z,g,316,0.000938
3500,CH01,Z,g,320,0.000933
3500,CH01,Z,g,324,0.000992
3500,CH01,Z,g,328,0.000699
3500,CH01,Z,g,332,0.000579
3500,CH01,Z,g,336,0.000624
3500,CH01,Z,g,340,0.000711
3500,CH01,Z,g,344,0.000869
3500,CH01,Z,g,348,0.000807
3500,CH01,Z,g,352,0.000509
3500,CH01,Z,g,356,0.000682
3500,CH01,Z,g,360,0.00085
3500,CH01,Z,g,364,0.000792
3500,CH01,Z,g,368,0.000555
3500,CH01,Z,g,372,0.000681
3500,CH01,Z,g,376,0.00051
3500,CH01,Z,g,380,0.000547
3500,CH01,Z,g,384,0.000844
3500,CH01,Z,g,388,0.000966
3500,CH01,Z,g,392,0.000559
3500,CH01,Z,g,396,0.000961
3500,CH01,Z,g,400,0.000846
3600,CH01,Z,g,4,0.000896
3600,CH01,Z,g,8,0.000545
3600,CH01,Z,g,12,0.000992
3600,CH01,Z,g,16,0.000792
3600,CH01,Z,g,20,0.000531
3600,CH01,Z,g,24,0.000846
3600,CH01,Z,g,28,0.000875
3600,CH01,Z,g,32,0.000635
3600,CH01,Z,g,36,0.000798
3600,CH01,Z,g,40,0.000821
3600,CH01,Z,g,44,0.000652
3600,CH01,Z,g,48,0.000553
3600,CH01,Z,g,52,0.000891
3600,CH01,Z,g,56,0.004421
3600,CH01,Z,g,60,0.022055
3600,CH01,Z,g,64,0.004112
3600,CH01,Z,g,68,0.000773
3600,CH01,Z,g,72,0.00075
3600,CH01,Z,g,76,0.000858
3600,CH01,Z,g,80,0.000761
3600,CH01,Z,g,84,0.000897
3600,CH01,Z,g,88,0.000795
3600,CH01,Z,g,92,0.000649
3600,CH01,Z,g,96,0.000587
3600,CH01,Z,g,100,0.000797
3600,CH01,Z,g,104,0.000751
3600,CH01,Z,g,108,0.000558
3600,CH01,Z,g,112,0.000731
3600,CH01,Z,g,116,0.034655
3600,CH01,Z,g,120,0.211143
3600,CH01,Z,g,124,0.034711
3600,CH01,Z,g,128,0.000906
3600,CH01,Z,g,132,0.000722
3600,CH01,Z,g,136,0.00078
3600,CH01,Z,g,140,0.000649
3600,CH01,Z,g,144,0.000607
3600,CH01,Z,g,148,0.000855
3600,CH01,Z,g,152,0.000505
3600,CH01,Z,g,156,0.000774
3600,CH01,Z,g,160,0.000909
3600,CH01,Z,g,164,0.000814
3600,CH01,Z,g,168,0.000578
3600,CH01,Z,g,172,0.000592
3600,CH01,Z,g,176,0.000518
3600,CH01,Z,g,180,0.000587
3600,CH01,Z,g,184,0.000954
3600,CH01,Z,g,188,0.000963
3600,CH01,Z,g,192,0.000684
3600,CH01,Z,g,196,0.000827
3600,CH01,Z,g,200,0.000606
3600,CH01,Z,g,204,0.000602
3600,CH01,Z,g,208,0.000576
3600,CH01,Z,g,212,0.00067
3600,CH01,Z,g,216,0.00066
3600,CH01,Z,g,220,0.000636
3600,CH01,Z,g,224,0.000564
3600,CH01,Z,g,228,0.000693
3600,CH01,Z,g,232,0.000785
3600,CH01,Z,g,236,0.003612
3600,CH01,Z,g,240,0.016547
3600,CH01,Z,g,244,0.003552
3600,CH01,Z,g,248,0.000639
3600,CH01,Z,g,252,0.000957
3600,CH01,Z,g,256,0.000821
3600,CH01,Z,g,260,0.000665
3600,CH01,Z,g,264,0.000777
3600,CH01,Z,g,268,0.000627
3600,CH01,Z,g,272,0.000864
3600,CH01,Z,g,276,0.000749
3600,CH01,Z,g,280,0.000581
3600,CH01,Z,g,284,0.000977
3600,CH01,Z,g,288,0.000846
3600,CH01,Z,g,292,0.000691
3600,CH01,Z,g,296,0.000986
3600,CH01,Z,g,300,0.000957
3600,CH01,Z,g,304,0.000515
3600,CH01,Z,g,308,0.000787
3600,CH01,Z,g,312,0.000551
3600,CH01,Z,g,316,0.00068
3600,CH01,Z,g,320,0.000671
3600,CH01,Z,g,324,0.000535
3600,CH01,Z,g,328,0.000715
3600,CH01,Z,g,332,0.00099
3600,CH01,Z,g,336,0.000836
3600,CH01,Z,g,340,0.000929
3600,CH01,Z,g,344,0.000599
3600,CH01,Z,g,348,0.000862
3600,CH01,Z,g,352,0.000996
3600,CH01,Z,g,356,0.000928
3600,CH01,Z,g,360,0.000512
3600,CH01,Z,g,364,0.000718
3600,CH01,Z,g,368,0.000536
3600,CH01,Z,g,372,0.000606
3600,CH01,Z,g,376,0.000554
3600,CH01,Z,g,380,0.000785
3600,CH01,Z,g,384,0.000773
3600,CH01,Z,g,388,0.000625
3600,CH01,Z,g,392,0.00097
3600,CH01,Z,g,396,0.000985
3600,CH01,Z,g,400,0.00093
3700,CH01,Z,g,4,0.000875
3700,CH01,Z,g,8,0.000772
3700,CH01,Z,g,12,0.000939
3700,CH01,Z,g,16,0.000656
3700,CH01,Z,g,20,0.000793
3700,CH01,Z,g,24,0.000803
3700,CH01,Z,g,28,0.00056
3700,CH01,Z,g,32,0.000542
3700,CH01,Z,g,36,0.000582
3700,CH01,Z,g,40,0.000685
3700,CH01,Z,g,44,0.000605
3700,CH01,Z,g,48,0.000664
3700,CH01,Z,g,52,0.000788
3700,CH01,Z,g,56,0.001208
3700,CH01,Z,g,60,0.01719
3700,CH01,Z,g,64,0.013011
3700,CH01,Z,g,68,0.000976
3700,CH01,Z,g,72,0.000614
3700,CH01,Z,g,76,0.000764
3700,CH01,Z,g,80,0.000661
3700,CH01,Z,g,84,0.000758
3700,CH01,Z,g,88,0.000793
3700,CH01,Z,g,92,0.000702
3700,CH01,Z,g,96,0.000765
3700,CH01,Z,g,100,0.000716
3700,CH01,Z,g,104,0.000734
3700,CH01,Z,g,108,0.000918
3700,CH01,Z,g,112,0.000818
3700,CH01,Z,g,116,0.001526
3700,CH01,Z,g,120,0.065532
3700,CH01,Z,g,124,0.201772
3700,CH01,Z,g,128,0.016653
3700,CH01,Z,g,132,0.000659
3700,CH01,Z,g,136,0.000833
3700,CH01,Z,g,140,0.000552
3700,CH01,Z,g,144,0.000683
3700,CH01,Z,g,148,0.000513
3700,CH01,Z,g,152,0.000643
3700,CH01,Z,g,156,0.00084
3700,CH01,Z,g,160,0.000508
3700,CH01,Z,g,164,0.000897
3700,CH01,Z,g,168,0.000585
3700,CH01,Z,g,172,0.000705
3700,CH01,Z,g,176,0.000518
3700,CH01,Z,g,180,0.000749
3700,CH01,Z,g,184,0.000653
3700,CH01,Z,g,188,0.000825
3700,CH01,Z,g,192,0.00078
3700,CH01,Z,g,196,0.000924
3700,CH01,Z,g,200,0.000724
3700,CH01,Z,g,204,0.000576
3700,CH01,Z,g,208,0.000748
3700,CH01,Z,g,212,0.000759
3700,CH01,Z,g,216,0.000839
3700,CH01,Z,g,220,0.000839
3700,CH01,Z,g,224,0.000817
3700,CH01,Z,g,228,0.000606
3700,CH01,Z,g,232,0.000913
3700,CH01,Z,g,236,0.000934
3700,CH01,Z,g,240,0.000738
3700,CH01,Z,g,244,0.008392
3700,CH01,Z,g,248,0.014418
3700,CH01,Z,g,252,0.001562
3700,CH01,Z,g,256,0.000798
3700,CH01,Z,g,260,0.000751
3700,CH01,Z,g,264,0.00067
3700,CH01,Z,g,268,0.000629
3700,CH01,Z,g,272,0.000813
3700,CH01,Z,g,276,0.00058
3700,CH01,Z,g,280,0.000639
3700,CH01,Z,g,284,0.000916
3700,CH01,Z,g,288,0.00069
3700,CH01,Z,g,292,0.0005
3700,CH01,Z,g,296,0.000531
3700,CH01,Z,g,300,0.000617
3700,CH01,Z,g,304,0.00093
3700,CH01,Z,g,308,0.000573
3700,CH01,Z,g,312,0.000904
3700,CH01,Z,g,316,0.000809
3700,CH01,Z,g,320,0.000555
3700,CH01,Z,g,324,0.00089
3700,CH01,Z,g,328,0.000642
3700,CH01,Z,g,332,0.000809
3700,CH01,Z,g,336,0.000835
3700,CH01,Z,g,340,0.000897
3700,CH01,Z,g,344,0.000647
3700,CH01,Z,g,348,0.000784
3700,CH01,Z,g,352,0.000821
3700,CH01,Z,g,356,0.000738
3700,CH01,Z,g,360,0.000971
3700,CH01,Z,g,364,0.000559
3700,CH01,Z,g,368,0.000702
3700,CH01,Z,g,372,0.00074
3700,CH01,Z,g,376,0.000621
3700,CH01,Z,g,380,0.000991
3700,CH01,Z,g,384,0.000988
3700,CH01,Z,g,388,0.000754
3700,CH01,Z,g,392,0.000885
3700,CH01,Z,g,396,0.000624
3700,CH01,Z,g,400,0.000606
3800,CH01,Z,g,4,0.000577
3800,CH01,Z,g,8,0.000564
3800,CH01,Z,g,12,0.000923
3800,CH01,Z,g,16,0.000928
3800,CH01,Z,g,20,0.000754
3800,CH01,Z,g,24,0.00062
3800,CH01,Z,g,28,0.000938
3800,CH01,Z,g,32,0.00083
3800,CH01,Z,g,36,0.000616
3800,CH01,Z,g,40,0.000632
3800,CH01,Z,g,44,0.000761
3800,CH01,Z,g,48,0.000873
3800,CH01,Z,g,52,0.000608
3800,CH01,Z,g,56,0.000689
3800,CH01,Z,g,60,0.007737
3800,CH01,Z,g,64,0.023026
3800,CH01,Z,g,68,0.003006
3800,CH01,Z,g,72,0.000609
3800,CH01,Z,g,76,0.000631
3800,CH01,Z,g,80,0.000701
3800,CH01,Z,g,84,0.000534
3800,CH01,Z,g,88,0.000576
3800,CH01,Z,g,92,0.000822
3800,CH01,Z,g,96,0.000715
3800,CH01,Z,g,100,0.000965
3800,CH01,Z,g,104,0.000998
3800,CH01,Z,g,108,0.000899
3800,CH01,Z,g,112,0.000758
3800,CH01,Z,g,116,0.000708
3800,CH01,Z,g,120,0.002461
3800,CH01,Z,g,124,0.101589
3800,CH01,Z,g,128,0.157589
3800,CH01,Z,g,132,0.00731
3800,CH01,Z,g,136,0.000575
3800,CH01,Z,g,140,0.000691
3800,CH01,Z,g,144,0.000751
3800,CH01,Z,g,148,0.000921
3800,CH01,Z,g,152,0.000644
3800,CH01,Z,g,156,0.000722
3800,CH01,Z,g,160,0.000687
3800,CH01,Z,g,164,0.000542
3800,CH01,Z,g,168,0.000626
3800,CH01,Z,g,172,0.000809
3800,CH01,Z,g,176,0.000841
3800,CH01,Z,g,180,0.000961
3800,CH01,Z,g,184,0.000686
3800,CH01,Z,g,188,0.000522
3800,CH01,Z,g,192,0.000655
3800,CH01,Z,g,196,0.0006
3800,CH01,Z,g,200,0.000772
3800,CH01,Z,g,204,0.000743
3800,CH01,Z,g,208,0.000806
3800,CH01,Z,g,212,0.000773
3800,CH01,Z,g,216,0.000576
3800,CH01,Z,g,220,0.000552
3800,CH01,Z,g,224,0.000993
3800,CH01,Z,g,228,0.000941
3800,CH01,Z,g,232,0.000951
3800,CH01,Z,g,236,0.000686
3800,CH01,Z,g,240,0.000554
3800,CH01,Z,g,244,0.000815
3800,CH01,Z,g,248,0.001411
3800,CH01,Z,g,252,0.015211
3800,CH01,Z,g,256,0.008928
3800,CH01,Z,g,260,0.000965
3800,CH01,Z,g,264,0.000548
3800,CH01,Z,g,268,0.000507
3800,CH01,Z,g,272,0.000523
3800,CH01,Z,g,276,0.000628
3800,CH01,Z,g,280,0.000722
3800,CH01,Z,g,284,0.000774
3800,CH01,Z,g,288,0.000896
3800,CH01,Z,g,292,0.000838
3800,CH01,Z,g,296,0.000969
3800,CH01,Z,g,300,0.000927
3800,CH01,Z,g,304,0.0009
3800,CH01,Z,g,308,0.00072
3800,CH01,Z,g,312,0.000924
3800,CH01,Z,g,316,0.000532
3800,CH01,Z,g,320,0.000581
3800,CH01,Z,g,324,0.000874
3800,CH01,Z,g,328,0.00052
3800,CH01,Z,g,332,0.000519
3800,CH01,Z,g,336,0.000584
3800,CH01,Z,g,340,0.000663
3800,CH01,Z,g,344,0.000681
3800,CH01,Z,g,348,0.000929
3800,CH01,Z,g,352,0.000639
3800,CH01,Z,g,356,0.000789
3800,CH01,Z,g,360,0.000863
3800,CH01,Z,g,364,0.00082
3800,CH01,Z,g,368,0.000792
3800,CH01,Z,g,372,0.000791
3800,CH01,Z,g,376,0.000541
3800,CH01,Z,g,380,0.00086
3800,CH01,Z,g,384,0.000977
3800,CH01,Z,g,388,0.000764
3800,CH01,Z,g,392,0.000545
3800,CH01,Z,g,396,0.000501
3800,CH01,Z,g,400,0.000557
3900,CH01,Z,g,4,0.000793
3900,CH01,Z,g,8,0.000601
3900,CH01,Z,g,12,0.000808
3900,CH01,Z,g,16,0.00091
3900,CH01,Z,g,20,0.000811
3900,CH01,Z,g,24,0.000811
3900,CH01,Z,g,28,0.00085
3900,CH01,Z,g,32,0.000797
3900,CH01,Z,g,36,0.000599
3900,CH01,Z,g,40,0.000746
3900,CH01,Z,g,44,0.000515
3900,CH01,Z,g,48,0.000878
3900,CH01,Z,g,52,0.000575
3900,CH01,Z,g,56,0.000675
3900,CH01,Z,g,60,0.002051
3900,CH01,Z,g,64,0.022932
3900,CH01,Z,g,68,0.009826
3900,CH01,Z,g,72,0.000852
3900,CH01,Z,g,76,0.000546
3900,CH01,Z,g,80,0.000877
3900,CH01,Z,g,84,0.000699
3900,CH01,Z,g,88,0.000923
3900,CH01,Z,g,92,0.000855
3900,CH01,Z,g,96,0.00097
3900,CH01,Z,g,100,0.000561
3900,CH01,Z,g,104,0.000644
3900,CH01,Z,g,108,0.000539
3900,CH01,Z,g,112,0.000524
3900,CH01,Z,g,116,0.000989
3900,CH01,Z,g,120,0.000916
3900,CH01,Z,g,124,0.004994
3900,CH01,Z,g,128,0.129934
3900,CH01,Z,g,132,0.103217
3900,CH01,Z,g,136,0.002908
3900,CH01,Z,g,140,0.000593
3900,CH01,Z,g,144,0.000963
3900,CH01,Z,g,148,0.000727
3900,CH01,Z,g,152,0.000611
3900,CH01,Z,g,156,0.000617
3900,CH01,Z,g,160,0.000927
3900,CH01,Z,g,164,0.000715
3900,CH01,Z,g,168,0.000819
3900,CH01,Z,g,172,0.000714
3900,CH01,Z,g,176,0.00092
3900,CH01,Z,g,180,0.000822
3900,CH01,Z,g,184,0.000568
3900,CH01,Z,g,188,0.00066
3900,CH01,Z,g,192,0.000623
3900,CH01,Z,g,196,0.000614
3900,CH01,Z,g,200,0.000552
3900,CH01,Z,g,204,0.000875
3900,CH01,Z,g,208,0.00054
3900,CH01,Z,g,212,0.000563
3900,CH01,Z,g,216,0.000837
3900,CH01,Z,g,220,0.000731
3900,CH01,Z,g,224,0.000826
3900,CH01,Z,g,228,0.000815
3900,CH01,Z,g,232,0.000918
3900,CH01,Z,g,236,0.000823
3900,CH01,Z,g,240,0.000631
3900,CH01,Z,g,244,0.000659
3900,CH01,Z,g,248,0.000606
3900,CH01,Z,g,252,0.000557
3900,CH01,Z,g,256,0.003836
3900,CH01,Z,g,260,0.019518
3900,CH01,Z,g,264,0.004001
3900,CH01,Z,g,268,0.000768
3900,CH01,Z,g,272,0.000875
3900,CH01,Z,g,276,0.00053
3900,CH01,Z,g,280,0.000687
3900,CH01,Z,g,284,0.000812
3900,CH01,Z,g,288,0.000709
3900,CH01,Z,g,292,0.000572
3900,CH01,Z,g,296,0.000845
3900,CH01,Z,g,300,0.000676
3900,CH01,Z,g,304,0.000636
3900,CH01,Z,g,308,0.000944
3900,CH01,Z,g,312,0.000727
3900,CH01,Z,g,316,0.000892
3900,CH01,Z,g,320,0.000581
3900,CH01,Z,g,324,0.000856
3900,CH01,Z,g,328,0.000655
3900,CH01,Z,g,332,0.000973
3900,CH01,Z,g,336,0.000577
3900,CH01,Z,g,340,0.00054
3900,CH01,Z,g,344,0.000593
3900,CH01,Z,g,348,0.000573
3900,CH01,Z,g,352,0.00075
3900,CH01,Z,g,356,0.00078
3900,CH01,Z,g,360,0.000885
3900,CH01,Z,g,364,0.000922
3900,CH01,Z,g,368,0.000559
3900,CH01,Z,g,372,0.0006
3900,CH01,Z,g,376,0.000566
3900,CH01,Z,g,380,0.000684
3900,CH01,Z,g,384,0.00082
3900,CH01,Z,g,388,0.000823
3900,CH01,Z,g,392,0.000716
3900,CH01,Z,g,396,0.00052
3900,CH01,Z,g,400,0.000889
4000,CH01,Z,g,4,0.000792
4000,CH01,Z,g,8,0.000613
4000,CH01,Z,g,12,0.000992
4000,CH01,Z,g,16,0.000682
4000,CH01,Z,g,20,0.000549
4000,CH01,Z,g,24,0.000546
4000,CH01,Z,g,28,0.000681
4000,CH01,Z,g,32,0.000918
4000,CH01,Z,g,36,0.000747
4000,CH01,Z,g,40,0.000558
4000,CH01,Z,g,44,0.000787
4000,CH01,Z,g,48,0.000924
4000,CH01,Z,g,52,0.000958
4000,CH01,Z,g,56,0.000868
4000,CH01,Z,g,60,0.000921
4000,CH01,Z,g,64,0.012639
4000,CH01,Z,g,68,0.022272
4000,CH01,Z,g,72,0.001986
4000,CH01,Z,g,76,0.000603
4000,CH01,Z,g,80,0.000674
4000,CH01,Z,g,84,0.000594
4000,CH01,Z,g,88,0.000605
4000,CH01,Z,g,92,0.000652
4000,CH01,Z,g,96,0.000769
4000,CH01,Z,g,100,0.000846
4000,CH01,Z,g,104,0.000707
4000,CH01,Z,g,108,0.000742
4000,CH01,Z,g,112,0.000622
4000,CH01,Z,g,116,0.000695
4000,CH01,Z,g,120,0.00096
4000,CH01,Z,g,124,0.000877
4000,CH01,Z,g,128,0.009612
4000,CH01,Z,g,132,0.138656
4000,CH01,Z,g,136,0.058584
4000,CH01,Z,g,140,0.001606
4000,CH01,Z,g,144,0.000765
4000,CH01,Z,g,148,0.000538
4000,CH01,Z,g,152,0.000867
4000,CH01,Z,g,156,0.000996
4000,CH01,Z,g,160,0.000754
4000,CH01,Z,g,164,0.000543
4000,CH01,Z,g,168,0.000594
4000,CH01,Z,g,172,0.000988
4000,CH01,Z,g,176,0.000938
4000,CH01,Z,g,180,0.000847
4000,CH01,Z,g,184,0.000927
4000,CH01,Z,g,188,0.000561
4000,CH01,Z,g,192,0.000744
4000,CH01,Z,g,196,0.000754
4000,CH01,Z,g,200,0.000883
4000,CH01,Z,g,204,0.000852
4000,CH01,Z,g,208,0.000742
4000,CH01,Z,g,212,0.000778
4000,CH01,Z,g,216,0.000552
4000,CH01,Z,g,220,0.000592
4000,CH01,Z,g,224,0.000867
4000,CH01,Z,g,228,0.000507
4000,CH01,Z,g,232,0.000866
4000,CH01,Z,g,236,0.000911
4000,CH01,Z,g,240,0.000617
4000,CH01,Z,g,244,0.000947
4000,CH01,Z,g,248,0.000729
4000,CH01,Z,g,252,0.000867
4000,CH01,Z,g,256,0.000585
4000,CH01,Z,g,260,0.000922
4000,CH01,Z,g,264,0.009376
4000,CH01,Z,g,268,0.016806
4000,CH01,Z,g,272,0.001783
4000,CH01,Z,g,276,0.000839
4000,CH01,Z,g,280,0.000507
4000,CH01,Z,g,284,0.000817
4000,CH01,Z,g,288,0.000969
4000,CH01,Z,g,292,0.00068
4000,CH01,Z,g,296,0.000517
4000,CH01,Z,g,300,0.000852
4000,CH01,Z,g,304,0.000825
4000,CH01,Z,g,308,0.00073
4000,CH01,Z,g,312,0.000718
4000,CH01,Z,g,316,0.000978
4000,CH01,Z,g,320,0.000696
4000,CH01,Z,g,324,0.000543
4000,CH01,Z,g,328,0.00053
4000,CH01,Z,g,332,0.00083
4000,CH01,Z,g,336,0.000522
4000,CH01,Z,g,340,0.000521
4000,CH01,Z,g,344,0.00061
4000,CH01,Z,g,348,0.000882
4000,CH01,Z,g,352,0.000937
4000,CH01,Z,g,356,0.000917
4000,CH01,Z,g,360,0.000801
4000,CH01,Z,g,364,0.000981
4000,CH01,Z,g,368,0.000556
4000,CH01,Z,g,372,0.000645
4000,CH01,Z,g,376,0.000638
4000,CH01,Z,g,380,0.000907
4000,CH01,Z,g,384,0.000662
4000,CH01,Z,g,388,0.0007
4000,CH01,Z,g,392,0.000542
4000,CH01,Z,g,396,0.000951
4000,CH01,Z,g,400,0.000826
1000,CH02,X,g,4,0.000546
1000,CH02,X,g,8,0.000776
1000,CH02,X,g,12,0.000994
1000,CH02,X,g,16,0.001496
1000,CH02,X,g,20,0.000883
1000,CH02,X,g,24,0.000791
1000,CH02,X,g,28,0.000811
1000,CH02,X,g,32,0.002178
1000,CH02,X,g,36,0.001486
1000,CH02,X,g,40,0.000897
1000,CH02,X,g,44,0.00087
1000,CH02,X,g,48,0.000928
1000,CH02,X,g,52,0.000789
1000,CH02,X,g,56,0.000976
1000,CH02,X,g,60,0.000753
1000,CH02,X,g,64,0.001166
1000,CH02,X,g,68,0.001374
1000,CH02,X,g,72,0.000667
1000,CH02,X,g,76,0.000985
1000,CH02,X,g,80,0.000772
1000,CH02,X,g,84,0.000583
1000,CH02,X,g,88,0.000744
1000,CH02,X,g,92,0.000586
1000,CH02,X,g,96,0.000962
1000,CH02,X,g,100,0.000538
1000,CH02,X,g,104,0.000833
1000,CH02,X,g,108,0.000821
1000,CH02,X,g,112,0.000663
1000,CH02,X,g,116,0.000881
1000,CH02,X,g,120,0.000594
1000,CH02,X,g,124,0.000551
1000,CH02,X,g,128,0.000606
1000,CH02,X,g,132,0.00084
1000,CH02,X,g,136,0.000747
1000,CH02,X,g,140,0.00052
1000,CH02,X,g,144,0.000781
1000,CH02,X,g,148,0.000847
1000,CH02,X,g,152,0.000701
1000,CH02,X,g,156,0.000589
1000,CH02,X,g,160,0.000967
1000,CH02,X,g,164,0.000765
1000,CH02,X,g,168,0.000848
1000,CH02,X,g,172,0.000506
1000,CH02,X,g,176,0.000529
1000,CH02,X,g,180,0.000565
1000,CH02,X,g,184,0.000748
1000,CH02,X,g,188,0.000791
1000,CH02,X,g,192,0.00065
1000,CH02,X,g,196,0.000578
1000,CH02,X,g,200,0.000732
1000,CH02,X,g,204,0.000786
1000,CH02,X,g,208,0.00081
1000,CH02,X,g,212,0.000761
1000,CH02,X,g,216,0.000698
1000,CH02,X,g,220,0.000743
1000,CH02,X,g,224,0.000973
1000,CH02,X,g,228,0.000854
1000,CH02,X,g,232,0.000883
1000,CH02,X,g,236,0.000634
1000,CH02,X,g,240,0.00088
1000,CH02,X,g,244,0.000677
1000,CH02,X,g,248,0.000779
1000,CH02,X,g,252,0.000761
1000,CH02,X,g,256,0.000571
1000,CH02,X,g,260,0.000615
1000,CH02,X,g,264,0.000888
1000,CH02,X,g,268,0.000705
1000,CH02,X,g,272,0.000511
1000,CH02,X,g,276,0.000795
1000,CH02,X,g,280,0.000554
1000,CH02,X,g,284,0.000663
1000,CH02,X,g,288,0.000855
1000,CH02,X,g,292,0.000663
1000,CH02,X,g,296,0.000553
1000,CH02,X,g,300,0.000712
1000,CH02,X,g,304,0.000725
1000,CH02,X,g,308,0.000653
1000,CH02,X,g,312,0.000979
1000,CH02,X,g,316,0.000699
1000,CH02,X,g,320,0.000776
1000,CH02,X,g,324,0.000717
1000,CH02,X,g,328,0.000859
1000,CH02,X,g,332,0.001
1000,CH02,X,g,336,0.000688
1000,CH02,X,g,340,0.000935
1000,CH02,X,g,344,0.000649
1000,CH02,X,g,348,0.000615
1000,CH02,X,g,352,0.00089
1000,CH02,X,g,356,0.000745
1000,CH02,X,g,360,0.000616
1000,CH02,X,g,364,0.000575
1000,CH02,X,g,368,0.000862
1000,CH02,X,g,372,0.000597
1000,CH02,X,g,376,0.000756
1000,CH02,X,g,380,0.000903
1000,CH02,X,g,384,0.000718
1000,CH02,X,g,388,0.000666
1000,CH02,X,g,392,0.000859
1000,CH02,X,g,396,0.000614
1000,CH02,X,g,400,0.000851
1100,CH02,X,g,4,0.000569
1100,CH02,X,g,8,0.000712
1100,CH02,X,g,12,0.000543
1100,CH02,X,g,16,0.001123
1100,CH02,X,g,20,0.001604
1100,CH02,X,g,24,0.000721
1100,CH02,X,g,28,0.000756
1100,CH02,X,g,32,0.001034
1100,CH02,X,g,36,0.00282
1100,CH02,X,g,40,0.001217
1100,CH02,X,g,44,0.000604
1100,CH02,X,g,48,0.000724
1100,CH02,X,g,52,0.000984
1100,CH02,X,g,56,0.000821
1100,CH02,X,g,60,0.000988
1100,CH02,X,g,64,0.000921
1100,CH02,X,g,68,0.000754
1100,CH02,X,g,72,0.00113
1100,CH02,X,g,76,0.000926
1100,CH02,X,g,80,0.000926
1100,CH02,X,g,84,0.000855
1100,CH02,X,g,88,0.000984
1100,CH02,X,g,92,0.000559
1100,CH02,X,g,96,0.000817
1100,CH02,X,g,100,0.000716
1100,CH02,X,g,104,0.000948
1100,CH02,X,g,108,0.000618
1100,CH02,X,g,112,0.000741
1100,CH02,X,g,116,0.00089
1100,CH02,X,g,120,0.000807
1100,CH02,X,g,124,0.000607
1100,CH02,X,g,128,0.000905
1100,CH02,X,g,132,0.000954
1100,CH02,X,g,136,0.000827
1100,CH02,X,g,140,0.000662
1100,CH02,X,g,144,0.000932
1100,CH02,X,g,148,0.000754
1100,CH02,X,g,152,0.000928
1100,CH02,X,g,156,0.000575
1100,CH02,X,g,160,0.000691
1100,CH02,X,g,164,0.000534
1100,CH02,X,g,168,0.000974
1100,CH02,X,g,172,0.000737
1100,CH02,X,g,176,0.000598
1100,CH02,X,g,180,0.000884
1100,CH02,X,g,184,0.000513
1100,CH02,X,g,188,0.00088
1100,CH02,X,g,192,0.000567
1100,CH02,X,g,196,0.000793
1100,CH02,X,g,200,0.000944
1100,CH02,X,g,204,0.000958
1100,CH02,X,g,208,0.000786
1100,CH02,X,g,212,0.000677
1100,CH02,X,g,216,0.000744
1100,CH02,X,g,220,0.000548
1100,CH02,X,g,224,0.000694
1100,CH02,X,g,228,0.00074
1100,CH02,X,g,232,0.000861
1100,CH02,X,g,236,0.000791
1100,CH02,X,g,240,0.000775
1100,CH02,X,g,244,0.000655
1100,CH02,X,g,248,0.000934
1100,CH02,X,g,252,0.000842
1100,CH02,X,g,256,0.000518
1100,CH02,X,g,260,0.000618
1100,CH02,X,g,264,0.00085
1100,CH02,X,g,268,0.000879
1100,CH02,X,g,272,0.000982
1100,CH02,X,g,276,0.000838
1100,CH02,X,g,280,0.000954
1100,CH02,X,g,284,0.000527
1100,CH02,X,g,288,0.000519
1100,CH02,X,g,292,0.000948
1100,CH02,X,g,296,0.000851
1100,CH02,X,g,300,0.000725
1100,CH02,X,g,304,0.000622
1100,CH02,X,g,308,0.000747
1100,CH02,X,g,312,0.000573
1100,CH02,X,g,316,0.000659
1100,CH02,X,g,320,0.000629
1100,CH02,X,g,324,0.000996
1100,CH02,X,g,328,0.000742
1100,CH02,X,g,332,0.00074
1100,CH02,X,g,336,0.000774
1100,CH02,X,g,340,0.000681
1100,CH02,X,g,344,0.000722
1100,CH02,X,g,348,0.000724
1100,CH02,X,g,352,0.000883
1100,CH02,X,g,356,0.000936
1100,CH02,X,g,360,0.000647
1100,CH02,X,g,364,0.000767
1100,CH02,X,g,368,0.000863
1100,CH02,X,g,372,0.000711
1100,CH02,X,g,376,0.000956
1100,CH02,X,g,380,0.00098
1100,CH02,X,g,384,0.000761
1100,CH02,X,g,388,0.000924
1100,CH02,X,g,392,0.000979
1100,CH02,X,g,396,0.000936
1100,CH02,X,g,400,0.000816
1200,CH02,X,g,4,0.000557
1200,CH02,X,g,8,0.000535
1200,CH02,X,g,12,0.000522
1200,CH02,X,g,16,0.000893
1200,CH02,X,g,20,0.002013
1200,CH02,X,g,24,0.000709
1200,CH02,X,g,28,0.00091
1200,CH02,X,g,32,0.000964
1200,CH02,X,g,36,0.001161
1200,CH02,X,g,40,0.003451
1200,CH02,X,g,44,0.001413
1200,CH02,X,g,48,0.000626
1200,CH02,X,g,52,0.000587
1200,CH02,X,g,56,0.000847
1200,CH02,X,g,60,0.000668
1200,CH02,X,g,64,0.00098
1200,CH02,X,g,68,0.000546
1200,CH02,X,g,72,0.000911
1200,CH02,X,g,76,0.000776
1200,CH02,X,g,80,0.001345
1200,CH02,X,g,84,0.000898
1200,CH02,X,g,88,0.000671
1200,CH02,X,g,92,0.000843
1200,CH02,X,g,96,0.000592
1200,CH02,X,g,100,0.000531
1200,CH02,X,g,104,0.000701
1200,CH02,X,g,108,0.000661
1200,CH02,X,g,112,0.000535
1200,CH02,X,g,116,0.000706
1200,CH02,X,g,120,0.000944
1200,CH02,X,g,124,0.000811
1200,CH02,X,g,128,0.000593
1200,CH02,X,g,132,0.000662
1200,CH02,X,g,136,0.000567
1200,CH02,X,g,140,0.00088
1200,CH02,X,g,144,0.000532
1200,CH02,X,g,148,0.000864
1200,CH02,X,g,152,0.000863
1200,CH02,X,g,156,0.000816
1200,CH02,X,g,160,0.000669
1200,CH02,X,g,164,0.000686
1200,CH02,X,g,168,0.000592
1200,CH02,X,g,172,0.000573
1200,CH02,X,g,176,0.000793
1200,CH02,X,g,180,0.000927
1200,CH02,X,g,184,0.000576
1200,CH02,X,g,188,0.000512
1200,CH02,X,g,192,0.000582
1200,CH02,X,g,196,0.000561
1200,CH02,X,g,200,0.000751
1200,CH02,X,g,204,0.00086
1200,CH02,X,g,208,0.000745
1200,CH02,X,g,212,0.000902
1200,CH02,X,g,216,0.000851
1200,CH02,X,g,220,0.000967
1200,CH02,X,g,224,0.000641
1200,CH02,X,g,228,0.00088
1200,CH02,X,g,232,0.000661
1200,CH02,X,g,236,0.000683
1200,CH02,X,g,240,0.000538
1200,CH02,X,g,244,0.000503
1200,CH02,X,g,248,0.00095
1200,CH02,X,g,252,0.000984
1200,CH02,X,g,256,0.000622
1200,CH02,X,g,260,0.000737
1200,CH02,X,g,264,0.000895
1200,CH02,X,g,268,0.000666
1200,CH02,X,g,272,0.000774
1200,CH02,X,g,276,0.000689
1200,CH02,X,g,280,0.000571
1200,CH02,X,g,284,0.000773
1200,CH02,X,g,288,0.000628
1200,CH02,X,g,292,0.000761
1200,CH02,X,g,296,0.000802
1200,CH02,X,g,300,0.000849
1200,CH02,X,g,304,0.000513
1200,CH02,X,g,308,0.000877
1200,CH02,X,g,312,0.000608
1200,CH02,X,g,316,0.000662
1200,CH02,X,g,320,0.00096
1200,CH02,X,g,324,0.000539
1200,CH02,X,g,328,0.000655
1200,CH02,X,g,332,0.000949
1200,CH02,X,g,336,0.000657
1200,CH02,X,g,340,0.000925
1200,CH02,X,g,344,0.000601
1200,CH02,X,g,348,0.000566
1200,CH02,X,g,352,0.000639
1200,CH02,X,g,356,0.00067
1200,CH02,X,g,360,0.000944
1200,CH02,X,g,364,0.000854
1200,CH02,X,g,368,0.000716
1200,CH02,X,g,372,0.000564
1200,CH02,X,g,376,0.000734
1200,CH02,X,g,380,0.000623
1200,CH02,X,g,384,0.000971
1200,CH02,X,g,388,0.000656
1200,CH02,X,g,392,0.000722
1200,CH02,X,g,396,0.000878
1200,CH02,X,g,400,0.000829
1300,CH02,X,g,4,0.000855
1300,CH02,X,g,8,0.000867
1300,CH02,X,g,12,0.00058
1300,CH02,X,g,16,0.00059
1300,CH02,X,g,20,0.001486
1300,CH02,X,g,24,0.001644
1300,CH02,X,g,28,0.000565
1300,CH02,X,g,32,0.000913
1300,CH02,X,g,36,0.000541
1300,CH02,X,g,40,0.001476
1300,CH02,X,g,44,0.003739
1300,CH02,X,g,48,0.001058
1300,CH02,X,g,52,0.00062
1300,CH02,X,g,56,0.00052
1300,CH02,X,g,60,0.000708
1300,CH02,X,g,64,0.00074
1300,CH02,X,g,68,0.000523
1300,CH02,X,g,72,0.000987
1300,CH02,X,g,76,0.000776
1300,CH02,X,g,80,0.000965
1300,CH02,X,g,84,0.001243
1300,CH02,X,g,88,0.001637
1300,CH02,X,g,92,0.000735
1300,CH02,X,g,96,0.000513
1300,CH02,X,g,100,0.000861
1300,CH02,X,g,104,0.000826
1300,CH02,X,g,108,0.000513
1300,CH02,X,g,112,0.00069
1300,CH02,X,g,116,0.000914
1300,CH02,X,g,120,0.000509
1300,CH02,X,g,124,0.000573
1300,CH02,X,g,128,0.00054
1300,CH02,X,g,132,0.000959
1300,CH02,X,g,136,0.000757
1300,CH02,X,g,140,0.000629
1300,CH02,X,g,144,0.000773
1300,CH02,X,g,148,0.000565
1300,CH02,X,g,152,0.000622
1300,CH02,X,g,156,0.000687
1300,CH02,X,g,160,0.00058
1300,CH02,X,g,164,0.000999
1300,CH02,X,g,168,0.000529
1300,CH02,X,g,172,0.000771
1300,CH02,X,g,176,0.000589
1300,CH02,X,g,180,0.000721
1300,CH02,X,g,184,0.000967
1300,CH02,X,g,188,0.000704
1300,CH02,X,g,192,0.000742
1300,CH02,X,g,196,0.000826
1300,CH02,X,g,200,0.000945
1300,CH02,X,g,204,0.000905
1300,CH02,X,g,208,0.00091
1300,CH02,X,g,212,0.000678
1300,CH02,X,g,216,0.000662
1300,CH02,X,g,220,0.000846
1300,CH02,X,g,224,0.000719
1300,CH02,X,g,228,0.000713
1300,CH02,X,g,232,0.000812
1300,CH02,X,g,236,0.000985
1300,CH02,X,g,240,0.000505
1300,CH02,X,g,244,0.00091
1300,CH02,X,g,248,0.000729
1300,CH02,X,g,252,0.000552
1300,CH02,X,g,256,0.000941
1300,CH02,X,g,260,0.000818
1300,CH02,X,g,264,0.000724
1300,CH02,X,g,268,0.000888
1300,CH02,X,g,272,0.000557
1300,CH02,X,g,276,0.000934
1300,CH02,X,g,280,0.000823
1300,CH02,X,g,284,0.000995
1300,CH02,X,g,288,0.000969
1300,CH02,X,g,292,0.000911
1300,CH02,X,g,296,0.000557
1300,CH02,X,g,300,0.000855
1300,CH02,X,g,304,0.000853
1300,CH02,X,g,308,0.000946
1300,CH02,X,g,312,0.000694
1300,CH02,X,g,316,0.000713
1300,CH02,X,g,320,0.000785
1300,CH02,X,g,324,0.000655
1300,CH02,X,g,328,0.00086
1300,CH02,X,g,332,0.000511
1300,CH02,X,g,336,0.000715
1300,CH02,X,g,340,0.000872
1300,CH02,X,g,344,0.000763
1300,CH02,X,g,348,0.000722
1300,CH02,X,g,352,0.000618
1300,CH02,X,g,356,0.000925
1300,CH02,X,g,360,0.000839
1300,CH02,X,g,364,0.000994
1300,CH02,X,g,368,0.000996
1300,CH02,X,g,372,0.000885
1300,CH02,X,g,376,0.000638
1300,CH02,X,g,380,0.000804
1300,CH02,X,g,384,0.000568
1300,CH02,X,g,388,0.000705
1300,CH02,X,g,392,0.000795
1300,CH02,X,g,396,0.000751
1300,CH02,X,g,400,0.000879
1400,CH02,X,g,4,0.000521
1400,CH02,X,g,8,0.000655
1400,CH02,X,g,12,0.000698
1400,CH02,X,g,16,0.000681
1400,CH02,X,g,20,0.001349
1400,CH02,X,g,24,0.002
1400,CH02,X,g,28,0.001014
1400,CH02,X,g,32,0.000806
1400,CH02,X,g,36,0.000897
1400,CH02,X,g,40,0.000754
1400,CH02,X,g,44,0.002334
1400,CH02,X,g,48,0.00392
1400,CH02,X,g,52,0.000775
1400,CH02,X,g,56,0.000569
1400,CH02,X,g,60,0.00071
1400,CH02,X,g,64,0.000519
1400,CH02,X,g,68,0.000801
1400,CH02,X,g,72,0.000956
1400,CH02,X,g,76,0.000669
1400,CH02,X,g,80,0.000753
1400,CH02,X,g,84,0.000984
1400,CH02,X,g,88,0.001027
1400,CH02,X,g,92,0.001589
1400,CH02,X,g,96,0.001291
1400,CH02,X,g,100,0.000645
1400,CH02,X,g,104,0.000939
1400,CH02,X,g,108,0.000839
1400,CH02,X,g,112,0.000787
1400,CH02,X,g,116,0.000847
1400,CH02,X,g,120,0.000771
1400,CH02,X,g,124,0.000665
1400,CH02,X,g,128,0.00071
1400,CH02,X,g,132,0.000964
1400,CH02,X,g,136,0.000537
1400,CH02,X,g,140,0.000971
1400,CH02,X,g,144,0.000878
1400,CH02,X,g,148,0.000932
1400,CH02,X,g,152,0.000591
1400,CH02,X,g,156,0.000908
1400,CH02,X,g,160,0.000951
1400,CH02,X,g,164,0.000706
1400,CH02,X,g,168,0.000921
1400,CH02,X,g,172,0.000701
1400,CH02,X,g,176,0.000597
1400,CH02,X,g,180,0.000696
1400,CH02,X,g,184,0.000979
1400,CH02,X,g,188,0.000693
1400,CH02,X,g,192,0.000847
1400,CH02,X,g,196,0.000748
1400,CH02,X,g,200,0.000817
1400,CH02,X,g,204,0.000559
1400,CH02,X,g,208,0.000627
1400,CH02,X,g,212,0.000858
1400,CH02,X,g,216,0.000953
1400,CH02,X,g,220,0.000968
1400,CH02,X,g,224,0.000692
1400,CH02,X,g,228,0.000866
1400,CH02,X,g,232,0.000676
1400,CH02,X,g,236,0.000918
1400,CH02,X,g,240,0.000761
1400,CH02,X,g,244,0.000959
1400,CH02,X,g,248,0.000609
1400,CH02,X,g,252,0.000783
1400,CH02,X,g,256,0.000778
1400,CH02,X,g,260,0.000662
1400,CH02,X,g,264,0.000948
1400,CH02,X,g,268,0.000602
1400,CH02,X,g,272,0.000683
1400,CH02,X,g,276,0.000635
1400,CH02,X,g,280,0.000852
1400,CH02,X,g,284,0.000611
1400,CH02,X,g,288,0.000835
1400,CH02,X,g,292,0.000665
1400,CH02,X,g,296,0.000728
1400,CH02,X,g,300,0.000955
1400,CH02,X,g,304,0.000548
1400,CH02,X,g,308,0.000548
1400,CH02,X,g,312,0.00053
1400,CH02,X,g,316,0.000909
1400,CH02,X,g,320,0.000757
1400,CH02,X,g,324,0.00094
1400,CH02,X,g,328,0.000735
1400,CH02,X,g,332,0.000835
1400,CH02,X,g,336,0.000506
1400,CH02,X,g,340,0.000787
1400,CH02,X,g,344,0.000959
1400,CH02,X,g,348,0.000963
1400,CH02,X,g,352,0.000659
1400,CH02,X,g,356,0.000916
1400,CH02,X,g,360,0.000809
1400,CH02,X,g,364,0.000985
1400,CH02,X,g,368,0.000803
1400,CH02,X,g,372,0.000847
1400,CH02,X,g,376,0.000839
1400,CH02,X,g,380,0.000777
1400,CH02,X,g,384,0.000503
1400,CH02,X,g,388,0.000913
1400,CH02,X,g,392,0.000681
1400,CH02,X,g,396,0.000935
1400,CH02,X,g,400,0.00061
1500,CH02,X,g,4,0.000959
1500,CH02,X,g,8,0.0008
1500,CH02,X,g,12,0.000973
1500,CH02,X,g,16,0.000878
1500,CH02,X,g,20,0.001079
1500,CH02,X,g,24,0.002319
1500,CH02,X,g,28,0.00119
1500,CH02,X,g,32,0.000916
1500,CH02,X,g,36,0.000754
1500,CH02,X,g,40,0.000547
1500,CH02,X,g,44,0.00063
1500,CH02,X,g,48,0.003234
1500,CH02,X,g,52,0.003323
1500,CH02,X,g,56,0.001004
1500,CH02,X,g,60,0.000725
1500,CH02,X,g,64,0.000992
1500,CH02,X,g,68,0.000535
1500,CH02,X,g,72,0.000944
1500,CH02,X,g,76,0.000929
1500,CH02,X,g,80,0.000798
1500,CH02,X,g,84,0.000928
1500,CH02,X,g,88,0.00073
1500,CH02,X,g,92,0.000897
1500,CH02,X,g,96,0.000888
1500,CH02,X,g,100,0.002467
1500,CH02,X,g,104,0.001285
1500,CH02,X,g,108,0.000982
1500,CH02,X,g,112,0.00051
1500,CH02,X,g,116,0.000611
1500,CH02,X,g,120,0.000927
1500,CH02,X,g,124,0.000544
1500,CH02,X,g,128,0.000688
1500,CH02,X,g,132,0.000907
1500,CH02,X,g,136,0.00092
1500,CH02,X,g,140,0.000963
1500,CH02,X,g,144,0.00099
1500,CH02,X,g,148,0.000914
1500,CH02,X,g,152,0.000669
1500,CH02,X,g,156,0.00099
1500,CH02,X,g,160,0.00076
1500,CH02,X,g,164,0.00089
1500,CH02,X,g,168,0.000806
1500,CH02,X,g,172,0.000943
1500,CH02,X,g,176,0.000921
1500,CH02,X,g,180,0.000545
1500,CH02,X,g,184,0.000529
1500,CH02,X,g,188,0.000914
1500,CH02,X,g,192,0.000867
1500,CH02,X,g,196,0.000883
1500,CH02,X,g,200,0.000735
1500,CH02,X,g,204,0.00072
1500,CH02,X,g,208,0.000805
1500,CH02,X,g,212,0.000921
1500,CH02,X,g,216,0.000692
1500,CH02,X,g,220,0.000662
1500,CH02,X,g,224,0.00064
1500,CH02,X,g,228,0.000808
1500,CH02,X,g,232,0.000674
1500,CH02,X,g,236,0.000673
1500,CH02,X,g,240,0.000702
1500,CH02,X,g,244,0.000593
1500,CH02,X,g,248,0.000903
1500,CH02,X,g,252,0.000512
1500,CH02,X,g,256,0.000833
1500,CH02,X,g,260,0.000772
1500,CH02,X,g,264,0.00091
1500,CH02,X,g,268,0.000616
1500,CH02,X,g,272,0.000585
1500,CH02,X,g,276,0.000552
1500,CH02,X,g,280,0.000616
1500,CH02,X,g,284,0.000842
1500,CH02,X,g,288,0.000717
1500,CH02,X,g,292,0.000613
1500,CH02,X,g,296,0.000833
1500,CH02,X,g,300,0.000731
1500,CH02,X,g,304,0.000771
1500,CH02,X,g,308,0.00061
1500,CH02,X,g,312,0.000745
1500,CH02,X,g,316,0.000817
1500,CH02,X,g,320,0.000827
1500,CH02,X,g,324,0.000851
1500,CH02,X,g,328,0.000744
1500,CH02,X,g,332,0.000971
1500,CH02,X,g,336,0.000725
1500,CH02,X,g,340,0.000559
1500,CH02,X,g,344,0.00076
1500,CH02,X,g,348,0.000689
1500,CH02,X,g,352,0.000639
1500,CH02,X,g,356,0.000979
1500,CH02,X,g,360,0.000511
1500,CH02,X,g,364,0.00069
1500,CH02,X,g,368,0.000828
1500,CH02,X,g,372,0.000828
1500,CH02,X,g,376,0.00064
1500,CH02,X,g,380,0.000719
1500,CH02,X,g,384,0.000763
1500,CH02,X,g,388,0.000795
1500,CH02,X,g,392,0.000749
1500,CH02,X,g,396,0.000569
1500,CH02,X,g,400,0.000996
1600,CH02,X,g,4,0.000575
1600,CH02,X,g,8,0.000655
1600,CH02,X,g,12,0.000637
1600,CH02,X,g,16,0.000524
1600,CH02,X,g,20,0.000923
1600,CH02,X,g,24,0.001755
1600,CH02,X,g,28,0.002324
1600,CH02,X,g,32,0.000627
1600,CH02,X,g,36,0.000523
1600,CH02,X,g,40,0.000652
1600,CH02,X,g,44,0.000954
1600,CH02,X,g,48,0.000856
1600,CH02,X,g,52,0.004496
1600,CH02,X,g,56,0.003137
1600,CH02,X,g,60,0.000873
1600,CH02,X,g,64,0.000744
1600,CH02,X,g,68,0.000592
1600,CH02,X,g,72,0.000674
1600,CH02,X,g,76,0.000931
1600,CH02,X,g,80,0.000779
1600,CH02,X,g,84,0.000948
1600,CH02,X,g,88,0.000951
1600,CH02,X,g,92,0.000988
1600,CH02,X,g,96,0.000644
1600,CH02,X,g,100,0.000539
1600,CH02,X,g,104,0.001789
1600,CH02,X,g,108,0.003707
1600,CH02,X,g,112,0.000871
1600,CH02,X,g,116,0.000671
1600,CH02,X,g,120,0.000989
1600,CH02,X,g,124,0.000822
1600,CH02,X,g,128,0.000907
1600,CH02,X,g,132,0.000653
1600,CH02,X,g,136,0.00053
1600,CH02,X,g,140,0.000924
1600,CH02,X,g,144,0.000844
1600,CH02,X,g,148,0.000984
1600,CH02,X,g,152,0.000726
1600,CH02,X,g,156,0.000542
1600,CH02,X,g,160,0.000712
1600,CH02,X,g,164,0.000624
1600,CH02,X,g,168,0.000535
1600,CH02,X,g,172,0.000819
1600,CH02,X,g,176,0.000664
1600,CH02,X,g,180,0.000625
1600,CH02,X,g,184,0.000889
1600,CH02,X,g,188,0.000893
1600,CH02,X,g,192,0.000952
1600,CH02,X,g,196,0.000578
1600,CH02,X,g,200,0.000508
1600,CH02,X,g,204,0.000789
1600,CH02,X,g,208,0.000525
1600,CH02,X,g,212,0.000816
1600,CH02,X,g,216,0.000951
1600,CH02,X,g,220,0.000717
1600,CH02,X,g,224,0.000908
1600,CH02,X,g,228,0.000807
1600,CH02,X,g,232,0.00094
1600,CH02,X,g,236,0.000666
1600,CH02,X,g,240,0.000921
1600,CH02,X,g,244,0.00082
1600,CH02,X,g,248,0.00051
1600,CH02,X,g,252,0.000539
1600,CH02,X,g,256,0.000751
1600,CH02,X,g,260,0.000552
1600,CH02,X,g,264,0.000879
1600,CH02,X,g,268,0.000937
1600,CH02,X,g,272,0.000996
1600,CH02,X,g,276,0.000891
1600,CH02,X,g,280,0.000827
1600,CH02,X,g,284,0.000942
1600,CH02,X,g,288,0.000611
1600,CH02,X,g,292,0.000878
1600,CH02,X,g,296,0.000871
1600,CH02,X,g,300,0.000638
1600,CH02,X,g,304,0.000704
1600,CH02,X,g,308,0.000827
1600,CH02,X,g,312,0.000976
1600,CH02,X,g,316,0.000593
1600,CH02,X,g,320,0.000868
1600,CH02,X,g,324,0.000899
1600,CH02,X,g,328,0.000732
1600,CH02,X,g,332,0.000874
1600,CH02,X,g,336,0.000671
1600,CH02,X,g,340,0.000854
1600,CH02,X,g,344,0.000872
1600,CH02,X,g,348,0.000862
1600,CH02,X,g,352,0.000722
1600,CH02,X,g,356,0.000939
1600,CH02,X,g,360,0.000812
1600,CH02,X,g,364,0.00063
1600,CH02,X,g,368,0.000874
1600,CH02,X,g,372,0.00099
1600,CH02,X,g,376,0.000529
1600,CH02,X,g,380,0.000761
1600,CH02,X,g,384,0.000651
1600,CH02,X,g,388,0.00079
1600,CH02,X,g,392,0.00086
1600,CH02,X,g,396,0.000657
1600,CH02,X,g,400,0.000601
1700,CH02,X,g,4,0.000632
1700,CH02,X,g,8,0.000544
1700,CH02,X,g,12,0.00092
1700,CH02,X,g,16,0.000946
1700,CH02,X,g,20,0.000596
1700,CH02,X,g,24,0.001152
1700,CH02,X,g,28,0.00297
1700,CH02,X,g,32,0.001083
1700,CH02,X,g,36,0.001002
1700,CH02,X,g,40,0.000614
1700,CH02,X,g,44,0.000916
1700,CH02,X,g,48,0.000641
1700,CH02,X,g,52,0.001342
1700,CH02,X,g,56,0.005901
1700,CH02,X,g,60,0.002317
1700,CH02,X,g,64,0.000673
1700,CH02,X,g,68,0.000579
1700,CH02,X,g,72,0.000687
1700,CH02,X,g,76,0.000517
1700,CH02,X,g,80,0.000788
1700,CH02,X,g,84,0.000534
1700,CH02,X,g,88,0.000631
1700,CH02,X,g,92,0.000757
1700,CH02,X,g,96,0.000999
1700,CH02,X,g,100,0.000848
1700,CH02,X,g,104,0.000895
1700,CH02,X,g,108,0.000973
1700,CH02,X,g,112,0.005107
1700,CH02,X,g,116,0.003793
1700,CH02,X,g,120,0.001033
1700,CH02,X,g,124,0.000824
1700,CH02,X,g,128,0.000724
1700,CH02,X,g,132,0.000956
1700,CH02,X,g,136,0.000691
1700,CH02,X,g,140,0.000737
1700,CH02,X,g,144,0.000915
1700,CH02,X,g,148,0.000503
1700,CH02,X,g,152,0.000766
1700,CH02,X,g,156,0.000984
1700,CH02,X,g,160,0.000891
1700,CH02,X,g,164,0.000849
1700,CH02,X,g,168,0.000884
1700,CH02,X,g,172,0.00052
1700,CH02,X,g,176,0.000691
1700,CH02,X,g,180,0.000655
1700,CH02,X,g,184,0.000558
1700,CH02,X,g,188,0.000561
1700,CH02,X,g,192,0.000824
1700,CH02,X,g,196,0.000935
1700,CH02,X,g,200,0.00064
1700,CH02,X,g,204,0.000564
1700,CH02,X,g,208,0.000929
1700,CH02,X,g,212,0.000549
1700,CH02,X,g,216,0.000538
1700,CH02,X,g,220,0.000951
1700,CH02,X,g,224,0.000736
1700,CH02,X,g,228,0.000942
1700,CH02,X,g,232,0.000593
1700,CH02,X,g,236,0.00056
1700,CH02,X,g,240,0.000866
1700,CH02,X,g,244,0.000763
1700,CH02,X,g,248,0.000642
1700,CH02,X,g,252,0.000513
1700,CH02,X,g,256,0.000608
1700,CH02,X,g,260,0.000938
1700,CH02,X,g,264,0.000544
1700,CH02,X,g,268,0.000964
1700,CH02,X,g,272,0.000745
1700,CH02,X,g,276,0.000924
1700,CH02,X,g,280,0.000612
1700,CH02,X,g,284,0.000772
1700,CH02,X,g,288,0.000796
1700,CH02,X,g,292,0.000882
1700,CH02,X,g,296,0.000934
1700,CH02,X,g,300,0.000895
1700,CH02,X,g,304,0.0006
1700,CH02,X,g,308,0.000788
1700,CH02,X,g,312,0.000836
1700,CH02,X,g,316,0.000658
1700,CH02,X,g,320,0.000765
1700,CH02,X,g,324,0.000791
1700,CH02,X,g,328,0.000816
1700,CH02,X,g,332,0.000806
1700,CH02,X,g,336,0.000516
1700,CH02,X,g,340,0.00077
1700,CH02,X,g,344,0.000827
1700,CH02,X,g,348,0.000655
1700,CH02,X,g,352,0.000927
1700,CH02,X,g,356,0.00096
1700,CH02,X,g,360,0.00067
1700,CH02,X,g,364,0.000829
1700,CH02,X,g,368,0.000527
1700,CH02,X,g,372,0.00065
1700,CH02,X,g,376,0.000666
1700,CH02,X,g,380,0.000736
1700,CH02,X,g,384,0.000654
1700,CH02,X,g,388,0.000762
1700,CH02,X,g,392,0.000835
1700,CH02,X,g,396,0.000882
1700,CH02,X,g,400,0.000904
1800,CH02,X,g,4,0.000823
1800,CH02,X,g,8,0.000689
1800,CH02,X,g,12,0.000825
1800,CH02,X,g,16,0.000839
1800,CH02,X,g,20,0.000939
1800,CH02,X,g,24,0.000974
1800,CH02,X,g,28,0.00238
1800,CH02,X,g,32,0.002069
1800,CH02,X,g,36,0.000844
1800,CH02,X,g,40,0.000549
1800,CH02,X,g,44,0.000949
1800,CH02,X,g,48,0.000817
1800,CH02,X,g,52,0.000537
1800,CH02,X,g,56,0.001581
1800,CH02,X,g,60,0.006864
1800,CH02,X,g,64,0.001818
1800,CH02,X,g,68,0.000702
1800,CH02,X,g,72,0.000723
1800,CH02,X,g,76,0.000772
1800,CH02,X,g,80,0.000738
1800,CH02,X,g,84,0.00094
1800,CH02,X,g,88,0.000867
1800,CH02,X,g,92,0.000912
1800,CH02,X,g,96,0.000543
1800,CH02,X,g,100,0.000867
1800,CH02,X,g,104,0.000796
1800,CH02,X,g,108,0.000561
1800,CH02,X,g,112,0.000626
1800,CH02,X,g,116,0.001779
1800,CH02,X,g,120,0.00824
1800,CH02,X,g,124,0.001723
1800,CH02,X,g,128,0.000787
1800,CH02,X,g,132,0.000843
1800,CH02,X,g,136,0.000641
1800,CH02,X,g,140,0.000658
1800,CH02,X,g,144,0.000858
1800,CH02,X,g,148,0.000642
1800,CH02,X,g,152,0.000599
1800,CH02,X,g,156,0.000971
1800,CH02,X,g,160,0.000989
1800,CH02,X,g,164,0.000653
1800,CH02,X,g,168,0.00092
1800,CH02,X,g,172,0.000658
1800,CH02,X,g,176,0.000674
1800,CH02,X,g,180,0.000984
1800,CH02,X,g,184,0.000595
1800,CH02,X,g,188,0.000633
1800,CH02,X,g,192,0.000873
1800,CH02,X,g,196,0.000816
1800,CH02,X,g,200,0.000829
1800,CH02,X,g,204,0.000528
1800,CH02,X,g,208,0.000772
1800,CH02,X,g,212,0.000649
1800,CH02,X,g,216,0.000816
1800,CH02,X,g,220,0.00066
1800,CH02,X,g,224,0.000539
1800,CH02,X,g,228,0.000657
1800,CH02,X,g,232,0.000854
1800,CH02,X,g,236,0.000778
1800,CH02,X,g,240,0.000858
1800,CH02,X,g,244,0.000805
1800,CH02,X,g,248,0.000882
1800,CH02,X,g,252,0.000702
1800,CH02,X,g,256,0.000521
1800,CH02,X,g,260,0.000872
1800,CH02,X,g,264,0.00066
1800,CH02,X,g,268,0.000539
1800,CH02,X,g,272,0.00062
1800,CH02,X,g,276,0.000897
1800,CH02,X,g,280,0.000874
1800,CH02,X,g,284,0.000785
1800,CH02,X,g,288,0.000719
1800,CH02,X,g,292,0.000762
1800,CH02,X,g,296,0.000535
1800,CH02,X,g,300,0.000739
1800,CH02,X,g,304,0.000612
1800,CH02,X,g,308,0.000979
1800,CH02,X,g,312,0.000693
1800,CH02,X,g,316,0.000962
1800,CH02,X,g,320,0.000715
1800,CH02,X,g,324,0.000756
1800,CH02,X,g,328,0.000597
1800,CH02,X,g,332,0.000825
1800,CH02,X,g,336,0.000514
1800,CH02,X,g,340,0.000722
1800,CH02,X,g,344,0.00064
1800,CH02,X,g,348,0.000889
1800,CH02,X,g,352,0.000619
1800,CH02,X,g,356,0.000872
1800,CH02,X,g,360,0.000763
1800,CH02,X,g,364,0.00094
1800,CH02,X,g,368,0.000599
1800,CH02,X,g,372,0.000987
1800,CH02,X,g,376,0.000707
1800,CH02,X,g,380,0.000918
1800,CH02,X,g,384,0.000646
1800,CH02,X,g,388,0.000837
1800,CH02,X,g,392,0.000603
1800,CH02,X,g,396,0.000799
1800,CH02,X,g,400,0.000631
1900,CH02,X,g,4,0.000592
1900,CH02,X,g,8,0.000958
1900,CH02,X,g,12,0.000718
1900,CH02,X,g,16,0.000809
1900,CH02,X,g,20,0.000688
1900,CH02,X,g,24,0.000599
1900,CH02,X,g,28,0.001546
1900,CH02,X,g,32,0.003564
1900,CH02,X,g,36,0.001252
1900,CH02,X,g,40,0.00076
1900,CH02,X,g,44,0.000915
1900,CH02,X,g,48,0.000669
1900,CH02,X,g,52,0.000759
1900,CH02,X,g,56,0.000696
1900,CH02,X,g,60,0.002728
1900,CH02,X,g,64,0.007013
1900,CH02,X,g,68,0.001527
1900,CH02,X,g,72,0.000995
1900,CH02,X,g,76,0.000825
1900,CH02,X,g,80,0.000737
1900,CH02,X,g,84,0.00057
1900,CH02,X,g,88,0.000567
1900,CH02,X,g,92,0.000808
1900,CH02,X,g,96,0.000871
1900,CH02,X,g,100,0.000992
1900,CH02,X,g,104,0.000525
1900,CH02,X,g,108,0.00087
1900,CH02,X,g,112,0.000604
1900,CH02,X,g,116,0.000615
1900,CH02,X,g,120,0.001024
1900,CH02,X,g,124,0.004392
1900,CH02,X,g,128,0.006231
1900,CH02,X,g,132,0.001012
1900,CH02,X,g,136,0.000676
1900,CH02,X,g,140,0.000557
1900,CH02,X,g,144,0.00097
1900,CH02,X,g,148,0.000896
1900,CH02,X,g,152,0.000913
1900,CH02,X,g,156,0.000518
1900,CH02,X,g,160,0.00088
1900,CH02,X,g,164,0.000718
1900,CH02,X,g,168,0.000544
1900,CH02,X,g,172,0.000677
1900,CH02,X,g,176,0.00091
1900,CH02,X,g,180,0.000923
1900,CH02,X,g,184,0.000619
1900,CH02,X,g,188,0.000942
1900,CH02,X,g,192,0.000681
1900,CH02,X,g,196,0.000846
1900,CH02,X,g,200,0.000705
1900,CH02,X,g,204,0.000697
1900,CH02,X,g,208,0.000793
1900,CH02,X,g,212,0.000947
1900,CH02,X,g,216,0.000503
1900,CH02,X,g,220,0.000645
1900,CH02,X,g,224,0.000995
1900,CH02,X,g,228,0.000812
1900,CH02,X,g,232,0.000599
1900,CH02,X,g,236,0.000913
1900,CH02,X,g,240,0.000509
1900,CH02,X,g,244,0.000735
1900,CH02,X,g,248,0.000807
1900,CH02,X,g,252,0.000913
1900,CH02,X,g,256,0.000594
1900,CH02,X,g,260,0.000852
1900,CH02,X,g,264,0.000781
1900,CH02,X,g,268,0.000514
1900,CH02,X,g,272,0.000619
1900,CH02,X,g,276,0.000664
1900,CH02,X,g,280,0.000726
1900,CH02,X,g,284,0.000542
1900,CH02,X,g,288,0.000727
1900,CH02,X,g,292,0.000534
1900,CH02,X,g,296,0.000686
1900,CH02,X,g,300,0.000508
1900,CH02,X,g,304,0.000647
1900,CH02,X,g,308,0.000802
1900,CH02,X,g,312,0.000749
1900,CH02,X,g,316,0.0008
1900,CH02,X,g,320,0.00094
1900,CH02,X,g,324,0.000873
1900,CH02,X,g,328,0.000708
1900,CH02,X,g,332,0.00068
1900,CH02,X,g,336,0.000744
1900,CH02,X,g,340,0.000858
1900,CH02,X,g,344,0.000864
1900,CH02,X,g,348,0.000548
1900,CH02,X,g,352,0.000774
1900,CH02,X,g,356,0.000725
1900,CH02,X,g,360,0.000522
1900,CH02,X,g,364,0.000691
1900,CH02,X,g,368,0.000955
1900,CH02,X,g,372,0.000934
1900,CH02,X,g,376,0.000661
1900,CH02,X,g,380,0.000519
1900,CH02,X,g,384,0.000779
1900,CH02,X,g,388,0.000958
1900,CH02,X,g,392,0.00092
1900,CH02,X,g,396,0.000859
1900,CH02,X,g,400,0.000579
2000,CH02,X,g,4,0.000514
2000,CH02,X,g,8,0.000582
2000,CH02,X,g,12,0.000964
2000,CH02,X,g,16,0.000698
2000,CH02,X,g,20,0.000963
2000,CH02,X,g,24,0.000835
2000,CH02,X,g,28,0.0008
2000,CH02,X,g,32,0.003402
2000,CH02,X,g,36,0.002183
2000,CH02,X,g,40,0.000542
2000,CH02,X,g,44,0.000876
2000,CH02,X,g,48,0.000886
2000,CH02,X,g,52,0.000804
2000,CH02,X,g,56,0.000512
2000,CH02,X,g,60,0.00064
2000,CH02,X,g,64,0.004294
2000,CH02,X,g,68,0.006662
2000,CH02,X,g,72,0.00083
2000,CH02,X,g,76,0.000877
2000,CH02,X,g,80,0.000833
2000,CH02,X,g,84,0.000528
2000,CH02,X,g,88,0.0008
2000,CH02,X,g,92,0.00073
2000,CH02,X,g,96,0.000685
2000,CH02,X,g,100,0.000923
2000,CH02,X,g,104,0.000705
2000,CH02,X,g,108,0.000866
2000,CH02,X,g,112,0.000611
2000,CH02,X,g,116,0.000808
2000,CH02,X,g,120,0.000666
2000,CH02,X,g,124,0.000566
2000,CH02,X,g,128,0.001059
2000,CH02,X,g,132,0.005472
2000,CH02,X,g,136,0.002575
2000,CH02,X,g,140,0.000978
2000,CH02,X,g,144,0.000801
2000,CH02,X,g,148,0.000761
2000,CH02,X,g,152,0.000551
2000,CH02,X,g,156,0.000737
2000,CH02,X,g,160,0.000788
2000,CH02,X,g,164,0.000846
2000,CH02,X,g,168,0.000501
2000,CH02,X,g,172,0.000874
2000,CH02,X,g,176,0.000721
2000,CH02,X,g,180,0.000599
2000,CH02,X,g,184,0.000846
2000,CH02,X,g,188,0.00054
2000,CH02,X,g,192,0.000719
2000,CH02,X,g,196,0.00053
2000,CH02,X,g,200,0.000571
2000,CH02,X,g,204,0.0006
2000,CH02,X,g,208,0.000984
2000,CH02,X,g,212,0.000593
2000,CH02,X,g,216,0.000535
2000,CH02,X,g,220,0.000618
2000,CH02,X,g,224,0.000775
2000,CH02,X,g,228,0.000717
2000,CH02,X,g,232,0.000781
2000,CH02,X,g,236,0.00088
2000,CH02,X,g,240,0.000845
2000,CH02,X,g,244,0.00089
2000,CH02,X,g,248,0.000637
2000,CH02,X,g,252,0.000523
2000,CH02,X,g,256,0.000714
2000,CH02,X,g,260,0.00053
2000,CH02,X,g,264,0.000928
2000,CH02,X,g,268,0.000742
2000,CH02,X,g,272,0.000898
2000,CH02,X,g,276,0.000998
2000,CH02,X,g,280,0.00053
2000,CH02,X,g,284,0.000901
2000,CH02,X,g,288,0.000763
2000,CH02,X,g,292,0.000571
2000,CH02,X,g,296,0.000501
2000,CH02,X,g,300,0.000829
2000,CH02,X,g,304,0.000766
2000,CH02,X,g,308,0.000924
2000,CH02,X,g,312,0.000813
2000,CH02,X,g,316,0.000712
2000,CH02,X,g,320,0.000841
2000,CH02,X,g,324,0.000883
2000,CH02,X,g,328,0.000683
2000,CH02,X,g,332,0.000637
2000,CH02,X,g,336,0.000579
2000,CH02,X,g,340,0.000576
2000,CH02,X,g,344,0.000905
2000,CH02,X,g,348,0.000833
2000,CH02,X,g,352,0.000946
2000,CH02,X,g,356,0.000746
2000,CH02,X,g,360,0.000567
2000,CH02,X,g,364,0.00091
2000,CH02,X,g,368,0.000926
2000,CH02,X,g,372,0.000688
2000,CH02,X,g,376,0.000607
2000,CH02,X,g,380,0.000815
2000,CH02,X,g,384,0.000683
2000,CH02,X,g,388,0.000548
2000,CH02,X,g,392,0.000762
2000,CH02,X,g,396,0.000544
2000,CH02,X,g,400,0.000872
2100,CH02,X,g,4,0.000736
2100,CH02,X,g,8,0.000651
2100,CH02,X,g,12,0.000863
2100,CH02,X,g,16,0.000846
2100,CH02,X,g,20,0.000871
2100,CH02,X,g,24,0.000918
2100,CH02,X,g,28,0.000823
2100,CH02,X,g,32,0.002125
2100,CH02,X,g,36,0.003742
2100,CH02,X,g,40,0.00096
2100,CH02,X,g,44,0.00089
2100,CH02,X,g,48,0.000586
2100,CH02,X,g,52,0.000534
2100,CH02,X,g,56,0.000741
2100,CH02,X,g,60,0.000665
2100,CH02,X,g,64,0.000683
2100,CH02,X,g,68,0.006128
2100,CH02,X,g,72,0.005854
2100,CH02,X,g,76,0.001084
2100,CH02,X,g,80,0.00055
2100,CH02,X,g,84,0.000589
2100,CH02,X,g,88,0.00068
2100,CH02,X,g,92,0.000707
2100,CH02,X,g,96,0.000896
2100,CH02,X,g,100,0.000963
2100,CH02,X,g,104,0.000836
2100,CH02,X,g,108,0.00097
2100,CH02,X,g,112,0.000919
2100,CH02,X,g,116,0.000969
2100,CH02,X,g,120,0.000798
2100,CH02,X,g,124,0.000613
2100,CH02,X,g,128,0.00087
2100,CH02,X,g,132,0.000671
2100,CH02,X,g,136,0.001573
2100,CH02,X,g,140,0.004486
2100,CH02,X,g,144,0.001047
2100,CH02,X,g,148,0.000583
2100,CH02,X,g,152,0.000697
2100,CH02,X,g,156,0.000538
2100,CH02,X,g,160,0.000845
2100,CH02,X,g,164,0.000806
2100,CH02,X,g,168,0.000996
2100,CH02,X,g,172,0.000985
2100,CH02,X,g,176,0.000724
2100,CH02,X,g,180,0.000572
2100,CH02,X,g,184,0.000981
2100,CH02,X,g,188,0.000567
2100,CH02,X,g,192,0.0005
2100,CH02,X,g,196,0.000645
2100,CH02,X,g,200,0.000591
2100,CH02,X,g,204,0.000723
2100,CH02,X,g,208,0.000989
2100,CH02,X,g,212,0.000615
2100,CH02,X,g,216,0.000946
2100,CH02,X,g,220,0.000706
2100,CH02,X,g,224,0.000631
2100,CH02,X,g,228,0.000852
2100,CH02,X,g,232,0.000836
2100,CH02,X,g,236,0.000571
2100,CH02,X,g,240,0.000973
2100,CH02,X,g,244,0.00051
2100,CH02,X,g,248,0.000646
2100,CH02,X,g,252,0.000687
2100,CH02,X,g,256,0.000997
2100,CH02,X,g,260,0.000935
2100,CH02,X,g,264,0.000845
2100,CH02,X,g,268,0.000553
2100,CH02,X,g,272,0.000799
2100,CH02,X,g,276,0.000537
2100,CH02,X,g,280,0.000738
2100,CH02,X,g,284,0.000829
2100,CH02,X,g,288,0.000614
2100,CH02,X,g,292,0.000603
2100,CH02,X,g,296,0.000789
2100,CH02,X,g,300,0.00073
2100,CH02,X,g,304,0.000986
2100,CH02,X,g,308,0.000912
2100,CH02,X,g,312,0.000849
2100,CH02,X,g,316,0.000591
2100,CH02,X,g,320,0.000964
2100,CH02,X,g,324,0.000609
2100,CH02,X,g,328,0.000839
2100,CH02,X,g,332,0.000925
2100,CH02,X,g,336,0.000504
2100,CH02,X,g,340,0.000523
2100,CH02,X,g,344,0.000745
2100,CH02,X,g,348,0.000532
2100,CH02,X,g,352,0.000583
2100,CH02,X,g,356,0.000997
2100,CH02,X,g,360,0.000792
2100,CH02,X,g,364,0.000994
2100,CH02,X,g,368,0.000756
2100,CH02,X,g,372,0.000747
2100,CH02,X,g,376,0.000956
2100,CH02,X,g,380,0.000902
2100,CH02,X,g,384,0.000731
2100,CH02,X,g,388,0.000609
2100,CH02,X,g,392,0.000957
2100,CH02,X,g,396,0.000932
2100,CH02,X,g,400,0.0006
2200,CH02,X,g,4,0.000964
2200,CH02,X,g,8,0.000843
2200,CH02,X,g,12,0.000911
2200,CH02,X,g,16,0.000617
2200,CH02,X,g,20,0.000943
2200,CH02,X,g,24,0.00075
2200,CH02,X,g,28,0.000801
2200,CH02,X,g,32,0.001041
2200,CH02,X,g,36,0.004437
2200,CH02,X,g,40,0.001965
2200,CH02,X,g,44,0.00059
2200,CH02,X,g,48,0.000884
2200,CH02,X,g,52,0.000751
2200,CH02,X,g,56,0.000835
2200,CH02,X,g,60,0.000896
2200,CH02,X,g,64,0.000913
2200,CH02,X,g,68,0.001279
2200,CH02,X,g,72,0.008449
2200,CH02,X,g,76,0.004894
2200,CH02,X,g,80,0.001005
2200,CH02,X,g,84,0.000619
2200,CH02,X,g,88,0.000784
2200,CH02,X,g,92,0.000565
2200,CH02,X,g,96,0.000776
2200,CH02,X,g,100,0.000984
2200,CH02,X,g,104,0.000526
2200,CH02,X,g,108,0.000524
2200,CH02,X,g,112,0.00058
2200,CH02,X,g,116,0.000665
2200,CH02,X,g,120,0.000705
2200,CH02,X,g,124,0.000658
2200,CH02,X,g,128,0.000634
2200,CH02,X,g,132,0.000566
2200,CH02,X,g,136,0.000994
2200,CH02,X,g,140,0.00068
2200,CH02,X,g,144,0.002399
2200,CH02,X,g,148,0.003183
2200,CH02,X,g,152,0.001107
2200,CH02,X,g,156,0.000937
2200,CH02,X,g,160,0.000973
2200,CH02,X,g,164,0.000664
2200,CH02,X,g,168,0.000735
2200,CH02,X,g,172,0.00068
2200,CH02,X,g,176,0.000804
2200,CH02,X,g,180,0.000877
2200,CH02,X,g,184,0.000875
2200,CH02,X,g,188,0.000667
2200,CH02,X,g,192,0.000588
2200,CH02,X,g,196,0.000949
2200,CH02,X,g,200,0.000944
2200,CH02,X,g,204,0.000617
2200,CH02,X,g,208,0.0008
2200,CH02,X,g,212,0.000649
2200,CH02,X,g,216,0.000941
2200,CH02,X,g,220,0.00052
2200,CH02,X,g,224,0.000849
2200,CH02,X,g,228,0.000884
2200,CH02,X,g,232,0.00085
2200,CH02,X,g,236,0.00055
2200,CH02,X,g,240,0.000665
2200,CH02,X,g,244,0.000622
2200,CH02,X,g,248,0.000784
2200,CH02,X,g,252,0.000586
2200,CH02,X,g,256,0.000768
2200,CH02,X,g,260,0.000826
2200,CH02,X,g,264,0.000648
2200,CH02,X,g,268,0.000536
2200,CH02,X,g,272,0.000927
2200,CH02,X,g,276,0.000814
2200,CH02,X,g,280,0.000519
2200,CH02,X,g,284,0.00052
2200,CH02,X,g,288,0.000836
2200,CH02,X,g,292,0.000756
2200,CH02,X,g,296,0.000607
2200,CH02,X,g,300,0.000585
2200,CH02,X,g,304,0.000743
2200,CH02,X,g,308,0.000797
2200,CH02,X,g,312,0.000625
2200,CH02,X,g,316,0.000584
2200,CH02,X,g,320,0.00098
2200,CH02,X,g,324,0.000578
2200,CH02,X,g,328,0.000722
2200,CH02,X,g,332,0.000738
2200,CH02,X,g,336,0.000685
2200,CH02,X,g,340,0.000797
2200,CH02,X,g,344,0.000819
2200,CH02,X,g,348,0.000835
2200,CH02,X,g,352,0.000791
2200,CH02,X,g,356,0.000997
2200,CH02,X,g,360,0.000733
2200,CH02,X,g,364,0.000907
2200,CH02,X,g,368,0.000715
2200,CH02,X,g,372,0.000937
2200,CH02,X,g,376,0.000798
2200,CH02,X,g,380,0.00066
2200,CH02,X,g,384,0.000605
2200,CH02,X,g,388,0.000855
2200,CH02,X,g,392,0.000712
2200,CH02,X,g,396,0.000874
2200,CH02,X,g,400,0.000947
2300,CH02,X,g,4,0.000831
2300,CH02,X,g,8,0.000501
2300,CH02,X,g,12,0.000765
2300,CH02,X,g,16,0.00087
2300,CH02,X,g,20,0.000768
2300,CH02,X,g,24,0.00056
2300,CH02,X,g,28,0.000612
2300,CH02,X,g,32,0.000683
2300,CH02,X,g,36,0.002726
2300,CH02,X,g,40,0.003787
2300,CH02,X,g,44,0.000819
2300,CH02,X,g,48,0.000698
2300,CH02,X,g,52,0.000924
2300,CH02,X,g,56,0.000646
2300,CH02,X,g,60,0.000663
2300,CH02,X,g,64,0.000502
2300,CH02,X,g,68,0.000597
2300,CH02,X,g,72,0.001653
2300,CH02,X,g,76,0.010255
2300,CH02,X,g,80,0.003734
2300,CH02,X,g,84,0.000869
2300,CH02,X,g,88,0.000948
2300,CH02,X,g,92,0.000617
2300,CH02,X,g,96,0.000999
2300,CH02,X,g,100,0.000903
2300,CH02,X,g,104,0.000997
2300,CH02,X,g,108,0.000674
2300,CH02,X,g,112,0.000811
2300,CH02,X,g,116,0.000983
2300,CH02,X,g,120,0.000685
2300,CH02,X,g,124,0.000776
2300,CH02,X,g,128,0.000982
2300,CH02,X,g,132,0.000827
2300,CH02,X,g,136,0.000564
2300,CH02,X,g,140,0.000687
2300,CH02,X,g,144,0.000771
2300,CH02,X,g,148,0.001103
2300,CH02,X,g,152,0.003284
2300,CH02,X,g,156,0.002283
2300,CH02,X,g,160,0.000994
2300,CH02,X,g,164,0.000696
2300,CH02,X,g,168,0.000606
2300,CH02,X,g,172,0.000714
2300,CH02,X,g,176,0.000664
2300,CH02,X,g,180,0.000629
2300,CH02,X,g,184,0.000921
2300,CH02,X,g,188,0.000572
2300,CH02,X,g,192,0.000894
2300,CH02,X,g,196,0.000567
2300,CH02,X,g,200,0.000638
2300,CH02,X,g,204,0.000635
2300,CH02,X,g,208,0.000503
2300,CH02,X,g,212,0.000654
2300,CH02,X,g,216,0.0007
2300,CH02,X,g,220,0.000894
2300,CH02,X,g,224,0.000784
2300,CH02,X,g,228,0.000853
2300,CH02,X,g,232,0.000797
2300,CH02,X,g,236,0.000866
2300,CH02,X,g,240,0.000823
2300,CH02,X,g,244,0.000963
2300,CH02,X,g,248,0.000758
2300,CH02,X,g,252,0.000942
2300,CH02,X,g,256,0.00057
2300,CH02,X,g,260,0.000563
2300,CH02,X,g,264,0.000693
2300,CH02,X,g,268,0.000611
2300,CH02,X,g,272,0.000866
2300,CH02,X,g,276,0.000749
2300,CH02,X,g,280,0.000722
2300,CH02,X,g,284,0.0008
2300,CH02,X,g,288,0.000872
2300,CH02,X,g,292,0.000676
2300,CH02,X,g,296,0.000576
2300,CH02,X,g,300,0.000871
2300,CH02,X,g,304,0.000556
2300,CH02,X,g,308,0.000942
2300,CH02,X,g,312,0.000544
2300,CH02,X,g,316,0.00075
2300,CH02,X,g,320,0.000767
2300,CH02,X,g,324,0.000755
2300,CH02,X,g,328,0.000757
2300,CH02,X,g,332,0.000577
2300,CH02,X,g,336,0.000518
2300,CH02,X,g,340,0.000791
2300,CH02,X,g,344,0.00051
2300,CH02,X,g,348,0.000663
2300,CH02,X,g,352,0.000926
2300,CH02,X,g,356,0.000602
2300,CH02,X,g,360,0.000519
2300,CH02,X,g,364,0.000521
2300,CH02,X,g,368,0.000745
2300,CH02,X,g,372,0.000765
2300,CH02,X,g,376,0.000614
2300,CH02,X,g,380,0.000629
2300,CH02,X,g,384,0.000774
2300,CH02,X,g,388,0.00081
2300,CH02,X,g,392,0.000728
2300,CH02,X,g,396,0.000536
2300,CH02,X,g,400,0.000631
2400,CH02,X,g,4,0.000548
2400,CH02,X,g,8,0.000787
2400,CH02,X,g,12,0.000999
2400,CH02,X,g,16,0.000583
2400,CH02,X,g,20,0.000513
2400,CH02,X,g,24,0.000709
2400,CH02,X,g,28,0.000577
2400,CH02,X,g,32,0.000974
2400,CH02,X,g,36,0.00137
2400,CH02,X,g,40,0.005281
2400,CH02,X,g,44,0.001534
2400,CH02,X,g,48,0.000664
2400,CH02,X,g,52,0.000636
2400,CH02,X,g,56,0.000658
2400,CH02,X,g,60,0.000729
2400,CH02,X,g,64,0.000752
2400,CH02,X,g,68,0.000657
2400,CH02,X,g,72,0.000602
2400,CH02,X,g,76,0.002529
2400,CH02,X,g,80,0.011716
2400,CH02,X,g,84,0.002675
2400,CH02,X,g,88,0.000813
2400,CH02,X,g,92,0.000811
2400,CH02,X,g,96,0.00069
2400,CH02,X,g,100,0.000932
2400,CH02,X,g,104,0.000563
2400,CH02,X,g,108,0.00064
2400,CH02,X,g,112,0.000984
2400,CH02,X,g,116,0.000759
2400,CH02,X,g,120,0.000649
2400,CH02,X,g,124,0.000839
2400,CH02,X,g,128,0.000755
2400,CH02,X,g,132,0.000942
2400,CH02,X,g,136,0.000734
2400,CH02,X,g,140,0.000826
2400,CH02,X,g,144,0.000852
2400,CH02,X,g,148,0.000778
2400,CH02,X,g,152,0.000976
2400,CH02,X,g,156,0.001332
2400,CH02,X,g,160,0.003878
2400,CH02,X,g,164,0.001275
2400,CH02,X,g,168,0.000861
2400,CH02,X,g,172,0.00075
2400,CH02,X,g,176,0.000863
2400,CH02,X,g,180,0.000746
2400,CH02,X,g,184,0.000678
2400,CH02,X,g,188,0.000943
2400,CH02,X,g,192,0.000816
2400,CH02,X,g,196,0.000976
2400,CH02,X,g,200,0.000842
2400,CH02,X,g,204,0.000685
2400,CH02,X,g,208,0.000899
2400,CH02,X,g,212,0.000954
2400,CH02,X,g,216,0.000974
2400,CH02,X,g,220,0.000512
2400,CH02,X,g,224,0.000903
2400,CH02,X,g,228,0.000623
2400,CH02,X,g,232,0.000956
2400,CH02,X,g,236,0.000513
2400,CH02,X,g,240,0.000534
2400,CH02,X,g,244,0.000911
2400,CH02,X,g,248,0.000774
2400,CH02,X,g,252,0.000914
2400,CH02,X,g,256,0.000532
2400,CH02,X,g,260,0.000832
2400,CH02,X,g,264,0.000684
2400,CH02,X,g,268,0.000587
2400,CH02,X,g,272,0.000509
2400,CH02,X,g,276,0.000623
2400,CH02,X,g,280,0.000891
2400,CH02,X,g,284,0.000982
2400,CH02,X,g,288,0.000715
2400,CH02,X,g,292,0.000936
2400,CH02,X,g,296,0.000863
2400,CH02,X,g,300,0.000831
2400,CH02,X,g,304,0.000978
2400,CH02,X,g,308,0.000936
2400,CH02,X,g,312,0.000612
2400,CH02,X,g,316,0.000873
2400,CH02,X,g,320,0.000903
2400,CH02,X,g,324,0.000707
2400,CH02,X,g,328,0.000948
2400,CH02,X,g,332,0.0009
2400,CH02,X,g,336,0.000588
2400,CH02,X,g,340,0.000921
2400,CH02,X,g,344,0.000553
2400,CH02,X,g,348,0.00098
2400,CH02,X,g,352,0.000776
2400,CH02,X,g,356,0.00097
2400,CH02,X,g,360,0.000847
2400,CH02,X,g,364,0.000675
2400,CH02,X,g,368,0.000961
2400,CH02,X,g,372,0.000751
2400,CH02,X,g,376,0.000706
2400,CH02,X,g,380,0.000598
2400,CH02,X,g,384,0.000709
2400,CH02,X,g,388,0.000693
2400,CH02,X,g,392,0.000787
2400,CH02,X,g,396,0.00059
2400,CH02,X,g,400,0.000951
2500,CH02,X,g,4,0.00053
2500,CH02,X,g,8,0.00088
2500,CH02,X,g,12,0.000876
2500,CH02,X,g,16,0.000846
2500,CH02,X,g,20,0.000735
2500,CH02,X,g,24,0.000574
2500,CH02,X,g,28,0.000741
2500,CH02,X,g,32,0.000697
2500,CH02,X,g,36,0.00102
2500,CH02,X,g,40,0.003996
2500,CH02,X,g,44,0.003191
2500,CH02,X,g,48,0.000648
2500,CH02,X,g,52,0.000621
2500,CH02,X,g,56,0.000708
2500,CH02,X,g,60,0.000883
2500,CH02,X,g,64,0.00095
2500,CH02,X,g,68,0.000571
2500,CH02,X,g,72,0.000652
2500,CH02,X,g,76,0.000851
2500,CH02,X,g,80,0.00432
2500,CH02,X,g,84,0.012129
2500,CH02,X,g,88,0.0016
2500,CH02,X,g,92,0.000667
2500,CH02,X,g,96,0.000565
2500,CH02,X,g,100,0.000846
2500,CH02,X,g,104,0.000774
2500,CH02,X,g,108,0.00083
2500,CH02,X,g,112,0.00064
2500,CH02,X,g,116,0.000678
2500,CH02,X,g,120,0.000594
2500,CH02,X,g,124,0.000563
2500,CH02,X,g,128,0.000797
2500,CH02,X,g,132,0.000772
2500,CH02,X,g,136,0.000993
2500,CH02,X,g,140,0.000585
2500,CH02,X,g,144,0.000647
2500,CH02,X,g,148,0.000897
2500,CH02,X,g,152,0.000949
2500,CH02,X,g,156,0.000662
2500,CH02,X,g,160,0.000774
2500,CH02,X,g,164,0.002289
2500,CH02,X,g,168,0.003698
2500,CH02,X,g,172,0.000768
2500,CH02,X,g,176,0.000557
2500,CH02,X,g,180,0.000501
2500,CH02,X,g,184,0.000815
2500,CH02,X,g,188,0.000892
2500,CH02,X,g,192,0.000663
2500,CH02,X,g,196,0.000746
2500,CH02,X,g,200,0.000668
2500,CH02,X,g,204,0.000865
2500,CH02,X,g,208,0.0008
2500,CH02,X,g,212,0.000656
2500,CH02,X,g,216,0.000986
2500,CH02,X,g,220,0.000514
2500,CH02,X,g,224,0.000814
2500,CH02,X,g,228,0.000548
2500,CH02,X,g,232,0.000868
2500,CH02,X,g,236,0.000756
2500,CH02,X,g,240,0.000792
2500,CH02,X,g,244,0.00086
2500,CH02,X,g,248,0.000934
2500,CH02,X,g,252,0.000545
2500,CH02,X,g,256,0.000861
2500,CH02,X,g,260,0.000621
2500,CH02,X,g,264,0.000862
2500,CH02,X,g,268,0.000943
2500,CH02,X,g,272,0.000911
2500,CH02,X,g,276,0.000594
2500,CH02,X,g,280,0.000559
2500,CH02,X,g,284,0.000503
2500,CH02,X,g,288,0.000602
2500,CH02,X,g,292,0.00065
2500,CH02,X,g,296,0.000714
2500,CH02,X,g,300,0.00053
2500,CH02,X,g,304,0.000668
2500,CH02,X,g,308,0.000731
2500,CH02,X,g,312,0.000784
2500,CH02,X,g,316,0.00079
2500,CH02,X,g,320,0.000913
2500,CH02,X,g,324,0.000849
2500,CH02,X,g,328,0.00066
2500,CH02,X,g,332,0.000686
2500,CH02,X,g,336,0.000992
2500,CH02,X,g,340,0.000523
2500,CH02,X,g,344,0.000575
2500,CH02,X,g,348,0.000756
2500,CH02,X,g,352,0.000658
2500,CH02,X,g,356,0.00098
2500,CH02,X,g,360,0.000994
2500,CH02,X,g,364,0.000788
2500,CH02,X,g,368,0.000804
2500,CH02,X,g,372,0.000544
2500,CH02,X,g,376,0.00077
2500,CH02,X,g,380,0.000937
2500,CH02,X,g,384,0.000652
2500,CH02,X,g,388,0.000529
2500,CH02,X,g,392,0.000966
2500,CH02,X,g,396,0.00075
2500,CH02,X,g,400,0.000583
2600,CH02,X,g,4,0.00089
2600,CH02,X,g,8,0.000756
2600,CH02,X,g,12,0.000684
2600,CH02,X,g,16,0.000676
2600,CH02,X,g,20,0.000863
2600,CH02,X,g,24,0.000982
2600,CH02,X,g,28,0.000774
2600,CH02,X,g,32,0.000839
2600,CH02,X,g,36,0.000867
2600,CH02,X,g,40,0.002453
2600,CH02,X,g,44,0.00576
2600,CH02,X,g,48,0.001015
2600,CH02,X,g,52,0.000629
2600,CH02,X,g,56,0.000631
2600,CH02,X,g,60,0.00059
2600,CH02,X,g,64,0.000788
2600,CH02,X,g,68,0.000766
2600,CH02,X,g,72,0.000522
2600,CH02,X,g,76,0.000697
2600,CH02,X,g,80,0.001001
2600,CH02,X,g,84,0.006408
2600,CH02,X,g,88,0.011604
2600,CH02,X,g,92,0.001279
2600,CH02,X,g,96,0.000593
2600,CH02,X,g,100,0.000799
2600,CH02,X,g,104,0.000904
2600,CH02,X,g,108,0.000578
2600,CH02,X,g,112,0.000888
2600,CH02,X,g,116,0.000969
2600,CH02,X,g,120,0.000848
2600,CH02,X,g,124,0.000671
2600,CH02,X,g,128,0.0005
2600,CH02,X,g,132,0.000926
2600,CH02,X,g,136,0.00098
2600,CH02,X,g,140,0.000679
2600,CH02,X,g,144,0.000782
2600,CH02,X,g,148,0.000645
2600,CH02,X,g,152,0.000996
2600,CH02,X,g,156,0.000684
2600,CH02,X,g,160,0.000798
2600,CH02,X,g,164,0.000938
2600,CH02,X,g,168,0.000982
2600,CH02,X,g,172,0.00391
2600,CH02,X,g,176,0.002434
2600,CH02,X,g,180,0.000731
2600,CH02,X,g,184,0.000624
2600,CH02,X,g,188,0.000534
2600,CH02,X,g,192,0.000561
2600,CH02,X,g,196,0.000585
2600,CH02,X,g,200,0.000789
2600,CH02,X,g,204,0.000958
2600,CH02,X,g,208,0.000694
2600,CH02,X,g,212,0.000933
2600,CH02,X,g,216,0.0008
2600,CH02,X,g,220,0.000558
2600,CH02,X,g,224,0.000526
2600,CH02,X,g,228,0.000698
2600,CH02,X,g,232,0.000899
2600,CH02,X,g,236,0.000532
2600,CH02,X,g,240,0.000745
2600,CH02,X,g,244,0.000845
2600,CH02,X,g,248,0.000709
2600,CH02,X,g,252,0.000668
2600,CH02,X,g,256,0.000944
2600,CH02,X,g,260,0.000874
2600,CH02,X,g,264,0.000521
2600,CH02,X,g,268,0.000539
2600,CH02,X,g,272,0.000687
2600,CH02,X,g,276,0.000994
2600,CH02,X,g,280,0.000746
2600,CH02,X,g,284,0.000992
2600,CH02,X,g,288,0.000519
2600,CH02,X,g,292,0.000781
2600,CH02,X,g,296,0.000667
2600,CH02,X,g,300,0.000845
2600,CH02,X,g,304,0.000919
2600,CH02,X,g,308,0.000682
2600,CH02,X,g,312,0.000708
2600,CH02,X,g,316,0.000554
2600,CH02,X,g,320,0.0009
2600,CH02,X,g,324,0.00064
2600,CH02,X,g,328,0.000871
2600,CH02,X,g,332,0.00083
2600,CH02,X,g,336,0.000811
2600,CH02,X,g,340,0.000807
2600,CH02,X,g,344,0.000804
2600,CH02,X,g,348,0.000842
2600,CH02,X,g,352,0.000731
2600,CH02,X,g,356,0.000518
2600,CH02,X,g,360,0.000792
2600,CH02,X,g,364,0.000964
2600,CH02,X,g,368,0.000615
2600,CH02,X,g,372,0.000538
2600,CH02,X,g,376,0.00077
2600,CH02,X,g,380,0.00065
2600,CH02,X,g,384,0.000695
2600,CH02,X,g,388,0.000513
2600,CH02,X,g,392,0.000913
2600,CH02,X,g,396,0.000577
2600,CH02,X,g,400,0.00069
2700,CH02,X,g,4,0.000637
2700,CH02,X,g,8,0.000954
2700,CH02,X,g,12,0.000634
2700,CH02,X,g,16,0.000638
2700,CH02,X,g,20,0.000727
2700,CH02,X,g,24,0.000951
2700,CH02,X,g,28,0.000645
2700,CH02,X,g,32,0.000684
2700,CH02,X,g,36,0.000795
2700,CH02,X,g,40,0.001272
2700,CH02,X,g,44,0.005791
2700,CH02,X,g,48,0.002827
2700,CH02,X,g,52,0.000769
2700,CH02,X,g,56,0.000848
2700,CH02,X,g,60,0.000825
2700,CH02,X,g,64,0.000882
2700,CH02,X,g,68,0.00073
2700,CH02,X,g,72,0.000995
2700,CH02,X,g,76,0.000657
2700,CH02,X,g,80,0.000922
2700,CH02,X,g,84,0.001195
2700,CH02,X,g,88,0.00965
2700,CH02,X,g,92,0.010202
2700,CH02,X,g,96,0.00094
2700,CH02,X,g,100,0.000671
2700,CH02,X,g,104,0.00084
2700,CH02,X,g,108,0.000753
2700,CH02,X,g,112,0.000726
2700,CH02,X,g,116,0.000945
2700,CH02,X,g,120,0.000536
2700,CH02,X,g,124,0.000541
2700,CH02,X,g,128,0.000737
2700,CH02,X,g,132,0.000601
2700,CH02,X,g,136,0.000962
2700,CH02,X,g,140,0.000684
2700,CH02,X,g,144,0.000784
2700,CH02,X,g,148,0.000592
2700,CH02,X,g,152,0.000632
2700,CH02,X,g,156,0.000818
2700,CH02,X,g,160,0.000948
2700,CH02,X,g,164,0.000829
2700,CH02,X,g,168,0.00089
2700,CH02,X,g,172,0.000633
2700,CH02,X,g,176,0.001463
2700,CH02,X,g,180,0.004877
2700,CH02,X,g,184,0.001274
2700,CH02,X,g,188,0.000745
2700,CH02,X,g,192,0.000622
2700,CH02,X,g,196,0.000611
2700,CH02,X,g,200,0.000568
2700,CH02,X,g,204,0.000577
2700,CH02,X,g,208,0.000694
2700,CH02,X,g,212,0.000647
2700,CH02,X,g,216,0.000572
2700,CH02,X,g,220,0.000622
2700,CH02,X,g,224,0.00071
2700,CH02,X,g,228,0.000959
2700,CH02,X,g,232,0.000895
2700,CH02,X,g,236,0.000747
2700,CH02,X,g,240,0.000799
2700,CH02,X,g,244,0.000673
2700,CH02,X,g,248,0.000904
2700,CH02,X,g,252,0.000759
2700,CH02,X,g,256,0.000892
2700,CH02,X,g,260,0.000708
2700,CH02,X,g,264,0.000876
2700,CH02,X,g,268,0.000507
2700,CH02,X,g,272,0.000999
2700,CH02,X,g,276,0.000514
2700,CH02,X,g,280,0.000899
2700,CH02,X,g,284,0.000651
2700,CH02,X,g,288,0.000691
2700,CH02,X,g,292,0.000567
2700,CH02,X,g,296,0.000742
2700,CH02,X,g,300,0.000942
2700,CH02,X,g,304,0.000551
2700,CH02,X,g,308,0.000782
2700,CH02,X,g,312,0.000896
2700,CH02,X,g,316,0.00056
2700,CH02,X,g,320,0.000994
2700,CH02,X,g,324,0.000779
2700,CH02,X,g,328,0.000631
2700,CH02,X,g,332,0.000517
2700,CH02,X,g,336,0.00069
2700,CH02,X,g,340,0.00084
2700,CH02,X,g,344,0.000999
2700,CH02,X,g,348,0.000816
2700,CH02,X,g,352,0.000589
2700,CH02,X,g,356,0.000885
2700,CH02,X,g,360,0.000567
2700,CH02,X,g,364,0.00057
2700,CH02,X,g,368,0.000982
2700,CH02,X,g,372,0.000864
2700,CH02,X,g,376,0.000999
2700,CH02,X,g,380,0.000929
2700,CH02,X,g,384,0.000942
2700,CH02,X,g,388,0.000974
2700,CH02,X,g,392,0.000913
2700,CH02,X,g,396,0.000672
2700,CH02,X,g,400,0.000981
2800,CH02,X,g,4,0.000873
2800,CH02,X,g,8,0.000797
2800,CH02,X,g,12,0.000571
2800,CH02,X,g,16,0.00063
2800,CH02,X,g,20,0.000521
2800,CH02,X,g,24,0.000509
2800,CH02,X,g,28,0.000601
2800,CH02,X,g,32,0.000906
2800,CH02,X,g,36,0.000673
2800,CH02,X,g,40,0.000842
2800,CH02,X,g,44,0.003419
2800,CH02,X,g,48,0.005558
2800,CH02,X,g,52,0.000902
2800,CH02,X,g,56,0.000701
2800,CH02,X,g,60,0.000906
2800,CH02,X,g,64,0.000941
2800,CH02,X,g,68,0.000914
2800,CH02,X,g,72,0.000983
2800,CH02,X,g,76,0.000647
2800,CH02,X,g,80,0.000522
2800,CH02,X,g,84,0.000803
2800,CH02,X,g,88,0.001346
2800,CH02,X,g,92,0.013745
2800,CH02,X,g,96,0.009186
2800,CH02,X,g,100,0.00089
2800,CH02,X,g,104,0.000755
2800,CH02,X,g,108,0.000866
2800,CH02,X,g,112,0.000962
2800,CH02,X,g,116,0.00083
2800,CH02,X,g,120,0.000959
2800,CH02,X,g,124,0.000542
2800,CH02,X,g,128,0.000829
2800,CH02,X,g,132,0.000642
2800,CH02,X,g,136,0.000986
2800,CH02,X,g,140,0.000767
2800,CH02,X,g,144,0.000525
2800,CH02,X,g,148,0.000863
2800,CH02,X,g,152,0.000527
2800,CH02,X,g,156,0.000827
2800,CH02,X,g,160,0.000781
2800,CH02,X,g,164,0.000798
2800,CH02,X,g,168,0.000833
2800,CH02,X,g,172,0.000621
2800,CH02,X,g,176,0.000594
2800,CH02,X,g,180,0.000678
2800,CH02,X,g,184,0.002819
2800,CH02,X,g,188,0.004287
2800,CH02,X,g,192,0.001086
2800,CH02,X,g,196,0.000982
2800,CH02,X,g,200,0.000882
2800,CH02,X,g,204,0.000896
2800,CH02,X,g,208,0.000878
2800,CH02,X,g,212,0.00051
2800,CH02,X,g,216,0.000623
2800,CH02,X,g,220,0.000841
2800,CH02,X,g,224,0.000969
2800,CH02,X,g,228,0.000929
2800,CH02,X,g,232,0.000846
2800,CH02,X,g,236,0.000674
2800,CH02,X,g,240,0.000799
2800,CH02,X,g,244,0.000832
2800,CH02,X,g,248,0.000841
2800,CH02,X,g,252,0.00066
2800,CH02,X,g,256,0.000604
2800,CH02,X,g,260,0.000866
2800,CH02,X,g,264,0.000599
2800,CH02,X,g,268,0.000957
2800,CH02,X,g,272,0.000885
2800,CH02,X,g,276,0.000651
2800,CH02,X,g,280,0.000558
2800,CH02,X,g,284,0.00077
2800,CH02,X,g,288,0.000817
2800,CH02,X,g,292,0.000554
2800,CH02,X,g,296,0.000998
2800,CH02,X,g,300,0.000579
2800,CH02,X,g,304,0.000657
2800,CH02,X,g,308,0.000867
2800,CH02,X,g,312,0.000698
2800,CH02,X,g,316,0.000557
2800,CH02,X,g,320,0.000787
2800,CH02,X,g,324,0.000739
2800,CH02,X,g,328,0.00063
2800,CH02,X,g,332,0.00079
2800,CH02,X,g,336,0.000932
2800,CH02,X,g,340,0.000761
2800,CH02,X,g,344,0.000835
2800,CH02,X,g,348,0.000665
2800,CH02,X,g,352,0.000685
2800,CH02,X,g,356,0.000505
2800,CH02,X,g,360,0.000805
2800,CH02,X,g,364,0.000684
2800,CH02,X,g,368,0.000844
2800,CH02,X,g,372,0.00081
2800,CH02,X,g,376,0.000542
2800,CH02,X,g,380,0.000581
2800,CH02,X,g,384,0.000676
2800,CH02,X,g,388,0.000619
2800,CH02,X,g,392,0.00055
2800,CH02,X,g,396,0.000974
2800,CH02,X,g,400,0.000611
2900,CH02,X,g,4,0.000762
2900,CH02,X,g,8,0.000647
2900,CH02,X,g,12,0.000991
2900,CH02,X,g,16,0.00054
2900,CH02,X,g,20,0.000737
2900,CH02,X,g,24,0.000543
2900,CH02,X,g,28,0.000911
2900,CH02,X,g,32,0.000708
2900,CH02,X,g,36,0.000652
2900,CH02,X,g,40,0.000922
2900,CH02,X,g,44,0.00167
2900,CH02,X,g,48,0.007154
2900,CH02,X,g,52,0.002183
2900,CH02,X,g,56,0.000918
2900,CH02,X,g,60,0.00078
2900,CH02,X,g,64,0.000864
2900,CH02,X,g,68,0.000892
2900,CH02,X,g,72,0.000605
2900,CH02,X,g,76,0.000794
2900,CH02,X,g,80,0.000845
2900,CH02,X,g,84,0.000515
2900,CH02,X,g,88,0.000661
2900,CH02,X,g,92,0.002449
2900,CH02,X,g,96,0.019407
2900,CH02,X,g,100,0.007536
2900,CH02,X,g,104,0.000708
2900,CH02,X,g,108,0.000823
2900,CH02,X,g,112,0.000929
2900,CH02,X,g,116,0.000922
2900,CH02,X,g,120,0.00074
2900,CH02,X,g,124,0.000698
2900,CH02,X,g,128,0.000675
2900,CH02,X,g,132,0.000869
2900,CH02,X,g,136,0.000915
2900,CH02,X,g,140,0.000847
2900,CH02,X,g,144,0.000951
2900,CH02,X,g,148,0.000953
2900,CH02,X,g,152,0.000762
2900,CH02,X,g,156,0.000919
2900,CH02,X,g,160,0.000606
2900,CH02,X,g,164,0.000754
2900,CH02,X,g,168,0.000582
2900,CH02,X,g,172,0.000928
2900,CH02,X,g,176,0.000957
2900,CH02,X,g,180,0.000783
2900,CH02,X,g,184,0.000788
2900,CH02,X,g,188,0.000885
2900,CH02,X,g,192,0.004456
2900,CH02,X,g,196,0.003003
2900,CH02,X,g,200,0.000706
2900,CH02,X,g,204,0.001
2900,CH02,X,g,208,0.000521
2900,CH02,X,g,212,0.000745
2900,CH02,X,g,216,0.000628
2900,CH02,X,g,220,0.000694
2900,CH02,X,g,224,0.000751
2900,CH02,X,g,228,0.000823
2900,CH02,X,g,232,0.00059
2900,CH02,X,g,236,0.000851
2900,CH02,X,g,240,0.00051
2900,CH02,X,g,244,0.000836
2900,CH02,X,g,248,0.000772
2900,CH02,X,g,252,0.000551
2900,CH02,X,g,256,0.000517
2900,CH02,X,g,260,0.000605
2900,CH02,X,g,264,0.000685
2900,CH02,X,g,268,0.000978
2900,CH02,X,g,272,0.000674
2900,CH02,X,g,276,0.000566
2900,CH02,X,g,280,0.000574
2900,CH02,X,g,284,0.000961
2900,CH02,X,g,288,0.000538
2900,CH02,X,g,292,0.000667
2900,CH02,X,g,296,0.000682
2900,CH02,X,g,300,0.000555
2900,CH02,X,g,304,0.000526
2900,CH02,X,g,308,0.000758
2900,CH02,X,g,312,0.000663
2900,CH02,X,g,316,0.000543
2900,CH02,X,g,320,0.000861
2900,CH02,X,g,324,0.000889
2900,CH02,X,g,328,0.000792
2900,CH02,X,g,332,0.000733
2900,CH02,X,g,336,0.000803
2900,CH02,X,g,340,0.000726
2900,CH02,X,g,344,0.000624
2900,CH02,X,g,348,0.000605
2900,CH02,X,g,352,0.000764
2900,CH02,X,g,356,0.000962
2900,CH02,X,g,360,0.000606
2900,CH02,X,g,364,0.000707
2900,CH02,X,g,368,0.000633
2900,CH02,X,g,372,0.000931
2900,CH02,X,g,376,0.000536
2900,CH02,X,g,380,0.000995
2900,CH02,X,g,384,0.000882
2900,CH02,X,g,388,0.000893
2900,CH02,X,g,392,0.000665
2900,CH02,X,g,396,0.000769
2900,CH02,X,g,400,0.000578
3000,CH02,X,g,4,0.000825
3000,CH02,X,g,8,0.000876
3000,CH02,X,g,12,0.000646
3000,CH02,X,g,16,0.000862
3000,CH02,X,g,20,0.000635
3000,CH02,X,g,24,0.000811
3000,CH02,X,g,28,0.000972
3000,CH02,X,g,32,0.000591
3000,CH02,X,g,36,0.000836
3000,CH02,X,g,40,0.000974
3000,CH02,X,g,44,0.000682
3000,CH02,X,g,48,0.00491
3000,CH02,X,g,52,0.004971
3000,CH02,X,g,56,0.000741
3000,CH02,X,g,60,0.00096
3000,CH02,X,g,64,0.000997
3000,CH02,X,g,68,0.000854
3000,CH02,X,g,72,0.000645
3000,CH02,X,g,76,0.000795
3000,CH02,X,g,80,0.000914
3000,CH02,X,g,84,0.000545
3000,CH02,X,g,88,0.000853
3000,CH02,X,g,92,0.000834
3000,CH02,X,g,96,0.004262
3000,CH02,X,g,100,0.026022
3000,CH02,X,g,104,0.006158
3000,CH02,X,g,108,0.000536
3000,CH02,X,g,112,0.000652
3000,CH02,X,g,116,0.000501
3000,CH02,X,g,120,0.000909
3000,CH02,X,g,124,0.00076
3000,CH02,X,g,128,0.000593
3000,CH02,X,g,132,0.000938
3000,CH02,X,g,136,0.000889
3000,CH02,X,g,140,0.000777
3000,CH02,X,g,144,0.000722
3000,CH02,X,g,148,0.000844
3000,CH02,X,g,152,0.000588
3000,CH02,X,g,156,0.000556
3000,CH02,X,g,160,0.000648
3000,CH02,X,g,164,0.000544
3000,CH02,X,g,168,0.000972
3000,CH02,X,g,172,0.000688
3000,CH02,X,g,176,0.000575
3000,CH02,X,g,180,0.000579
3000,CH02,X,g,184,0.000529
3000,CH02,X,g,188,0.000661
3000,CH02,X,g,192,0.000705
3000,CH02,X,g,196,0.001603
3000,CH02,X,g,200,0.005838
3000,CH02,X,g,204,0.001488
3000,CH02,X,g,208,0.000829
3000,CH02,X,g,212,0.000607
3000,CH02,X,g,216,0.00071
3000,CH02,X,g,220,0.000975
3000,CH02,X,g,224,0.000502
3000,CH02,X,g,228,0.00092
3000,CH02,X,g,232,0.000644
3000,CH02,X,g,236,0.000621
3000,CH02,X,g,240,0.000742
3000,CH02,X,g,244,0.000792
3000,CH02,X,g,248,0.000942
3000,CH02,X,g,252,0.000775
3000,CH02,X,g,256,0.000985
3000,CH02,X,g,260,0.000976
3000,CH02,X,g,264,0.000576
3000,CH02,X,g,268,0.000822
3000,CH02,X,g,272,0.00076
3000,CH02,X,g,276,0.000885
3000,CH02,X,g,280,0.000685
3000,CH02,X,g,284,0.000768
3000,CH02,X,g,288,0.000672
3000,CH02,X,g,292,0.00098
3000,CH02,X,g,296,0.000665
3000,CH02,X,g,300,0.000531
3000,CH02,X,g,304,0.00063
3000,CH02,X,g,308,0.000832
3000,CH02,X,g,312,0.000849
3000,CH02,X,g,316,0.000957
3000,CH02,X,g,320,0.000637
3000,CH02,X,g,324,0.000725
3000,CH02,X,g,328,0.000778
3000,CH02,X,g,332,0.000677
3000,CH02,X,g,336,0.000666
3000,CH02,X,g,340,0.000531
3000,CH02,X,g,344,0.000586
3000,CH02,X,g,348,0.000511
3000,CH02,X,g,352,0.000525
3000,CH02,X,g,356,0.000881
3000,CH02,X,g,360,0.000638
3000,CH02,X,g,364,0.000897
3000,CH02,X,g,368,0.00065
3000,CH02,X,g,372,0.000627
3000,CH02,X,g,376,0.000662
3000,CH02,X,g,380,0.000895
3000,CH02,X,g,384,0.00093
3000,CH02,X,g,388,0.000561
3000,CH02,X,g,392,0.000836
3000,CH02,X,g,396,0.000659
3000,CH02,X,g,400,0.000591
3100,CH02,X,g,4,0.000705
3100,CH02,X,g,8,0.000655
3100,CH02,X,g,12,0.000833
3100,CH02,X,g,16,0.000981
3100,CH02,X,g,20,0.00079
3100,CH02,X,g,24,0.000926
3100,CH02,X,g,28,0.000903
3100,CH02,X,g,32,0.000622
3100,CH02,X,g,36,0.000585
3100,CH02,X,g,40,0.00077
3100,CH02,X,g,44,0.000562
3100,CH02,X,g,48,0.002153
3100,CH02,X,g,52,0.007752
3100,CH02,X,g,56,0.001674
3100,CH02,X,g,60,0.000828
3100,CH02,X,g,64,0.000571
3100,CH02,X,g,68,0.000928
3100,CH02,X,g,72,0.000693
3100,CH02,X,g,76,0.000671
3100,CH02,X,g,80,0.000701
3100,CH02,X,g,84,0.000862
3100,CH02,X,g,88,0.00073
3100,CH02,X,g,92,0.0007
3100,CH02,X,g,96,0.000663
3100,CH02,X,g,100,0.008586
3100,CH02,X,g,104,0.034511
3100,CH02,X,g,108,0.004852
3100,CH02,X,g,112,0.000778
3100,CH02,X,g,116,0.00055
3100,CH02,X,g,120,0.00091
3100,CH02,X,g,124,0.0007
3100,CH02,X,g,128,0.000704
3100,CH02,X,g,132,0.000628
3100,CH02,X,g,136,0.000625
3100,CH02,X,g,140,0.000841
3100,CH02,X,g,144,0.000603
3100,CH02,X,g,148,0.000606
3100,CH02,X,g,152,0.000994
3100,CH02,X,g,156,0.000708
3100,CH02,X,g,160,0.000751
3100,CH02,X,g,164,0.000656
3100,CH02,X,g,168,0.000972
3100,CH02,X,g,172,0.000886
3100,CH02,X,g,176,0.000769
3100,CH02,X,g,180,0.000632
3100,CH02,X,g,184,0.000949
3100,CH02,X,g,188,0.000652
3100,CH02,X,g,192,0.000807
3100,CH02,X,g,196,0.000681
3100,CH02,X,g,200,0.000782
3100,CH02,X,g,204,0.003413
3100,CH02,X,g,208,0.005135
3100,CH02,X,g,212,0.00113
3100,CH02,X,g,216,0.000838
3100,CH02,X,g,220,0.000684
3100,CH02,X,g,224,0.000805
3100,CH02,X,g,228,0.00067
3100,CH02,X,g,232,0.000631
3100,CH02,X,g,236,0.000721
3100,CH02,X,g,240,0.000581
3100,CH02,X,g,244,0.000728
3100,CH02,X,g,248,0.000573
3100,CH02,X,g,252,0.000914
3100,CH02,X,g,256,0.000933
3100,CH02,X,g,260,0.000851
3100,CH02,X,g,264,0.000744
3100,CH02,X,g,268,0.00084
3100,CH02,X,g,272,0.00067
3100,CH02,X,g,276,0.000886
3100,CH02,X,g,280,0.000701
3100,CH02,X,g,284,0.000704
3100,CH02,X,g,288,0.000717
3100,CH02,X,g,292,0.000891
3100,CH02,X,g,296,0.000645
3100,CH02,X,g,300,0.000519
3100,CH02,X,g,304,0.000858
3100,CH02,X,g,308,0.000835
3100,CH02,X,g,312,0.000708
3100,CH02,X,g,316,0.000914
3100,CH02,X,g,320,0.000724
3100,CH02,X,g,324,0.000765
3100,CH02,X,g,328,0.000677
3100,CH02,X,g,332,0.000905
3100,CH02,X,g,336,0.000654
3100,CH02,X,g,340,0.000878
3100,CH02,X,g,344,0.000729
3100,CH02,X,g,348,0.000982
3100,CH02,X,g,352,0.000646
3100,CH02,X,g,356,0.000504
3100,CH02,X,g,360,0.000739
3100,CH02,X,g,364,0.000562
3100,CH02,X,g,368,0.000516
3100,CH02,X,g,372,0.000563
3100,CH02,X,g,376,0.000721
3100,CH02,X,g,380,0.000862
3100,CH02,X,g,384,0.000713
3100,CH02,X,g,388,0.00051
3100,CH02,X,g,392,0.000863
3100,CH02,X,g,396,0.000754
3100,CH02,X,g,400,0.000974
3200,CH02,X,g,4,0.00079
3200,CH02,X,g,8,0.000545
3200,CH02,X,g,12,0.000588
3200,CH02,X,g,16,0.00061
3200,CH02,X,g,20,0.000923
3200,CH02,X,g,24,0.000704
3200,CH02,X,g,28,0.000637
3200,CH02,X,g,32,0.000863
3200,CH02,X,g,36,0.000974
3200,CH02,X,g,40,0.000979
3200,CH02,X,g,44,0.000662
3200,CH02,X,g,48,0.001
3200,CH02,X,g,52,0.007036
3200,CH02,X,g,56,0.004414
3200,CH02,X,g,60,0.000706
3200,CH02,X,g,64,0.000831
3200,CH02,X,g,68,0.000816
3200,CH02,X,g,72,0.000712
3200,CH02,X,g,76,0.000803
3200,CH02,X,g,80,0.00089
3200,CH02,X,g,84,0.000979
3200,CH02,X,g,88,0.000883
3200,CH02,X,g,92,0.000568
3200,CH02,X,g,96,0.000657
3200,CH02,X,g,100,0.000901
3200,CH02,X,g,104,0.017833
3200,CH02,X,g,108,0.041283
3200,CH02,X,g,112,0.003558
3200,CH02,X,g,116,0.000856
3200,CH02,X,g,120,0.000781
3200,CH02,X,g,124,0.000784
3200,CH02,X,g,128,0.000713
3200,CH02,X,g,132,0.000692
3200,CH02,X,g,136,0.000554
3200,CH02,X,g,140,0.000955
3200,CH02,X,g,144,0.000907
3200,CH02,X,g,148,0.000909
3200,CH02,X,g,152,0.00051
3200,CH02,X,g,156,0.000562
3200,CH02,X,g,160,0.000908
3200,CH02,X,g,164,0.000683
3200,CH02,X,g,168,0.000995
3200,CH02,X,g,172,0.000668
3200,CH02,X,g,176,0.000568
3200,CH02,X,g,180,0.000687
3200,CH02,X,g,184,0.00053
3200,CH02,X,g,188,0.000622
3200,CH02,X,g,192,0.000699
3200,CH02,X,g,196,0.000966
3200,CH02,X,g,200,0.000863
3200,CH02,X,g,204,0.000913
3200,CH02,X,g,208,0.000954
3200,CH02,X,g,212,0.0055
3200,CH02,X,g,216,0.003288
3200,CH02,X,g,220,0.000556
3200,CH02,X,g,224,0.000774
3200,CH02,X,g,228,0.000741
3200,CH02,X,g,232,0.000561
3200,CH02,X,g,236,0.000541
3200,CH02,X,g,240,0.000906
3200,CH02,X,g,244,0.000954
3200,CH02,X,g,248,0.000947
3200,CH02,X,g,252,0.000817
3200,CH02,X,g,256,0.000833
3200,CH02,X,g,260,0.000585
3200,CH02,X,g,264,0.000657
3200,CH02,X,g,268,0.000933
3200,CH02,X,g,272,0.000723
3200,CH02,X,g,276,0.000959
3200,CH02,X,g,280,0.000791
3200,CH02,X,g,284,0.00098
3200,CH02,X,g,288,0.000986
3200,CH02,X,g,292,0.000952
3200,CH02,X,g,296,0.000794
3200,CH02,X,g,300,0.000711
3200,CH02,X,g,304,0.000755
3200,CH02,X,g,308,0.000969
3200,CH02,X,g,312,0.000924
3200,CH02,X,g,316,0.001
3200,CH02,X,g,320,0.000581
3200,CH02,X,g,324,0.000698
3200,CH02,X,g,328,0.000571
3200,CH02,X,g,332,0.000821
3200,CH02,X,g,336,0.000756
3200,CH02,X,g,340,0.000511
3200,CH02,X,g,344,0.000707
3200,CH02,X,g,348,0.000836
3200,CH02,X,g,352,0.00071
3200,CH02,X,g,356,0.000727
3200,CH02,X,g,360,0.000957
3200,CH02,X,g,364,0.000893
3200,CH02,X,g,368,0.000574
3200,CH02,X,g,372,0.000702
3200,CH02,X,g,376,0.000804
3200,CH02,X,g,380,0.000696
3200,CH02,X,g,384,0.000949
3200,CH02,X,g,388,0.000662
3200,CH02,X,g,392,0.000837
3200,CH02,X,g,396,0.000716
3200,CH02,X,g,400,0.000885
3300,CH02,X,g,4,0.000762
3300,CH02,X,g,8,0.000674
3300,CH02,X,g,12,0.000818
3300,CH02,X,g,16,0.000647
3300,CH02,X,g,20,0.000661
3300,CH02,X,g,24,0.000956
3300,CH02,X,g,28,0.000655
3300,CH02,X,g,32,0.000557
3300,CH02,X,g,36,0.000894
3300,CH02,X,g,40,0.000798
3300,CH02,X,g,44,0.00074
3300,CH02,X,g,48,0.000752
3300,CH02,X,g,52,0.003859
3300,CH02,X,g,56,0.008122
3300,CH02,X,g,60,0.001353
3300,CH02,X,g,64,0.000939
3300,CH02,X,g,68,0.000546
3300,CH02,X,g,72,0.000985
3300,CH02,X,g,76,0.000979
3300,CH02,X,g,80,0.00062
3300,CH02,X,g,84,0.000589
3300,CH02,X,g,88,0.000545
3300,CH02,X,g,92,0.000939
3300,CH02,X,g,96,0.000571
3300,CH02,X,g,100,0.000538
3300,CH02,X,g,104,0.001678
3300,CH02,X,g,108,0.03466
3300,CH02,X,g,112,0.043256
3300,CH02,X,g,116,0.002041
3300,CH02,X,g,120,0.000624
3300,CH02,X,g,124,0.000522
3300,CH02,X,g,128,0.000628
3300,CH02,X,g,132,0.000771
3300,CH02,X,g,136,0.000748
3300,CH02,X,g,140,0.000882
3300,CH02,X,g,144,0.000675
3300,CH02,X,g,148,0.000778
3300,CH02,X,g,152,0.000895
3300,CH02,X,g,156,0.000541
3300,CH02,X,g,160,0.000638
3300,CH02,X,g,164,0.000759
3300,CH02,X,g,168,0.000638
3300,CH02,X,g,172,0.000633
3300,CH02,X,g,176,0.000613
3300,CH02,X,g,180,0.000862
3300,CH02,X,g,184,0.000966
3300,CH02,X,g,188,0.000842
3300,CH02,X,g,192,0.00093
3300,CH02,X,g,196,0.000924
3300,CH02,X,g,200,0.000713
3300,CH02,X,g,204,0.000922
3300,CH02,X,g,208,0.000582
3300,CH02,X,g,212,0.000793
3300,CH02,X,g,216,0.001789
3300,CH02,X,g,220,0.006767
3300,CH02,X,g,224,0.001926
3300,CH02,X,g,228,0.00083
3300,CH02,X,g,232,0.000916
3300,CH02,X,g,236,0.000866
3300,CH02,X,g,240,0.000726
3300,CH02,X,g,244,0.000925
3300,CH02,X,g,248,0.0007
3300,CH02,X,g,252,0.000942
3300,CH02,X,g,256,0.000578
3300,CH02,X,g,260,0.000807
3300,CH02,X,g,264,0.000766
3300,CH02,X,g,268,0.000633
3300,CH02,X,g,272,0.00069
3300,CH02,X,g,276,0.000613
3300,CH02,X,g,280,0.000941
3300,CH02,X,g,284,0.000664
3300,CH02,X,g,288,0.000549
3300,CH02,X,g,292,0.000964
3300,CH02,X,g,296,0.000636
3300,CH02,X,g,300,0.000513
3300,CH02,X,g,304,0.000781
3300,CH02,X,g,308,0.000537
3300,CH02,X,g,312,0.000661
3300,CH02,X,g,316,0.000798
3300,CH02,X,g,320,0.000811
3300,CH02,X,g,324,0.000712
3300,CH02,X,g,328,0.000544
3300,CH02,X,g,332,0.000824
3300,CH02,X,g,336,0.000776
3300,CH02,X,g,340,0.000963
3300,CH02,X,g,344,0.000665
3300,CH02,X,g,348,0.000817
3300,CH02,X,g,352,0.000874
3300,CH02,X,g,356,0.000579
3300,CH02,X,g,360,0.000802
3300,CH02,X,g,364,0.000656
3300,CH02,X,g,368,0.000914
3300,CH02,X,g,372,0.000675
3300,CH02,X,g,376,0.000817
3300,CH02,X,g,380,0.000961
3300,CH02,X,g,384,0.000639
3300,CH02,X,g,388,0.000878
3300,CH02,X,g,392,0.000936
3300,CH02,X,g,396,0.000813
3300,CH02,X,g,400,0.000775
3400,CH02,X,g,4,0.000947
3400,CH02,X,g,8,0.000722
3400,CH02,X,g,12,0.000727
3400,CH02,X,g,16,0.000943
3400,CH02,X,g,20,0.000903
3400,CH02,X,g,24,0.000986
3400,CH02,X,g,28,0.000547
3400,CH02,X,g,32,0.000906
3400,CH02,X,g,36,0.000852
3400,CH02,X,g,40,0.000981
3400,CH02,X,g,44,0.000532
3400,CH02,X,g,48,0.000975
3400,CH02,X,g,52,0.001657
3400,CH02,X,g,56,0.009119
3400,CH02,X,g,60,0.003144
3400,CH02,X,g,64,0.000585
3400,CH02,X,g,68,0.000947
3400,CH02,X,g,72,0.000711
3400,CH02,X,g,76,0.000914
3400,CH02,X,g,80,0.00092
3400,CH02,X,g,84,0.000678
3400,CH02,X,g,88,0.000752
3400,CH02,X,g,92,0.000852
3400,CH02,X,g,96,0.000995
3400,CH02,X,g,100,0.000711
3400,CH02,X,g,104,0.000659
3400,CH02,X,g,108,0.003083
3400,CH02,X,g,112,0.058713
3400,CH02,X,g,116,0.038218
3400,CH02,X,g,120,0.001124
3400,CH02,X,g,124,0.000885
3400,CH02,X,g,128,0.000805
3400,CH02,X,g,132,0.000572
3400,CH02,X,g,136,0.0006
3400,CH02,X,g,140,0.000652
3400,CH02,X,g,144,0.000619
3400,CH02,X,g,148,0.000576
3400,CH02,X,g,152,0.00084
3400,CH02,X,g,156,0.000853
3400,CH02,X,g,160,0.000911
3400,CH02,X,g,164,0.000522
3400,CH02,X,g,168,0.000822
3400,CH02,X,g,172,0.000696
3400,CH02,X,g,176,0.000876
3400,CH02,X,g,180,0.000978
3400,CH02,X,g,184,0.000881
3400,CH02,X,g,188,0.00054
3400,CH02,X,g,192,0.000587
3400,CH02,X,g,196,0.000907
3400,CH02,X,g,200,0.000531
3400,CH02,X,g,204,0.0005
3400,CH02,X,g,208,0.000902
3400,CH02,X,g,212,0.000691
3400,CH02,X,g,216,0.000599
3400,CH02,X,g,220,0.000881
3400,CH02,X,g,224,0.003933
3400,CH02,X,g,228,0.006278
3400,CH02,X,g,232,0.000885
3400,CH02,X,g,236,0.000821
3400,CH02,X,g,240,0.000628
3400,CH02,X,g,244,0.000877
3400,CH02,X,g,248,0.000755
3400,CH02,X,g,252,0.000916
3400,CH02,X,g,256,0.000645
3400,CH02,X,g,260,0.000755
3400,CH02,X,g,264,0.000565
3400,CH02,X,g,268,0.000801
3400,CH02,X,g,272,0.000571
3400,CH02,X,g,276,0.000927
3400,CH02,X,g,280,0.000736
3400,CH02,X,g,284,0.000576
3400,CH02,X,g,288,0.000718
3400,CH02,X,g,292,0.000655
3400,CH02,X,g,296,0.000619
3400,CH02,X,g,300,0.000715
3400,CH02,X,g,304,0.000843
3400,CH02,X,g,308,0.000839
3400,CH02,X,g,312,0.000513
3400,CH02,X,g,316,0.000746
3400,CH02,X,g,320,0.00084
3400,CH02,X,g,324,0.000522
3400,CH02,X,g,328,0.000624
3400,CH02,X,g,332,0.000521
3400,CH02,X,g,336,0.000814
3400,CH02,X,g,340,0.000612
3400,CH02,X,g,344,0.000857
3400,CH02,X,g,348,0.000753
3400,CH02,X,g,352,0.000853
3400,CH02,X,g,356,0.000946
3400,CH02,X,g,360,0.000937
3400,CH02,X,g,364,0.000948
3400,CH02,X,g,368,0.000948
3400,CH02,X,g,372,0.000932
3400,CH02,X,g,376,0.000824
3400,CH02,X,g,380,0.000805
3400,CH02,X,g,384,0.000863
3400,CH02,X,g,388,0.000885
3400,CH02,X,g,392,0.000573
3400,CH02,X,g,396,0.000575
3400,CH02,X,g,400,0.000685
3500,CH02,X,g,4,0.000713
3500,CH02,X,g,8,0.000788
3500,CH02,X,g,12,0.000976
3500,CH02,X,g,16,0.000978
3500,CH02,X,g,20,0.000631
3500,CH02,X,g,24,0.000728
3500,CH02,X,g,28,0.000534
3500,CH02,X,g,32,0.000731
3500,CH02,X,g,36,0.000886
3500,CH02,X,g,40,0.00066
3500,CH02,X,g,44,0.000869
3500,CH02,X,g,48,0.000654
3500,CH02,X,g,52,0.000909
3500,CH02,X,g,56,0.005851
3500,CH02,X,g,60,0.00749
3500,CH02,X,g,64,0.001201
3500,CH02,X,g,68,0.000725
3500,CH02,X,g,72,0.000696
3500,CH02,X,g,76,0.000959
3500,CH02,X,g,80,0.000634
3500,CH02,X,g,84,0.00099
3500,CH02,X,g,88,0.000936
3500,CH02,X,g,92,0.00058
3500,CH02,X,g,96,0.000648
3500,CH02,X,g,100,0.000523
3500,CH02,X,g,104,0.000552
3500,CH02,X,g,108,0.000574
3500,CH02,X,g,112,0.007555
3500,CH02,X,g,116,0.083556
3500,CH02,X,g,120,0.027458
3500,CH02,X,g,124,0.001124
3500,CH02,X,g,128,0.000634
3500,CH02,X,g,132,0.000882
3500,CH02,X,g,136,0.000691
3500,CH02,X,g,140,0.000658
3500,CH02,X,g,144,0.000552
3500,CH02,X,g,148,0.000873
3500,CH02,X,g,152,0.000682
3500,CH02,X,g,156,0.000785
3500,CH02,X,g,160,0.000835
3500,CH02,X,g,164,0.000628
3500,CH02,X,g,168,0.000555
3500,CH02,X,g,172,0.0009
3500,CH02,X,g,176,0.000951
3500,CH02,X,g,180,0.00067
3500,CH02,X,g,184,0.000998
3500,CH02,X,g,188,0.000654
3500,CH02,X,g,192,0.000769
3500,CH02,X,g,196,0.000906
3500,CH02,X,g,200,0.000638
3500,CH02,X,g,204,0.000872
3500,CH02,X,g,208,0.000584
3500,CH02,X,g,212,0.000743
3500,CH02,X,g,216,0.000833
3500,CH02,X,g,220,0.000883
3500,CH02,X,g,224,0.000656
3500,CH02,X,g,228,0.001152
3500,CH02,X,g,232,0.006621
3500,CH02,X,g,236,0.003778
3500,CH02,X,g,240,0.000586
3500,CH02,X,g,244,0.000843
3500,CH02,X,g,248,0.000591
3500,CH02,X,g,252,0.000746
3500,CH02,X,g,256,0.000663
3500,CH02,X,g,260,0.000951
3500,CH02,X,g,264,0.000951
3500,CH02,X,g,268,0.000544
3500,CH02,X,g,272,0.000747
3500,CH02,X,g,276,0.000858
3500,CH02,X,g,280,0.000554
3500,CH02,X,g,284,0.000614
3500,CH02,X,g,288,0.000744
3500,CH02,X,g,292,0.000689
3500,CH02,X,g,296,0.000945
3500,CH02,X,g,300,0.000898
3500,CH02,X,g,304,0.000549
3500,CH02,X,g,308,0.000876
3500,CH02,X,g,312,0.000994
3500,CH02,X,g,316,0.000824
3500,CH02,X,g,320,0.000917
3500,CH02,X,g,324,0.00089
3500,CH02,X,g,328,0.000799
3500,CH02,X,g,332,0.000913
3500,CH02,X,g,336,0.000949
3500,CH02,X,g,340,0.000747
3500,CH02,X,g,344,0.000706
3500,CH02,X,g,348,0.000927
3500,CH02,X,g,352,0.000698
3500,CH02,X,g,356,0.000898
3500,CH02,X,g,360,0.000838
3500,CH02,X,g,364,0.0007
3500,CH02,X,g,368,0.000699
3500,CH02,X,g,372,0.000596
3500,CH02,X,g,376,0.000861
3500,CH02,X,g,380,0.000645
3500,CH02,X,g,384,0.000641
3500,CH02,X,g,388,0.000977
3500,CH02,X,g,392,0.000944
3500,CH02,X,g,396,0.000753
3500,CH02,X,g,400,0.000978
3600,CH02,X,g,4,0.000828
3600,CH02,X,g,8,0.000543
3600,CH02,X,g,12,0.000597
3600,CH02,X,g,16,0.000895
3600,CH02,X,g,20,0.000943
3600,CH02,X,g,24,0.000778
3600,CH02,X,g,28,0.000691
3600,CH02,X,g,32,0.000631
3600,CH02,X,g,36,0.000722
3600,CH02,X,g,40,0.000527
3600,CH02,X,g,44,0.00087
3600,CH02,X,g,48,0.000743
3600,CH02,X,g,52,0.000545
3600,CH02,X,g,56,0.002557
3600,CH02,X,g,60,0.010707
3600,CH02,X,g,64,0.002634
3600,CH02,X,g,68,0.000842
3600,CH02,X,g,72,0.000879
3600,CH02,X,g,76,0.00069
3600,CH02,X,g,80,0.000933
3600,CH02,X,g,84,0.000965
3600,CH02,X,g,88,0.000943
3600,CH02,X,g,92,0.000777
3600,CH02,X,g,96,0.000695
3600,CH02,X,g,100,0.000708
3600,CH02,X,g,104,0.000963
3600,CH02,X,g,108,0.000876
3600,CH02,X,g,112,0.00103
3600,CH02,X,g,116,0.016099
3600,CH02,X,g,120,0.097708
3600,CH02,X,g,124,0.016128
3600,CH02,X,g,128,0.000577
3600,CH02,X,g,132,0.000939
3600,CH02,X,g,136,0.000959
3600,CH02,X,g,140,0.000965
3600,CH02,X,g,144,0.000578
3600,CH02,X,g,148,0.00094
3600,CH02,X,g,152,0.000794
3600,CH02,X,g,156,0.000527
3600,CH02,X,g,160,0.000864
3600,CH02,X,g,164,0.000661
3600,CH02,X,g,168,0.000927
3600,CH02,X,g,172,0.000507
3600,CH02,X,g,176,0.000633
3600,CH02,X,g,180,0.000725
3600,CH02,X,g,184,0.000939
3600,CH02,X,g,188,0.000926
3600,CH02,X,g,192,0.000724
3600,CH02,X,g,196,0.000658
3600,CH02,X,g,200,0.000614
3600,CH02,X,g,204,0.000906
3600,CH02,X,g,208,0.000566
3600,CH02,X,g,212,0.000816
3600,CH02,X,g,216,0.000574
3600,CH02,X,g,220,0.000621
3600,CH02,X,g,224,0.000696
3600,CH02,X,g,228,0.000746
3600,CH02,X,g,232,0.000991
3600,CH02,X,g,236,0.001907
3600,CH02,X,g,240,0.007846
3600,CH02,X,g,244,0.002055
3600,CH02,X,g,248,0.00076
3600,CH02,X,g,252,0.000747
3600,CH02,X,g,256,0.000549
3600,CH02,X,g,260,0.000689
3600,CH02,X,g,264,0.000623
3600,CH02,X,g,268,0.000892
3600,CH02,X,g,272,0.000909
3600,CH02,X,g,276,0.000806
3600,CH02,X,g,280,0.000643
3600,CH02,X,g,284,0.000981
3600,CH02,X,g,288,0.000983
3600,CH02,X,g,292,0.000908
3600,CH02,X,g,296,0.00055
3600,CH02,X,g,300,0.000954
3600,CH02,X,g,304,0.000875
3600,CH02,X,g,308,0.000973
3600,CH02,X,g,312,0.000778
3600,CH02,X,g,316,0.000795
3600,CH02,X,g,320,0.000879
3600,CH02,X,g,324,0.000902
3600,CH02,X,g,328,0.000571
3600,CH02,X,g,332,0.000883
3600,CH02,X,g,336,0.000753
3600,CH02,X,g,340,0.00081
3600,CH02,X,g,344,0.000875
3600,CH02,X,g,348,0.000508
3600,CH02,X,g,352,0.000937
3600,CH02,X,g,356,0.000615
3600,CH02,X,g,360,0.000907
3600,CH02,X,g,364,0.000969
3600,CH02,X,g,368,0.000947
3600,CH02,X,g,372,0.000673
3600,CH02,X,g,376,0.000538
3600,CH02,X,g,380,0.00059
3600,CH02,X,g,384,0.000982
3600,CH02,X,g,388,0.000947
3600,CH02,X,g,392,0.000731
3600,CH02,X,g,396,0.000892
3600,CH02,X,g,400,0.000647
3700,CH02,X,g,4,0.000888
3700,CH02,X,g,8,0.000921
3700,CH02,X,g,12,0.000546
3700,CH02,X,g,16,0.000876
3700,CH02,X,g,20,0.000869
3700,CH02,X,g,24,0.000961
3700,CH02,X,g,28,0.000967
3700,CH02,X,g,32,0.000662
3700,CH02,X,g,36,0.000757
3700,CH02,X,g,40,0.000846
3700,CH02,X,g,44,0.000596
3700,CH02,X,g,48,0.000502
3700,CH02,X,g,52,0.000744
3700,CH02,X,g,56,0.001286
3700,CH02,X,g,60,0.008502
3700,CH02,X,g,64,0.006217
3700,CH02,X,g,68,0.000699
3700,CH02,X,g,72,0.000998
3700,CH02,X,g,76,0.000874
3700,CH02,X,g,80,0.000823
3700,CH02,X,g,84,0.000975
3700,CH02,X,g,88,0.000633
3700,CH02,X,g,92,0.000803
3700,CH02,X,g,96,0.000726
3700,CH02,X,g,100,0.000933
3700,CH02,X,g,104,0.000821
3700,CH02,X,g,108,0.000899
3700,CH02,X,g,112,0.000785
3700,CH02,X,g,116,0.001094
3700,CH02,X,g,120,0.030493
3700,CH02,X,g,124,0.093519
3700,CH02,X,g,128,0.00835
3700,CH02,X,g,132,0.000826
3700,CH02,X,g,136,0.000709
3700,CH02,X,g,140,0.000974
3700,CH02,X,g,144,0.000804
3700,CH02,X,g,148,0.000996
3700,CH02,X,g,152,0.000543
3700,CH02,X,g,156,0.000631
3700,CH02,X,g,160,0.000601
3700,CH02,X,g,164,0.000675
3700,CH02,X,g,168,0.000824
3700,CH02,X,g,172,0.000635
3700,CH02,X,g,176,0.000524
3700,CH02,X,g,180,0.000609
3700,CH02,X,g,184,0.000671
3700,CH02,X,g,188,0.000848
3700,CH02,X,g,192,0.000991
3700,CH02,X,g,196,0.000755
3700,CH02,X,g,200,0.000567
3700,CH02,X,g,204,0.00069
3700,CH02,X,g,208,0.000666
3700,CH02,X,g,212,0.000817
3700,CH02,X,g,216,0.000817
3700,CH02,X,g,220,0.000647
3700,CH02,X,g,224,0.000559
3700,CH02,X,g,228,0.000596
3700,CH02,X,g,232,0.00063
3700,CH02,X,g,236,0.000705
3700,CH02,X,g,240,0.000849
3700,CH02,X,g,244,0.004388
3700,CH02,X,g,248,0.006921
3700,CH02,X,g,252,0.001094
3700,CH02,X,g,256,0.000744
3700,CH02,X,g,260,0.000514
3700,CH02,X,g,264,0.00054
3700,CH02,X,g,268,0.000591
3700,CH02,X,g,272,0.000962
3700,CH02,X,g,276,0.000896
3700,CH02,X,g,280,0.000698
3700,CH02,X,g,284,0.000805
3700,CH02,X,g,288,0.000577
3700,CH02,X,g,292,0.000928
3700,CH02,X,g,296,0.000965
3700,CH02,X,g,300,0.000543
3700,CH02,X,g,304,0.000805
3700,CH02,X,g,308,0.00079
3700,CH02,X,g,312,0.000612
3700,CH02,X,g,316,0.000627
3700,CH02,X,g,320,0.000747
3700,CH02,X,g,324,0.000639
3700,CH02,X,g,328,0.000909
3700,CH02,X,g,332,0.000707
3700,CH02,X,g,336,0.000651
3700,CH02,X,g,340,0.000979
3700,CH02,X,g,344,0.000923
3700,CH02,X,g,348,0.00083
3700,CH02,X,g,352,0.000902
3700,CH02,X,g,356,0.000918
3700,CH02,X,g,360,0.00057
3700,CH02,X,g,364,0.000661
3700,CH02,X,g,368,0.000895
3700,CH02,X,g,372,0.000535
3700,CH02,X,g,376,0.000751
3700,CH02,X,g,380,0.000614
3700,CH02,X,g,384,0.000592
3700,CH02,X,g,388,0.000939
3700,CH02,X,g,392,0.000618
3700,CH02,X,g,396,0.00072
3700,CH02,X,g,400,0.000838
3800,CH02,X,g,4,0.000787
3800,CH02,X,g,8,0.000709
3800,CH02,X,g,12,0.000633
3800,CH02,X,g,16,0.00094
3800,CH02,X,g,20,0.000578
3800,CH02,X,g,24,0.000597
3800,CH02,X,g,28,0.000963
3800,CH02,X,g,32,0.00093
3800,CH02,X,g,36,0.000925
3800,CH02,X,g,40,0.000566
3800,CH02,X,g,44,0.000865
3800,CH02,X,g,48,0.000786
3800,CH02,X,g,52,0.000674
3800,CH02,X,g,56,0.000877
3800,CH02,X,g,60,0.004107
3800,CH02,X,g,64,0.011183
3800,CH02,X,g,68,0.001588
3800,CH02,X,g,72,0.000671
3800,CH02,X,g,76,0.000691
3800,CH02,X,g,80,0.000553
3800,CH02,X,g,84,0.000945
3800,CH02,X,g,88,0.000506
3800,CH02,X,g,92,0.000576
3800,CH02,X,g,96,0.000872
3800,CH02,X,g,100,0.000506
3800,CH02,X,g,104,0.000851
3800,CH02,X,g,108,0.000794
3800,CH02,X,g,112,0.000944
3800,CH02,X,g,116,0.000747
3800,CH02,X,g,120,0.001387
3800,CH02,X,g,124,0.047444
3800,CH02,X,g,128,0.07313
3800,CH02,X,g,132,0.003785
3800,CH02,X,g,136,0.000665
3800,CH02,X,g,140,0.000726
3800,CH02,X,g,144,0.000693
3800,CH02,X,g,148,0.000846
3800,CH02,X,g,152,0.000502
3800,CH02,X,g,156,0.000983
3800,CH02,X,g,160,0.000722
3800,CH02,X,g,164,0.000513
3800,CH02,X,g,168,0.000586
3800,CH02,X,g,172,0.000536
3800,CH02,X,g,176,0.000807
3800,CH02,X,g,180,0.000819
3800,CH02,X,g,184,0.000607
3800,CH02,X,g,188,0.000598
3800,CH02,X,g,192,0.000603
3800,CH02,X,g,196,0.000723
3800,CH02,X,g,200,0.00086
3800,CH02,X,g,204,0.000626
3800,CH02,X,g,208,0.000839
3800,CH02,X,g,212,0.000665
3800,CH02,X,g,216,0.000764
3800,CH02,X,g,220,0.000544
3800,CH02,X,g,224,0.000745
3800,CH02,X,g,228,0.000557
3800,CH02,X,g,232,0.000897
3800,CH02,X,g,236,0.000962
3800,CH02,X,g,240,0.000919
3800,CH02,X,g,244,0.000797
3800,CH02,X,g,248,0.000928
3800,CH02,X,g,252,0.00729
3800,CH02,X,g,256,0.004363
3800,CH02,X,g,260,0.000734
3800,CH02,X,g,264,0.00098
3800,CH02,X,g,268,0.000622
3800,CH02,X,g,272,0.000951
3800,CH02,X,g,276,0.000752
3800,CH02,X,g,280,0.00094
3800,CH02,X,g,284,0.000814
3800,CH02,X,g,288,0.000683
3800,CH02,X,g,292,0.000649
3800,CH02,X,g,296,0.000777
3800,CH02,X,g,300,0.000976
3800,CH02,X,g,304,0.000606
3800,CH02,X,g,308,0.000526
3800,CH02,X,g,312,0.000963
3800,CH02,X,g,316,0.000907
3800,CH02,X,g,320,0.000944
3800,CH02,X,g,324,0.000834
3800,CH02,X,g,328,0.000759
3800,CH02,X,g,332,0.000846
3800,CH02,X,g,336,0.000849
3800,CH02,X,g,340,0.000739
3800,CH02,X,g,344,0.000827
3800,CH02,X,g,348,0.000988
3800,CH02,X,g,352,0.000517
3800,CH02,X,g,356,0.000541
3800,CH02,X,g,360,0.000826
3800,CH02,X,g,364,0.000764
3800,CH02,X,g,368,0.000608
3800,CH02,X,g,372,0.000915
3800,CH02,X,g,376,0.000697
3800,CH02,X,g,380,0.000944
3800,CH02,X,g,384,0.000931
3800,CH02,X,g,388,0.000805
3800,CH02,X,g,392,0.000999
3800,CH02,X,g,396,0.000529
3800,CH02,X,g,400,0.00059
3900,CH02,X,g,4,0.000635
3900,CH02,X,g,8,0.000801
3900,CH02,X,g,12,0.000571
3900,CH02,X,g,16,0.000594
3900,CH02,X,g,20,0.00088
3900,CH02,X,g,24,0.000663
3900,CH02,X,g,28,0.00073
3900,CH02,X,g,32,0.000767
3900,CH02,X,g,36,0.000778
3900,CH02,X,g,40,0.000773
3900,CH02,X,g,44,0.000897
3900,CH02,X,g,48,0.000725
3900,CH02,X,g,52,0.00092
3900,CH02,X,g,56,0.000587
3900,CH02,X,g,60,0.001399
3900,CH02,X,g,64,0.010985
3900,CH02,X,g,68,0.004919
3900,CH02,X,g,72,0.000942
3900,CH02,X,g,76,0.00063
3900,CH02,X,g,80,0.000663
3900,CH02,X,g,84,0.000762
3900,CH02,X,g,88,0.000527
3900,CH02,X,g,92,0.000686
3900,CH02,X,g,96,0.000944
3900,CH02,X,g,100,0.000722
3900,CH02,X,g,104,0.000576
3900,CH02,X,g,108,0.00053
3900,CH02,X,g,112,0.000861
3900,CH02,X,g,116,0.000597
3900,CH02,X,g,120,0.000896
3900,CH02,X,g,124,0.002912
3900,CH02,X,g,128,0.060295
3900,CH02,X,g,132,0.048098
3900,CH02,X,g,136,0.00196
3900,CH02,X,g,140,0.000594
3900,CH02,X,g,144,0.0008
3900,CH02,X,g,148,0.000748
3900,CH02,X,g,152,0.000585
3900,CH02,X,g,156,0.000897
3900,CH02,X,g,160,0.000665
3900,CH02,X,g,164,0.000836
3900,CH02,X,g,168,0.000714
3900,CH02,X,g,172,0.000668
3900,CH02,X,g,176,0.000716
3900,CH02,X,g,180,0.000741
3900,CH02,X,g,184,0.000558
3900,CH02,X,g,188,0.00054
3900,CH02,X,g,192,0.000949
3900,CH02,X,g,196,0.000973
3900,CH02,X,g,200,0.00089
3900,CH02,X,g,204,0.000561
3900,CH02,X,g,208,0.000869
3900,CH02,X,g,212,0.000694
3900,CH02,X,g,216,0.000922
3900,CH02,X,g,220,0.000878
3900,CH02,X,g,224,0.000991
3900,CH02,X,g,228,0.000604
3900,CH02,X,g,232,0.000939
3900,CH02,X,g,236,0.00057
3900,CH02,X,g,240,0.000924
3900,CH02,X,g,244,0.000752
3900,CH02,X,g,248,0.000783
3900,CH02,X,g,252,0.000795
3900,CH02,X,g,256,0.002085
3900,CH02,X,g,260,0.009463
3900,CH02,X,g,264,0.001972
3900,CH02,X,g,268,0.000681
3900,CH02,X,g,272,0.000544
3900,CH02,X,g,276,0.000719
3900,CH02,X,g,280,0.000671
3900,CH02,X,g,284,0.000743
3900,CH02,X,g,288,0.000665
3900,CH02,X,g,292,0.000547
3900,CH02,X,g,296,0.000899
3900,CH02,X,g,300,0.000656
3900,CH02,X,g,304,0.000566
3900,CH02,X,g,308,0.000506
3900,CH02,X,g,312,0.000501
3900,CH02,X,g,316,0.000551
3900,CH02,X,g,320,0.000556
3900,CH02,X,g,324,0.000601
3900,CH02,X,g,328,0.000624
3900,CH02,X,g,332,0.000898
3900,CH02,X,g,336,0.000682
3900,CH02,X,g,340,0.000807
3900,CH02,X,g,344,0.000682
3900,CH02,X,g,348,0.000995
3900,CH02,X,g,352,0.000977
3900,CH02,X,g,356,0.000706
3900,CH02,X,g,360,0.000821
3900,CH02,X,g,364,0.000667
3900,CH02,X,g,368,0.000692
3900,CH02,X,g,372,0.000718
3900,CH02,X,g,376,0.000611
3900,CH02,X,g,380,0.000544
3900,CH02,X,g,384,0.000751
3900,CH02,X,g,388,0.000828
3900,CH02,X,g,392,0.000943
3900,CH02,X,g,396,0.000741
3900,CH02,X,g,400,0.000674
4000,CH02,X,g,4,0.000639
4000,CH02,X,g,8,0.000923
4000,CH02,X,g,12,0.000718
4000,CH02,X,g,16,0.000655
4000,CH02,X,g,20,0.000726
4000,CH02,X,g,24,0.000948
4000,CH02,X,g,28,0.000886
4000,CH02,X,g,32,0.000735
4000,CH02,X,g,36,0.000519
4000,CH02,X,g,40,0.000801
4000,CH02,X,g,44,0.00072
4000,CH02,X,g,48,0.000759
4000,CH02,X,g,52,0.000591
4000,CH02,X,g,56,0.000979
4000,CH02,X,g,60,0.000776
4000,CH02,X,g,64,0.006417
4000,CH02,X,g,68,0.010711
4000,CH02,X,g,72,0.001184
4000,CH02,X,g,76,0.000933
4000,CH02,X,g,80,0.000983
4000,CH02,X,g,84,0.000757
4000,CH02,X,g,88,0.0008
4000,CH02,X,g,92,0.000841
4000,CH02,X,g,96,0.000767
4000,CH02,X,g,100,0.000675
4000,CH02,X,g,104,0.000655
4000,CH02,X,g,108,0.000586
4000,CH02,X,g,112,0.000896
4000,CH02,X,g,116,0.000578
4000,CH02,X,g,120,0.000918
4000,CH02,X,g,124,0.000911
4000,CH02,X,g,128,0.005096
4000,CH02,X,g,132,0.064241
4000,CH02,X,g,136,0.027392
4000,CH02,X,g,140,0.001145
4000,CH02,X,g,144,0.000746
4000,CH02,X,g,148,0.000674
4000,CH02,X,g,152,0.000548
4000,CH02,X,g,156,0.00071
4000,CH02,X,g,160,0.000778
4000,CH02,X,g,164,0.000725
4000,CH02,X,g,168,0.00092
4000,CH02,X,g,172,0.000649
4000,CH02,X,g,176,0.000836
4000,CH02,X,g,180,0.00068
4000,CH02,X,g,184,0.000792
4000,CH02,X,g,188,0.000739
4000,CH02,X,g,192,0.000535
4000,CH02,X,g,196,0.000528
4000,CH02,X,g,200,0.00052
4000,CH02,X,g,204,0.000591
4000,CH02,X,g,208,0.000749
4000,CH02,X,g,212,0.000804
4000,CH02,X,g,216,0.000543
4000,CH02,X,g,220,0.000756
4000,CH02,X,g,224,0.000785
4000,CH02,X,g,228,0.000797
4000,CH02,X,g,232,0.000897
4000,CH02,X,g,236,0.00051
4000,CH02,X,g,240,0.000646
4000,CH02,X,g,244,0.000715
4000,CH02,X,g,248,0.000759
4000,CH02,X,g,252,0.000589
4000,CH02,X,g,256,0.000882
4000,CH02,X,g,260,0.000603
4000,CH02,X,g,264,0.004885
4000,CH02,X,g,268,0.008085
4000,CH02,X,g,272,0.001043
4000,CH02,X,g,276,0.000938
4000,CH02,X,g,280,0.000512
4000,CH02,X,g,284,0.000581
4000,CH02,X,g,288,0.000543
4000,CH02,X,g,292,0.000989
4000,CH02,X,g,296,0.000853
4000,CH02,X,g,300,0.000961
4000,CH02,X,g,304,0.000558
4000,CH02,X,g,308,0.000577
4000,CH02,X,g,312,0.000858
4000,CH02,X,g,316,0.00076
4000,CH02,X,g,320,0.000658
4000,CH02,X,g,324,0.000571
4000,CH02,X,g,328,0.000516
4000,CH02,X,g,332,0.000911
4000,CH02,X,g,336,0.000634
4000,CH02,X,g,340,0.000935
4000,CH02,X,g,344,0.000515
4000,CH02,X,g,348,0.000836
4000,CH02,X,g,352,0.000758
4000,CH02,X,g,356,0.000977
4000,CH02,X,g,360,0.000981
4000,CH02,X,g,364,0.000636
4000,CH02,X,g,368,0.00067
4000,CH02,X,g,372,0.000776
4000,CH02,X,g,376,0.000796
4000,CH02,X,g,380,0.000528
4000,CH02,X,g,384,0.000765
4000,CH02,X,g,388,0.000704
4000,CH02,X,g,392,0.000664
4000,CH02,X,g,396,0.000692
4000,CH02,X,g,400,0.000648
1000,CH02,Y,g,4,0.000945
1000,CH02,Y,g,8,0.0007
1000,CH02,Y,g,12,0.000613
1000,CH02,Y,g,16,0.001065
1000,CH02,Y,g,20,0.000793
1000,CH02,Y,g,24,0.000548
1000,CH02,Y,g,28,0.000888
1000,CH02,Y,g,32,0.002073
1000,CH02,Y,g,36,0.001315
1000,CH02,Y,g,40,0.000798
1000,CH02,Y,g,44,0.00067
1000,CH02,Y,g,48,0.000932
1000,CH02,Y,g,52,0.000869
1000,CH02,Y,g,56,0.00084
1000,CH02,Y,g,60,0.000962
1000,CH02,Y,g,64,0.001007
1000,CH02,Y,g,68,0.001213
1000,CH02,Y,g,72,0.001007
1000,CH02,Y,g,76,0.000923
1000,CH02,Y,g,80,0.00076
1000,CH02,Y,g,84,0.000857
1000,CH02,Y,g,88,0.000955
1000,CH02,Y,g,92,0.000648
1000,CH02,Y,g,96,0.000957
1000,CH02,Y,g,100,0.000769
1000,CH02,Y,g,104,0.000805
1000,CH02,Y,g,108,0.000772
1000,CH02,Y,g,112,0.000595
1000,CH02,Y,g,116,0.000788
1000,CH02,Y,g,120,0.00076
1000,CH02,Y,g,124,0.000863
1000,CH02,Y,g,128,0.00093
1000,CH02,Y,g,132,0.000709
1000,CH02,Y,g,136,0.000528
1000,CH02,Y,g,140,0.000733
1000,CH02,Y,g,144,0.000889
1000,CH02,Y,g,148,0.00072
1000,CH02,Y,g,152,0.000794
1000,CH02,Y,g,156,0.000849
1000,CH02,Y,g,160,0.000968
1000,CH02,Y,g,164,0.000748
1000,CH02,Y,g,168,0.000928
1000,CH02,Y,g,172,0.000913
1000,CH02,Y,g,176,0.000854
1000,CH02,Y,g,180,0.000954
1000,CH02,Y,g,184,0.000817
1000,CH02,Y,g,188,0.000774
1000,CH02,Y,g,192,0.000557
1000,CH02,Y,g,196,0.000714
1000,CH02,Y,g,200,0.000551
1000,CH02,Y,g,204,0.000705
1000,CH02,Y,g,208,0.000836
1000,CH02,Y,g,212,0.000695
1000,CH02,Y,g,216,0.000904
1000,CH02,Y,g,220,0.00067
1000,CH02,Y,g,224,0.000665
1000,CH02,Y,g,228,0.000819
1000,CH02,Y,g,232,0.000862
1000,CH02,Y,g,236,0.000595
1000,CH02,Y,g,240,0.000814
1000,CH02,Y,g,244,0.000844
1000,CH02,Y,g,248,0.000925
1000,CH02,Y,g,252,0.000965
1000,CH02,Y,g,256,0.00092
1000,CH02,Y,g,260,0.000982
1000,CH02,Y,g,264,0.000971
1000,CH02,Y,g,268,0.00055
1000,CH02,Y,g,272,0.000784
1000,CH02,Y,g,276,0.00094
1000,CH02,Y,g,280,0.000648
1000,CH02,Y,g,284,0.000681
1000,CH02,Y,g,288,0.000632
1000,CH02,Y,g,292,0.000626
1000,CH02,Y,g,296,0.000882
1000,CH02,Y,g,300,0.000821
1000,CH02,Y,g,304,0.000505
1000,CH02,Y,g,308,0.00064
1000,CH02,Y,g,312,0.000849
1000,CH02,Y,g,316,0.000813
1000,CH02,Y,g,320,0.000793
1000,CH02,Y,g,324,0.000835
1000,CH02,Y,g,328,0.000839
1000,CH02,Y,g,332,0.000728
1000,CH02,Y,g,336,0.000853
1000,CH02,Y,g,340,0.000911
1000,CH02,Y,g,344,0.000988
1000,CH02,Y,g,348,0.000958
1000,CH02,Y,g,352,0.000918
1000,CH02,Y,g,356,0.000757
1000,CH02,Y,g,360,0.000817
1000,CH02,Y,g,364,0.000527
1000,CH02,Y,g,368,0.000666
1000,CH02,Y,g,372,0.000659
1000,CH02,Y,g,376,0.000863
1000,CH02,Y,g,380,0.000932
1000,CH02,Y,g,384,0.000558
1000,CH02,Y,g,388,0.000598
1000,CH02,Y,g,392,0.000879
1000,CH02,Y,g,396,0.000754
1000,CH02,Y,g,400,0.000934
1100,CH02,Y,g,4,0.000595
1100,CH02,Y,g,8,0.00071
1100,CH02,Y,g,12,0.000514
1100,CH02,Y,g,16,0.001232
1100,CH02,Y,g,20,0.001415
1100,CH02,Y,g,24,0.000542
1100,CH02,Y,g,28,0.000971
1100,CH02,Y,g,32,0.000948
1100,CH02,Y,g,36,0.002402
1100,CH02,Y,g,40,0.001449
1100,CH02,Y,g,44,0.000583
1100,CH02,Y,g,48,0.000621
1100,CH02,Y,g,52,0.000826
1100,CH02,Y,g,56,0.000647
1100,CH02,Y,g,60,0.000839
1100,CH02,Y,g,64,0.00084
1100,CH02,Y,g,68,0.000622
1100,CH02,Y,g,72,0.000988
1100,CH02,Y,g,76,0.000796
1100,CH02,Y,g,80,0.000558
1100,CH02,Y,g,84,0.000885
1100,CH02,Y,g,88,0.000702
1100,CH02,Y,g,92,0.0005
1100,CH02,Y,g,96,0.000685
1100,CH02,Y,g,100,0.000805
1100,CH02,Y,g,104,0.000643
1100,CH02,Y,g,108,0.000759
1100,CH02,Y,g,112,0.000606
1100,CH02,Y,g,116,0.000989
1100,CH02,Y,g,120,0.000837
1100,CH02,Y,g,124,0.00089
1100,CH02,Y,g,128,0.000686
1100,CH02,Y,g,132,0.000846
1100,CH02,Y,g,136,0.000884
1100,CH02,Y,g,140,0.000508
1100,CH02,Y,g,144,0.000801
1100,CH02,Y,g,148,0.000944
1100,CH02,Y,g,152,0.000931
1100,CH02,Y,g,156,0.000834
1100,CH02,Y,g,160,0.000763
1100,CH02,Y,g,164,0.000625
1100,CH02,Y,g,168,0.00089
1100,CH02,Y,g,172,0.000535
1100,CH02,Y,g,176,0.000775
1100,CH02,Y,g,180,0.000521
1100,CH02,Y,g,184,0.000562
1100,CH02,Y,g,188,0.00099
1100,CH02,Y,g,192,0.000846
1100,CH02,Y,g,196,0.00054
1100,CH02,Y,g,200,0.000565
1100,CH02,Y,g,204,0.000734
1100,CH02,Y,g,208,0.000822
1100,CH02,Y,g,212,0.000707
1100,CH02,Y,g,216,0.000788
1100,CH02,Y,g,220,0.000649
1100,CH02,Y,g,224,0.000553
1100,CH02,Y,g,228,0.000717
1100,CH02,Y,g,232,0.000954
1100,CH02,Y,g,236,0.000999
1100,CH02,Y,g,240,0.000896
1100,CH02,Y,g,244,0.000862
1100,CH02,Y,g,248,0.000542
1100,CH02,Y,g,252,0.000771
1100,CH02,Y,g,256,0.00064
1100,CH02,Y,g,260,0.000801
1100,CH02,Y,g,264,0.000916
1100,CH02,Y,g,268,0.000847
1100,CH02,Y,g,272,0.000764
1100,CH02,Y,g,276,0.000616
1100,CH02,Y,g,280,0.000833
1100,CH02,Y,g,284,0.000747
1100,CH02,Y,g,288,0.000683
1100,CH02,Y,g,292,0.00055
1100,CH02,Y,g,296,0.000757
1100,CH02,Y,g,300,0.000888
1100,CH02,Y,g,304,0.000556
1100,CH02,Y,g,308,0.000511
1100,CH02,Y,g,312,0.000899
1100,CH02,Y,g,316,0.00078
1100,CH02,Y,g,320,0.000769
1100,CH02,Y,g,324,0.00051
1100,CH02,Y,g,328,0.000749
1100,CH02,Y,g,332,0.000865
1100,CH02,Y,g,336,0.000515
1100,CH02,Y,g,340,0.000688
1100,CH02,Y,g,344,0.000584
1100,CH02,Y,g,348,0.0009
1100,CH02,Y,g,352,0.000735
1100,CH02,Y,g,356,0.000962
1100,CH02,Y,g,360,0.000747
1100,CH02,Y,g,364,0.000966
1100,CH02,Y,g,368,0.000797
1100,CH02,Y,g,372,0.000577
1100,CH02,Y,g,376,0.000886
1100,CH02,Y,g,380,0.000553
1100,CH02,Y,g,384,0.000907
1100,CH02,Y,g,388,0.000628
1100,CH02,Y,g,392,0.000579
1100,CH02,Y,g,396,0.000787
1100,CH02,Y,g,400,0.000578
1200,CH02,Y,g,4,0.000579
1200,CH02,Y,g,8,0.00085
1200,CH02,Y,g,12,0.000561
1200,CH02,Y,g,16,0.000774
1200,CH02,Y,g,20,0.001406
1200,CH02,Y,g,24,0.000966
1200,CH02,Y,g,28,0.000782
1200,CH02,Y,g,32,0.000778
1200,CH02,Y,g,36,0.001016
1200,CH02,Y,g,40,0.002409
1200,CH02,Y,g,44,0.000987
1200,CH02,Y,g,48,0.000619
1200,CH02,Y,g,52,0.000884
1200,CH02,Y,g,56,0.000809
1200,CH02,Y,g,60,0.000972
1200,CH02,Y,g,64,0.000961
1200,CH02,Y,g,68,0.000938
1200,CH02,Y,g,72,0.000508
1200,CH02,Y,g,76,0.000798
1200,CH02,Y,g,80,0.001239
1200,CH02,Y,g,84,0.000883
1200,CH02,Y,g,88,0.000926
1200,CH02,Y,g,92,0.000708
1200,CH02,Y,g,96,0.000535
1200,CH02,Y,g,100,0.00098
1200,CH02,Y,g,104,0.000767
1200,CH02,Y,g,108,0.000982
1200,CH02,Y,g,112,0.000781
1200,CH02,Y,g,116,0.00062
1200,CH02,Y,g,120,0.000613
1200,CH02,Y,g,124,0.000774
1200,CH02,Y,g,128,0.000883
1200,CH02,Y,g,132,0.000832
1200,CH02,Y,g,136,0.000812
1200,CH02,Y,g,140,0.000903
1200,CH02,Y,g,144,0.000502
1200,CH02,Y,g,148,0.000892
1200,CH02,Y,g,152,0.000634
1200,CH02,Y,g,156,0.00057
1200,CH02,Y,g,160,0.000951
1200,CH02,Y,g,164,0.000516
1200,CH02,Y,g,168,0.000761
1200,CH02,Y,g,172,0.000682
1200,CH02,Y,g,176,0.000943
1200,CH02,Y,g,180,0.000819
1200,CH02,Y,g,184,0.000797
1200,CH02,Y,g,188,0.000619
1200,CH02,Y,g,192,0.000686
1200,CH02,Y,g,196,0.000572
1200,CH02,Y,g,200,0.00075
1200,CH02,Y,g,204,0.000894
1200,CH02,Y,g,208,0.000818
1200,CH02,Y,g,212,0.000985
1200,CH02,Y,g,216,0.000522
1200,CH02,Y,g,220,0.00083
1200,CH02,Y,g,224,0.000685
1200,CH02,Y,g,228,0.000904
1200,CH02,Y,g,232,0.000792
1200,CH02,Y,g,236,0.000857
1200,CH02,Y,g,240,0.000718
1200,CH02,Y,g,244,0.000943
1200,CH02,Y,g,248,0.000861
1200,CH02,Y,g,252,0.00083
1200,CH02,Y,g,256,0.000574
1200,CH02,Y,g,260,0.000866
1200,CH02,Y,g,264,0.000621
1200,CH02,Y,g,268,0.000707
1200,CH02,Y,g,272,0.00067
1200,CH02,Y,g,276,0.000791
1200,CH02,Y,g,280,0.000619
1200,CH02,Y,g,284,0.000672
1200,CH02,Y,g,288,0.000798
1200,CH02,Y,g,292,0.000887
1200,CH02,Y,g,296,0.000565
1200,CH02,Y,g,300,0.0009
1200,CH02,Y,g,304,0.000585
1200,CH02,Y,g,308,0.00083
1200,CH02,Y,g,312,0.000572
1200,CH02,Y,g,316,0.000815
1200,CH02,Y,g,320,0.000707
1200,CH02,Y,g,324,0.000676
1200,CH02,Y,g,328,0.000873
1200,CH02,Y,g,332,0.000554
1200,CH02,Y,g,336,0.000911
1200,CH02,Y,g,340,0.000639
1200,CH02,Y,g,344,0.000844
1200,CH02,Y,g,348,0.00094
1200,CH02,Y,g,352,0.000952
1200,CH02,Y,g,356,0.00078
1200,CH02,Y,g,360,0.000519
1200,CH02,Y,g,364,0.000688
1200,CH02,Y,g,368,0.000626
1200,CH02,Y,g,372,0.000816
1200,CH02,Y,g,376,0.000693
1200,CH02,Y,g,380,0.000851
1200,CH02,Y,g,384,0.000509
1200,CH02,Y,g,388,0.000825
1200,CH02,Y,g,392,0.000931
1200,CH02,Y,g,396,0.000822
1200,CH02,Y,g,400,0.000882
1300,CH02,Y,g,4,0.000827
1300,CH02,Y,g,8,0.000531
1300,CH02,Y,g,12,0.000982
1300,CH02,Y,g,16,0.000725
1300,CH02,Y,g,20,0.001513
1300,CH02,Y,g,24,0.001071
1300,CH02,Y,g,28,0.000535
1300,CH02,Y,g,32,0.00059
1300,CH02,Y,g,36,0.000686
1300,CH02,Y,g,40,0.001438
1300,CH02,Y,g,44,0.002913
1300,CH02,Y,g,48,0.001013
1300,CH02,Y,g,52,0.000501
1300,CH02,Y,g,56,0.000954
1300,CH02,Y,g,60,0.000585
1300,CH02,Y,g,64,0.00085
1300,CH02,Y,g,68,0.000664
1300,CH02,Y,g,72,0.000891
1300,CH02,Y,g,76,0.000525
1300,CH02,Y,g,80,0.000963
1300,CH02,Y,g,84,0.001104
1300,CH02,Y,g,88,0.00156
1300,CH02,Y,g,92,0.000992
1300,CH02,Y,g,96,0.000762
1300,CH02,Y,g,100,0.000964
1300,CH02,Y,g,104,0.00063
1300,CH02,Y,g,108,0.000776
1300,CH02,Y,g,112,0.000684
1300,CH02,Y,g,116,0.000626
1300,CH02,Y,g,120,0.000567
1300,CH02,Y,g,124,0.000967
1300,CH02,Y,g,128,0.00057
1300,CH02,Y,g,132,0.000964
1300,CH02,Y,g,136,0.000658
1300,CH02,Y,g,140,0.00076
1300,CH02,Y,g,144,0.000946
1300,CH02,Y,g,148,0.000778
1300,CH02,Y,g,152,0.000559
1300,CH02,Y,g,156,0.000985
1300,CH02,Y,g,160,0.000782
1300,CH02,Y,g,164,0.000799
1300,CH02,Y,g,168,0.000877
1300,CH02,Y,g,172,0.000898
1300,CH02,Y,g,176,0.000704
1300,CH02,Y,g,180,0.000924
1300,CH02,Y,g,184,0.000618
1300,CH02,Y,g,188,0.000643
1300,CH02,Y,g,192,0.000614
1300,CH02,Y,g,196,0.000988
1300,CH02,Y,g,200,0.000513
1300,CH02,Y,g,204,0.000504
1300,CH02,Y,g,208,0.000746
1300,CH02,Y,g,212,0.000584
1300,CH02,Y,g,216,0.000825
1300,CH02,Y,g,220,0.00084
1300,CH02,Y,g,224,0.000658
1300,CH02,Y,g,228,0.000964
1300,CH02,Y,g,232,0.000685
1300,CH02,Y,g,236,0.00088
1300,CH02,Y,g,240,0.000706
1300,CH02,Y,g,244,0.000818
1300,CH02,Y,g,248,0.00072
1300,CH02,Y,g,252,0.000931
1300,CH02,Y,g,256,0.000969
1300,CH02,Y,g,260,0.00058
1300,CH02,Y,g,264,0.000907
1300,CH02,Y,g,268,0.000596
1300,CH02,Y,g,272,0.000527
1300,CH02,Y,g,276,0.000542
1300,CH02,Y,g,280,0.000655
1300,CH02,Y,g,284,0.000919
1300,CH02,Y,g,288,0.00096
1300,CH02,Y,g,292,0.000874
1300,CH02,Y,g,296,0.000505
1300,CH02,Y,g,300,0.000958
1300,CH02,Y,g,304,0.000823
1300,CH02,Y,g,308,0.00089
1300,CH02,Y,g,312,0.000638
1300,CH02,Y,g,316,0.000977
1300,CH02,Y,g,320,0.00078
1300,CH02,Y,g,324,0.000705
1300,CH02,Y,g,328,0.000739
1300,CH02,Y,g,332,0.000819
1300,CH02,Y,g,336,0.000936
1300,CH02,Y,g,340,0.000938
1300,CH02,Y,g,344,0.000547
1300,CH02,Y,g,348,0.000857
1300,CH02,Y,g,352,0.000941
1300,CH02,Y,g,356,0.000798
1300,CH02,Y,g,360,0.000566
1300,CH02,Y,g,364,0.000995
1300,CH02,Y,g,368,0.000522
1300,CH02,Y,g,372,0.000711
1300,CH02,Y,g,376,0.000786
1300,CH02,Y,g,380,0.000754
1300,CH02,Y,g,384,0.000728
1300,CH02,Y,g,388,0.00059
1300,CH02,Y,g,392,0.000851
1300,CH02,Y,g,396,0.000586
1300,CH02,Y,g,400,0.000658
1400,CH02,Y,g,4,0.000709
1400,CH02,Y,g,8,0.000748
1400,CH02,Y,g,12,0.000609
1400,CH02,Y,g,16,0.000599
1400,CH02,Y,g,20,0.001037
1400,CH02,Y,g,24,0.001896
1400,CH02,Y,g,28,0.000907
1400,CH02,Y,g,32,0.000757
1400,CH02,Y,g,36,0.000779
1400,CH02,Y,g,40,0.000803
1400,CH02,Y,g,44,0.002134
1400,CH02,Y,g,48,0.003052
1400,CH02,Y,g,52,0.001098
1400,CH02,Y,g,56,0.000666
1400,CH02,Y,g,60,0.000677
1400,CH02,Y,g,64,0.00084
1400,CH02,Y,g,68,0.000633
1400,CH02,Y,g,72,0.000698
1400,CH02,Y,g,76,0.000663
1400,CH02,Y,g,80,0.00096
1400,CH02,Y,g,84,0.000575
1400,CH02,Y,g,88,0.000832
1400,CH02,Y,g,92,0.001259
1400,CH02,Y,g,96,0.001335
1400,CH02,Y,g,100,0.000872
1400,CH02,Y,g,104,0.000573
1400,CH02,Y,g,108,0.000708
1400,CH02,Y,g,112,0.000569
1400,CH02,Y,g,116,0.000554
1400,CH02,Y,g,120,0.00093
1400,CH02,Y,g,124,0.000962
1400,CH02,Y,g,128,0.000641
1400,CH02,Y,g,132,0.000668
1400,CH02,Y,g,136,0.000666
1400,CH02,Y,g,140,0.000873
1400,CH02,Y,g,144,0.000627
1400,CH02,Y,g,148,0.000531
1400,CH02,Y,g,152,0.00092
1400,CH02,Y,g,156,0.000984
1400,CH02,Y,g,160,0.000576
1400,CH02,Y,g,164,0.000953
1400,CH02,Y,g,168,0.000698
1400,CH02,Y,g,172,0.000781
1400,CH02,Y,g,176,0.000902
1400,CH02,Y,g,180,0.000576
1400,CH02,Y,g,184,0.000581
1400,CH02,Y,g,188,0.000668
1400,CH02,Y,g,192,0.000512
1400,CH02,Y,g,196,0.00091
1400,CH02,Y,g,200,0.000855
1400,CH02,Y,g,204,0.000527
1400,CH02,Y,g,208,0.000761
1400,CH02,Y,g,212,0.000564
1400,CH02,Y,g,216,0.000819
1400,CH02,Y,g,220,0.000933
1400,CH02,Y,g,224,0.000666
1400,CH02,Y,g,228,0.000578
1400,CH02,Y,g,232,0.000786
1400,CH02,Y,g,236,0.000523
1400,CH02,Y,g,240,0.000765
1400,CH02,Y,g,244,0.000732
1400,CH02,Y,g,248,0.000558
1400,CH02,Y,g,252,0.000817
1400,CH02,Y,g,256,0.00097
1400,CH02,Y,g,260,0.000772
1400,CH02,Y,g,264,0.000805
1400,CH02,Y,g,268,0.000553
1400,CH02,Y,g,272,0.000515
1400,CH02,Y,g,276,0.0008
1400,CH02,Y,g,280,0.000743
1400,CH02,Y,g,284,0.000668
1400,CH02,Y,g,288,0.000778
1400,CH02,Y,g,292,0.0007
1400,CH02,Y,g,296,0.000719
1400,CH02,Y,g,300,0.000727
1400,CH02,Y,g,304,0.000568
1400,CH02,Y,g,308,0.000927
1400,CH02,Y,g,312,0.000843
1400,CH02,Y,g,316,0.000876
1400,CH02,Y,g,320,0.000991
1400,CH02,Y,g,324,0.000507
1400,CH02,Y,g,328,0.000749
1400,CH02,Y,g,332,0.000981
1400,CH02,Y,g,336,0.000676
1400,CH02,Y,g,340,0.000765
1400,CH02,Y,g,344,0.000765
1400,CH02,Y,g,348,0.000806
1400,CH02,Y,g,352,0.000989
1400,CH02,Y,g,356,0.000883
1400,CH02,Y,g,360,0.000931
1400,CH02,Y,g,364,0.000966
1400,CH02,Y,g,368,0.000847
1400,CH02,Y,g,372,0.000988
1400,CH02,Y,g,376,0.000938
1400,CH02,Y,g,380,0.000763
1400,CH02,Y,g,384,0.000916
1400,CH02,Y,g,388,0.000569
1400,CH02,Y,g,392,0.000587
1400,CH02,Y,g,396,0.00052
1400,CH02,Y,g,400,0.000533
1500,CH02,Y,g,4,0.000774
1500,CH02,Y,g,8,0.000623
1500,CH02,Y,g,12,0.000838
1500,CH02,Y,g,16,0.000675
1500,CH02,Y,g,20,0.000757
1500,CH02,Y,g,24,0.002043
1500,CH02,Y,g,28,0.001337
1500,CH02,Y,g,32,0.000538
1500,CH02,Y,g,36,0.000987
1500,CH02,Y,g,40,0.000869
1500,CH02,Y,g,44,0.000601
1500,CH02,Y,g,48,0.002876
1500,CH02,Y,g,52,0.002532
1500,CH02,Y,g,56,0.000643
1500,CH02,Y,g,60,0.001
1500,CH02,Y,g,64,0.000992
1500,CH02,Y,g,68,0.00053
1500,CH02,Y,g,72,0.000774
1500,CH02,Y,g,76,0.000626
1500,CH02,Y,g,80,0.000815
1500,CH02,Y,g,84,0.000583
1500,CH02,Y,g,88,0.000807
1500,CH02,Y,g,92,0.000607
1500,CH02,Y,g,96,0.000894
1500,CH02,Y,g,100,0.001965
1500,CH02,Y,g,104,0.001161
1500,CH02,Y,g,108,0.000658
1500,CH02,Y,g,112,0.000906
1500,CH02,Y,g,116,0.000884
1500,CH02,Y,g,120,0.00062
1500,CH02,Y,g,124,0.000513
1500,CH02,Y,g,128,0.000526
1500,CH02,Y,g,132,0.000883
1500,CH02,Y,g,136,0.000636
1500,CH02,Y,g,140,0.000778
1500,CH02,Y,g,144,0.000538
1500,CH02,Y,g,148,0.00089
1500,CH02,Y,g,152,0.000873
1500,CH02,Y,g,156,0.00096
1500,CH02,Y,g,160,0.000836
1500,CH02,Y,g,164,0.000846
1500,CH02,Y,g,168,0.000768
1500,CH02,Y,g,172,0.000753
1500,CH02,Y,g,176,0.000628
1500,CH02,Y,g,180,0.000638
1500,CH02,Y,g,184,0.000932
1500,CH02,Y,g,188,0.00075
1500,CH02,Y,g,192,0.00072
1500,CH02,Y,g,196,0.000769
1500,CH02,Y,g,200,0.000797
1500,CH02,Y,g,204,0.000903
1500,CH02,Y,g,208,0.000641
1500,CH02,Y,g,212,0.0006
1500,CH02,Y,g,216,0.000567
1500,CH02,Y,g,220,0.00081
1500,CH02,Y,g,224,0.000965
1500,CH02,Y,g,228,0.00064
1500,CH02,Y,g,232,0.000808
1500,CH02,Y,g,236,0.000798
1500,CH02,Y,g,240,0.00082
1500,CH02,Y,g,244,0.000747
1500,CH02,Y,g,248,0.0009
1500,CH02,Y,g,252,0.000576
1500,CH02,Y,g,256,0.000651
1500,CH02,Y,g,260,0.00058
1500,CH02,Y,g,264,0.000865
1500,CH02,Y,g,268,0.000525
1500,CH02,Y,g,272,0.000635
1500,CH02,Y,g,276,0.000617
1500,CH02,Y,g,280,0.000835
1500,CH02,Y,g,284,0.00071
1500,CH02,Y,g,288,0.00088
1500,CH02,Y,g,292,0.000594
1500,CH02,Y,g,296,0.000759
1500,CH02,Y,g,300,0.00053
1500,CH02,Y,g,304,0.000658
1500,CH02,Y,g,308,0.000847
1500,CH02,Y,g,312,0.000619
1500,CH02,Y,g,316,0.000949
1500,CH02,Y,g,320,0.000714
1500,CH02,Y,g,324,0.000635
1500,CH02,Y,g,328,0.000607
1500,CH02,Y,g,332,0.000807
1500,CH02,Y,g,336,0.000741
1500,CH02,Y,g,340,0.000569
1500,CH02,Y,g,344,0.00057
1500,CH02,Y,g,348,0.000834
1500,CH02,Y,g,352,0.000861
1500,CH02,Y,g,356,0.000827
1500,CH02,Y,g,360,0.000724
1500,CH02,Y,g,364,0.000531
1500,CH02,Y,g,368,0.000769
1500,CH02,Y,g,372,0.000869
1500,CH02,Y,g,376,0.000654
1500,CH02,Y,g,380,0.000766
1500,CH02,Y,g,384,0.000563
1500,CH02,Y,g,388,0.000909
1500,CH02,Y,g,392,0.000833
1500,CH02,Y,g,396,0.000626
1500,CH02,Y,g,400,0.000888
1600,CH02,Y,g,4,0.000705
1600,CH02,Y,g,8,0.000548
1600,CH02,Y,g,12,0.000906
1600,CH02,Y,g,16,0.000892
1600,CH02,Y,g,20,0.000749
1600,CH02,Y,g,24,0.001374
1600,CH02,Y,g,28,0.001664
1600,CH02,Y,g,32,0.000766
1600,CH02,Y,g,36,0.000964
1600,CH02,Y,g,40,0.000951
1600,CH02,Y,g,44,0.000878
1600,CH02,Y,g,48,0.000899
1600,CH02,Y,g,52,0.003591
1600,CH02,Y,g,56,0.002481
1600,CH02,Y,g,60,0.001016
1600,CH02,Y,g,64,0.000939
1600,CH02,Y,g,68,0.000827
1600,CH02,Y,g,72,0.000902
1600,CH02,Y,g,76,0.000788
1600,CH02,Y,g,80,0.000993
1600,CH02,Y,g,84,0.000548
1600,CH02,Y,g,88,0.00087
1600,CH02,Y,g,92,0.000627
1600,CH02,Y,g,96,0.000908
1600,CH02,Y,g,100,0.000546
1600,CH02,Y,g,104,0.001825
1600,CH02,Y,g,108,0.003083
1600,CH02,Y,g,112,0.000695
1600,CH02,Y,g,116,0.000706
1600,CH02,Y,g,120,0.000728
1600,CH02,Y,g,124,0.000701
1600,CH02,Y,g,128,0.000611
1600,CH02,Y,g,132,0.000911
1600,CH02,Y,g,136,0.00083
1600,CH02,Y,g,140,0.000503
1600,CH02,Y,g,144,0.000921
1600,CH02,Y,g,148,0.000728
1600,CH02,Y,g,152,0.000744
1600,CH02,Y,g,156,0.000851
1600,CH02,Y,g,160,0.000645
1600,CH02,Y,g,164,0.000857
1600,CH02,Y,g,168,0.000587
1600,CH02,Y,g,172,0.000791
1600,CH02,Y,g,176,0.000562
1600,CH02,Y,g,180,0.000789
1600,CH02,Y,g,184,0.000556
1600,CH02,Y,g,188,0.000828
1600,CH02,Y,g,192,0.000669
1600,CH02,Y,g,196,0.000794
1600,CH02,Y,g,200,0.000864
1600,CH02,Y,g,204,0.000978
1600,CH02,Y,g,208,0.000782
1600,CH02,Y,g,212,0.000707
1600,CH02,Y,g,216,0.00071
1600,CH02,Y,g,220,0.000758
1600,CH02,Y,g,224,0.00078
1600,CH02,Y,g,228,0.000694
1600,CH02,Y,g,232,0.000754
1600,CH02,Y,g,236,0.000784
1600,CH02,Y,g,240,0.000816
1600,CH02,Y,g,244,0.000853
1600,CH02,Y,g,248,0.000831
1600,CH02,Y,g,252,0.000672
1600,CH02,Y,g,256,0.000728
1600,CH02,Y,g,260,0.00071
1600,CH02,Y,g,264,0.000558
1600,CH02,Y,g,268,0.000816
1600,CH02,Y,g,272,0.00068
1600,CH02,Y,g,276,0.000883
1600,CH02,Y,g,280,0.000654
1600,CH02,Y,g,284,0.000527
1600,CH02,Y,g,288,0.000881
1600,CH02,Y,g,292,0.000895
1600,CH02,Y,g,296,0.000704
1600,CH02,Y,g,300,0.000604
1600,CH02,Y,g,304,0.000792
1600,CH02,Y,g,308,0.000705
1600,CH02,Y,g,312,0.000651
1600,CH02,Y,g,316,0.000997
1600,CH02,Y,g,320,0.000982
1600,CH02,Y,g,324,0.00068
1600,CH02,Y,g,328,0.000905
1600,CH02,Y,g,332,0.000767
1600,CH02,Y,g,336,0.00059
1600,CH02,Y,g,340,0.000645
1600,CH02,Y,g,344,0.000892
1600,CH02,Y,g,348,0.000878
1600,CH02,Y,g,352,0.000997
1600,CH02,Y,g,356,0.000624
1600,CH02,Y,g,360,0.000658
1600,CH02,Y,g,364,0.000649
1600,CH02,Y,g,368,0.000689
1600,CH02,Y,g,372,0.00099
1600,CH02,Y,g,376,0.000575
1600,CH02,Y,g,380,0.000659
1600,CH02,Y,g,384,0.000677
1600,CH02,Y,g,388,0.000681
1600,CH02,Y,g,392,0.000934
1600,CH02,Y,g,396,0.000965
1600,CH02,Y,g,400,0.000692
1700,CH02,Y,g,4,0.000839
1700,CH02,Y,g,8,0.000864
1700,CH02,Y,g,12,0.000939
1700,CH02,Y,g,16,0.000812
1700,CH02,Y,g,20,0.000966
1700,CH02,Y,g,24,0.000982
1700,CH02,Y,g,28,0.002143
1700,CH02,Y,g,32,0.000863
1700,CH02,Y,g,36,0.000613
1700,CH02,Y,g,40,0.000536
1700,CH02,Y,g,44,0.000561
1700,CH02,Y,g,48,0.00069
1700,CH02,Y,g,52,0.000971
1700,CH02,Y,g,56,0.004117
1700,CH02,Y,g,60,0.00191
1700,CH02,Y,g,64,0.000946
1700,CH02,Y,g,68,0.000693
1700,CH02,Y,g,72,0.000651
1700,CH02,Y,g,76,0.000535
1700,CH02,Y,g,80,0.000966
1700,CH02,Y,g,84,0.000836
1700,CH02,Y,g,88,0.000809
1700,CH02,Y,g,92,0.000628
1700,CH02,Y,g,96,0.000907
1700,CH02,Y,g,100,0.000893
1700,CH02,Y,g,104,0.000839
1700,CH02,Y,g,108,0.000838
1700,CH02,Y,g,112,0.003633
1700,CH02,Y,g,116,0.002876
1700,CH02,Y,g,120,0.000551
1700,CH02,Y,g,124,0.000772
1700,CH02,Y,g,128,0.000552
1700,CH02,Y,g,132,0.000828
1700,CH02,Y,g,136,0.00079
1700,CH02,Y,g,140,0.000947
1700,CH02,Y,g,144,0.000782
1700,CH02,Y,g,148,0.000609
1700,CH02,Y,g,152,0.000992
1700,CH02,Y,g,156,0.000525
1700,CH02,Y,g,160,0.000837
1700,CH02,Y,g,164,0.000684
1700,CH02,Y,g,168,0.000607
1700,CH02,Y,g,172,0.000911
1700,CH02,Y,g,176,0.000694
1700,CH02,Y,g,180,0.000982
1700,CH02,Y,g,184,0.000535
1700,CH02,Y,g,188,0.000669
1700,CH02,Y,g,192,0.000542
1700,CH02,Y,g,196,0.000558
1700,CH02,Y,g,200,0.000512
1700,CH02,Y,g,204,0.000922
1700,CH02,Y,g,208,0.000588
1700,CH02,Y,g,212,0.000998
1700,CH02,Y,g,216,0.000639
1700,CH02,Y,g,220,0.000892
1700,CH02,Y,g,224,0.000648
1700,CH02,Y,g,228,0.000518
1700,CH02,Y,g,232,0.000837
1700,CH02,Y,g,236,0.000883
1700,CH02,Y,g,240,0.000705
1700,CH02,Y,g,244,0.000805
1700,CH02,Y,g,248,0.000536
1700,CH02,Y,g,252,0.000602
1700,CH02,Y,g,256,0.000587
1700,CH02,Y,g,260,0.000516
1700,CH02,Y,g,264,0.000632
1700,CH02,Y,g,268,0.000658
1700,CH02,Y,g,272,0.00068
1700,CH02,Y,g,276,0.000683
1700,CH02,Y,g,280,0.000525
1700,CH02,Y,g,284,0.000503
1700,CH02,Y,g,288,0.00098
1700,CH02,Y,g,292,0.000684
1700,CH02,Y,g,296,0.000926
1700,CH02,Y,g,300,0.000741
1700,CH02,Y,g,304,0.000681
1700,CH02,Y,g,308,0.000766
1700,CH02,Y,g,312,0.000958
1700,CH02,Y,g,316,0.000914
1700,CH02,Y,g,320,0.000716
1700,CH02,Y,g,324,0.000585
1700,CH02,Y,g,328,0.000703
1700,CH02,Y,g,332,0.000739
1700,CH02,Y,g,336,0.000996
1700,CH02,Y,g,340,0.000811
1700,CH02,Y,g,344,0.00056
1700,CH02,Y,g,348,0.000855
1700,CH02,Y,g,352,0.000819
1700,CH02,Y,g,356,0.000996
1700,CH02,Y,g,360,0.000726
1700,CH02,Y,g,364,0.000702
1700,CH02,Y,g,368,0.000729
1700,CH02,Y,g,372,0.000937
1700,CH02,Y,g,376,0.0009
1700,CH02,Y,g,380,0.000597
1700,CH02,Y,g,384,0.000625
1700,CH02,Y,g,388,0.000655
1700,CH02,Y,g,392,0.000808
1700,CH02,Y,g,396,0.000681
1700,CH02,Y,g,400,0.000758
1800,CH02,Y,g,4,0.000685
1800,CH02,Y,g,8,0.000566
1800,CH02,Y,g,12,0.000587
1800,CH02,Y,g,16,0.000686
1800,CH02,Y,g,20,0.000891
1800,CH02,Y,g,24,0.000743
1800,CH02,Y,g,28,0.001774
1800,CH02,Y,g,32,0.001992
1800,CH02,Y,g,36,0.001014
1800,CH02,Y,g,40,0.000798
1800,CH02,Y,g,44,0.000591
1800,CH02,Y,g,48,0.000691
1800,CH02,Y,g,52,0.000959
1800,CH02,Y,g,56,0.001219
1800,CH02,Y,g,60,0.00485
1800,CH02,Y,g,64,0.001383
1800,CH02,Y,g,68,0.000596
1800,CH02,Y,g,72,0.000834
1800,CH02,Y,g,76,0.000673
1800,CH02,Y,g,80,0.000777
1800,CH02,Y,g,84,0.00063
1800,CH02,Y,g,88,0.000937
1800,CH02,Y,g,92,0.000524
1800,CH02,Y,g,96,0.000638
1800,CH02,Y,g,100,0.000886
1800,CH02,Y,g,104,0.000502
1800,CH02,Y,g,108,0.000892
1800,CH02,Y,g,112,0.000949
1800,CH02,Y,g,116,0.00167
1800,CH02,Y,g,120,0.005902
1800,CH02,Y,g,124,0.001534
1800,CH02,Y,g,128,0.000895
1800,CH02,Y,g,132,0.00068
1800,CH02,Y,g,136,0.000958
1800,CH02,Y,g,140,0.000631
1800,CH02,Y,g,144,0.000632
1800,CH02,Y,g,148,0.00085
1800,CH02,Y,g,152,0.000892
1800,CH02,Y,g,156,0.000783
1800,CH02,Y,g,160,0.000555
1800,CH02,Y,g,164,0.000885
1800,CH02,Y,g,168,0.000549
1800,CH02,Y,g,172,0.000511
1800,CH02,Y,g,176,0.000683
1800,CH02,Y,g,180,0.000789
1800,CH02,Y,g,184,0.000797
1800,CH02,Y,g,188,0.000555
1800,CH02,Y,g,192,0.00091
1800,CH02,Y,g,196,0.000614
1800,CH02,Y,g,200,0.000878
1800,CH02,Y,g,204,0.000989
1800,CH02,Y,g,208,0.000754
1800,CH02,Y,g,212,0.00075
1800,CH02,Y,g,216,0.000826
1800,CH02,Y,g,220,0.000938
1800,CH02,Y,g,224,0.000609
1800,CH02,Y,g,228,0.000754
1800,CH02,Y,g,232,0.000582
1800,CH02,Y,g,236,0.000935
1800,CH02,Y,g,240,0.000621
1800,CH02,Y,g,244,0.000849
1800,CH02,Y,g,248,0.000849
1800,CH02,Y,g,252,0.000741
1800,CH02,Y,g,256,0.000969
1800,CH02,Y,g,260,0.000825
1800,CH02,Y,g,264,0.000586
1800,CH02,Y,g,268,0.000513
1800,CH02,Y,g,272,0.000892
1800,CH02,Y,g,276,0.0007
1800,CH02,Y,g,280,0.000681
1800,CH02,Y,g,284,0.000706
1800,CH02,Y,g,288,0.000988
1800,CH02,Y,g,292,0.000712
1800,CH02,Y,g,296,0.000678
1800,CH02,Y,g,300,0.000882
1800,CH02,Y,g,304,0.000729
1800,CH02,Y,g,308,0.000725
1800,CH02,Y,g,312,0.000546
1800,CH02,Y,g,316,0.00055
1800,CH02,Y,g,320,0.000507
1800,CH02,Y,g,324,0.000746
1800,CH02,Y,g,328,0.000709
1800,CH02,Y,g,332,0.000817
1800,CH02,Y,g,336,0.000625
1800,CH02,Y,g,340,0.000562
1800,CH02,Y,g,344,0.000758
1800,CH02,Y,g,348,0.000925
1800,CH02,Y,g,352,0.000778
1800,CH02,Y,g,356,0.000774
1800,CH02,Y,g,360,0.000952
1800,CH02,Y,g,364,0.000566
1800,CH02,Y,g,368,0.000711
1800,CH02,Y,g,372,0.000715
1800,CH02,Y,g,376,0.000876
1800,CH02,Y,g,380,0.000511
1800,CH02,Y,g,384,0.000943
1800,CH02,Y,g,388,0.000654
1800,CH02,Y,g,392,0.00079
1800,CH02,Y,g,396,0.000647
1800,CH02,Y,g,400,0.000921
1900,CH02,Y,g,4,0.000688
1900,CH02,Y,g,8,0.000819
1900,CH02,Y,g,12,0.000511
1900,CH02,Y,g,16,0.000559
1900,CH02,Y,g,20,0.000922
1900,CH02,Y,g,24,0.000961
1900,CH02,Y,g,28,0.001412
1900,CH02,Y,g,32,0.002763
1900,CH02,Y,g,36,0.001
1900,CH02,Y,g,40,0.000516
1900,CH02,Y,g,44,0.000908
1900,CH02,Y,g,48,0.000791
1900,CH02,Y,g,52,0.000939
1900,CH02,Y,g,56,0.000674
1900,CH02,Y,g,60,0.002199
1900,CH02,Y,g,64,0.005252
1900,CH02,Y,g,68,0.001123
1900,CH02,Y,g,72,0.000816
1900,CH02,Y,g,76,0.000696
1900,CH02,Y,g,80,0.000534
1900,CH02,Y,g,84,0.000919
1900,CH02,Y,g,88,0.000946
1900,CH02,Y,g,92,0.000994
1900,CH02,Y,g,96,0.000878
1900,CH02,Y,g,100,0.000964
1900,CH02,Y,g,104,0.000887
1900,CH02,Y,g,108,0.000569
1900,CH02,Y,g,112,0.000686
1900,CH02,Y,g,116,0.000916
1900,CH02,Y,g,120,0.000756
1900,CH02,Y,g,124,0.003054
1900,CH02,Y,g,128,0.00431
1900,CH02,Y,g,132,0.000845
1900,CH02,Y,g,136,0.000774
1900,CH02,Y,g,140,0.00075
1900,CH02,Y,g,144,0.00096
1900,CH02,Y,g,148,0.000645
1900,CH02,Y,g,152,0.000808
1900,CH02,Y,g,156,0.000528
1900,CH02,Y,g,160,0.000908
1900,CH02,Y,g,164,0.000571
1900,CH02,Y,g,168,0.000624
1900,CH02,Y,g,172,0.000755
1900,CH02,Y,g,176,0.00081
1900,CH02,Y,g,180,0.00086
1900,CH02,Y,g,184,0.00074
1900,CH02,Y,g,188,0.000618
1900,CH02,Y,g,192,0.000851
1900,CH02,Y,g,196,0.000983
1900,CH02,Y,g,200,0.00073
1900,CH02,Y,g,204,0.000607
1900,CH02,Y,g,208,0.000678
1900,CH02,Y,g,212,0.000607
1900,CH02,Y,g,216,0.000996
1900,CH02,Y,g,220,0.000538
1900,CH02,Y,g,224,0.000825
1900,CH02,Y,g,228,0.000926
1900,CH02,Y,g,232,0.000759
1900,CH02,Y,g,236,0.000794
1900,CH02,Y,g,240,0.00081
1900,CH02,Y,g,244,0.000534
1900,CH02,Y,g,248,0.000823
1900,CH02,Y,g,252,0.0008
1900,CH02,Y,g,256,0.000574
1900,CH02,Y,g,260,0.000622
1900,CH02,Y,g,264,0.000697
1900,CH02,Y,g,268,0.00053
1900,CH02,Y,g,272,0.000684
1900,CH02,Y,g,276,0.000608
1900,CH02,Y,g,280,0.000706
1900,CH02,Y,g,284,0.000566
1900,CH02,Y,g,288,0.000583
1900,CH02,Y,g,292,0.000538
1900,CH02,Y,g,296,0.000818
1900,CH02,Y,g,300,0.000968
1900,CH02,Y,g,304,0.000957
1900,CH02,Y,g,308,0.000881
1900,CH02,Y,g,312,0.000946
1900,CH02,Y,g,316,0.000858
1900,CH02,Y,g,320,0.000932
1900,CH02,Y,g,324,0.000635
1900,CH02,Y,g,328,0.000886
1900,CH02,Y,g,332,0.000762
1900,CH02,Y,g,336,0.000735
1900,CH02,Y,g,340,0.000768
1900,CH02,Y,g,344,0.000733
1900,CH02,Y,g,348,0.000856
1900,CH02,Y,g,352,0.000804
1900,CH02,Y,g,356,0.00082
1900,CH02,Y,g,360,0.000791
1900,CH02,Y,g,364,0.000734
1900,CH02,Y,g,368,0.000561
1900,CH02,Y,g,372,0.000543
1900,CH02,Y,g,376,0.000569
1900,CH02,Y,g,380,0.000755
1900,CH02,Y,g,384,0.000714
1900,CH02,Y,g,388,0.000768
1900,CH02,Y,g,392,0.000504
1900,CH02,Y,g,396,0.000985
1900,CH02,Y,g,400,0.000689
2000,CH02,Y,g,4,0.000908
2000,CH02,Y,g,8,0.000725
2000,CH02,Y,g,12,0.000551
2000,CH02,Y,g,16,0.000673
2000,CH02,Y,g,20,0.00054
2000,CH02,Y,g,24,0.000902
2000,CH02,Y,g,28,0.000788
2000,CH02,Y,g,32,0.002233
2000,CH02,Y,g,36,0.001543
2000,CH02,Y,g,40,0.000553
2000,CH02,Y,g,44,0.000856
2000,CH02,Y,g,48,0.000749
2000,CH02,Y,g,52,0.0005
2000,CH02,Y,g,56,0.000771
2000,CH02,Y,g,60,0.000717
2000,CH02,Y,g,64,0.003116
2000,CH02,Y,g,68,0.005248
2000,CH02,Y,g,72,0.000856
2000,CH02,Y,g,76,0.000694
2000,CH02,Y,g,80,0.000577
2000,CH02,Y,g,84,0.000749
2000,CH02,Y,g,88,0.000528
2000,CH02,Y,g,92,0.00078
2000,CH02,Y,g,96,0.00052
2000,CH02,Y,g,100,0.000916
2000,CH02,Y,g,104,0.00052
2000,CH02,Y,g,108,0.000672
2000,CH02,Y,g,112,0.000697
2000,CH02,Y,g,116,0.000846
2000,CH02,Y,g,120,0.000873
2000,CH02,Y,g,124,0.000905
2000,CH02,Y,g,128,0.001017
2000,CH02,Y,g,132,0.003959
2000,CH02,Y,g,136,0.002256
2000,CH02,Y,g,140,0.000582
2000,CH02,Y,g,144,0.000912
2000,CH02,Y,g,148,0.000758
2000,CH02,Y,g,152,0.000948
2000,CH02,Y,g,156,0.000912
2000,CH02,Y,g,160,0.000669
2000,CH02,Y,g,164,0.000935
2000,CH02,Y,g,168,0.000856
2000,CH02,Y,g,172,0.00069
2000,CH02,Y,g,176,0.000627
2000,CH02,Y,g,180,0.000749
2000,CH02,Y,g,184,0.000515
2000,CH02,Y,g,188,0.000598
2000,CH02,Y,g,192,0.00072
2000,CH02,Y,g,196,0.000947
2000,CH02,Y,g,200,0.000829
2000,CH02,Y,g,204,0.000594
2000,CH02,Y,g,208,0.000579
2000,CH02,Y,g,212,0.000803
2000,CH02,Y,g,216,0.000651
2000,CH02,Y,g,220,0.00051
2000,CH02,Y,g,224,0.00056
2000,CH02,Y,g,228,0.001
2000,CH02,Y,g,232,0.000538
2000,CH02,Y,g,236,0.000691
2000,CH02,Y,g,240,0.000976
2000,CH02,Y,g,244,0.000543
2000,CH02,Y,g,248,0.000581
2000,CH02,Y,g,252,0.000687
2000,CH02,Y,g,256,0.000529
2000,CH02,Y,g,260,0.000645
2000,CH02,Y,g,264,0.000809
2000,CH02,Y,g,268,0.000812
2000,CH02,Y,g,272,0.000718
2000,CH02,Y,g,276,0.000694
2000,CH02,Y,g,280,0.000977
2000,CH02,Y,g,284,0.000958
2000,CH02,Y,g,288,0.000592
2000,CH02,Y,g,292,0.000849
2000,CH02,Y,g,296,0.000712
2000,CH02,Y,g,300,0.000566
2000,CH02,Y,g,304,0.000737
2000,CH02,Y,g,308,0.000612
2000,CH02,Y,g,312,0.000768
2000,CH02,Y,g,316,0.000603
2000,CH02,Y,g,320,0.000922
2000,CH02,Y,g,324,0.000793
2000,CH02,Y,g,328,0.000723
2000,CH02,Y,g,332,0.000692
2000,CH02,Y,g,336,0.00065
2000,CH02,Y,g,340,0.000795
2000,CH02,Y,g,344,0.000503
2000,CH02,Y,g,348,0.000963
2000,CH02,Y,g,352,0.000553
2000,CH02,Y,g,356,0.000845
2000,CH02,Y,g,360,0.000557
2000,CH02,Y,g,364,0.000841
2000,CH02,Y,g,368,0.000848
2000,CH02,Y,g,372,0.000893
2000,CH02,Y,g,376,0.000634
2000,CH02,Y,g,380,0.000524
2000,CH02,Y,g,384,0.000737
2000,CH02,Y,g,388,0.000743
2000,CH02,Y,g,392,0.000504
2000,CH02,Y,g,396,0.0009
2000,CH02,Y,g,400,0.000973
2100,CH02,Y,g,4,0.000884
2100,CH02,Y,g,8,0.00056
2100,CH02,Y,g,12,0.000817
2100,CH02,Y,g,16,0.000598
2100,CH02,Y,g,20,0.000992
2100,CH02,Y,g,24,0.000926
2100,CH02,Y,g,28,0.000685
2100,CH02,Y,g,32,0.001779
2100,CH02,Y,g,36,0.002859
2100,CH02,Y,g,40,0.000756
2100,CH02,Y,g,44,0.0006
2100,CH02,Y,g,48,0.00085
2100,CH02,Y,g,52,0.000756
2100,CH02,Y,g,56,0.000752
2100,CH02,Y,g,60,0.000962
2100,CH02,Y,g,64,0.001098
2100,CH02,Y,g,68,0.004434
2100,CH02,Y,g,72,0.004325
2100,CH02,Y,g,76,0.00101
2100,CH02,Y,g,80,0.000582
2100,CH02,Y,g,84,0.000948
2100,CH02,Y,g,88,0.000806
2100,CH02,Y,g,92,0.000989
2100,CH02,Y,g,96,0.000786
2100,CH02,Y,g,100,0.000942
2100,CH02,Y,g,104,0.000713
2100,CH02,Y,g,108,0.000629
2100,CH02,Y,g,112,0.000886
2100,CH02,Y,g,116,0.000791
2100,CH02,Y,g,120,0.000821
2100,CH02,Y,g,124,0.000648
2100,CH02,Y,g,128,0.000699
2100,CH02,Y,g,132,0.000514
2100,CH02,Y,g,136,0.001448
2100,CH02,Y,g,140,0.003254
2100,CH02,Y,g,144,0.001114
2100,CH02,Y,g,148,0.000513
2100,CH02,Y,g,152,0.000567
2100,CH02,Y,g,156,0.000646
2100,CH02,Y,g,160,0.000554
2100,CH02,Y,g,164,0.00082
2100,CH02,Y,g,168,0.000774
2100,CH02,Y,g,172,0.000743
2100,CH02,Y,g,176,0.000794
2100,CH02,Y,g,180,0.000899
2100,CH02,Y,g,184,0.000946
2100,CH02,Y,g,188,0.000876
2100,CH02,Y,g,192,0.000545
2100,CH02,Y,g,196,0.000981
2100,CH02,Y,g,200,0.000771
2100,CH02,Y,g,204,0.000742
2100,CH02,Y,g,208,0.000999
2100,CH02,Y,g,212,0.000624
2100,CH02,Y,g,216,0.000986
2100,CH02,Y,g,220,0.000875
2100,CH02,Y,g,224,0.000629
2100,CH02,Y,g,228,0.00099
2100,CH02,Y,g,232,0.000654
2100,CH02,Y,g,236,0.000657
2100,CH02,Y,g,240,0.000549
2100,CH02,Y,g,244,0.000983
2100,CH02,Y,g,248,0.000986
2100,CH02,Y,g,252,0.000614
2100,CH02,Y,g,256,0.000518
2100,CH02,Y,g,260,0.000512
2100,CH02,Y,g,264,0.000913
2100,CH02,Y,g,268,0.000642
2100,CH02,Y,g,272,0.000702
2100,CH02,Y,g,276,0.00051
2100,CH02,Y,g,280,0.000574
2100,CH02,Y,g,284,0.000801
2100,CH02,Y,g,288,0.000569
2100,CH02,Y,g,292,0.000599
2100,CH02,Y,g,296,0.000956
2100,CH02,Y,g,300,0.00068
2100,CH02,Y,g,304,0.000578
2100,CH02,Y,g,308,0.00076
2100,CH02,Y,g,312,0.000675
2100,CH02,Y,g,316,0.000765
2100,CH02,Y,g,320,0.000837
2100,CH02,Y,g,324,0.000557
2100,CH02,Y,g,328,0.000907
2100,CH02,Y,g,332,0.000936
2100,CH02,Y,g,336,0.000567
2100,CH02,Y,g,340,0.000996
2100,CH02,Y,g,344,0.000943
2100,CH02,Y,g,348,0.000957
2100,CH02,Y,g,352,0.00068
2100,CH02,Y,g,356,0.000921
2100,CH02,Y,g,360,0.000823
2100,CH02,Y,g,364,0.000575
2100,CH02,Y,g,368,0.000911
2100,CH02,Y,g,372,0.000545
2100,CH02,Y,g,376,0.000788
2100,CH02,Y,g,380,0.000544
2100,CH02,Y,g,384,0.000559
2100,CH02,Y,g,388,0.000923
2100,CH02,Y,g,392,0.000524
2100,CH02,Y,g,396,0.000552
2100,CH02,Y,g,400,0.000971
2200,CH02,Y,g,4,0.000574
2200,CH02,Y,g,8,0.000674
2200,CH02,Y,g,12,0.000695
2200,CH02,Y,g,16,0.000548
2200,CH02,Y,g,20,0.000702
2200,CH02,Y,g,24,0.000789
2200,CH02,Y,g,28,0.000623
2200,CH02,Y,g,32,0.000908
2200,CH02,Y,g,36,0.003059
2200,CH02,Y,g,40,0.001421
2200,CH02,Y,g,44,0.000736
2200,CH02,Y,g,48,0.000945
2200,CH02,Y,g,52,0.00066
2200,CH02,Y,g,56,0.000984
2200,CH02,Y,g,60,0.000848
2200,CH02,Y,g,64,0.000536
2200,CH02,Y,g,68,0.001187
2200,CH02,Y,g,72,0.005746
2200,CH02,Y,g,76,0.003608
2200,CH02,Y,g,80,0.000711
2200,CH02,Y,g,84,0.000967
2200,CH02,Y,g,88,0.000966
2200,CH02,Y,g,92,0.000929
2200,CH02,Y,g,96,0.000528
2200,CH02,Y,g,100,0.000529
2200,CH02,Y,g,104,0.000643
2200,CH02,Y,g,108,0.000549
2200,CH02,Y,g,112,0.000784
2200,CH02,Y,g,116,0.00068
2200,CH02,Y,g,120,0.000674
2200,CH02,Y,g,124,0.000587
2200,CH02,Y,g,128,0.000782
2200,CH02,Y,g,132,0.000869
2200,CH02,Y,g,136,0.000891
2200,CH02,Y,g,140,0.000702
2200,CH02,Y,g,144,0.001956
2200,CH02,Y,g,148,0.00261
2200,CH02,Y,g,152,0.000745
2200,CH02,Y,g,156,0.000647
2200,CH02,Y,g,160,0.000568
2200,CH02,Y,g,164,0.000763
2200,CH02,Y,g,168,0.000834
2200,CH02,Y,g,172,0.000925
2200,CH02,Y,g,176,0.000828
2200,CH02,Y,g,180,0.000854
2200,CH02,Y,g,184,0.00085
2200,CH02,Y,g,188,0.00069
2200,CH02,Y,g,192,0.000856
2200,CH02,Y,g,196,0.000805
2200,CH02,Y,g,200,0.000554
2200,CH02,Y,g,204,0.00064
2200,CH02,Y,g,208,0.000856
2200,CH02,Y,g,212,0.00091
2200,CH02,Y,g,216,0.000685
2200,CH02,Y,g,220,0.000755
2200,CH02,Y,g,224,0.000531
2200,CH02,Y,g,228,0.000831
2200,CH02,Y,g,232,0.000721
2200,CH02,Y,g,236,0.000607
2200,CH02,Y,g,240,0.000834
2200,CH02,Y,g,244,0.00098
2200,CH02,Y,g,248,0.000549
2200,CH02,Y,g,252,0.000526
2200,CH02,Y,g,256,0.000897
2200,CH02,Y,g,260,0.000966
2200,CH02,Y,g,264,0.000778
2200,CH02,Y,g,268,0.00069
2200,CH02,Y,g,272,0.000714
2200,CH02,Y,g,276,0.000724
2200,CH02,Y,g,280,0.000835
2200,CH02,Y,g,284,0.00063
2200,CH02,Y,g,288,0.00083
2200,CH02,Y,g,292,0.000507
2200,CH02,Y,g,296,0.000747
2200,CH02,Y,g,300,0.000973
2200,CH02,Y,g,304,0.000938
2200,CH02,Y,g,308,0.000907
2200,CH02,Y,g,312,0.000764
2200,CH02,Y,g,316,0.000596
2200,CH02,Y,g,320,0.000804
2200,CH02,Y,g,324,0.000607
2200,CH02,Y,g,328,0.000533
2200,CH02,Y,g,332,0.000773
2200,CH02,Y,g,336,0.000967
2200,CH02,Y,g,340,0.000774
2200,CH02,Y,g,344,0.000807
2200,CH02,Y,g,348,0.000525
2200,CH02,Y,g,352,0.00072
2200,CH02,Y,g,356,0.000971
2200,CH02,Y,g,360,0.000758
2200,CH02,Y,g,364,0.000586
2200,CH02,Y,g,368,0.000749
2200,CH02,Y,g,372,0.000635
2200,CH02,Y,g,376,0.000927
2200,CH02,Y,g,380,0.000982
2200,CH02,Y,g,384,0.000753
2200,CH02,Y,g,388,0.0006
2200,CH02,Y,g,392,0.000647
2200,CH02,Y,g,396,0.000717
2200,CH02,Y,g,400,0.000642
2300,CH02,Y,g,4,0.000983
2300,CH02,Y,g,8,0.000655
2300,CH02,Y,g,12,0.000747
2300,CH02,Y,g,16,0.000731
2300,CH02,Y,g,20,0.000536
2300,CH02,Y,g,24,0.000901
2300,CH02,Y,g,28,0.000832
2300,CH02,Y,g,32,0.000968
2300,CH02,Y,g,36,0.002309
2300,CH02,Y,g,40,0.002725
2300,CH02,Y,g,44,0.001071
2300,CH02,Y,g,48,0.000942
2300,CH02,Y,g,52,0.000583
2300,CH02,Y,g,56,0.000927
2300,CH02,Y,g,60,0.000987
2300,CH02,Y,g,64,0.000522
2300,CH02,Y,g,68,0.00085
2300,CH02,Y,g,72,0.00141
2300,CH02,Y,g,76,0.007186
2300,CH02,Y,g,80,0.003007
2300,CH02,Y,g,84,0.000651
2300,CH02,Y,g,88,0.000766
2300,CH02,Y,g,92,0.000626
2300,CH02,Y,g,96,0.00058
2300,CH02,Y,g,100,0.000821
2300,CH02,Y,g,104,0.000815
2300,CH02,Y,g,108,0.000606
2300,CH02,Y,g,112,0.000516
2300,CH02,Y,g,116,0.00073
2300,CH02,Y,g,120,0.000997
2300,CH02,Y,g,124,0.000858
2300,CH02,Y,g,128,0.000709
2300,CH02,Y,g,132,0.000825
2300,CH02,Y,g,136,0.000822
2300,CH02,Y,g,140,0.000747
2300,CH02,Y,g,144,0.000596
2300,CH02,Y,g,148,0.001052
2300,CH02,Y,g,152,0.002404
2300,CH02,Y,g,156,0.001879
2300,CH02,Y,g,160,0.000977
2300,CH02,Y,g,164,0.000895
2300,CH02,Y,g,168,0.000561
2300,CH02,Y,g,172,0.000656
2300,CH02,Y,g,176,0.000846
2300,CH02,Y,g,180,0.000866
2300,CH02,Y,g,184,0.000511
2300,CH02,Y,g,188,0.000518
2300,CH02,Y,g,192,0.000828
2300,CH02,Y,g,196,0.000913
2300,CH02,Y,g,200,0.000796
2300,CH02,Y,g,204,0.000812
2300,CH02,Y,g,208,0.000768
2300,CH02,Y,g,212,0.000837
2300,CH02,Y,g,216,0.000718
2300,CH02,Y,g,220,0.00053
2300,CH02,Y,g,224,0.000773
2300,CH02,Y,g,228,0.000774
2300,CH02,Y,g,232,0.000576
2300,CH02,Y,g,236,0.00074
2300,CH02,Y,g,240,0.000539
2300,CH02,Y,g,244,0.000856
2300,CH02,Y,g,248,0.00057
2300,CH02,Y,g,252,0.000762
2300,CH02,Y,g,256,0.000694
2300,CH02,Y,g,260,0.00054
2300,CH02,Y,g,264,0.000518
2300,CH02,Y,g,268,0.000707
2300,CH02,Y,g,272,0.000583
2300,CH02,Y,g,276,0.000634
2300,CH02,Y,g,280,0.000593
2300,CH02,Y,g,284,0.000594
2300,CH02,Y,g,288,0.000702
2300,CH02,Y,g,292,0.000811
2300,CH02,Y,g,296,0.000848
2300,CH02,Y,g,300,0.000739
2300,CH02,Y,g,304,0.000777
2300,CH02,Y,g,308,0.000954
2300,CH02,Y,g,312,0.000716
2300,CH02,Y,g,316,0.000966
2300,CH02,Y,g,320,0.000767
2300,CH02,Y,g,324,0.000999
2300,CH02,Y,g,328,0.00071
2300,CH02,Y,g,332,0.000755
2300,CH02,Y,g,336,0.000988
2300,CH02,Y,g,340,0.000874
2300,CH02,Y,g,344,0.000642
2300,CH02,Y,g,348,0.000922
2300,CH02,Y,g,352,0.000864
2300,CH02,Y,g,356,0.000677
2300,CH02,Y,g,360,0.000638
2300,CH02,Y,g,364,0.0009
2300,CH02,Y,g,368,0.000708
2300,CH02,Y,g,372,0.000925
2300,CH02,Y,g,376,0.000834
2300,CH02,Y,g,380,0.000601
2300,CH02,Y,g,384,0.000974
2300,CH02,Y,g,388,0.000823
2300,CH02,Y,g,392,0.00083
2300,CH02,Y,g,396,0.000888
2300,CH02,Y,g,400,0.000967
2400,CH02,Y,g,4,0.000593
2400,CH02,Y,g,8,0.000784
2400,CH02,Y,g,12,0.000716
2400,CH02,Y,g,16,0.000775
2400,CH02,Y,g,20,0.000912
2400,CH02,Y,g,24,0.000806
2400,CH02,Y,g,28,0.000891
2400,CH02,Y,g,32,0.000683
2400,CH02,Y,g,36,0.001296
2400,CH02,Y,g,40,0.003928
2400,CH02,Y,g,44,0.001466
2400,CH02,Y,g,48,0.000632
2400,CH02,Y,g,52,0.000845
2400,CH02,Y,g,56,0.000866
2400,CH02,Y,g,60,0.000657
2400,CH02,Y,g,64,0.000774
2400,CH02,Y,g,68,0.000636
2400,CH02,Y,g,72,0.000941
2400,CH02,Y,g,76,0.001997
2400,CH02,Y,g,80,0.0083
2400,CH02,Y,g,84,0.002091
2400,CH02,Y,g,88,0.00095
2400,CH02,Y,g,92,0.000826
2400,CH02,Y,g,96,0.000915
2400,CH02,Y,g,100,0.000697
2400,CH02,Y,g,104,0.000641
2400,CH02,Y,g,108,0.00094
2400,CH02,Y,g,112,0.000521
2400,CH02,Y,g,116,0.000988
2400,CH02,Y,g,120,0.000706
2400,CH02,Y,g,124,0.000621
2400,CH02,Y,g,128,0.000727
2400,CH02,Y,g,132,0.000535
2400,CH02,Y,g,136,0.000701
2400,CH02,Y,g,140,0.000717
2400,CH02,Y,g,144,0.000564
2400,CH02,Y,g,148,0.000522
2400,CH02,Y,g,152,0.000963
2400,CH02,Y,g,156,0.001372
2400,CH02,Y,g,160,0.00295
2400,CH02,Y,g,164,0.000912
2400,CH02,Y,g,168,0.000725
2400,CH02,Y,g,172,0.000799
2400,CH02,Y,g,176,0.000794
2400,CH02,Y,g,180,0.000789
2400,CH02,Y,g,184,0.000861
2400,CH02,Y,g,188,0.000874
2400,CH02,Y,g,192,0.000819
2400,CH02,Y,g,196,0.000844
2400,CH02,Y,g,200,0.000544
2400,CH02,Y,g,204,0.000526
2400,CH02,Y,g,208,0.000557
2400,CH02,Y,g,212,0.000586
2400,CH02,Y,g,216,0.000843
2400,CH02,Y,g,220,0.000877
2400,CH02,Y,g,224,0.000756
2400,CH02,Y,g,228,0.000937
2400,CH02,Y,g,232,0.000799
2400,CH02,Y,g,236,0.000583
2400,CH02,Y,g,240,0.000911
2400,CH02,Y,g,244,0.00085
2400,CH02,Y,g,248,0.000536
2400,CH02,Y,g,252,0.000585
2400,CH02,Y,g,256,0.000705
2400,CH02,Y,g,260,0.000946
2400,CH02,Y,g,264,0.00098
2400,CH02,Y,g,268,0.000727
2400,CH02,Y,g,272,0.000916
2400,CH02,Y,g,276,0.000718
2400,CH02,Y,g,280,0.000583
2400,CH02,Y,g,284,0.000946
2400,CH02,Y,g,288,0.000633
2400,CH02,Y,g,292,0.00051
2400,CH02,Y,g,296,0.000885
2400,CH02,Y,g,300,0.000702
2400,CH02,Y,g,304,0.000882
2400,CH02,Y,g,308,0.000988
2400,CH02,Y,g,312,0.000804
2400,CH02,Y,g,316,0.000911
2400,CH02,Y,g,320,0.000895
2400,CH02,Y,g,324,0.000702
2400,CH02,Y,g,328,0.000692
2400,CH02,Y,g,332,0.00074
2400,CH02,Y,g,336,0.000538
2400,CH02,Y,g,340,0.000508
2400,CH02,Y,g,344,0.000799
2400,CH02,Y,g,348,0.000854
2400,CH02,Y,g,352,0.000535
2400,CH02,Y,g,356,0.000777
2400,CH02,Y,g,360,0.000746
2400,CH02,Y,g,364,0.000887
2400,CH02,Y,g,368,0.000966
2400,CH02,Y,g,372,0.000664
2400,CH02,Y,g,376,0.000951
2400,CH02,Y,g,380,0.000594
2400,CH02,Y,g,384,0.000513
2400,CH02,Y,g,388,0.000685
2400,CH02,Y,g,392,0.00097
2400,CH02,Y,g,396,0.000731
2400,CH02,Y,g,400,0.000563
2500,CH02,Y,g,4,0.0007
2500,CH02,Y,g,8,0.000697
2500,CH02,Y,g,12,0.000536
2500,CH02,Y,g,16,0.000604
2500,CH02,Y,g,20,0.000958
2500,CH02,Y,g,24,0.000669
2500,CH02,Y,g,28,0.000957
2500,CH02,Y,g,32,0.000794
2500,CH02,Y,g,36,0.001042
2500,CH02,Y,g,40,0.002974
2500,CH02,Y,g,44,0.002348
2500,CH02,Y,g,48,0.000744
2500,CH02,Y,g,52,0.000601
2500,CH02,Y,g,56,0.000696
2500,CH02,Y,g,60,0.000532
2500,CH02,Y,g,64,0.000812
2500,CH02,Y,g,68,0.000653
2500,CH02,Y,g,72,0.000919
2500,CH02,Y,g,76,0.000851
2500,CH02,Y,g,80,0.00311
2500,CH02,Y,g,84,0.008505
2500,CH02,Y,g,88,0.001744
2500,CH02,Y,g,92,0.000886
2500,CH02,Y,g,96,0.000766
2500,CH02,Y,g,100,0.000521
2500,CH02,Y,g,104,0.000835
2500,CH02,Y,g,108,0.000526
2500,CH02,Y,g,112,0.000927
2500,CH02,Y,g,116,0.000601
2500,CH02,Y,g,120,0.000612
2500,CH02,Y,g,124,0.000884
2500,CH02,Y,g,128,0.000813
2500,CH02,Y,g,132,0.00096
2500,CH02,Y,g,136,0.000912
2500,CH02,Y,g,140,0.000899
2500,CH02,Y,g,144,0.00069
2500,CH02,Y,g,148,0.000548
2500,CH02,Y,g,152,0.000895
2500,CH02,Y,g,156,0.000568
2500,CH02,Y,g,160,0.000591
2500,CH02,Y,g,164,0.001945
2500,CH02,Y,g,168,0.002833
2500,CH02,Y,g,172,0.000904
2500,CH02,Y,g,176,0.0005
2500,CH02,Y,g,180,0.000614
2500,CH02,Y,g,184,0.000717
2500,CH02,Y,g,188,0.000961
2500,CH02,Y,g,192,0.000587
2500,CH02,Y,g,196,0.000802
2500,CH02,Y,g,200,0.000898
2500,CH02,Y,g,204,0.000983
2500,CH02,Y,g,208,0.000689
2500,CH02,Y,g,212,0.000572
2500,CH02,Y,g,216,0.000811
2500,CH02,Y,g,220,0.000857
2500,CH02,Y,g,224,0.000903
2500,CH02,Y,g,228,0.000572
2500,CH02,Y,g,232,0.000684
2500,CH02,Y,g,236,0.000538
2500,CH02,Y,g,240,0.000891
2500,CH02,Y,g,244,0.000857
2500,CH02,Y,g,248,0.000553
2500,CH02,Y,g,252,0.000991
2500,CH02,Y,g,256,0.000909
2500,CH02,Y,g,260,0.000908
2500,CH02,Y,g,264,0.000972
2500,CH02,Y,g,268,0.000537
2500,CH02,Y,g,272,0.000986
2500,CH02,Y,g,276,0.001
2500,CH02,Y,g,280,0.000751
2500,CH02,Y,g,284,0.000986
2500,CH02,Y,g,288,0.000999
2500,CH02,Y,g,292,0.000903
2500,CH02,Y,g,296,0.000956
2500,CH02,Y,g,300,0.000826
2500,CH02,Y,g,304,0.000703
2500,CH02,Y,g,308,0.000868
2500,CH02,Y,g,312,0.000615
2500,CH02,Y,g,316,0.000861
2500,CH02,Y,g,320,0.00076
2500,CH02,Y,g,324,0.000559
2500,CH02,Y,g,328,0.000764
2500,CH02,Y,g,332,0.000687
2500,CH02,Y,g,336,0.000689
2500,CH02,Y,g,340,0.000937
2500,CH02,Y,g,344,0.000776
2500,CH02,Y,g,348,0.000802
2500,CH02,Y,g,352,0.000983
2500,CH02,Y,g,356,0.000589
2500,CH02,Y,g,360,0.000747
2500,CH02,Y,g,364,0.000779
2500,CH02,Y,g,368,0.000857
2500,CH02,Y,g,372,0.000654
2500,CH02,Y,g,376,0.000615
2500,CH02,Y,g,380,0.000546
2500,CH02,Y,g,384,0.000949
2500,CH02,Y,g,388,0.00097
2500,CH02,Y,g,392,0.000895
2500,CH02,Y,g,396,0.000957
2500,CH02,Y,g,400,0.000532
2600,CH02,Y,g,4,0.000642
2600,CH02,Y,g,8,0.000875
2600,CH02,Y,g,12,0.000519
2600,CH02,Y,g,16,0.00061
2600,CH02,Y,g,20,0.000735
2600,CH02,Y,g,24,0.000941
2600,CH02,Y,g,28,0.000663
2600,CH02,Y,g,32,0.000907
2600,CH02,Y,g,36,0.000913
2600,CH02,Y,g,40,0.00183
2600,CH02,Y,g,44,0.004044
2600,CH02,Y,g,48,0.001287
2600,CH02,Y,g,52,0.000934
2600,CH02,Y,g,56,0.000554
2600,CH02,Y,g,60,0.000803
2600,CH02,Y,g,64,0.000579
2600,CH02,Y,g,68,0.000787
2600,CH02,Y,g,72,0.000505
2600,CH02,Y,g,76,0.000921
2600,CH02,Y,g,80,0.000818
2600,CH02,Y,g,84,0.004998
2600,CH02,Y,g,88,0.008052
2600,CH02,Y,g,92,0.001311
2600,CH02,Y,g,96,0.000874
2600,CH02,Y,g,100,0.000878
2600,CH02,Y,g,104,0.000852
2600,CH02,Y,g,108,0.000625
2600,CH02,Y,g,112,0.000876
2600,CH02,Y,g,116,0.000928
2600,CH02,Y,g,120,0.000584
2600,CH02,Y,g,124,0.000509
2600,CH02,Y,g,128,0.000877
2600,CH02,Y,g,132,0.000613
2600,CH02,Y,g,136,0.000609
2600,CH02,Y,g,140,0.000565
2600,CH02,Y,g,144,0.000537
2600,CH02,Y,g,148,0.000575
2600,CH02,Y,g,152,0.000971
2600,CH02,Y,g,156,0.000769
2600,CH02,Y,g,160,0.000955
2600,CH02,Y,g,164,0.000891
2600,CH02,Y,g,168,0.000989
2600,CH02,Y,g,172,0.003056
2600,CH02,Y,g,176,0.001994
2600,CH02,Y,g,180,0.000696
2600,CH02,Y,g,184,0.000671
2600,CH02,Y,g,188,0.000845
2600,CH02,Y,g,192,0.000881
2600,CH02,Y,g,196,0.000611
2600,CH02,Y,g,200,0.00084
2600,CH02,Y,g,204,0.000676
2600,CH02,Y,g,208,0.000927
2600,CH02,Y,g,212,0.000578
2600,CH02,Y,g,216,0.000582
2600,CH02,Y,g,220,0.000593
2600,CH02,Y,g,224,0.000763
2600,CH02,Y,g,228,0.000548
2600,CH02,Y,g,232,0.000892
2600,CH02,Y,g,236,0.000962
2600,CH02,Y,g,240,0.000833
2600,CH02,Y,g,244,0.000526
2600,CH02,Y,g,248,0.000929
2600,CH02,Y,g,252,0.000536
2600,CH02,Y,g,256,0.000993
2600,CH02,Y,g,260,0.000827
2600,CH02,Y,g,264,0.000897
2600,CH02,Y,g,268,0.000531
2600,CH02,Y,g,272,0.000588
2600,CH02,Y,g,276,0.000583
2600,CH02,Y,g,280,0.000549
2600,CH02,Y,g,284,0.000952
2600,CH02,Y,g,288,0.000918
2600,CH02,Y,g,292,0.000714
2600,CH02,Y,g,296,0.000821
2600,CH02,Y,g,300,0.000583
2600,CH02,Y,g,304,0.000632
2600,CH02,Y,g,308,0.000701
2600,CH02,Y,g,312,0.000711
2600,CH02,Y,g,316,0.000505
2600,CH02,Y,g,320,0.000934
2600,CH02,Y,g,324,0.000658
2600,CH02,Y,g,328,0.00053
2600,CH02,Y,g,332,0.00086
2600,CH02,Y,g,336,0.000742
2600,CH02,Y,g,340,0.000761
2600,CH02,Y,g,344,0.000666
2600,CH02,Y,g,348,0.000968
2600,CH02,Y,g,352,0.000604
2600,CH02,Y,g,356,0.000827
2600,CH02,Y,g,360,0.000571
2600,CH02,Y,g,364,0.000709
2600,CH02,Y,g,368,0.000827
2600,CH02,Y,g,372,0.00087
2600,CH02,Y,g,376,0.000598
2600,CH02,Y,g,380,0.000946
2600,CH02,Y,g,384,0.000783
2600,CH02,Y,g,388,0.000584
2600,CH02,Y,g,392,0.000924
2600,CH02,Y,g,396,0.000862
2600,CH02,Y,g,400,0.000721
2700,CH02,Y,g,4,0.000667
2700,CH02,Y,g,8,0.000716
2700,CH02,Y,g,12,0.000885
2700,CH02,Y,g,16,0.000824
2700,CH02,Y,g,20,0.000738
2700,CH02,Y,g,24,0.000886
2700,CH02,Y,g,28,0.000716
2700,CH02,Y,g,32,0.000784
2700,CH02,Y,g,36,0.000596
2700,CH02,Y,g,40,0.000879
2700,CH02,Y,g,44,0.00395
2700,CH02,Y,g,48,0.002105
2700,CH02,Y,g,52,0.000649
2700,CH02,Y,g,56,0.000782
2700,CH02,Y,g,60,0.000825
2700,CH02,Y,g,64,0.000785
2700,CH02,Y,g,68,0.000998
2700,CH02,Y,g,72,0.000665
2700,CH02,Y,g,76,0.000603
2700,CH02,Y,g,80,0.000588
2700,CH02,Y,g,84,0.000981
2700,CH02,Y,g,88,0.006989
2700,CH02,Y,g,92,0.007581
2700,CH02,Y,g,96,0.000886
2700,CH02,Y,g,100,0.000815
2700,CH02,Y,g,104,0.000894
2700,CH02,Y,g,108,0.000778
2700,CH02,Y,g,112,0.000719
2700,CH02,Y,g,116,0.00061
2700,CH02,Y,g,120,0.000513
2700,CH02,Y,g,124,0.000957
2700,CH02,Y,g,128,0.00075
2700,CH02,Y,g,132,0.000687
2700,CH02,Y,g,136,0.00083
2700,CH02,Y,g,140,0.000896
2700,CH02,Y,g,144,0.000693
2700,CH02,Y,g,148,0.000725
2700,CH02,Y,g,152,0.0008
2700,CH02,Y,g,156,0.000535
2700,CH02,Y,g,160,0.000782
2700,CH02,Y,g,164,0.000552
2700,CH02,Y,g,168,0.000703
2700,CH02,Y,g,172,0.000802
2700,CH02,Y,g,176,0.001193
2700,CH02,Y,g,180,0.003695
2700,CH02,Y,g,184,0.001065
2700,CH02,Y,g,188,0.000639
2700,CH02,Y,g,192,0.00066
2700,CH02,Y,g,196,0.000708
2700,CH02,Y,g,200,0.000852
2700,CH02,Y,g,204,0.000995
2700,CH02,Y,g,208,0.000511
2700,CH02,Y,g,212,0.000897
2700,CH02,Y,g,216,0.000966
2700,CH02,Y,g,220,0.000514
2700,CH02,Y,g,224,0.000902
2700,CH02,Y,g,228,0.000518
2700,CH02,Y,g,232,0.000916
2700,CH02,Y,g,236,0.000994
2700,CH02,Y,g,240,0.000961
2700,CH02,Y,g,244,0.000748
2700,CH02,Y,g,248,0.000855
2700,CH02,Y,g,252,0.000539
2700,CH02,Y,g,256,0.000753
2700,CH02,Y,g,260,0.000542
2700,CH02,Y,g,264,0.000838
2700,CH02,Y,g,268,0.000619
2700,CH02,Y,g,272,0.000993
2700,CH02,Y,g,276,0.000551
2700,CH02,Y,g,280,0.000692
2700,CH02,Y,g,284,0.000778
2700,CH02,Y,g,288,0.0007
2700,CH02,Y,g,292,0.000725
2700,CH02,Y,g,296,0.000806
2700,CH02,Y,g,300,0.000666
2700,CH02,Y,g,304,0.000663
2700,CH02,Y,g,308,0.000513
2700,CH02,Y,g,312,0.000732
2700,CH02,Y,g,316,0.000851
2700,CH02,Y,g,320,0.000811
2700,CH02,Y,g,324,0.000536
2700,CH02,Y,g,328,0.000661
2700,CH02,Y,g,332,0.000825
2700,CH02,Y,g,336,0.000854
2700,CH02,Y,g,340,0.000731
2700,CH02,Y,g,344,0.000948
2700,CH02,Y,g,348,0.000748
2700,CH02,Y,g,352,0.000692
2700,CH02,Y,g,356,0.000981
2700,CH02,Y,g,360,0.000635
2700,CH02,Y,g,364,0.000745
2700,CH02,Y,g,368,0.00071
2700,CH02,Y,g,372,0.000626
2700,CH02,Y,g,376,0.000634
2700,CH02,Y,g,380,0.000647
2700,CH02,Y,g,384,0.000774
2700,CH02,Y,g,388,0.000917
2700,CH02,Y,g,392,0.000812
2700,CH02,Y,g,396,0.000888
2700,CH02,Y,g,400,0.000524
2800,CH02,Y,g,4,0.000598
2800,CH02,Y,g,8,0.000904
2800,CH02,Y,g,12,0.000522
2800,CH02,Y,g,16,0.000562
2800,CH02,Y,g,20,0.000821
2800,CH02,Y,g,24,0.000643
2800,CH02,Y,g,28,0.000837
2800,CH02,Y,g,32,0.000503
2800,CH02,Y,g,36,0.000998
2800,CH02,Y,g,40,0.000798
2800,CH02,Y,g,44,0.002698
2800,CH02,Y,g,48,0.004345
2800,CH02,Y,g,52,0.000906
2800,CH02,Y,g,56,0.0007
2800,CH02,Y,g,60,0.000734
2800,CH02,Y,g,64,0.000992
2800,CH02,Y,g,68,0.000897
2800,CH02,Y,g,72,0.000839
2800,CH02,Y,g,76,0.000579
2800,CH02,Y,g,80,0.000606
2800,CH02,Y,g,84,0.000637
2800,CH02,Y,g,88,0.001037
2800,CH02,Y,g,92,0.0102
2800,CH02,Y,g,96,0.006587
2800,CH02,Y,g,100,0.001041
2800,CH02,Y,g,104,0.000826
2800,CH02,Y,g,108,0.000619
2800,CH02,Y,g,112,0.000701
2800,CH02,Y,g,116,0.000964
2800,CH02,Y,g,120,0.000655
2800,CH02,Y,g,124,0.000908
2800,CH02,Y,g,128,0.000635
2800,CH02,Y,g,132,0.000702
2800,CH02,Y,g,136,0.000548
2800,CH02,Y,g,140,0.000836
2800,CH02,Y,g,144,0.000762
2800,CH02,Y,g,148,0.000922
2800,CH02,Y,g,152,0.000512
2800,CH02,Y,g,156,0.000924
2800,CH02,Y,g,160,0.000611
2800,CH02,Y,g,164,0.000867
2800,CH02,Y,g,168,0.00055
2800,CH02,Y,g,172,0.000721
2800,CH02,Y,g,176,0.000895
2800,CH02,Y,g,180,0.000809
2800,CH02,Y,g,184,0.002289
2800,CH02,Y,g,188,0.003368
2800,CH02,Y,g,192,0.001118
2800,CH02,Y,g,196,0.000685
2800,CH02,Y,g,200,0.000729
2800,CH02,Y,g,204,0.000959
2800,CH02,Y,g,208,0.00063
2800,CH02,Y,g,212,0.000955
2800,CH02,Y,g,216,0.000988
2800,CH02,Y,g,220,0.000517
2800,CH02,Y,g,224,0.000536
2800,CH02,Y,g,228,0.000812
2800,CH02,Y,g,232,0.000579
2800,CH02,Y,g,236,0.00096
2800,CH02,Y,g,240,0.000832
2800,CH02,Y,g,244,0.000701
2800,CH02,Y,g,248,0.000506
2800,CH02,Y,g,252,0.000879
2800,CH02,Y,g,256,0.000917
2800,CH02,Y,g,260,0.000905
2800,CH02,Y,g,264,0.000826
2800,CH02,Y,g,268,0.000802
2800,CH02,Y,g,272,0.000797
2800,CH02,Y,g,276,0.000514
2800,CH02,Y,g,280,0.000902
2800,CH02,Y,g,284,0.000844
2800,CH02,Y,g,288,0.000925
2800,CH02,Y,g,292,0.000833
2800,CH02,Y,g,296,0.000833
2800,CH02,Y,g,300,0.000851
2800,CH02,Y,g,304,0.000599
2800,CH02,Y,g,308,0.000589
2800,CH02,Y,g,312,0.000569
2800,CH02,Y,g,316,0.000914
2800,CH02,Y,g,320,0.000693
2800,CH02,Y,g,324,0.000533
2800,CH02,Y,g,328,0.000692
2800,CH02,Y,g,332,0.000545
2800,CH02,Y,g,336,0.000861
2800,CH02,Y,g,340,0.000771
2800,CH02,Y,g,344,0.000796
2800,CH02,Y,g,348,0.000685
2800,CH02,Y,g,352,0.000548
2800,CH02,Y,g,356,0.000987
2800,CH02,Y,g,360,0.000802
2800,CH02,Y,g,364,0.00085
2800,CH02,Y,g,368,0.000947
2800,CH02,Y,g,372,0.000592
2800,CH02,Y,g,376,0.000977
2800,CH02,Y,g,380,0.000784
2800,CH02,Y,g,384,0.000755
2800,CH02,Y,g,388,0.00089
2800,CH02,Y,g,392,0.000646
2800,CH02,Y,g,396,0.000645
2800,CH02,Y,g,400,0.000959
2900,CH02,Y,g,4,0.00078
2900,CH02,Y,g,8,0.000581
2900,CH02,Y,g,12,0.000569
2900,CH02,Y,g,16,0.000872
2900,CH02,Y,g,20,0.000642
2900,CH02,Y,g,24,0.000634
2900,CH02,Y,g,28,0.000979
2900,CH02,Y,g,32,0.000708
2900,CH02,Y,g,36,0.00085
2900,CH02,Y,g,40,0.000961
2900,CH02,Y,g,44,0.001237
2900,CH02,Y,g,48,0.005152
2900,CH02,Y,g,52,0.001622
2900,CH02,Y,g,56,0.000575
2900,CH02,Y,g,60,0.00055
2900,CH02,Y,g,64,0.000709
2900,CH02,Y,g,68,0.000911
2900,CH02,Y,g,72,0.000999
2900,CH02,Y,g,76,0.000795
2900,CH02,Y,g,80,0.000885
2900,CH02,Y,g,84,0.000516
2900,CH02,Y,g,88,0.000616
2900,CH02,Y,g,92,0.001978
2900,CH02,Y,g,96,0.013609
2900,CH02,Y,g,100,0.005838
2900,CH02,Y,g,104,0.000871
2900,CH02,Y,g,108,0.000614
2900,CH02,Y,g,112,0.000587
2900,CH02,Y,g,116,0.000727
2900,CH02,Y,g,120,0.000682
2900,CH02,Y,g,124,0.000751
2900,CH02,Y,g,128,0.000616
2900,CH02,Y,g,132,0.000559
2900,CH02,Y,g,136,0.000645
2900,CH02,Y,g,140,0.001
2900,CH02,Y,g,144,0.000902
2900,CH02,Y,g,148,0.000982
2900,CH02,Y,g,152,0.000964
2900,CH02,Y,g,156,0.00069
2900,CH02,Y,g,160,0.000785
2900,CH02,Y,g,164,0.000764
2900,CH02,Y,g,168,0.000945
2900,CH02,Y,g,172,0.000513
2900,CH02,Y,g,176,0.000867
2900,CH02,Y,g,180,0.000527
2900,CH02,Y,g,184,0.000831
2900,CH02,Y,g,188,0.001019
2900,CH02,Y,g,192,0.003489
2900,CH02,Y,g,196,0.002059
2900,CH02,Y,g,200,0.000821
2900,CH02,Y,g,204,0.000902
2900,CH02,Y,g,208,0.000521
2900,CH02,Y,g,212,0.000612
2900,CH02,Y,g,216,0.000633
2900,CH02,Y,g,220,0.000959
2900,CH02,Y,g,224,0.000845
2900,CH02,Y,g,228,0.000877
2900,CH02,Y,g,232,0.000877
2900,CH02,Y,g,236,0.000812
2900,CH02,Y,g,240,0.000844
2900,CH02,Y,g,244,0.000601
2900,CH02,Y,g,248,0.00078
2900,CH02,Y,g,252,0.000576
2900,CH02,Y,g,256,0.000823
2900,CH02,Y,g,260,0.000866
2900,CH02,Y,g,264,0.000819
2900,CH02,Y,g,268,0.000997
2900,CH02,Y,g,272,0.000866
2900,CH02,Y,g,276,0.000892
2900,CH02,Y,g,280,0.000797
2900,CH02,Y,g,284,0.000577
2900,CH02,Y,g,288,0.000634
2900,CH02,Y,g,292,0.000754
2900,CH02,Y,g,296,0.000869
2900,CH02,Y,g,300,0.000527
2900,CH02,Y,g,304,0.000807
2900,CH02,Y,g,308,0.000945
2900,CH02,Y,g,312,0.000842
2900,CH02,Y,g,316,0.000789
2900,CH02,Y,g,320,0.00056
2900,CH02,Y,g,324,0.000781
2900,CH02,Y,g,328,0.000632
2900,CH02,Y,g,332,0.000823
2900,CH02,Y,g,336,0.000703
2900,CH02,Y,g,340,0.000719
2900,CH02,Y,g,344,0.000765
2900,CH02,Y,g,348,0.000822
2900,CH02,Y,g,352,0.000588
2900,CH02,Y,g,356,0.00066
2900,CH02,Y,g,360,0.000704
2900,CH02,Y,g,364,0.000651
2900,CH02,Y,g,368,0.000704
2900,CH02,Y,g,372,0.000986
2900,CH02,Y,g,376,0.000889
2900,CH02,Y,g,380,0.00072
2900,CH02,Y,g,384,0.000564
2900,CH02,Y,g,388,0.000696
2900,CH02,Y,g,392,0.000725
2900,CH02,Y,g,396,0.000664
2900,CH02,Y,g,400,0.000833
3000,CH02,Y,g,4,0.000693
3000,CH02,Y,g,8,0.000546
3000,CH02,Y,g,12,0.000593
3000,CH02,Y,g,16,0.000569
3000,CH02,Y,g,20,0.000673
3000,CH02,Y,g,24,0.000623
3000,CH02,Y,g,28,0.000959
3000,CH02,Y,g,32,0.000793
3000,CH02,Y,g,36,0.000679
3000,CH02,Y,g,40,0.000551
3000,CH02,Y,g,44,0.000741
3000,CH02,Y,g,48,0.003689
3000,CH02,Y,g,52,0.003568
3000,CH02,Y,g,56,0.000863
3000,CH02,Y,g,60,0.000614
3000,CH02,Y,g,64,0.000762
3000,CH02,Y,g,68,0.000521
3000,CH02,Y,g,72,0.000887
3000,CH02,Y,g,76,0.00054
3000,CH02,Y,g,80,0.000671
3000,CH02,Y,g,84,0.000722
3000,CH02,Y,g,88,0.000977
3000,CH02,Y,g,92,0.000739
3000,CH02,Y,g,96,0.003164
3000,CH02,Y,g,100,0.018397
3000,CH02,Y,g,104,0.004877
3000,CH02,Y,g,108,0.001003
3000,CH02,Y,g,112,0.000614
3000,CH02,Y,g,116,0.000609
3000,CH02,Y,g,120,0.000823
3000,CH02,Y,g,124,0.000918
3000,CH02,Y,g,128,0.000999
3000,CH02,Y,g,132,0.000962
3000,CH02,Y,g,136,0.000535
3000,CH02,Y,g,140,0.000971
3000,CH02,Y,g,144,0.000514
3000,CH02,Y,g,148,0.000778
3000,CH02,Y,g,152,0.000734
3000,CH02,Y,g,156,0.000584
3000,CH02,Y,g,160,0.000976
3000,CH02,Y,g,164,0.0008
3000,CH02,Y,g,168,0.000854
3000,CH02,Y,g,172,0.000978
3000,CH02,Y,g,176,0.000831
3000,CH02,Y,g,180,0.000578
3000,CH02,Y,g,184,0.000768
3000,CH02,Y,g,188,0.00071
3000,CH02,Y,g,192,0.000786
3000,CH02,Y,g,196,0.001471
3000,CH02,Y,g,200,0.004219
3000,CH02,Y,g,204,0.001357
3000,CH02,Y,g,208,0.000953
3000,CH02,Y,g,212,0.00093
3000,CH02,Y,g,216,0.000629
3000,CH02,Y,g,220,0.000786
3000,CH02,Y,g,224,0.000986
3000,CH02,Y,g,228,0.000952
3000,CH02,Y,g,232,0.000922
3000,CH02,Y,g,236,0.000509
3000,CH02,Y,g,240,0.000759
3000,CH02,Y,g,244,0.000962
3000,CH02,Y,g,248,0.000971
3000,CH02,Y,g,252,0.000646
3000,CH02,Y,g,256,0.000521
3000,CH02,Y,g,260,0.000825
3000,CH02,Y,g,264,0.00074
3000,CH02,Y,g,268,0.000603
3000,CH02,Y,g,272,0.000534
3000,CH02,Y,g,276,0.000889
3000,CH02,Y,g,280,0.000646
3000,CH02,Y,g,284,0.000798
3000,CH02,Y,g,288,0.000847
3000,CH02,Y,g,292,0.000849
3000,CH02,Y,g,296,0.000584
3000,CH02,Y,g,300,0.000594
3000,CH02,Y,g,304,0.000558
3000,CH02,Y,g,308,0.000841
3000,CH02,Y,g,312,0.000689
3000,CH02,Y,g,316,0.000576
3000,CH02,Y,g,320,0.000511
3000,CH02,Y,g,324,0.000621
3000,CH02,Y,g,328,0.000783
3000,CH02,Y,g,332,0.00097
3000,CH02,Y,g,336,0.000977
3000,CH02,Y,g,340,0.000518
3000,CH02,Y,g,344,0.000664
3000,CH02,Y,g,348,0.000799
3000,CH02,Y,g,352,0.000802
3000,CH02,Y,g,356,0.000904
3000,CH02,Y,g,360,0.000739
3000,CH02,Y,g,364,0.00092
3000,CH02,Y,g,368,0.000559
3000,CH02,Y,g,372,0.00051
3000,CH02,Y,g,376,0.000817
3000,CH02,Y,g,380,0.000623
3000,CH02,Y,g,384,0.000605
3000,CH02,Y,g,388,0.000529
3000,CH02,Y,g,392,0.000548
3000,CH02,Y,g,396,0.000511
3000,CH02,Y,g,400,0.000661
3100,CH02,Y,g,4,0.000576
3100,CH02,Y,g,8,0.000602
3100,CH02,Y,g,12,0.000526
3100,CH02,Y,g,16,0.000929
3100,CH02,Y,g,20,0.000609
3100,CH02,Y,g,24,0.000717
3100,CH02,Y,g,28,0.000599
3100,CH02,Y,g,32,0.000824
3100,CH02,Y,g,36,0.000671
3100,CH02,Y,g,40,0.000977
3100,CH02,Y,g,44,0.0009
3100,CH02,Y,g,48,0.001989
3100,CH02,Y,g,52,0.005865
3100,CH02,Y,g,56,0.001165
3100,CH02,Y,g,60,0.00089
3100,CH02,Y,g,64,0.000604
3100,CH02,Y,g,68,0.000795
3100,CH02,Y,g,72,0.000642
3100,CH02,Y,g,76,0.000729
3100,CH02,Y,g,80,0.000588
3100,CH02,Y,g,84,0.000631
3100,CH02,Y,g,88,0.000915
3100,CH02,Y,g,92,0.000751
3100,CH02,Y,g,96,0.000922
3100,CH02,Y,g,100,0.006439
3100,CH02,Y,g,104,0.024193
3100,CH02,Y,g,108,0.00372
3100,CH02,Y,g,112,0.000807
3100,CH02,Y,g,116,0.000927
3100,CH02,Y,g,120,0.000937
3100,CH02,Y,g,124,0.000892
3100,CH02,Y,g,128,0.000894
3100,CH02,Y,g,132,0.000622
3100,CH02,Y,g,136,0.000758
3100,CH02,Y,g,140,0.000563
3100,CH02,Y,g,144,0.000793
3100,CH02,Y,g,148,0.000911
3100,CH02,Y,g,152,0.000886
3100,CH02,Y,g,156,0.000806
3100,CH02,Y,g,160,0.000555
3100,CH02,Y,g,164,0.000544
3100,CH02,Y,g,168,0.000738
3100,CH02,Y,g,172,0.000586
3100,CH02,Y,g,176,0.000883
3100,CH02,Y,g,180,0.000802
3100,CH02,Y,g,184,0.000704
3100,CH02,Y,g,188,0.000515
3100,CH02,Y,g,192,0.000959
3100,CH02,Y,g,196,0.000992
3100,CH02,Y,g,200,0.000666
3100,CH02,Y,g,204,0.002275
3100,CH02,Y,g,208,0.004017
3100,CH02,Y,g,212,0.000778
3100,CH02,Y,g,216,0.000881
3100,CH02,Y,g,220,0.000538
3100,CH02,Y,g,224,0.000933
3100,CH02,Y,g,228,0.000946
3100,CH02,Y,g,232,0.000782
3100,CH02,Y,g,236,0.000996
3100,CH02,Y,g,240,0.000556
3100,CH02,Y,g,244,0.000954
3100,CH02,Y,g,248,0.000782
3100,CH02,Y,g,252,0.000561
3100,CH02,Y,g,256,0.000973
3100,CH02,Y,g,260,0.000562
3100,CH02,Y,g,264,0.000858
3100,CH02,Y,g,268,0.000649
3100,CH02,Y,g,272,0.000614
3100,CH02,Y,g,276,0.000697
3100,CH02,Y,g,280,0.000705
3100,CH02,Y,g,284,0.000764
3100,CH02,Y,g,288,0.000716
3100,CH02,Y,g,292,0.000509
3100,CH02,Y,g,296,0.000764
3100,CH02,Y,g,300,0.000512
3100,CH02,Y,g,304,0.000893
3100,CH02,Y,g,308,0.000798
3100,CH02,Y,g,312,0.000927
3100,CH02,Y,g,316,0.000825
3100,CH02,Y,g,320,0.000641
3100,CH02,Y,g,324,0.000931
3100,CH02,Y,g,328,0.000844
3100,CH02,Y,g,332,0.000583
3100,CH02,Y,g,336,0.000637
3100,CH02,Y,g,340,0.000722
3100,CH02,Y,g,344,0.000819
3100,CH02,Y,g,348,0.000817
3100,CH02,Y,g,352,0.000992
3100,CH02,Y,g,356,0.000602
3100,CH02,Y,g,360,0.000862
3100,CH02,Y,g,364,0.000962
3100,CH02,Y,g,368,0.000515
3100,CH02,Y,g,372,0.000988
3100,CH02,Y,g,376,0.000708
3100,CH02,Y,g,380,0.000613
3100,CH02,Y,g,384,0.000766
3100,CH02,Y,g,388,0.000949
3100,CH02,Y,g,392,0.000629
3100,CH02,Y,g,396,0.000917
3100,CH02,Y,g,400,0.000872
3200,CH02,Y,g,4,0.000593
3200,CH02,Y,g,8,0.000963
3200,CH02,Y,g,12,0.000896
3200,CH02,Y,g,16,0.000978
3200,CH02,Y,g,20,0.000856
3200,CH02,Y,g,24,0.000945
3200,CH02,Y,g,28,0.000837
3200,CH02,Y,g,32,0.000909
3200,CH02,Y,g,36,0.000558
3200,CH02,Y,g,40,0.000583
3200,CH02,Y,g,44,0.000978
3200,CH02,Y,g,48,0.001194
3200,CH02,Y,g,52,0.005243
3200,CH02,Y,g,56,0.003194
3200,CH02,Y,g,60,0.000894
3200,CH02,Y,g,64,0.000728
3200,CH02,Y,g,68,0.000822
3200,CH02,Y,g,72,0.000734
3200,CH02,Y,g,76,0.000678
3200,CH02,Y,g,80,0.000948
3200,CH02,Y,g,84,0.000525
3200,CH02,Y,g,88,0.000933
3200,CH02,Y,g,92,0.000645
3200,CH02,Y,g,96,0.000789
3200,CH02,Y,g,100,0.000796
3200,CH02,Y,g,104,0.012619
3200,CH02,Y,g,108,0.02904
3200,CH02,Y,g,112,0.002722
3200,CH02,Y,g,116,0.000971
3200,CH02,Y,g,120,0.000683
3200,CH02,Y,g,124,0.000933
3200,CH02,Y,g,128,0.000896
3200,CH02,Y,g,132,0.000792
3200,CH02,Y,g,136,0.00078
3200,CH02,Y,g,140,0.000551
3200,CH02,Y,g,144,0.000688
3200,CH02,Y,g,148,0.00051
3200,CH02,Y,g,152,0.000505
3200,CH02,Y,g,156,0.000925
3200,CH02,Y,g,160,0.00097
3200,CH02,Y,g,164,0.00081
3200,CH02,Y,g,168,0.000906
3200,CH02,Y,g,172,0.000597
3200,CH02,Y,g,176,0.000855
3200,CH02,Y,g,180,0.000688
3200,CH02,Y,g,184,0.000645
3200,CH02,Y,g,188,0.000894
3200,CH02,Y,g,192,0.000859
3200,CH02,Y,g,196,0.000612
3200,CH02,Y,g,200,0.000709
3200,CH02,Y,g,204,0.000978
3200,CH02,Y,g,208,0.001038
3200,CH02,Y,g,212,0.003948
3200,CH02,Y,g,216,0.002514
3200,CH02,Y,g,220,0.000804
3200,CH02,Y,g,224,0.000739
3200,CH02,Y,g,228,0.000679
3200,CH02,Y,g,232,0.000722
3200,CH02,Y,g,236,0.000549
3200,CH02,Y,g,240,0.000728
3200,CH02,Y,g,244,0.000961
3200,CH02,Y,g,248,0.000775
3200,CH02,Y,g,252,0.000974
3200,CH02,Y,g,256,0.000981
3200,CH02,Y,g,260,0.00053
3200,CH02,Y,g,264,0.000642
3200,CH02,Y,g,268,0.000581
3200,CH02,Y,g,272,0.000853
3200,CH02,Y,g,276,0.000909
3200,CH02,Y,g,280,0.000697
3200,CH02,Y,g,284,0.000717
3200,CH02,Y,g,288,0.000809
3200,CH02,Y,g,292,0.000593
3200,CH02,Y,g,296,0.000868
3200,CH02,Y,g,300,0.000821
3200,CH02,Y,g,304,0.000519
3200,CH02,Y,g,308,0.000553
3200,CH02,Y,g,312,0.000822
3200,CH02,Y,g,316,0.000645
3200,CH02,Y,g,320,0.000963
3200,CH02,Y,g,324,0.000855
3200,CH02,Y,g,328,0.000852
3200,CH02,Y,g,332,0.000774
3200,CH02,Y,g,336,0.000664
3200,CH02,Y,g,340,0.000606
3200,CH02,Y,g,344,0.000898
3200,CH02,Y,g,348,0.000766
3200,CH02,Y,g,352,0.000941
3200,CH02,Y,g,356,0.000738
3200,CH02,Y,g,360,0.000974
3200,CH02,Y,g,364,0.000637
3200,CH02,Y,g,368,0.000552
3200,CH02,Y,g,372,0.00061
3200,CH02,Y,g,376,0.000944
3200,CH02,Y,g,380,0.000592
3200,CH02,Y,g,384,0.000661
3200,CH02,Y,g,388,0.000964
3200,CH02,Y,g,392,0.000874
3200,CH02,Y,g,396,0.000554
3200,CH02,Y,g,400,0.00053
3300,CH02,Y,g,4,0.000907
3300,CH02,Y,g,8,0.000554
3300,CH02,Y,g,12,0.000821
3300,CH02,Y,g,16,0.00074
3300,CH02,Y,g,20,0.000871
3300,CH02,Y,g,24,0.000593
3300,CH02,Y,g,28,0.000735
3300,CH02,Y,g,32,0.000752
3300,CH02,Y,g,36,0.000817
3300,CH02,Y,g,40,0.000778
3300,CH02,Y,g,44,0.000922
3300,CH02,Y,g,48,0.000827
3300,CH02,Y,g,52,0.002973
3300,CH02,Y,g,56,0.005897
3300,CH02,Y,g,60,0.00099
3300,CH02,Y,g,64,0.000824
3300,CH02,Y,g,68,0.000533
3300,CH02,Y,g,72,0.000857
3300,CH02,Y,g,76,0.000863
3300,CH02,Y,g,80,0.000753
3300,CH02,Y,g,84,0.000689
3300,CH02,Y,g,88,0.000656
3300,CH02,Y,g,92,0.00058
3300,CH02,Y,g,96,0.000625
3300,CH02,Y,g,100,0.000895
3300,CH02,Y,g,104,0.001039
3300,CH02,Y,g,108,0.024196
3300,CH02,Y,g,112,0.030389
3300,CH02,Y,g,116,0.001641
3300,CH02,Y,g,120,0.000751
3300,CH02,Y,g,124,0.000561
3300,CH02,Y,g,128,0.000513
3300,CH02,Y,g,132,0.0009
3300,CH02,Y,g,136,0.000579
3300,CH02,Y,g,140,0.000915
3300,CH02,Y,g,144,0.000642
3300,CH02,Y,g,148,0.00067
3300,CH02,Y,g,152,0.000932
3300,CH02,Y,g,156,0.000683
3300,CH02,Y,g,160,0.000921
3300,CH02,Y,g,164,0.000556
3300,CH02,Y,g,168,0.000585
3300,CH02,Y,g,172,0.000831
3300,CH02,Y,g,176,0.000955
3300,CH02,Y,g,180,0.000841
3300,CH02,Y,g,184,0.000834
3300,CH02,Y,g,188,0.000875
3300,CH02,Y,g,192,0.000837
3300,CH02,Y,g,196,0.000655
3300,CH02,Y,g,200,0.000923
3300,CH02,Y,g,204,0.000558
3300,CH02,Y,g,208,0.00069
3300,CH02,Y,g,212,0.000593
3300,CH02,Y,g,216,0.001691
3300,CH02,Y,g,220,0.00494
3300,CH02,Y,g,224,0.001527
3300,CH02,Y,g,228,0.000531
3300,CH02,Y,g,232,0.000516
3300,CH02,Y,g,236,0.000504
3300,CH02,Y,g,240,0.000519
3300,CH02,Y,g,244,0.000733
3300,CH02,Y,g,248,0.00092
3300,CH02,Y,g,252,0.000853
3300,CH02,Y,g,256,0.0008
3300,CH02,Y,g,260,0.00068
3300,CH02,Y,g,264,0.00069
3300,CH02,Y,g,268,0.000509
3300,CH02,Y,g,272,0.000984
3300,CH02,Y,g,276,0.000776
3300,CH02,Y,g,280,0.000548
3300,CH02,Y,g,284,0.000978
3300,CH02,Y,g,288,0.000637
3300,CH02,Y,g,292,0.000664
3300,CH02,Y,g,296,0.000717
3300,CH02,Y,g,300,0.000743
3300,CH02,Y,g,304,0.000754
3300,CH02,Y,g,308,0.00082
3300,CH02,Y,g,312,0.000876
3300,CH02,Y,g,316,0.000996
3300,CH02,Y,g,320,0.000908
3300,CH02,Y,g,324,0.000658
3300,CH02,Y,g,328,0.000506
3300,CH02,Y,g,332,0.000775
3300,CH02,Y,g,336,0.000616
3300,CH02,Y,g,340,0.00068
3300,CH02,Y,g,344,0.000651
3300,CH02,Y,g,348,0.00098
3300,CH02,Y,g,352,0.000738
3300,CH02,Y,g,356,0.000996
3300,CH02,Y,g,360,0.000764
3300,CH02,Y,g,364,0.000983
3300,CH02,Y,g,368,0.000587
3300,CH02,Y,g,372,0.000883
3300,CH02,Y,g,376,0.000785
3300,CH02,Y,g,380,0.000783
3300,CH02,Y,g,384,0.000534
3300,CH02,Y,g,388,0.000762
3300,CH02,Y,g,392,0.000622
3300,CH02,Y,g,396,0.000955
3300,CH02,Y,g,400,0.000998
3400,CH02,Y,g,4,0.000592
3400,CH02,Y,g,8,0.000532
3400,CH02,Y,g,12,0.000509
3400,CH02,Y,g,16,0.000782
3400,CH02,Y,g,20,0.000684
3400,CH02,Y,g,24,0.000998
3400,CH02,Y,g,28,0.000571
3400,CH02,Y,g,32,0.000648
3400,CH02,Y,g,36,0.000803
3400,CH02,Y,g,40,0.000828
3400,CH02,Y,g,44,0.000515
3400,CH02,Y,g,48,0.000654
3400,CH02,Y,g,52,0.001332
3400,CH02,Y,g,56,0.006723
3400,CH02,Y,g,60,0.002695
3400,CH02,Y,g,64,0.000618
3400,CH02,Y,g,68,0.000772
3400,CH02,Y,g,72,0.000559
3400,CH02,Y,g,76,0.000727
3400,CH02,Y,g,80,0.00072
3400,CH02,Y,g,84,0.000714
3400,CH02,Y,g,88,0.000772
3400,CH02,Y,g,92,0.000654
3400,CH02,Y,g,96,0.00056
3400,CH02,Y,g,100,0.000653
3400,CH02,Y,g,104,0.000897
3400,CH02,Y,g,108,0.00236
3400,CH02,Y,g,112,0.041508
3400,CH02,Y,g,116,0.026964
3400,CH02,Y,g,120,0.000975
3400,CH02,Y,g,124,0.000986
3400,CH02,Y,g,128,0.000659
3400,CH02,Y,g,132,0.000978
3400,CH02,Y,g,136,0.000504
3400,CH02,Y,g,140,0.000606
3400,CH02,Y,g,144,0.000616
3400,CH02,Y,g,148,0.00087
3400,CH02,Y,g,152,0.000712
3400,CH02,Y,g,156,0.000994
3400,CH02,Y,g,160,0.000543
3400,CH02,Y,g,164,0.000989
3400,CH02,Y,g,168,0.000552
3400,CH02,Y,g,172,0.000539
3400,CH02,Y,g,176,0.000847
3400,CH02,Y,g,180,0.000669
3400,CH02,Y,g,184,0.000591
3400,CH02,Y,g,188,0.00081
3400,CH02,Y,g,192,0.000902
3400,CH02,Y,g,196,0.000786
3400,CH02,Y,g,200,0.000753
3400,CH02,Y,g,204,0.000814
3400,CH02,Y,g,208,0.000591
3400,CH02,Y,g,212,0.000755
3400,CH02,Y,g,216,0.000611
3400,CH02,Y,g,220,0.00086
3400,CH02,Y,g,224,0.002807
3400,CH02,Y,g,228,0.004504
3400,CH02,Y,g,232,0.001152
3400,CH02,Y,g,236,0.000827
3400,CH02,Y,g,240,0.000733
3400,CH02,Y,g,244,0.000855
3400,CH02,Y,g,248,0.00071
3400,CH02,Y,g,252,0.000526
3400,CH02,Y,g,256,0.000709
3400,CH02,Y,g,260,0.000787
3400,CH02,Y,g,264,0.000984
3400,CH02,Y,g,268,0.000919
3400,CH02,Y,g,272,0.000902
3400,CH02,Y,g,276,0.000858
3400,CH02,Y,g,280,0.000848
3400,CH02,Y,g,284,0.000796
3400,CH02,Y,g,288,0.000504
3400,CH02,Y,g,292,0.00097
3400,CH02,Y,g,296,0.000986
3400,CH02,Y,g,300,0.000826
3400,CH02,Y,g,304,0.000826
3400,CH02,Y,g,308,0.00078
3400,CH02,Y,g,312,0.000946
3400,CH02,Y,g,316,0.00066
3400,CH02,Y,g,320,0.000741
3400,CH02,Y,g,324,0.000882
3400,CH02,Y,g,328,0.000932
3400,CH02,Y,g,332,0.000614
3400,CH02,Y,g,336,0.00072
3400,CH02,Y,g,340,0.00069
3400,CH02,Y,g,344,0.000984
3400,CH02,Y,g,348,0.000704
3400,CH02,Y,g,352,0.000674
3400,CH02,Y,g,356,0.000669
3400,CH02,Y,g,360,0.000656
3400,CH02,Y,g,364,0.000624
3400,CH02,Y,g,368,0.000894
3400,CH02,Y,g,372,0.000596
3400,CH02,Y,g,376,0.000691
3400,CH02,Y,g,380,0.000609
3400,CH02,Y,g,384,0.000543
3400,CH02,Y,g,388,0.000847
3400,CH02,Y,g,392,0.000805
3400,CH02,Y,g,396,0.000999
3400,CH02,Y,g,400,0.000959
3500,CH02,Y,g,4,0.000937
3500,CH02,Y,g,8,0.000837
3500,CH02,Y,g,12,0.000942
3500,CH02,Y,g,16,0.000794
3500,CH02,Y,g,20,0.000968
3500,CH02,Y,g,24,0.000825
3500,CH02,Y,g,28,0.000552
3500,CH02,Y,g,32,0.000677
3500,CH02,Y,g,36,0.000968
3500,CH02,Y,g,40,0.000548
3500,CH02,Y,g,44,0.000501
3500,CH02,Y,g,48,0.000716
3500,CH02,Y,g,52,0.000833
3500,CH02,Y,g,56,0.004493
3500,CH02,Y,g,60,0.005407
3500,CH02,Y,g,64,0.001143
3500,CH02,Y,g,68,0.000582
3500,CH02,Y,g,72,0.000908
3500,CH02,Y,g,76,0.000614
3500,CH02,Y,g,80,0.000533
3500,CH02,Y,g,84,0.000623
3500,CH02,Y,g,88,0.000747
3500,CH02,Y,g,92,0.000832
3500,CH02,Y,g,96,0.000805
3500,CH02,Y,g,100,0.000572
3500,CH02,Y,g,104,0.000603
3500,CH02,Y,g,108,0.00068
3500,CH02,Y,g,112,0.005353
3500,CH02,Y,g,116,0.058831
3500,CH02,Y,g,120,0.019302
3500,CH02,Y,g,124,0.0008
3500,CH02,Y,g,128,0.000915
3500,CH02,Y,g,132,0.000882
3500,CH02,Y,g,136,0.000627
3500,CH02,Y,g,140,0.000846
3500,CH02,Y,g,144,0.000624
3500,CH02,Y,g,148,0.000808
3500,CH02,Y,g,152,0.000625
3500,CH02,Y,g,156,0.000545
3500,CH02,Y,g,160,0.000502
3500,CH02,Y,g,164,0.000677
3500,CH02,Y,g,168,0.000938
3500,CH02,Y,g,172,0.000644
3500,CH02,Y,g,176,0.00081
3500,CH02,Y,g,180,0.000524
3500,CH02,Y,g,184,0.000777
3500,CH02,Y,g,188,0.000739
3500,CH02,Y,g,192,0.000635
3500,CH02,Y,g,196,0.000823
3500,CH02,Y,g,200,0.000838
3500,CH02,Y,g,204,0.000529
3500,CH02,Y,g,208,0.000535
3500,CH02,Y,g,212,0.000608
3500,CH02,Y,g,216,0.00056
3500,CH02,Y,g,220,0.000848
3500,CH02,Y,g,224,0.00075
3500,CH02,Y,g,228,0.000991
3500,CH02,Y,g,232,0.004599
3500,CH02,Y,g,236,0.003098
3500,CH02,Y,g,240,0.000637
3500,CH02,Y,g,244,0.00093
3500,CH02,Y,g,248,0.000594
3500,CH02,Y,g,252,0.000566
3500,CH02,Y,g,256,0.000619
3500,CH02,Y,g,260,0.000931
3500,CH02,Y,g,264,0.000902
3500,CH02,Y,g,268,0.000723
3500,CH02,Y,g,272,0.00094
3500,CH02,Y,g,276,0.000705
3500,CH02,Y,g,280,0.000503
3500,CH02,Y,g,284,0.000507
3500,CH02,Y,g,288,0.000641
3500,CH02,Y,g,292,0.000536
3500,CH02,Y,g,296,0.000828
3500,CH02,Y,g,300,0.000845
3500,CH02,Y,g,304,0.000676
3500,CH02,Y,g,308,0.000784
3500,CH02,Y,g,312,0.000775
3500,CH02,Y,g,316,0.000562
3500,CH02,Y,g,320,0.000858
3500,CH02,Y,g,324,0.000631
3500,CH02,Y,g,328,0.000501
3500,CH02,Y,g,332,0.000884
3500,CH02,Y,g,336,0.000633
3500,CH02,Y,g,340,0.000985
3500,CH02,Y,g,344,0.000647
3500,CH02,Y,g,348,0.000725
3500,CH02,Y,g,352,0.000648
3500,CH02,Y,g,356,0.00073
3500,CH02,Y,g,360,0.000903
3500,CH02,Y,g,364,0.000642
3500,CH02,Y,g,368,0.00091
3500,CH02,Y,g,372,0.000802
3500,CH02,Y,g,376,0.000501
3500,CH02,Y,g,380,0.000633
3500,CH02,Y,g,384,0.000987
3500,CH02,Y,g,388,0.000833
3500,CH02,Y,g,392,0.000803
3500,CH02,Y,g,396,0.000556
3500,CH02,Y,g,400,0.000768
3600,CH02,Y,g,4,0.000634
3600,CH02,Y,g,8,0.000504
3600,CH02,Y,g,12,0.000732
3600,CH02,Y,g,16,0.000674
3600,CH02,Y,g,20,0.00089
3600,CH02,Y,g,24,0.000724
3600,CH02,Y,g,28,0.000588
3600,CH02,Y,g,32,0.000865
3600,CH02,Y,g,36,0.000723
3600,CH02,Y,g,40,0.000557
3600,CH02,Y,g,44,0.000973
3600,CH02,Y,g,48,0.00061
3600,CH02,Y,g,52,0.000551
3600,CH02,Y,g,56,0.001913
3600,CH02,Y,g,60,0.007603
3600,CH02,Y,g,64,0.002052
3600,CH02,Y,g,68,0.000946
3600,CH02,Y,g,72,0.000874
3600,CH02,Y,g,76,0.000652
3600,CH02,Y,g,80,0.000716
3600,CH02,Y,g,84,0.000625
3600,CH02,Y,g,88,0.000691
3600,CH02,Y,g,92,0.000631
3600,CH02,Y,g,96,0.000919
3600,CH02,Y,g,100,0.000891
3600,CH02,Y,g,104,0.000531
3600,CH02,Y,g,108,0.00094
3600,CH02,Y,g,112,0.000983
3600,CH02,Y,g,116,0.011799
3600,CH02,Y,g,120,0.068774
3600,CH02,Y,g,124,0.01159
3600,CH02,Y,g,128,0.000724
3600,CH02,Y,g,132,0.000798
3600,CH02,Y,g,136,0.000507
3600,CH02,Y,g,140,0.000849
3600,CH02,Y,g,144,0.000806
3600,CH02,Y,g,148,0.000781
3600,CH02,Y,g,152,0.000705
3600,CH02,Y,g,156,0.000701
3600,CH02,Y,g,160,0.000581
3600,CH02,Y,g,164,0.000906
3600,CH02,Y,g,168,0.000656
3600,CH02,Y,g,172,0.000614
3600,CH02,Y,g,176,0.000595
3600,CH02,Y,g,180,0.000555
3600,CH02,Y,g,184,0.000772
3600,CH02,Y,g,188,0.000869
3600,CH02,Y,g,192,0.000725
3600,CH02,Y,g,196,0.000608
3600,CH02,Y,g,200,0.000865
3600,CH02,Y,g,204,0.000518
3600,CH02,Y,g,208,0.000842
3600,CH02,Y,g,212,0.00086
3600,CH02,Y,g,216,0.00054
3600,CH02,Y,g,220,0.000679
3600,CH02,Y,g,224,0.00071
3600,CH02,Y,g,228,0.000647
3600,CH02,Y,g,232,0.000866
3600,CH02,Y,g,236,0.001532
3600,CH02,Y,g,240,0.005731
3600,CH02,Y,g,244,0.001385
3600,CH02,Y,g,248,0.000642
3600,CH02,Y,g,252,0.000705
3600,CH02,Y,g,256,0.000537
3600,CH02,Y,g,260,0.000755
3600,CH02,Y,g,264,0.000539
3600,CH02,Y,g,268,0.000857
3600,CH02,Y,g,272,0.000891
3600,CH02,Y,g,276,0.000587
3600,CH02,Y,g,280,0.000734
3600,CH02,Y,g,284,0.000861
3600,CH02,Y,g,288,0.000787
3600,CH02,Y,g,292,0.000607
3600,CH02,Y,g,296,0.000974
3600,CH02,Y,g,300,0.000955
3600,CH02,Y,g,304,0.000944
3600,CH02,Y,g,308,0.000525
3600,CH02,Y,g,312,0.0006
3600,CH02,Y,g,316,0.00093
3600,CH02,Y,g,320,0.000759
3600,CH02,Y,g,324,0.000838
3600,CH02,Y,g,328,0.000708
3600,CH02,Y,g,332,0.000628
3600,CH02,Y,g,336,0.00097
3600,CH02,Y,g,340,0.000943
3600,CH02,Y,g,344,0.000831
3600,CH02,Y,g,348,0.000723
3600,CH02,Y,g,352,0.000599
3600,CH02,Y,g,356,0.000752
3600,CH02,Y,g,360,0.000917
3600,CH02,Y,g,364,0.001
3600,CH02,Y,g,368,0.000515
3600,CH02,Y,g,372,0.000758
3600,CH02,Y,g,376,0.000939
3600,CH02,Y,g,380,0.000682
3600,CH02,Y,g,384,0.000894
3600,CH02,Y,g,388,0.000957
3600,CH02,Y,g,392,0.000558
3600,CH02,Y,g,396,0.000641
3600,CH02,Y,g,400,0.000947
3700,CH02,Y,g,4,0.000698
3700,CH02,Y,g,8,0.000968
3700,CH02,Y,g,12,0.000987
3700,CH02,Y,g,16,0.000535
3700,CH02,Y,g,20,0.000887
3700,CH02,Y,g,24,0.000745
3700,CH02,Y,g,28,0.00052
3700,CH02,Y,g,32,0.000809
3700,CH02,Y,g,36,0.000563
3700,CH02,Y,g,40,0.000536
3700,CH02,Y,g,44,0.000756
3700,CH02,Y,g,48,0.000937
3700,CH02,Y,g,52,0.000541
3700,CH02,Y,g,56,0.001031
3700,CH02,Y,g,60,0.006108
3700,CH02,Y,g,64,0.004918
3700,CH02,Y,g,68,0.000848
3700,CH02,Y,g,72,0.000642
3700,CH02,Y,g,76,0.000535
3700,CH02,Y,g,80,0.000679
3700,CH02,Y,g,84,0.000811
3700,CH02,Y,g,88,0.000616
3700,CH02,Y,g,92,0.000759
3700,CH02,Y,g,96,0.000648
3700,CH02,Y,g,100,0.000565
3700,CH02,Y,g,104,0.000592
3700,CH02,Y,g,108,0.000643
3700,CH02,Y,g,112,0.000527
3700,CH02,Y,g,116,0.001053
3700,CH02,Y,g,120,0.021654
3700,CH02,Y,g,124,0.065544
3700,CH02,Y,g,128,0.006202
3700,CH02,Y,g,132,0.000578
3700,CH02,Y,g,136,0.000827
3700,CH02,Y,g,140,0.000612
3700,CH02,Y,g,144,0.000646
3700,CH02,Y,g,148,0.000935
3700,CH02,Y,g,152,0.000566
3700,CH02,Y,g,156,0.000823
3700,CH02,Y,g,160,0.00077
3700,CH02,Y,g,164,0.000899
3700,CH02,Y,g,168,0.000907
3700,CH02,Y,g,172,0.000507
3700,CH02,Y,g,176,0.000813
3700,CH02,Y,g,180,0.000574
3700,CH02,Y,g,184,0.000545
3700,CH02,Y,g,188,0.000912
3700,CH02,Y,g,192,0.000538
3700,CH02,Y,g,196,0.000545
3700,CH02,Y,g,200,0.000637
3700,CH02,Y,g,204,0.000962
3700,CH02,Y,g,208,0.000623
3700,CH02,Y,g,212,0.00054
3700,CH02,Y,g,216,0.000958
3700,CH02,Y,g,220,0.000645
3700,CH02,Y,g,224,0.000924
3700,CH02,Y,g,228,0.000843
3700,CH02,Y,g,232,0.000843
3700,CH02,Y,g,236,0.000691
3700,CH02,Y,g,240,0.000869
3700,CH02,Y,g,244,0.003084
3700,CH02,Y,g,248,0.005306
3700,CH02,Y,g,252,0.000729
3700,CH02,Y,g,256,0.000548
3700,CH02,Y,g,260,0.000656
3700,CH02,Y,g,264,0.00083
3700,CH02,Y,g,268,0.000839
3700,CH02,Y,g,272,0.000951
3700,CH02,Y,g,276,0.000531
3700,CH02,Y,g,280,0.000993
3700,CH02,Y,g,284,0.000657
3700,CH02,Y,g,288,0.000507
3700,CH02,Y,g,292,0.000592
3700,CH02,Y,g,296,0.000664
3700,CH02,Y,g,300,0.000852
3700,CH02,Y,g,304,0.000779
3700,CH02,Y,g,308,0.000718
3700,CH02,Y,g,312,0.000758
3700,CH02,Y,g,316,0.000702
3700,CH02,Y,g,320,0.00077
3700,CH02,Y,g,324,0.000826
3700,CH02,Y,g,328,0.000562
3700,CH02,Y,g,332,0.00055
3700,CH02,Y,g,336,0.000525
3700,CH02,Y,g,340,0.000588
3700,CH02,Y,g,344,0.000665
3700,CH02,Y,g,348,0.000745
3700,CH02,Y,g,352,0.000986
3700,CH02,Y,g,356,0.000901
3700,CH02,Y,g,360,0.000916
3700,CH02,Y,g,364,0.000714
3700,CH02,Y,g,368,0.000789
3700,CH02,Y,g,372,0.000651
3700,CH02,Y,g,376,0.000987
3700,CH02,Y,g,380,0.000868
3700,CH02,Y,g,384,0.00067
3700,CH02,Y,g,388,0.000508
3700,CH02,Y,g,392,0.000785
3700,CH02,Y,g,396,0.000561
3700,CH02,Y,g,400,0.000957
3800,CH02,Y,g,4,0.000644
3800,CH02,Y,g,8,0.000976
3800,CH02,Y,g,12,0.0005
3800,CH02,Y,g,16,0.000778
3800,CH02,Y,g,20,0.000959
3800,CH02,Y,g,24,0.000863
3800,CH02,Y,g,28,0.000544
3800,CH02,Y,g,32,0.000847
3800,CH02,Y,g,36,0.00052
3800,CH02,Y,g,40,0.000632
3800,CH02,Y,g,44,0.000924
3800,CH02,Y,g,48,0.000606
3800,CH02,Y,g,52,0.000657
3800,CH02,Y,g,56,0.000707
3800,CH02,Y,g,60,0.00285
3800,CH02,Y,g,64,0.008198
3800,CH02,Y,g,68,0.001323
3800,CH02,Y,g,72,0.000889
3800,CH02,Y,g,76,0.000523
3800,CH02,Y,g,80,0.000784
3800,CH02,Y,g,84,0.000761
3800,CH02,Y,g,88,0.000808
3800,CH02,Y,g,92,0.000792
3800,CH02,Y,g,96,0.000962
3800,CH02,Y,g,100,0.000942
3800,CH02,Y,g,104,0.000667
3800,CH02,Y,g,108,0.00089
3800,CH02,Y,g,112,0.000589
3800,CH02,Y,g,116,0.000605
3800,CH02,Y,g,120,0.001155
3800,CH02,Y,g,124,0.033575
3800,CH02,Y,g,128,0.051584
3800,CH02,Y,g,132,0.002677
3800,CH02,Y,g,136,0.000955
3800,CH02,Y,g,140,0.000704
3800,CH02,Y,g,144,0.000924
3800,CH02,Y,g,148,0.000788
3800,CH02,Y,g,152,0.000535
3800,CH02,Y,g,156,0.000838
3800,CH02,Y,g,160,0.000982
3800,CH02,Y,g,164,0.000531
3800,CH02,Y,g,168,0.000952
3800,CH02,Y,g,172,0.000805
3800,CH02,Y,g,176,0.000745
3800,CH02,Y,g,180,0.000909
3800,CH02,Y,g,184,0.0007
3800,CH02,Y,g,188,0.000948
3800,CH02,Y,g,192,0.000936
3800,CH02,Y,g,196,0.000784
3800,CH02,Y,g,200,0.000943
3800,CH02,Y,g,204,0.000869
3800,CH02,Y,g,208,0.000611
3800,CH02,Y,g,212,0.000842
3800,CH02,Y,g,216,0.000798
3800,CH02,Y,g,220,0.000627
3800,CH02,Y,g,224,0.000731
3800,CH02,Y,g,228,0.000858
3800,CH02,Y,g,232,0.000922
3800,CH02,Y,g,236,0.000893
3800,CH02,Y,g,240,0.000598
3800,CH02,Y,g,244,0.000797
3800,CH02,Y,g,248,0.000757
3800,CH02,Y,g,252,0.005383
3800,CH02,Y,g,256,0.003524
3800,CH02,Y,g,260,0.000753
3800,CH02,Y,g,264,0.000981
3800,CH02,Y,g,268,0.000612
3800,CH02,Y,g,272,0.000889
3800,CH02,Y,g,276,0.00066
3800,CH02,Y,g,280,0.000924
3800,CH02,Y,g,284,0.000671
3800,CH02,Y,g,288,0.000544
3800,CH02,Y,g,292,0.000848
3800,CH02,Y,g,296,0.000565
3800,CH02,Y,g,300,0.000745
3800,CH02,Y,g,304,0.000873
3800,CH02,Y,g,308,0.000921
3800,CH02,Y,g,312,0.000954
3800,CH02,Y,g,316,0.000708
3800,CH02,Y,g,320,0.00056
3800,CH02,Y,g,324,0.000758
3800,CH02,Y,g,328,0.000641
3800,CH02,Y,g,332,0.000744
3800,CH02,Y,g,336,0.000735
3800,CH02,Y,g,340,0.000551
3800,CH02,Y,g,344,0.000775
3800,CH02,Y,g,348,0.000525
3800,CH02,Y,g,352,0.00086
3800,CH02,Y,g,356,0.000637
3800,CH02,Y,g,360,0.000645
3800,CH02,Y,g,364,0.000635
3800,CH02,Y,g,368,0.00092
3800,CH02,Y,g,372,0.00086
3800,CH02,Y,g,376,0.000679
3800,CH02,Y,g,380,0.000757
3800,CH02,Y,g,384,0.000793
3800,CH02,Y,g,388,0.000932
3800,CH02,Y,g,392,0.000774
3800,CH02,Y,g,396,0.000972
3800,CH02,Y,g,400,0.000875
3900,CH02,Y,g,4,0.000609
3900,CH02,Y,g,8,0.00084
3900,CH02,Y,g,12,0.000559
3900,CH02,Y,g,16,0.000984
3900,CH02,Y,g,20,0.000859
3900,CH02,Y,g,24,0.000905
3900,CH02,Y,g,28,0.000791
3900,CH02,Y,g,32,0.000543
3900,CH02,Y,g,36,0.000764
3900,CH02,Y,g,40,0.000658
3900,CH02,Y,g,44,0.000808
3900,CH02,Y,g,48,0.000665
3900,CH02,Y,g,52,0.000794
3900,CH02,Y,g,56,0.00096
3900,CH02,Y,g,60,0.001127
3900,CH02,Y,g,64,0.008091
3900,CH02,Y,g,68,0.003796
3900,CH02,Y,g,72,0.000708
3900,CH02,Y,g,76,0.000871
3900,CH02,Y,g,80,0.000714
3900,CH02,Y,g,84,0.000519
3900,CH02,Y,g,88,0.000919
3900,CH02,Y,g,92,0.00054
3900,CH02,Y,g,96,0.000562
3900,CH02,Y,g,100,0.000701
3900,CH02,Y,g,104,0.00094
3900,CH02,Y,g,108,0.00055
3900,CH02,Y,g,112,0.000551
3900,CH02,Y,g,116,0.000513
3900,CH02,Y,g,120,0.00077
3900,CH02,Y,g,124,0.002025
3900,CH02,Y,g,128,0.04252
3900,CH02,Y,g,132,0.033558
3900,CH02,Y,g,136,0.001558
3900,CH02,Y,g,140,0.000508
3900,CH02,Y,g,144,0.000748
3900,CH02,Y,g,148,0.000876
3900,CH02,Y,g,152,0.00055
3900,CH02,Y,g,156,0.000715
3900,CH02,Y,g,160,0.000929
3900,CH02,Y,g,164,0.000636
3900,CH02,Y,g,168,0.000998
3900,CH02,Y,g,172,0.000507
3900,CH02,Y,g,176,0.000805
3900,CH02,Y,g,180,0.000727
3900,CH02,Y,g,184,0.000883
3900,CH02,Y,g,188,0.000567
3900,CH02,Y,g,192,0.000685
3900,CH02,Y,g,196,0.000856
3900,CH02,Y,g,200,0.000555
3900,CH02,Y,g,204,0.000661
3900,CH02,Y,g,208,0.000667
3900,CH02,Y,g,212,0.000545
3900,CH02,Y,g,216,0.000774
3900,CH02,Y,g,220,0.000592
3900,CH02,Y,g,224,0.000954
3900,CH02,Y,g,228,0.000896
3900,CH02,Y,g,232,0.000732
3900,CH02,Y,g,236,0.000767
3900,CH02,Y,g,240,0.000577
3900,CH02,Y,g,244,0.000764
3900,CH02,Y,g,248,0.000766
3900,CH02,Y,g,252,0.000984
3900,CH02,Y,g,256,0.001601
3900,CH02,Y,g,260,0.006966
3900,CH02,Y,g,264,0.001602
3900,CH02,Y,g,268,0.000768
3900,CH02,Y,g,272,0.000647
3900,CH02,Y,g,276,0.0007
3900,CH02,Y,g,280,0.00087
3900,CH02,Y,g,284,0.000542
3900,CH02,Y,g,288,0.00087
3900,CH02,Y,g,292,0.0009
3900,CH02,Y,g,296,0.000895
3900,CH02,Y,g,300,0.000775
3900,CH02,Y,g,304,0.000679
3900,CH02,Y,g,308,0.000773
3900,CH02,Y,g,312,0.000801
3900,CH02,Y,g,316,0.000606
3900,CH02,Y,g,320,0.000696
3900,CH02,Y,g,324,0.000862
3900,CH02,Y,g,328,0.000694
3900,CH02,Y,g,332,0.000785
3900,CH02,Y,g,336,0.000694
3900,CH02,Y,g,340,0.000882
3900,CH02,Y,g,344,0.000836
3900,CH02,Y,g,348,0.000578
3900,CH02,Y,g,352,0.000627
3900,CH02,Y,g,356,0.000828
3900,CH02,Y,g,360,0.000683
3900,CH02,Y,g,364,0.000536
3900,CH02,Y,g,368,0.000929
3900,CH02,Y,g,372,0.000918
3900,CH02,Y,g,376,0.000805
3900,CH02,Y,g,380,0.000694
3900,CH02,Y,g,384,0.00076
3900,CH02,Y,g,388,0.000825
3900,CH02,Y,g,392,0.000792
3900,CH02,Y,g,396,0.000871
3900,CH02,Y,g,400,0.000584
4000,CH02,Y,g,4,0.000602
4000,CH02,Y,g,8,0.000784
4000,CH02,Y,g,12,0.000706
4000,CH02,Y,g,16,0.000999
4000,CH02,Y,g,20,0.000533
4000,CH02,Y,g,24,0.000551
4000,CH02,Y,g,28,0.000643
4000,CH02,Y,g,32,0.000798
4000,CH02,Y,g,36,0.000717
4000,CH02,Y,g,40,0.000968
4000,CH02,Y,g,44,0.00096
4000,CH02,Y,g,48,0.000655
4000,CH02,Y,g,52,0.000596
4000,CH02,Y,g,56,0.000791
4000,CH02,Y,g,60,0.001053
4000,CH02,Y,g,64,0.004643
4000,CH02,Y,g,68,0.007668
4000,CH02,Y,g,72,0.000998
4000,CH02,Y,g,76,0.000667
4000,CH02,Y,g,80,0.000765
4000,CH02,Y,g,84,0.000844
4000,CH02,Y,g,88,0.000508
4000,CH02,Y,g,92,0.000922
4000,CH02,Y,g,96,0.000608
4000,CH02,Y,g,100,0.000631
4000,CH02,Y,g,104,0.00087
4000,CH02,Y,g,108,0.000612
4000,CH02,Y,g,112,0.000874
4000,CH02,Y,g,116,0.000989
4000,CH02,Y,g,120,0.000808
4000,CH02,Y,g,124,0.000689
4000,CH02,Y,g,128,0.00356
4000,CH02,Y,g,132,0.045241
4000,CH02,Y,g,136,0.019307
4000,CH02,Y,g,140,0.001133
4000,CH02,Y,g,144,0.000911
4000,CH02,Y,g,148,0.000932
4000,CH02,Y,g,152,0.000618
4000,CH02,Y,g,156,0.000738
4000,CH02,Y,g,160,0.000507
4000,CH02,Y,g,164,0.000878
4000,CH02,Y,g,168,0.000951
4000,CH02,Y,g,172,0.00059
4000,CH02,Y,g,176,0.000913
4000,CH02,Y,g,180,0.000535
4000,CH02,Y,g,184,0.000903
4000,CH02,Y,g,188,0.00087
4000,CH02,Y,g,192,0.000969
4000,CH02,Y,g,196,0.000884
4000,CH02,Y,g,200,0.00053
4000,CH02,Y,g,204,0.000844
4000,CH02,Y,g,208,0.000912
4000,CH02,Y,g,212,0.000525
4000,CH02,Y,g,216,0.0005
4000,CH02,Y,g,220,0.000736
4000,CH02,Y,g,224,0.00069
4000,CH02,Y,g,228,0.00064
4000,CH02,Y,g,232,0.000697
4000,CH02,Y,g,236,0.000745
4000,CH02,Y,g,240,0.000647
4000,CH02,Y,g,244,0.000941
4000,CH02,Y,g,248,0.000852
4000,CH02,Y,g,252,0.000894
4000,CH02,Y,g,256,0.000728
4000,CH02,Y,g,260,0.000902
4000,CH02,Y,g,264,0.003486
4000,CH02,Y,g,268,0.005904
4000,CH02,Y,g,272,0.000823
4000,CH02,Y,g,276,0.000708
4000,CH02,Y,g,280,0.000586
4000,CH02,Y,g,284,0.000684
4000,CH02,Y,g,288,0.000877
4000,CH02,Y,g,292,0.000902
4000,CH02,Y,g,296,0.000786
4000,CH02,Y,g,300,0.000707
4000,CH02,Y,g,304,0.000916
4000,CH02,Y,g,308,0.00093
4000,CH02,Y,g,312,0.000773
4000,CH02,Y,g,316,0.000697
4000,CH02,Y,g,320,0.000691
4000,CH02,Y,g,324,0.000573
4000,CH02,Y,g,328,0.000853
4000,CH02,Y,g,332,0.000978
4000,CH02,Y,g,336,0.000794
4000,CH02,Y,g,340,0.000669
4000,CH02,Y,g,344,0.000904
4000,CH02,Y,g,348,0.00093
4000,CH02,Y,g,352,0.000618
4000,CH02,Y,g,356,0.000914
4000,CH02,Y,g,360,0.000907
4000,CH02,Y,g,364,0.000894
4000,CH02,Y,g,368,0.000855
4000,CH02,Y,g,372,0.000951
4000,CH02,Y,g,376,0.000975
4000,CH02,Y,g,380,0.000508
4000,CH02,Y,g,384,0.000602
4000,CH02,Y,g,388,0.000885
4000,CH02,Y,g,392,0.000678
4000,CH02,Y,g,396,0.000527
4000,CH02,Y,g,400,0.000825
1000,CH02,Z,g,4,0.000562
1000,CH02,Z,g,8,0.000598
1000,CH02,Z,g,12,0.000726
1000,CH02,Z,g,16,0.001656
1000,CH02,Z,g,20,0.001216
1000,CH02,Z,g,24,0.000876
1000,CH02,Z,g,28,0.00064
1000,CH02,Z,g,32,0.002898
1000,CH02,Z,g,36,0.001875
1000,CH02,Z,g,40,0.000735
1000,CH02,Z,g,44,0.000763
1000,CH02,Z,g,48,0.000561
1000,CH02,Z,g,52,0.000962
1000,CH02,Z,g,56,0.000644
1000,CH02,Z,g,60,0.000659
1000,CH02,Z,g,64,0.001262
1000,CH02,Z,g,68,0.001277
1000,CH02,Z,g,72,0.000575
1000,CH02,Z,g,76,0.000723
1000,CH02,Z,g,80,0.000541
1000,CH02,Z,g,84,0.000891
1000,CH02,Z,g,88,0.000926
1000,CH02,Z,g,92,0.00054
1000,CH02,Z,g,96,0.000715
1000,CH02,Z,g,100,0.000853
1000,CH02,Z,g,104,0.000854
1000,CH02,Z,g,108,0.000531
1000,CH02,Z,g,112,0.000905
1000,CH02,Z,g,116,0.00092
1000,CH02,Z,g,120,0.000704
1000,CH02,Z,g,124,0.000715
1000,CH02,Z,g,128,0.000516
1000,CH02,Z,g,132,0.000602
1000,CH02,Z,g,136,0.000867
1000,CH02,Z,g,140,0.000968
1000,CH02,Z,g,144,0.000587
1000,CH02,Z,g,148,0.000814
1000,CH02,Z,g,152,0.000753
1000,CH02,Z,g,156,0.00062
1000,CH02,Z,g,160,0.000938
1000,CH02,Z,g,164,0.000789
1000,CH02,Z,g,168,0.00089
1000,CH02,Z,g,172,0.000548
1000,CH02,Z,g,176,0.000606
1000,CH02,Z,g,180,0.000537
1000,CH02,Z,g,184,0.00081
1000,CH02,Z,g,188,0.000635
1000,CH02,Z,g,192,0.000699
1000,CH02,Z,g,196,0.000682
1000,CH02,Z,g,200,0.000554
1000,CH02,Z,g,204,0.000742
1000,CH02,Z,g,208,0.000683
1000,CH02,Z,g,212,0.000933
1000,CH02,Z,g,216,0.000704
1000,CH02,Z,g,220,0.000545
1000,CH02,Z,g,224,0.000654
1000,CH02,Z,g,228,0.000687
1000,CH02,Z,g,232,0.000984
1000,CH02,Z,g,236,0.000937
1000,CH02,Z,g,240,0.000806
1000,CH02,Z,g,244,0.00093
1000,CH02,Z,g,248,0.000863
1000,CH02,Z,g,252,0.00077
1000,CH02,Z,g,256,0.000553
1000,CH02,Z,g,260,0.000672
1000,CH02,Z,g,264,0.000857
1000,CH02,Z,g,268,0.000681
1000,CH02,Z,g,272,0.000879
1000,CH02,Z,g,276,0.000603
1000,CH02,Z,g,280,0.000699
1000,CH02,Z,g,284,0.000559
1000,CH02,Z,g,288,0.000949
1000,CH02,Z,g,292,0.000597
1000,CH02,Z,g,296,0.00078
1000,CH02,Z,g,300,0.00058
1000,CH02,Z,g,304,0.000625
1000,CH02,Z,g,308,0.000959
1000,CH02,Z,g,312,0.000876
1000,CH02,Z,g,316,0.000702
1000,CH02,Z,g,320,0.00099
1000,CH02,Z,g,324,0.000721
1000,CH02,Z,g,328,0.000778
1000,CH02,Z,g,332,0.000951
1000,CH02,Z,g,336,0.000685
1000,CH02,Z,g,340,0.000729
1000,CH02,Z,g,344,0.000876
1000,CH02,Z,g,348,0.000543
1000,CH02,Z,g,352,0.000677
1000,CH02,Z,g,356,0.000844
1000,CH02,Z,g,360,0.000637
1000,CH02,Z,g,364,0.00061
1000,CH02,Z,g,368,0.000869
1000,CH02,Z,g,372,0.000849
1000,CH02,Z,g,376,0.000782
1000,CH02,Z,g,380,0.000607
1000,CH02,Z,g,384,0.000636
1000,CH02,Z,g,388,0.000937
1000,CH02,Z,g,392,0.000841
1000,CH02,Z,g,396,0.000544
1000,CH02,Z,g,400,0.000726
1100,CH02,Z,g,4,0.000821
1100,CH02,Z,g,8,0.000553
1100,CH02,Z,g,12,0.000515
1100,CH02,Z,g,16,0.001486
1100,CH02,Z,g,20,0.001712
1100,CH02,Z,g,24,0.000961
1100,CH02,Z,g,28,0.000519
1100,CH02,Z,g,32,0.001209
1100,CH02,Z,g,36,0.003611
1100,CH02,Z,g,40,0.001623
1100,CH02,Z,g,44,0.00083
1100,CH02,Z,g,48,0.000788
1100,CH02,Z,g,52,0.000893
1100,CH02,Z,g,56,0.000984
1100,CH02,Z,g,60,0.000722
1100,CH02,Z,g,64,0.000863
1100,CH02,Z,g,68,0.000654
1100,CH02,Z,g,72,0.00139
1100,CH02,Z,g,76,0.001174
1100,CH02,Z,g,80,0.001
1100,CH02,Z,g,84,0.000877
1100,CH02,Z,g,88,0.000933
1100,CH02,Z,g,92,0.000506
1100,CH02,Z,g,96,0.00069
1100,CH02,Z,g,100,0.000567
1100,CH02,Z,g,104,0.000632
1100,CH02,Z,g,108,0.000944
1100,CH02,Z,g,112,0.000597
1100,CH02,Z,g,116,0.000688
1100,CH02,Z,g,120,0.000786
1100,CH02,Z,g,124,0.000918
1100,CH02,Z,g,128,0.000843
1100,CH02,Z,g,132,0.000838
1100,CH02,Z,g,136,0.000945
1100,CH02,Z,g,140,0.000584
1100,CH02,Z,g,144,0.000713
1100,CH02,Z,g,148,0.000894
1100,CH02,Z,g,152,0.000621
1100,CH02,Z,g,156,0.00053
1100,CH02,Z,g,160,0.000598
1100,CH02,Z,g,164,0.000849
1100,CH02,Z,g,168,0.000556
1100,CH02,Z,g,172,0.000541
1100,CH02,Z,g,176,0.0008
1100,CH02,Z,g,180,0.000661
1100,CH02,Z,g,184,0.000993
1100,CH02,Z,g,188,0.000649
1100,CH02,Z,g,192,0.000747
1100,CH02,Z,g,196,0.000988
1100,CH02,Z,g,200,0.00072
1100,CH02,Z,g,204,0.00079
1100,CH02,Z,g,208,0.000916
1100,CH02,Z,g,212,0.000679
1100,CH02,Z,g,216,0.000578
1100,CH02,Z,g,220,0.000705
1100,CH02,Z,g,224,0.000813
1100,CH02,Z,g,228,0.000781
1100,CH02,Z,g,232,0.000778
1100,CH02,Z,g,236,0.000523
1100,CH02,Z,g,240,0.000773
1100,CH02,Z,g,244,0.000956
1100,CH02,Z,g,248,0.000983
1100,CH02,Z,g,252,0.000682
1100,CH02,Z,g,256,0.000556
1100,CH02,Z,g,260,0.00073
1100,CH02,Z,g,264,0.000945
1100,CH02,Z,g,268,0.000994
1100,CH02,Z,g,272,0.000717
1100,CH02,Z,g,276,0.000733
1100,CH02,Z,g,280,0.000753
1100,CH02,Z,g,284,0.000777
1100,CH02,Z,g,288,0.000592
1100,CH02,Z,g,292,0.000853
1100,CH02,Z,g,296,0.000932
1100,CH02,Z,g,300,0.000774
1100,CH02,Z,g,304,0.000675
1100,CH02,Z,g,308,0.000995
1100,CH02,Z,g,312,0.000843
1100,CH02,Z,g,316,0.0008
1100,CH02,Z,g,320,0.000559
1100,CH02,Z,g,324,0.000999
1100,CH02,Z,g,328,0.00074
1100,CH02,Z,g,332,0.000673
1100,CH02,Z,g,336,0.000735
1100,CH02,Z,g,340,0.000693
1100,CH02,Z,g,344,0.000901
1100,CH02,Z,g,348,0.00095
1100,CH02,Z,g,352,0.000842
1100,CH02,Z,g,356,0.000946
1100,CH02,Z,g,360,0.000896
1100,CH02,Z,g,364,0.000546
1100,CH02,Z,g,368,0.000825
1100,CH02,Z,g,372,0.000645
1100,CH02,Z,g,376,0.000814
1100,CH02,Z,g,380,0.000844
1100,CH02,Z,g,384,0.000877
1100,CH02,Z,g,388,0.000626
1100,CH02,Z,g,392,0.000577
1100,CH02,Z,g,396,0.000535
1100,CH02,Z,g,400,0.000546
1200,CH02,Z,g,4,0.000953
1200,CH02,Z,g,8,0.000847
1200,CH02,Z,g,12,0.00051
1200,CH02,Z,g,16,0.001128
1200,CH02,Z,g,20,0.001926
1200,CH02,Z,g,24,0.001091
1200,CH02,Z,g,28,0.000852
1200,CH02,Z,g,32,0.000572
1200,CH02,Z,g,36,0.001171
1200,CH02,Z,g,40,0.004481
1200,CH02,Z,g,44,0.001315
1200,CH02,Z,g,48,0.000521
1200,CH02,Z,g,52,0.00061
1200,CH02,Z,g,56,0.000703
1200,CH02,Z,g,60,0.000752
1200,CH02,Z,g,64,0.000725
1200,CH02,Z,g,68,0.000986
1200,CH02,Z,g,72,0.000834
1200,CH02,Z,g,76,0.000897
1200,CH02,Z,g,80,0.001845
1200,CH02,Z,g,84,0.000875
1200,CH02,Z,g,88,0.000868
1200,CH02,Z,g,92,0.000856
1200,CH02,Z,g,96,0.000918
1200,CH02,Z,g,100,0.000638
1200,CH02,Z,g,104,0.000761
1200,CH02,Z,g,108,0.000597
1200,CH02,Z,g,112,0.000989
1200,CH02,Z,g,116,0.000925
1200,CH02,Z,g,120,0.000855
1200,CH02,Z,g,124,0.000941
1200,CH02,Z,g,128,0.000788
1200,CH02,Z,g,132,0.000864
1200,CH02,Z,g,136,0.000945
1200,CH02,Z,g,140,0.000711
1200,CH02,Z,g,144,0.000962
1200,CH02,Z,g,148,0.000732
1200,CH02,Z,g,152,0.000689
1200,CH02,Z,g,156,0.000713
1200,CH02,Z,g,160,0.00058
1200,CH02,Z,g,164,0.000817
1200,CH02,Z,g,168,0.000634
1200,CH02,Z,g,172,0.0008
1200,CH02,Z,g,176,0.00051
1200,CH02,Z,g,180,0.000824
1200,CH02,Z,g,184,0.000909
1200,CH02,Z,g,188,0.000879
1200,CH02,Z,g,192,0.000878
1200,CH02,Z,g,196,0.000659
1200,CH02,Z,g,200,0.000739
1200,CH02,Z,g,204,0.000939
1200,CH02,Z,g,208,0.000947
1200,CH02,Z,g,212,0.000831
1200,CH02,Z,g,216,0.000957
1200,CH02,Z,g,220,0.000999
1200,CH02,Z,g,224,0.000824
1200,CH02,Z,g,228,0.000967
1200,CH02,Z,g,232,0.000755
1200,CH02,Z,g,236,0.000663
1200,CH02,Z,g,240,0.000956
1200,CH02,Z,g,244,0.000687
1200,CH02,Z,g,248,0.000701
1200,CH02,Z,g,252,0.000743
1200,CH02,Z,g,256,0.00054
1200,CH02,Z,g,260,0.00079
1200,CH02,Z,g,264,0.000601
1200,CH02,Z,g,268,0.000552
1200,CH02,Z,g,272,0.000777
1200,CH02,Z,g,276,0.000508
1200,CH02,Z,g,280,0.000967
1200,CH02,Z,g,284,0.000658
1200,CH02,Z,g,288,0.000658
1200,CH02,Z,g,292,0.000931
1200,CH02,Z,g,296,0.000762
1200,CH02,Z,g,300,0.000534
1200,CH02,Z,g,304,0.000756
1200,CH02,Z,g,308,0.000814
1200,CH02,Z,g,312,0.000532
1200,CH02,Z,g,316,0.000697
1200,CH02,Z,g,320,0.000804
1200,CH02,Z,g,324,0.000929
1200,CH02,Z,g,328,0.00096
1200,CH02,Z,g,332,0.000855
1200,CH02,Z,g,336,0.000764
1200,CH02,Z,g,340,0.00088
1200,CH02,Z,g,344,0.000571
1200,CH02,Z,g,348,0.000617
1200,CH02,Z,g,352,0.000562
1200,CH02,Z,g,356,0.000816
1200,CH02,Z,g,360,0.000559
1200,CH02,Z,g,364,0.000642
1200,CH02,Z,g,368,0.000702
1200,CH02,Z,g,372,0.000816
1200,CH02,Z,g,376,0.000996
1200,CH02,Z,g,380,0.000526
1200,CH02,Z,g,384,0.00089
1200,CH02,Z,g,388,0.000645
1200,CH02,Z,g,392,0.000981
1200,CH02,Z,g,396,0.000931
1200,CH02,Z,g,400,0.00082
1300,CH02,Z,g,4,0.00097
1300,CH02,Z,g,8,0.000796
1300,CH02,Z,g,12,0.000714
1300,CH02,Z,g,16,0.000954
1300,CH02,Z,g,20,0.001813
1300,CH02,Z,g,24,0.001561
1300,CH02,Z,g,28,0.000544
1300,CH02,Z,g,32,0.000604
1300,CH02,Z,g,36,0.000924
1300,CH02,Z,g,40,0.001803
1300,CH02,Z,g,44,0.004433
1300,CH02,Z,g,48,0.000932
1300,CH02,Z,g,52,0.000652
1300,CH02,Z,g,56,0.000882
1300,CH02,Z,g,60,0.000597
1300,CH02,Z,g,64,0.000571
1300,CH02,Z,g,68,0.000813
1300,CH02,Z,g,72,0.000609
1300,CH02,Z,g,76,0.000771
1300,CH02,Z,g,80,0.00092
1300,CH02,Z,g,84,0.001369
1300,CH02,Z,g,88,0.001777
1300,CH02,Z,g,92,0.000863
1300,CH02,Z,g,96,0.000546
1300,CH02,Z,g,100,0.00051
1300,CH02,Z,g,104,0.000769
1300,CH02,Z,g,108,0.000697
1300,CH02,Z,g,112,0.00066
1300,CH02,Z,g,116,0.000622
1300,CH02,Z,g,120,0.000596
1300,CH02,Z,g,124,0.000596
1300,CH02,Z,g,128,0.000933
1300,CH02,Z,g,132,0.000781
1300,CH02,Z,g,136,0.000858
1300,CH02,Z,g,140,0.000782
1300,CH02,Z,g,144,0.000583
1300,CH02,Z,g,148,0.000855
1300,CH02,Z,g,152,0.000577
1300,CH02,Z,g,156,0.000632
1300,CH02,Z,g,160,0.000917
1300,CH02,Z,g,164,0.000752
1300,CH02,Z,g,168,0.000629
1300,CH02,Z,g,172,0.000943
1300,CH02,Z,g,176,0.000846
1300,CH02,Z,g,180,0.000757
1300,CH02,Z,g,184,0.000831
1300,CH02,Z,g,188,0.000778
1300,CH02,Z,g,192,0.00065
1300,CH02,Z,g,196,0.000962
1300,CH02,Z,g,200,0.000625
1300,CH02,Z,g,204,0.000856
1300,CH02,Z,g,208,0.000883
1300,CH02,Z,g,212,0.000657
1300,CH02,Z,g,216,0.000834
1300,CH02,Z,g,220,0.000753
1300,CH02,Z,g,224,0.000504
1300,CH02,Z,g,228,0.000505
1300,CH02,Z,g,232,0.000617
1300,CH02,Z,g,236,0.000824
1300,CH02,Z,g,240,0.000938
1300,CH02,Z,g,244,0.000864
1300,CH02,Z,g,248,0.000816
1300,CH02,Z,g,252,0.00068
1300,CH02,Z,g,256,0.000515
1300,CH02,Z,g,260,0.000939
1300,CH02,Z,g,264,0.000694
1300,CH02,Z,g,268,0.000921
1300,CH02,Z,g,272,0.000656
1300,CH02,Z,g,276,0.000614
1300,CH02,Z,g,280,0.000911
1300,CH02,Z,g,284,0.000999
1300,CH02,Z,g,288,0.000679
1300,CH02,Z,g,292,0.000835
1300,CH02,Z,g,296,0.000787
1300,CH02,Z,g,300,0.000838
1300,CH02,Z,g,304,0.000553
1300,CH02,Z,g,308,0.000975
1300,CH02,Z,g,312,0.000659
1300,CH02,Z,g,316,0.000924
1300,CH02,Z,g,320,0.000627
1300,CH02,Z,g,324,0.000713
1300,CH02,Z,g,328,0.000658
1300,CH02,Z,g,332,0.000844
1300,CH02,Z,g,336,0.000829
1300,CH02,Z,g,340,0.000738
1300,CH02,Z,g,344,0.000571
1300,CH02,Z,g,348,0.000777
1300,CH02,Z,g,352,0.000814
1300,CH02,Z,g,356,0.000858
1300,CH02,Z,g,360,0.000514
1300,CH02,Z,g,364,0.000555
1300,CH02,Z,g,368,0.000592
1300,CH02,Z,g,372,0.000885
1300,CH02,Z,g,376,0.00057
1300,CH02,Z,g,380,0.000707
1300,CH02,Z,g,384,0.000791
1300,CH02,Z,g,388,0.000978
1300,CH02,Z,g,392,0.000847
1300,CH02,Z,g,396,0.000663
1300,CH02,Z,g,400,0.000568
1400,CH02,Z,g,4,0.000915
1400,CH02,Z,g,8,0.000772
1400,CH02,Z,g,12,0.000699
1400,CH02,Z,g,16,0.000669
1400,CH02,Z,g,20,0.001344
1400,CH02,Z,g,24,0.002343
1400,CH02,Z,g,28,0.001119
1400,CH02,Z,g,32,0.000564
1400,CH02,Z,g,36,0.000621
1400,CH02,Z,g,40,0.000856
1400,CH02,Z,g,44,0.002915
1400,CH02,Z,g,48,0.004471
1400,CH02,Z,g,52,0.000906
1400,CH02,Z,g,56,0.000634
1400,CH02,Z,g,60,0.000623
1400,CH02,Z,g,64,0.000953
1400,CH02,Z,g,68,0.000658
1400,CH02,Z,g,72,0.00081
1400,CH02,Z,g,76,0.000709
1400,CH02,Z,g,80,0.000941
1400,CH02,Z,g,84,0.000696
1400,CH02,Z,g,88,0.000586
1400,CH02,Z,g,92,0.002059
1400,CH02,Z,g,96,0.001455
1400,CH02,Z,g,100,0.000608
1400,CH02,Z,g,104,0.000593
1400,CH02,Z,g,108,0.000627
1400,CH02,Z,g,112,0.000963
1400,CH02,Z,g,116,0.000807
1400,CH02,Z,g,120,0.000871
1400,CH02,Z,g,124,0.000642
1400,CH02,Z,g,128,0.000998
1400,CH02,Z,g,132,0.000822
1400,CH02,Z,g,136,0.00053
1400,CH02,Z,g,140,0.000503
1400,CH02,Z,g,144,0.000622
1400,CH02,Z,g,148,0.000698
1400,CH02,Z,g,152,0.000833
1400,CH02,Z,g,156,0.000918
1400,CH02,Z,g,160,0.000951
1400,CH02,Z,g,164,0.000863
1400,CH02,Z,g,168,0.000778
1400,CH02,Z,g,172,0.000915
1400,CH02,Z,g,176,0.000682
1400,CH02,Z,g,180,0.000609
1400,CH02,Z,g,184,0.000874
1400,CH02,Z,g,188,0.000601
1400,CH02,Z,g,192,0.000723
1400,CH02,Z,g,196,0.000545
1400,CH02,Z,g,200,0.000758
1400,CH02,Z,g,204,0.000726
1400,CH02,Z,g,208,0.000692
1400,CH02,Z,g,212,0.000976
1400,CH02,Z,g,216,0.000511
1400,CH02,Z,g,220,0.000545
1400,CH02,Z,g,224,0.000808
1400,CH02,Z,g,228,0.000886
1400,CH02,Z,g,232,0.000725
1400,CH02,Z,g,236,0.000862
1400,CH02,Z,g,240,0.00056
1400,CH02,Z,g,244,0.000867
1400,CH02,Z,g,248,0.000684
1400,CH02,Z,g,252,0.000919
1400,CH02,Z,g,256,0.000665
1400,CH02,Z,g,260,0.000655
1400,CH02,Z,g,264,0.000761
1400,CH02,Z,g,268,0.000795
1400,CH02,Z,g,272,0.000962
1400,CH02,Z,g,276,0.000641
1400,CH02,Z,g,280,0.000993
1400,CH02,Z,g,284,0.000733
1400,CH02,Z,g,288,0.000571
1400,CH02,Z,g,292,0.000851
1400,CH02,Z,g,296,0.000655
1400,CH02,Z,g,300,0.000723
1400,CH02,Z,g,304,0.000835
1400,CH02,Z,g,308,0.000571
1400,CH02,Z,g,312,0.000961
1400,CH02,Z,g,316,0.000658
1400,CH02,Z,g,320,0.000841
1400,CH02,Z,g,324,0.000974
1400,CH02,Z,g,328,0.000546
1400,CH02,Z,g,332,0.000832
1400,CH02,Z,g,336,0.000793
1400,CH02,Z,g,340,0.000728
1400,CH02,Z,g,344,0.000791
1400,CH02,Z,g,348,0.000775
1400,CH02,Z,g,352,0.000716
1400,CH02,Z,g,356,0.00092
1400,CH02,Z,g,360,0.000978
1400,CH02,Z,g,364,0.000544
1400,CH02,Z,g,368,0.000956
1400,CH02,Z,g,372,0.000949
1400,CH02,Z,g,376,0.000868
1400,CH02,Z,g,380,0.00083
1400,CH02,Z,g,384,0.000994
1400,CH02,Z,g,388,0.000911
1400,CH02,Z,g,392,0.000833
1400,CH02,Z,g,396,0.0009
1400,CH02,Z,g,400,0.000776
1500,CH02,Z,g,4,0.000517
1500,CH02,Z,g,8,0.000884
1500,CH02,Z,g,12,0.000736
1500,CH02,Z,g,16,0.000964
1500,CH02,Z,g,20,0.000933
1500,CH02,Z,g,24,0.002847
1500,CH02,Z,g,28,0.001406
1500,CH02,Z,g,32,0.000725
1500,CH02,Z,g,36,0.000543
1500,CH02,Z,g,40,0.000704
1500,CH02,Z,g,44,0.000615
1500,CH02,Z,g,48,0.004022
1500,CH02,Z,g,52,0.004443
1500,CH02,Z,g,56,0.00095
1500,CH02,Z,g,60,0.000784
1500,CH02,Z,g,64,0.000608
1500,CH02,Z,g,68,0.000892
1500,CH02,Z,g,72,0.00068
1500,CH02,Z,g,76,0.000978
1500,CH02,Z,g,80,0.000841
1500,CH02,Z,g,84,0.000926
1500,CH02,Z,g,88,0.000847
1500,CH02,Z,g,92,0.000562
1500,CH02,Z,g,96,0.001107
1500,CH02,Z,g,100,0.003369
1500,CH02,Z,g,104,0.001157
1500,CH02,Z,g,108,0.000659
1500,CH02,Z,g,112,0.000764
1500,CH02,Z,g,116,0.000606
1500,CH02,Z,g,120,0.000599
1500,CH02,Z,g,124,0.000823
1500,CH02,Z,g,128,0.000743
1500,CH02,Z,g,132,0.000737
1500,CH02,Z,g,136,0.000669
1500,CH02,Z,g,140,0.000648
1500,CH02,Z,g,144,0.000656
1500,CH02,Z,g,148,0.00088
1500,CH02,Z,g,152,0.000679
1500,CH02,Z,g,156,0.000746
1500,CH02,Z,g,160,0.000619
1500,CH02,Z,g,164,0.000545
1500,CH02,Z,g,168,0.000579
1500,CH02,Z,g,172,0.000503
1500,CH02,Z,g,176,0.000631
1500,CH02,Z,g,180,0.000532
1500,CH02,Z,g,184,0.000832
1500,CH02,Z,g,188,0.000884
1500,CH02,Z,g,192,0.000711
1500,CH02,Z,g,196,0.000829
1500,CH02,Z,g,200,0.000893
1500,CH02,Z,g,204,0.000525
1500,CH02,Z,g,208,0.000601
1500,CH02,Z,g,212,0.00069
1500,CH02,Z,g,216,0.00072
1500,CH02,Z,g,220,0.00087
1500,CH02,Z,g,224,0.000865
1500,CH02,Z,g,228,0.000535
1500,CH02,Z,g,232,0.000618
1500,CH02,Z,g,236,0.000772
1500,CH02,Z,g,240,0.000541
1500,CH02,Z,g,244,0.000846
1500,CH02,Z,g,248,0.000795
1500,CH02,Z,g,252,0.00057
1500,CH02,Z,g,256,0.000776
1500,CH02,Z,g,260,0.000747
1500,CH02,Z,g,264,0.000542
1500,CH02,Z,g,268,0.000506
1500,CH02,Z,g,272,0.000527
1500,CH02,Z,g,276,0.000735
1500,CH02,Z,g,280,0.000593
1500,CH02,Z,g,284,0.000889
1500,CH02,Z,g,288,0.000641
1500,CH02,Z,g,292,0.000929
1500,CH02,Z,g,296,0.000898
1500,CH02,Z,g,300,0.000671
1500,CH02,Z,g,304,0.000585
1500,CH02,Z,g,308,0.000635
1500,CH02,Z,g,312,0.000802
1500,CH02,Z,g,316,0.000568
1500,CH02,Z,g,320,0.000709
1500,CH02,Z,g,324,0.000737
1500,CH02,Z,g,328,0.000758
1500,CH02,Z,g,332,0.000586
1500,CH02,Z,g,336,0.000857
1500,CH02,Z,g,340,0.000729
1500,CH02,Z,g,344,0.000845
1500,CH02,Z,g,348,0.000844
1500,CH02,Z,g,352,0.000566
1500,CH02,Z,g,356,0.000781
1500,CH02,Z,g,360,0.000539
1500,CH02,Z,g,364,0.000664
1500,CH02,Z,g,368,0.000582
1500,CH02,Z,g,372,0.000696
1500,CH02,Z,g,376,0.000841
1500,CH02,Z,g,380,0.000589
1500,CH02,Z,g,384,0.00082
1500,CH02,Z,g,388,0.000734
1500,CH02,Z,g,392,0.000828
1500,CH02,Z,g,396,0.000994
1500,CH02,Z,g,400,0.000629
1600,CH02,Z,g,4,0.000552
1600,CH02,Z,g,8,0.000522
1600,CH02,Z,g,12,0.000616
1600,CH02,Z,g,16,0.000761
1600,CH02,Z,g,20,0.000798
1600,CH02,Z,g,24,0.00204
1600,CH02,Z,g,28,0.002634
1600,CH02,Z,g,32,0.000882
1600,CH02,Z,g,36,0.000799
1600,CH02,Z,g,40,0.000935
1600,CH02,Z,g,44,0.00079
1600,CH02,Z,g,48,0.001095
1600,CH02,Z,g,52,0.005742
1600,CH02,Z,g,56,0.003592
1600,CH02,Z,g,60,0.00069
1600,CH02,Z,g,64,0.000595
1600,CH02,Z,g,68,0.000956
1600,CH02,Z,g,72,0.00052
1600,CH02,Z,g,76,0.000576
1600,CH02,Z,g,80,0.000804
1600,CH02,Z,g,84,0.000747
1600,CH02,Z,g,88,0.000841
1600,CH02,Z,g,92,0.000595
1600,CH02,Z,g,96,0.000726
1600,CH02,Z,g,100,0.000889
1600,CH02,Z,g,104,0.00245
1600,CH02,Z,g,108,0.004508
1600,CH02,Z,g,112,0.000822
1600,CH02,Z,g,116,0.000923
1600,CH02,Z,g,120,0.000714
1600,CH02,Z,g,124,0.00093
1600,CH02,Z,g,128,0.000683
1600,CH02,Z,g,132,0.000903
1600,CH02,Z,g,136,0.000765
1600,CH02,Z,g,140,0.00065
1600,CH02,Z,g,144,0.000884
1600,CH02,Z,g,148,0.000871
1600,CH02,Z,g,152,0.00082
1600,CH02,Z,g,156,0.000503
1600,CH02,Z,g,160,0.000668
1600,CH02,Z,g,164,0.000619
1600,CH02,Z,g,168,0.00064
1600,CH02,Z,g,172,0.000885
1600,CH02,Z,g,176,0.000643
1600,CH02,Z,g,180,0.000718
1600,CH02,Z,g,184,0.000921
1600,CH02,Z,g,188,0.000754
1600,CH02,Z,g,192,0.000707
1600,CH02,Z,g,196,0.000566
1600,CH02,Z,g,200,0.000835
1600,CH02,Z,g,204,0.000687
1600,CH02,Z,g,208,0.00071
1600,CH02,Z,g,212,0.000983
1600,CH02,Z,g,216,0.000527
1600,CH02,Z,g,220,0.000913
1600,CH02,Z,g,224,0.000603
1600,CH02,Z,g,228,0.000976
1600,CH02,Z,g,232,0.000815
1600,CH02,Z,g,236,0.000607
1600,CH02,Z,g,240,0.000629
1600,CH02,Z,g,244,0.000598
1600,CH02,Z,g,248,0.000618
1600,CH02,Z,g,252,0.000756
1600,CH02,Z,g,256,0.000523
1600,CH02,Z,g,260,0.000879
1600,CH02,Z,g,264,0.000641
1600,CH02,Z,g,268,0.000788
1600,CH02,Z,g,272,0.00071
1600,CH02,Z,g,276,0.000963
1600,CH02,Z,g,280,0.000508
1600,CH02,Z,g,284,0.000629
1600,CH02,Z,g,288,0.000615
1600,CH02,Z,g,292,0.000648
1600,CH02,Z,g,296,0.000939
1600,CH02,Z,g,300,0.000501
1600,CH02,Z,g,304,0.000747
1600,CH02,Z,g,308,0.000642
1600,CH02,Z,g,312,0.00094
1600,CH02,Z,g,316,0.000815
1600,CH02,Z,g,320,0.00064
1600,CH02,Z,g,324,0.000705
1600,CH02,Z,g,328,0.000784
1600,CH02,Z,g,332,0.000599
1600,CH02,Z,g,336,0.000536
1600,CH02,Z,g,340,0.000818
1600,CH02,Z,g,344,0.000852
1600,CH02,Z,g,348,0.000668
1600,CH02,Z,g,352,0.000645
1600,CH02,Z,g,356,0.000777
1600,CH02,Z,g,360,0.000724
1600,CH02,Z,g,364,0.000613
1600,CH02,Z,g,368,0.000796
1600,CH02,Z,g,372,0.000997
1600,CH02,Z,g,376,0.000615
1600,CH02,Z,g,380,0.000782
1600,CH02,Z,g,384,0.000519
1600,CH02,Z,g,388,0.00061
1600,CH02,Z,g,392,0.000673
1600,CH02,Z,g,396,0.000933
1600,CH02,Z,g,400,0.000608
1700,CH02,Z,g,4,0.000973
1700,CH02,Z,g,8,0.000973
1700,CH02,Z,g,12,0.000695
1700,CH02,Z,g,16,0.00095
1700,CH02,Z,g,20,0.000667
1700,CH02,Z,g,24,0.000964
1700,CH02,Z,g,28,0.003551
1700,CH02,Z,g,32,0.001152
1700,CH02,Z,g,36,0.000926
1700,CH02,Z,g,40,0.000955
1700,CH02,Z,g,44,0.00095
1700,CH02,Z,g,48,0.000818
1700,CH02,Z,g,52,0.001616
1700,CH02,Z,g,56,0.007494
1700,CH02,Z,g,60,0.002611
1700,CH02,Z,g,64,0.00091
1700,CH02,Z,g,68,0.000577
1700,CH02,Z,g,72,0.000564
1700,CH02,Z,g,76,0.000853
1700,CH02,Z,g,80,0.000723
1700,CH02,Z,g,84,0.000791
1700,CH02,Z,g,88,0.000583
1700,CH02,Z,g,92,0.000776
1700,CH02,Z,g,96,0.000894
1700,CH02,Z,g,100,0.000641
1700,CH02,Z,g,104,0.000928
1700,CH02,Z,g,108,0.000751
1700,CH02,Z,g,112,0.006405
1700,CH02,Z,g,116,0.00455
1700,CH02,Z,g,120,0.000766
1700,CH02,Z,g,124,0.000939
1700,CH02,Z,g,128,0.000661
1700,CH02,Z,g,132,0.000613
1700,CH02,Z,g,136,0.000753
1700,CH02,Z,g,140,0.000556
1700,CH02,Z,g,144,0.000547
1700,CH02,Z,g,148,0.000935
1700,CH02,Z,g,152,0.000873
1700,CH02,Z,g,156,0.000518
1700,CH02,Z,g,160,0.000535
1700,CH02,Z,g,164,0.00059
1700,CH02,Z,g,168,0.000958
1700,CH02,Z,g,172,0.000799
1700,CH02,Z,g,176,0.000738
1700,CH02,Z,g,180,0.000645
1700,CH02,Z,g,184,0.000859
1700,CH02,Z,g,188,0.000636
1700,CH02,Z,g,192,0.000956
1700,CH02,Z,g,196,0.000717
1700,CH02,Z,g,200,0.000857
1700,CH02,Z,g,204,0.000552
1700,CH02,Z,g,208,0.000778
1700,CH02,Z,g,212,0.00061
1700,CH02,Z,g,216,0.000905
1700,CH02,Z,g,220,0.000934
1700,CH02,Z,g,224,0.000801
1700,CH02,Z,g,228,0.000996
1700,CH02,Z,g,232,0.000938
1700,CH02,Z,g,236,0.000718
1700,CH02,Z,g,240,0.000743
1700,CH02,Z,g,244,0.000596
1700,CH02,Z,g,248,0.000799
1700,CH02,Z,g,252,0.000924
1700,CH02,Z,g,256,0.000668
1700,CH02,Z,g,260,0.000589
1700,CH02,Z,g,264,0.000982
1700,CH02,Z,g,268,0.000745
1700,CH02,Z,g,272,0.000977
1700,CH02,Z,g,276,0.000615
1700,CH02,Z,g,280,0.000764
1700,CH02,Z,g,284,0.000871
1700,CH02,Z,g,288,0.000805
1700,CH02,Z,g,292,0.000913
1700,CH02,Z,g,296,0.000563
1700,CH02,Z,g,300,0.000531
1700,CH02,Z,g,304,0.000536
1700,CH02,Z,g,308,0.000884
1700,CH02,Z,g,312,0.000961
1700,CH02,Z,g,316,0.00075
1700,CH02,Z,g,320,0.000985
1700,CH02,Z,g,324,0.000741
1700,CH02,Z,g,328,0.000822
1700,CH02,Z,g,332,0.000583
1700,CH02,Z,g,336,0.000657
1700,CH02,Z,g,340,0.000917
1700,CH02,Z,g,344,0.000581
1700,CH02,Z,g,348,0.000799
1700,CH02,Z,g,352,0.000671
1700,CH02,Z,g,356,0.000937
1700,CH02,Z,g,360,0.000871
1700,CH02,Z,g,364,0.000501
1700,CH02,Z,g,368,0.000632
1700,CH02,Z,g,372,0.000868
1700,CH02,Z,g,376,0.000983
1700,CH02,Z,g,380,0.000531
1700,CH02,Z,g,384,0.000858
1700,CH02,Z,g,388,0.000737
1700,CH02,Z,g,392,0.000782
1700,CH02,Z,g,396,0.000596
1700,CH02,Z,g,400,0.000573
1800,CH02,Z,g,4,0.000862
1800,CH02,Z,g,8,0.000622
1800,CH02,Z,g,12,0.000745
1800,CH02,Z,g,16,0.00053
1800,CH02,Z,g,20,0.000515
1800,CH02,Z,g,24,0.000619
1800,CH02,Z,g,28,0.002828
1800,CH02,Z,g,32,0.002696
1800,CH02,Z,g,36,0.00083
1800,CH02,Z,g,40,0.000704
1800,CH02,Z,g,44,0.000644
1800,CH02,Z,g,48,0.000996
1800,CH02,Z,g,52,0.000824
1800,CH02,Z,g,56,0.001913
1800,CH02,Z,g,60,0.008497
1800,CH02,Z,g,64,0.002251
1800,CH02,Z,g,68,0.000517
1800,CH02,Z,g,72,0.000977
1800,CH02,Z,g,76,0.000801
1800,CH02,Z,g,80,0.000928
1800,CH02,Z,g,84,0.000715
1800,CH02,Z,g,88,0.000781
1800,CH02,Z,g,92,0.000715
1800,CH02,Z,g,96,0.000503
1800,CH02,Z,g,100,0.000525
1800,CH02,Z,g,104,0.000999
1800,CH02,Z,g,108,0.000889
1800,CH02,Z,g,112,0.00081
1800,CH02,Z,g,116,0.002061
1800,CH02,Z,g,120,0.010065
1800,CH02,Z,g,124,0.002453
1800,CH02,Z,g,128,0.000576
1800,CH02,Z,g,132,0.000582
1800,CH02,Z,g,136,0.000739
1800,CH02,Z,g,140,0.00089
1800,CH02,Z,g,144,0.00098
1800,CH02,Z,g,148,0.000797
1800,CH02,Z,g,152,0.000823
1800,CH02,Z,g,156,0.000701
1800,CH02,Z,g,160,0.00094
1800,CH02,Z,g,164,0.000883
1800,CH02,Z,g,168,0.000747
1800,CH02,Z,g,172,0.00087
1800,CH02,Z,g,176,0.000839
1800,CH02,Z,g,180,0.000731
1800,CH02,Z,g,184,0.000606
1800,CH02,Z,g,188,0.000954
1800,CH02,Z,g,192,0.000782
1800,CH02,Z,g,196,0.000828
1800,CH02,Z,g,200,0.000859
1800,CH02,Z,g,204,0.000741
1800,CH02,Z,g,208,0.00073
1800,CH02,Z,g,212,0.000738
1800,CH02,Z,g,216,0.000617
1800,CH02,Z,g,220,0.000845
1800,CH02,Z,g,224,0.00093
1800,CH02,Z,g,228,0.000622
1800,CH02,Z,g,232,0.000879
1800,CH02,Z,g,236,0.00057
1800,CH02,Z,g,240,0.00073
1800,CH02,Z,g,244,0.000635
1800,CH02,Z,g,248,0.000728
1800,CH02,Z,g,252,0.000626
1800,CH02,Z,g,256,0.000511
1800,CH02,Z,g,260,0.000553
1800,CH02,Z,g,264,0.000762
1800,CH02,Z,g,268,0.000928
1800,CH02,Z,g,272,0.00056
1800,CH02,Z,g,276,0.000687
1800,CH02,Z,g,280,0.000761
1800,CH02,Z,g,284,0.000529
1800,CH02,Z,g,288,0.00083
1800,CH02,Z,g,292,0.000672
1800,CH02,Z,g,296,0.000927
1800,CH02,Z,g,300,0.000992
1800,CH02,Z,g,304,0.000641
1800,CH02,Z,g,308,0.000681
1800,CH02,Z,g,312,0.000615
1800,CH02,Z,g,316,0.00088
1800,CH02,Z,g,320,0.00074
1800,CH02,Z,g,324,0.000652
1800,CH02,Z,g,328,0.000615
1800,CH02,Z,g,332,0.000937
1800,CH02,Z,g,336,0.000604
1800,CH02,Z,g,340,0.000757
1800,CH02,Z,g,344,0.000888
1800,CH02,Z,g,348,0.000957
1800,CH02,Z,g,352,0.000857
1800,CH02,Z,g,356,0.000949
1800,CH02,Z,g,360,0.000931
1800,CH02,Z,g,364,0.000596
1800,CH02,Z,g,368,0.000506
1800,CH02,Z,g,372,0.000633
1800,CH02,Z,g,376,0.000908
1800,CH02,Z,g,380,0.000815
1800,CH02,Z,g,384,0.000858
1800,CH02,Z,g,388,0.000673
1800,CH02,Z,g,392,0.00061
1800,CH02,Z,g,396,0.000531
1800,CH02,Z,g,400,0.000787
1900,CH02,Z,g,4,0.000971
1900,CH02,Z,g,8,0.000585
1900,CH02,Z,g,12,0.000504
1900,CH02,Z,g,16,0.000818
1900,CH02,Z,g,20,0.000521
1900,CH02,Z,g,24,0.000567
1900,CH02,Z,g,28,0.001336
1900,CH02,Z,g,32,0.004229
1900,CH02,Z,g,36,0.001375
1900,CH02,Z,g,40,0.000702
1900,CH02,Z,g,44,0.000773
1900,CH02,Z,g,48,0.000991
1900,CH02,Z,g,52,0.000565
1900,CH02,Z,g,56,0.000964
1900,CH02,Z,g,60,0.003427
1900,CH02,Z,g,64,0.009162
1900,CH02,Z,g,68,0.001329
1900,CH02,Z,g,72,0.000597
1900,CH02,Z,g,76,0.000765
1900,CH02,Z,g,80,0.000731
1900,CH02,Z,g,84,0.000566
1900,CH02,Z,g,88,0.000626
1900,CH02,Z,g,92,0.000936
1900,CH02,Z,g,96,0.000549
1900,CH02,Z,g,100,0.000743
1900,CH02,Z,g,104,0.000723
1900,CH02,Z,g,108,0.000794
1900,CH02,Z,g,112,0.000563
1900,CH02,Z,g,116,0.000916
1900,CH02,Z,g,120,0.000587
1900,CH02,Z,g,124,0.005268
1900,CH02,Z,g,128,0.007629
1900,CH02,Z,g,132,0.001261
1900,CH02,Z,g,136,0.000778
1900,CH02,Z,g,140,0.000725
1900,CH02,Z,g,144,0.000703
1900,CH02,Z,g,148,0.000826
1900,CH02,Z,g,152,0.000927
1900,CH02,Z,g,156,0.000893
1900,CH02,Z,g,160,0.000845
1900,CH02,Z,g,164,0.000558
1900,CH02,Z,g,168,0.000758
1900,CH02,Z,g,172,0.00061
1900,CH02,Z,g,176,0.000756
1900,CH02,Z,g,180,0.000775
1900,CH02,Z,g,184,0.000532
1900,CH02,Z,g,188,0.000948
1900,CH02,Z,g,192,0.000887
1900,CH02,Z,g,196,0.000561
1900,CH02,Z,g,200,0.000682
1900,CH02,Z,g,204,0.000926
1900,CH02,Z,g,208,0.000527
1900,CH02,Z,g,212,0.000607
1900,CH02,Z,g,216,0.00084
1900,CH02,Z,g,220,0.000831
1900,CH02,Z,g,224,0.000986
1900,CH02,Z,g,228,0.000733
1900,CH02,Z,g,232,0.000859
1900,CH02,Z,g,236,0.000577
1900,CH02,Z,g,240,0.000515
1900,CH02,Z,g,244,0.000653
1900,CH02,Z,g,248,0.00061
1900,CH02,Z,g,252,0.000852
1900,CH02,Z,g,256,0.000756
1900,CH02,Z,g,260,0.000579
1900,CH02,Z,g,264,0.000899
1900,CH02,Z,g,268,0.000671
1900,CH02,Z,g,272,0.000665
1900,CH02,Z,g,276,0.00081
1900,CH02,Z,g,280,0.00056
1900,CH02,Z,g,284,0.000856
1900,CH02,Z,g,288,0.000872
1900,CH02,Z,g,292,0.000582
1900,CH02,Z,g,296,0.000544
1900,CH02,Z,g,300,0.000939
1900,CH02,Z,g,304,0.000645
1900,CH02,Z,g,308,0.000975
1900,CH02,Z,g,312,0.000729
1900,CH02,Z,g,316,0.000579
1900,CH02,Z,g,320,0.000986
1900,CH02,Z,g,324,0.000918
1900,CH02,Z,g,328,0.000886
1900,CH02,Z,g,332,0.000608
1900,CH02,Z,g,336,0.000758
1900,CH02,Z,g,340,0.000957
1900,CH02,Z,g,344,0.000997
1900,CH02,Z,g,348,0.000627
1900,CH02,Z,g,352,0.000651
1900,CH02,Z,g,356,0.000757
1900,CH02,Z,g,360,0.000915
1900,CH02,Z,g,364,0.000611
1900,CH02,Z,g,368,0.000529
1900,CH02,Z,g,372,0.000613
1900,CH02,Z,g,376,0.000745
1900,CH02,Z,g,380,0.000546
1900,CH02,Z,g,384,0.000529
1900,CH02,Z,g,388,0.000612
1900,CH02,Z,g,392,0.000592
1900,CH02,Z,g,396,0.000517
1900,CH02,Z,g,400,0.000734
2000,CH02,Z,g,4,0.000647
2000,CH02,Z,g,8,0.000937
2000,CH02,Z,g,12,0.000622
2000,CH02,Z,g,16,0.000798
2000,CH02,Z,g,20,0.000625
2000,CH02,Z,g,24,0.000833
2000,CH02,Z,g,28,0.000931
2000,CH02,Z,g,32,0.004019
2000,CH02,Z,g,36,0.002649
2000,CH02,Z,g,40,0.000746
2000,CH02,Z,g,44,0.000816
2000,CH02,Z,g,48,0.00083
2000,CH02,Z,g,52,0.000615
2000,CH02,Z,g,56,0.000542
2000,CH02,Z,g,60,0.00074
2000,CH02,Z,g,64,0.005278
2000,CH02,Z,g,68,0.008996
2000,CH02,Z,g,72,0.00102
2000,CH02,Z,g,76,0.00072
2000,CH02,Z,g,80,0.000828
2000,CH02,Z,g,84,0.000509
2000,CH02,Z,g,88,0.000913
2000,CH02,Z,g,92,0.000535
2000,CH02,Z,g,96,0.00089
2000,CH02,Z,g,100,0.000583
2000,CH02,Z,g,104,0.00089
2000,CH02,Z,g,108,0.000862
2000,CH02,Z,g,112,0.000652
2000,CH02,Z,g,116,0.000557
2000,CH02,Z,g,120,0.000636
2000,CH02,Z,g,124,0.000694
2000,CH02,Z,g,128,0.001128
2000,CH02,Z,g,132,0.006871
2000,CH02,Z,g,136,0.003324
2000,CH02,Z,g,140,0.000578
2000,CH02,Z,g,144,0.000893
2000,CH02,Z,g,148,0.000892
2000,CH02,Z,g,152,0.000515
2000,CH02,Z,g,156,0.000689
2000,CH02,Z,g,160,0.000901
2000,CH02,Z,g,164,0.000713
2000,CH02,Z,g,168,0.000981
2000,CH02,Z,g,172,0.000737
2000,CH02,Z,g,176,0.00054
2000,CH02,Z,g,180,0.000898
2000,CH02,Z,g,184,0.00078
2000,CH02,Z,g,188,0.000919
2000,CH02,Z,g,192,0.000594
2000,CH02,Z,g,196,0.000605
2000,CH02,Z,g,200,0.000584
2000,CH02,Z,g,204,0.000707
2000,CH02,Z,g,208,0.000821
2000,CH02,Z,g,212,0.00092
2000,CH02,Z,g,216,0.000624
2000,CH02,Z,g,220,0.000688
2000,CH02,Z,g,224,0.000958
2000,CH02,Z,g,228,0.000646
2000,CH02,Z,g,232,0.000855
2000,CH02,Z,g,236,0.000758
2000,CH02,Z,g,240,0.000645
2000,CH02,Z,g,244,0.00083
2000,CH02,Z,g,248,0.000853
2000,CH02,Z,g,252,0.000925
2000,CH02,Z,g,256,0.000928
2000,CH02,Z,g,260,0.000917
2000,CH02,Z,g,264,0.000915
2000,CH02,Z,g,268,0.000944
2000,CH02,Z,g,272,0.000795
2000,CH02,Z,g,276,0.000706
2000,CH02,Z,g,280,0.000787
2000,CH02,Z,g,284,0.00058
2000,CH02,Z,g,288,0.000784
2000,CH02,Z,g,292,0.000507
2000,CH02,Z,g,296,0.00051
2000,CH02,Z,g,300,0.00085
2000,CH02,Z,g,304,0.000848
2000,CH02,Z,g,308,0.000892
2000,CH02,Z,g,312,0.000755
2000,CH02,Z,g,316,0.000864
2000,CH02,Z,g,320,0.000985
2000,CH02,Z,g,324,0.000704
2000,CH02,Z,g,328,0.000837
2000,CH02,Z,g,332,0.000635
2000,CH02,Z,g,336,0.000737
2000,CH02,Z,g,340,0.000511
2000,CH02,Z,g,344,0.000706
2000,CH02,Z,g,348,0.000572
2000,CH02,Z,g,352,0.000656
2000,CH02,Z,g,356,0.000823
2000,CH02,Z,g,360,0.000526
2000,CH02,Z,g,364,0.000515
2000,CH02,Z,g,368,0.000963
2000,CH02,Z,g,372,0.000686
2000,CH02,Z,g,376,0.000696
2000,CH02,Z,g,380,0.000846
2000,CH02,Z,g,384,0.000602
2000,CH02,Z,g,388,0.000758
2000,CH02,Z,g,392,0.000948
2000,CH02,Z,g,396,0.000631
2000,CH02,Z,g,400,0.000731
2100,CH02,Z,g,4,0.000988
2100,CH02,Z,g,8,0.000691
2100,CH02,Z,g,12,0.000901
2100,CH02,Z,g,16,0.000915
2100,CH02,Z,g,20,0.000976
2100,CH02,Z,g,24,0.000837
2100,CH02,Z,g,28,0.000686
2100,CH02,Z,g,32,0.002436
2100,CH02,Z,g,36,0.004524
2100,CH02,Z,g,40,0.00089
2100,CH02,Z,g,44,0.000829
2100,CH02,Z,g,48,0.000921
2100,CH02,Z,g,52,0.000869
2100,CH02,Z,g,56,0.00057
2100,CH02,Z,g,60,0.000638
2100,CH02,Z,g,64,0.001059
2100,CH02,Z,g,68,0.007552
2100,CH02,Z,g,72,0.007475
2100,CH02,Z,g,76,0.000911
2100,CH02,Z,g,80,0.000896
2100,CH02,Z,g,84,0.000832
2100,CH02,Z,g,88,0.000727
2100,CH02,Z,g,92,0.000594
2100,CH02,Z,g,96,0.000954
2100,CH02,Z,g,100,0.000713
2100,CH02,Z,g,104,0.00053
2100,CH02,Z,g,108,0.000703
2100,CH02,Z,g,112,0.000645
2100,CH02,Z,g,116,0.000836
2100,CH02,Z,g,120,0.000502
2100,CH02,Z,g,124,0.000649
2100,CH02,Z,g,128,0.000853
2100,CH02,Z,g,132,0.000654
2100,CH02,Z,g,136,0.001716
2100,CH02,Z,g,140,0.005422
2100,CH02,Z,g,144,0.001468
2100,CH02,Z,g,148,0.000689
2100,CH02,Z,g,152,0.000987
2100,CH02,Z,g,156,0.000567
2100,CH02,Z,g,160,0.000767
2100,CH02,Z,g,164,0.000621
2100,CH02,Z,g,168,0.000888
2100,CH02,Z,g,172,0.000845
2100,CH02,Z,g,176,0.000505
2100,CH02,Z,g,180,0.000796
2100,CH02,Z,g,184,0.000945
2100,CH02,Z,g,188,0.000813
2100,CH02,Z,g,192,0.000812
2100,CH02,Z,g,196,0.000633
2100,CH02,Z,g,200,0.00079
2100,CH02,Z,g,204,0.000539
2100,CH02,Z,g,208,0.00091
2100,CH02,Z,g,212,0.000942
2100,CH02,Z,g,216,0.000893
2100,CH02,Z,g,220,0.000584
2100,CH02,Z,g,224,0.000565
2100,CH02,Z,g,228,0.000768
2100,CH02,Z,g,232,0.000995
2100,CH02,Z,g,236,0.000597
2100,CH02,Z,g,240,0.000686
2100,CH02,Z,g,244,0.000784
2100,CH02,Z,g,248,0.000683
2100,CH02,Z,g,252,0.00059
2100,CH02,Z,g,256,0.000647
2100,CH02,Z,g,260,0.000959
2100,CH02,Z,g,264,0.000751
2100,CH02,Z,g,268,0.000997
2100,CH02,Z,g,272,0.000621
2100,CH02,Z,g,276,0.000994
2100,CH02,Z,g,280,0.000724
2100,CH02,Z,g,284,0.000623
2100,CH02,Z,g,288,0.000948
2100,CH02,Z,g,292,0.000951
2100,CH02,Z,g,296,0.00053
2100,CH02,Z,g,300,0.000687
2100,CH02,Z,g,304,0.000688
2100,CH02,Z,g,308,0.000518
2100,CH02,Z,g,312,0.000918
2100,CH02,Z,g,316,0.000568
2100,CH02,Z,g,320,0.000515
2100,CH02,Z,g,324,0.00063
2100,CH02,Z,g,328,0.000764
2100,CH02,Z,g,332,0.000815
2100,CH02,Z,g,336,0.000992
2100,CH02,Z,g,340,0.000711
2100,CH02,Z,g,344,0.000684
2100,CH02,Z,g,348,0.000858
2100,CH02,Z,g,352,0.00082
2100,CH02,Z,g,356,0.000873
2100,CH02,Z,g,360,0.000903
2100,CH02,Z,g,364,0.000855
2100,CH02,Z,g,368,0.000689
2100,CH02,Z,g,372,0.000776
2100,CH02,Z,g,376,0.000524
2100,CH02,Z,g,380,0.00087
2100,CH02,Z,g,384,0.000824
2100,CH02,Z,g,388,0.000523
2100,CH02,Z,g,392,0.000625
2100,CH02,Z,g,396,0.000995
2100,CH02,Z,g,400,0.000955
2200,CH02,Z,g,4,0.000512
2200,CH02,Z,g,8,0.00085
2200,CH02,Z,g,12,0.000921
2200,CH02,Z,g,16,0.000999
2200,CH02,Z,g,20,0.000526
2200,CH02,Z,g,24,0.00065
2200,CH02,Z,g,28,0.000523
2200,CH02,Z,g,32,0.001238
2200,CH02,Z,g,36,0.004994
2200,CH02,Z,g,40,0.002187
2200,CH02,Z,g,44,0.000694
2200,CH02,Z,g,48,0.00097
2200,CH02,Z,g,52,0.000763
2200,CH02,Z,g,56,0.000614
2200,CH02,Z,g,60,0.000561
2200,CH02,Z,g,64,0.000662
2200,CH02,Z,g,68,0.001094
2200,CH02,Z,g,72,0.01031
2200,CH02,Z,g,76,0.005861
2200,CH02,Z,g,80,0.000935
2200,CH02,Z,g,84,0.000791
2200,CH02,Z,g,88,0.000991
2200,CH02,Z,g,92,0.000869
2200,CH02,Z,g,96,0.000989
2200,CH02,Z,g,100,0.000595
2200,CH02,Z,g,104,0.000589
2200,CH02,Z,g,108,0.000736
2200,CH02,Z,g,112,0.000703
2200,CH02,Z,g,116,0.000538
2200,CH02,Z,g,120,0.000926
2200,CH02,Z,g,124,0.000988
2200,CH02,Z,g,128,0.000907
2200,CH02,Z,g,132,0.000919
2200,CH02,Z,g,136,0.000896
2200,CH02,Z,g,140,0.000784
2200,CH02,Z,g,144,0.002659
2200,CH02,Z,g,148,0.003912
2200,CH02,Z,g,152,0.000968
2200,CH02,Z,g,156,0.000714
2200,CH02,Z,g,160,0.000837
2200,CH02,Z,g,164,0.00099
2200,CH02,Z,g,168,0.000548
2200,CH02,Z,g,172,0.000913
2200,CH02,Z,g,176,0.000571
2200,CH02,Z,g,180,0.000535
2200,CH02,Z,g,184,0.000752
2200,CH02,Z,g,188,0.000805
2200,CH02,Z,g,192,0.00066
2200,CH02,Z,g,196,0.000764
2200,CH02,Z,g,200,0.000825
2200,CH02,Z,g,204,0.000657
2200,CH02,Z,g,208,0.000549
2200,CH02,Z,g,212,0.000762
2200,CH02,Z,g,216,0.000735
2200,CH02,Z,g,220,0.000513
2200,CH02,Z,g,224,0.000905
2200,CH02,Z,g,228,0.000761
2200,CH02,Z,g,232,0.000761
2200,CH02,Z,g,236,0.000553
2200,CH02,Z,g,240,0.000915
2200,CH02,Z,g,244,0.000923
2200,CH02,Z,g,248,0.000582
2200,CH02,Z,g,252,0.000617
2200,CH02,Z,g,256,0.00064
2200,CH02,Z,g,260,0.000909
2200,CH02,Z,g,264,0.000873
2200,CH02,Z,g,268,0.00073
2200,CH02,Z,g,272,0.000842
2200,CH02,Z,g,276,0.000614
2200,CH02,Z,g,280,0.000953
2200,CH02,Z,g,284,0.000604
2200,CH02,Z,g,288,0.000756
2200,CH02,Z,g,292,0.000649
2200,CH02,Z,g,296,0.000868
2200,CH02,Z,g,300,0.00099
2200,CH02,Z,g,304,0.000647
2200,CH02,Z,g,308,0.000661
2200,CH02,Z,g,312,0.000611
2200,CH02,Z,g,316,0.000843
2200,CH02,Z,g,320,0.000513
2200,CH02,Z,g,324,0.000823
2200,CH02,Z,g,328,0.00052
2200,CH02,Z,g,332,0.000851
2200,CH02,Z,g,336,0.000986
2200,CH02,Z,g,340,0.000728
2200,CH02,Z,g,344,0.000789
2200,CH02,Z,g,348,0.000615
2200,CH02,Z,g,352,0.000821
2200,CH02,Z,g,356,0.000665
2200,CH02,Z,g,360,0.000571
2200,CH02,Z,g,364,0.000701
2200,CH02,Z,g,368,0.000504
2200,CH02,Z,g,372,0.000622
2200,CH02,Z,g,376,0.000555
2200,CH02,Z,g,380,0.000712
2200,CH02,Z,g,384,0.000759
2200,CH02,Z,g,388,0.000843
2200,CH02,Z,g,392,0.000592
2200,CH02,Z,g,396,0.000995
2200,CH02,Z,g,400,0.000976
2300,CH02,Z,g,4,0.00084
2300,CH02,Z,g,8,0.000661
2300,CH02,Z,g,12,0.000998
2300,CH02,Z,g,16,0.00088
2300,CH02,Z,g,20,0.000811
2300,CH02,Z,g,24,0.000846
2300,CH02,Z,g,28,0.000713
2300,CH02,Z,g,32,0.001028
2300,CH02,Z,g,36,0.003737
2300,CH02,Z,g,40,0.004481
2300,CH02,Z,g,44,0.001073
2300,CH02,Z,g,48,0.000775
2300,CH02,Z,g,52,0.000937
2300,CH02,Z,g,56,0.000517
2300,CH02,Z,g,60,0.000838
2300,CH02,Z,g,64,0.000694
2300,CH02,Z,g,68,0.00081
2300,CH02,Z,g,72,0.001857
2300,CH02,Z,g,76,0.012997
2300,CH02,Z,g,80,0.004699
2300,CH02,Z,g,84,0.000857
2300,CH02,Z,g,88,0.000932
2300,CH02,Z,g,92,0.000605
2300,CH02,Z,g,96,0.000507
2300,CH02,Z,g,100,0.000739
2300,CH02,Z,g,104,0.000707
2300,CH02,Z,g,108,0.000995
2300,CH02,Z,g,112,0.000772
2300,CH02,Z,g,116,0.000634
2300,CH02,Z,g,120,0.000827
2300,CH02,Z,g,124,0.000614
2300,CH02,Z,g,128,0.000768
2300,CH02,Z,g,132,0.000621
2300,CH02,Z,g,136,0.000813
2300,CH02,Z,g,140,0.000824
2300,CH02,Z,g,144,0.000755
2300,CH02,Z,g,148,0.001167
2300,CH02,Z,g,152,0.004251
2300,CH02,Z,g,156,0.002358
2300,CH02,Z,g,160,0.000959
2300,CH02,Z,g,164,0.000639
2300,CH02,Z,g,168,0.000803
2300,CH02,Z,g,172,0.000518
2300,CH02,Z,g,176,0.00086
2300,CH02,Z,g,180,0.000989
2300,CH02,Z,g,184,0.000519
2300,CH02,Z,g,188,0.000731
2300,CH02,Z,g,192,0.000876
2300,CH02,Z,g,196,0.000724
2300,CH02,Z,g,200,0.000524
2300,CH02,Z,g,204,0.00098
2300,CH02,Z,g,208,0.000772
2300,CH02,Z,g,212,0.000908
2300,CH02,Z,g,216,0.00079
2300,CH02,Z,g,220,0.000706
2300,CH02,Z,g,224,0.000867
2300,CH02,Z,g,228,0.000729
2300,CH02,Z,g,232,0.000716
2300,CH02,Z,g,236,0.000732
2300,CH02,Z,g,240,0.000942
2300,CH02,Z,g,244,0.000904
2300,CH02,Z,g,248,0.000952
2300,CH02,Z,g,252,0.000522
2300,CH02,Z,g,256,0.000509
2300,CH02,Z,g,260,0.000628
2300,CH02,Z,g,264,0.000775
2300,CH02,Z,g,268,0.000585
2300,CH02,Z,g,272,0.000642
2300,CH02,Z,g,276,0.000798
2300,CH02,Z,g,280,0.000748
2300,CH02,Z,g,284,0.000928
2300,CH02,Z,g,288,0.000544
2300,CH02,Z,g,292,0.000757
2300,CH02,Z,g,296,0.000898
2300,CH02,Z,g,300,0.000736
2300,CH02,Z,g,304,0.000807
2300,CH02,Z,g,308,0.000933
2300,CH02,Z,g,312,0.000813
2300,CH02,Z,g,316,0.000744
2300,CH02,Z,g,320,0.000582
2300,CH02,Z,g,324,0.000846
2300,CH02,Z,g,328,0.000714
2300,CH02,Z,g,332,0.000584
2300,CH02,Z,g,336,0.00076
2300,CH02,Z,g,340,0.000734
2300,CH02,Z,g,344,0.000597
2300,CH02,Z,g,348,0.000658
2300,CH02,Z,g,352,0.000683
2300,CH02,Z,g,356,0.000557
2300,CH02,Z,g,360,0.000829
2300,CH02,Z,g,364,0.000803
2300,CH02,Z,g,368,0.000801
2300,CH02,Z,g,372,0.000867
2300,CH02,Z,g,376,0.000647
2300,CH02,Z,g,380,0.00086
2300,CH02,Z,g,384,0.000893
2300,CH02,Z,g,388,0.000552
2300,CH02,Z,g,392,0.000856
2300,CH02,Z,g,396,0.000563
2300,CH02,Z,g,400,0.000991
2400,CH02,Z,g,4,0.000785
2400,CH02,Z,g,8,0.000836
2400,CH02,Z,g,12,0.000664
2400,CH02,Z,g,16,0.000957
2400,CH02,Z,g,20,0.000573
2400,CH02,Z,g,24,0.000619
2400,CH02,Z,g,28,0.000567
2400,CH02,Z,g,32,0.000962
2400,CH02,Z,g,36,0.001553
2400,CH02,Z,g,40,0.006348
2400,CH02,Z,g,44,0.001945
2400,CH02,Z,g,48,0.000606
2400,CH02,Z,g,52,0.000526
2400,CH02,Z,g,56,0.000763
2400,CH02,Z,g,60,0.000618
2400,CH02,Z,g,64,0.000736
2400,CH02,Z,g,68,0.000698
2400,CH02,Z,g,72,0.000574
2400,CH02,Z,g,76,0.003041
2400,CH02,Z,g,80,0.014638
2400,CH02,Z,g,84,0.003175
2400,CH02,Z,g,88,0.000938
2400,CH02,Z,g,92,0.000519
2400,CH02,Z,g,96,0.000654
2400,CH02,Z,g,100,0.00095
2400,CH02,Z,g,104,0.00062
2400,CH02,Z,g,108,0.000861
2400,CH02,Z,g,112,0.000923
2400,CH02,Z,g,116,0.000703
2400,CH02,Z,g,120,0.000615
2400,CH02,Z,g,124,0.000982
2400,CH02,Z,g,128,0.000736
2400,CH02,Z,g,132,0.000553
2400,CH02,Z,g,136,0.000792
2400,CH02,Z,g,140,0.000516
2400,CH02,Z,g,144,0.000986
2400,CH02,Z,g,148,0.000728
2400,CH02,Z,g,152,0.000944
2400,CH02,Z,g,156,0.00138
2400,CH02,Z,g,160,0.004963
2400,CH02,Z,g,164,0.001689
2400,CH02,Z,g,168,0.000519
2400,CH02,Z,g,172,0.00067
2400,CH02,Z,g,176,0.000906
2400,CH02,Z,g,180,0.000582
2400,CH02,Z,g,184,0.000873
2400,CH02,Z,g,188,0.000974
2400,CH02,Z,g,192,0.00087
2400,CH02,Z,g,196,0.000535
2400,CH02,Z,g,200,0.000991
2400,CH02,Z,g,204,0.000534
2400,CH02,Z,g,208,0.000547
2400,CH02,Z,g,212,0.000521
2400,CH02,Z,g,216,0.000746
2400,CH02,Z,g,220,0.000628
2400,CH02,Z,g,224,0.000882
2400,CH02,Z,g,228,0.000648
2400,CH02,Z,g,232,0.000977
2400,CH02,Z,g,236,0.000883
2400,CH02,Z,g,240,0.000773
2400,CH02,Z,g,244,0.000607
2400,CH02,Z,g,248,0.000645
2400,CH02,Z,g,252,0.000565
2400,CH02,Z,g,256,0.000807
2400,CH02,Z,g,260,0.000838
2400,CH02,Z,g,264,0.000776
2400,CH02,Z,g,268,0.00085
2400,CH02,Z,g,272,0.000837
2400,CH02,Z,g,276,0.000798
2400,CH02,Z,g,280,0.00099
2400,CH02,Z,g,284,0.000986
2400,CH02,Z,g,288,0.000948
2400,CH02,Z,g,292,0.000627
2400,CH02,Z,g,296,0.000868
2400,CH02,Z,g,300,0.000736
2400,CH02,Z,g,304,0.000723
2400,CH02,Z,g,308,0.000866
2400,CH02,Z,g,312,0.000609
2400,CH02,Z,g,316,0.000936
2400,CH02,Z,g,320,0.000798
2400,CH02,Z,g,324,0.000629
2400,CH02,Z,g,328,0.000718
2400,CH02,Z,g,332,0.000534
2400,CH02,Z,g,336,0.000637
2400,CH02,Z,g,340,0.000878
2400,CH02,Z,g,344,0.000659
2400,CH02,Z,g,348,0.000879
2400,CH02,Z,g,352,0.000566
2400,CH02,Z,g,356,0.000532
2400,CH02,Z,g,360,0.000606
2400,CH02,Z,g,364,0.000688
2400,CH02,Z,g,368,0.00079
2400,CH02,Z,g,372,0.000749
2400,CH02,Z,g,376,0.000919
2400,CH02,Z,g,380,0.000643
2400,CH02,Z,g,384,0.000938
2400,CH02,Z,g,388,0.000542
2400,CH02,Z,g,392,0.000886
2400,CH02,Z,g,396,0.000542
2400,CH02,Z,g,400,0.000984
2500,CH02,Z,g,4,0.000844
2500,CH02,Z,g,8,0.000952
2500,CH02,Z,g,12,0.000621
2500,CH02,Z,g,16,0.00052
2500,CH02,Z,g,20,0.000794
2500,CH02,Z,g,24,0.000677
2500,CH02,Z,g,28,0.000619
2500,CH02,Z,g,32,0.000983
2500,CH02,Z,g,36,0.000721
2500,CH02,Z,g,40,0.005201
2500,CH02,Z,g,44,0.00394
2500,CH02,Z,g,48,0.00072
2500,CH02,Z,g,52,0.000583
2500,CH02,Z,g,56,0.000872
2500,CH02,Z,g,60,0.000921
2500,CH02,Z,g,64,0.000502
2500,CH02,Z,g,68,0.000656
2500,CH02,Z,g,72,0.000784
2500,CH02,Z,g,76,0.00067
2500,CH02,Z,g,80,0.005354
2500,CH02,Z,g,84,0.015177
2500,CH02,Z,g,88,0.002108
2500,CH02,Z,g,92,0.000798
2500,CH02,Z,g,96,0.000678
2500,CH02,Z,g,100,0.00059
2500,CH02,Z,g,104,0.000584
2500,CH02,Z,g,108,0.00078
2500,CH02,Z,g,112,0.000506
2500,CH02,Z,g,116,0.000877
2500,CH02,Z,g,120,0.000802
2500,CH02,Z,g,124,0.000519
2500,CH02,Z,g,128,0.000512
2500,CH02,Z,g,132,0.000915
2500,CH02,Z,g,136,0.000599
2500,CH02,Z,g,140,0.000889
2500,CH02,Z,g,144,0.000984
2500,CH02,Z,g,148,0.000988
2500,CH02,Z,g,152,0.000583
2500,CH02,Z,g,156,0.00091
2500,CH02,Z,g,160,0.000581
2500,CH02,Z,g,164,0.003033
2500,CH02,Z,g,168,0.004722
2500,CH02,Z,g,172,0.001175
2500,CH02,Z,g,176,0.000978
2500,CH02,Z,g,180,0.000975
2500,CH02,Z,g,184,0.000824
2500,CH02,Z,g,188,0.00054
2500,CH02,Z,g,192,0.000623
2500,CH02,Z,g,196,0.000509
2500,CH02,Z,g,200,0.000526
2500,CH02,Z,g,204,0.000729
2500,CH02,Z,g,208,0.000703
2500,CH02,Z,g,212,0.000801
2500,CH02,Z,g,216,0.000502
2500,CH02,Z,g,220,0.000721
2500,CH02,Z,g,224,0.000614
2500,CH02,Z,g,228,0.000556
2500,CH02,Z,g,232,0.000831
2500,CH02,Z,g,236,0.00094
2500,CH02,Z,g,240,0.000604
2500,CH02,Z,g,244,0.000792
2500,CH02,Z,g,248,0.000655
2500,CH02,Z,g,252,0.000635
2500,CH02,Z,g,256,0.000579
2500,CH02,Z,g,260,0.000818
2500,CH02,Z,g,264,0.000507
2500,CH02,Z,g,268,0.000791
2500,CH02,Z,g,272,0.000794
2500,CH02,Z,g,276,0.000798
2500,CH02,Z,g,280,0.000542
2500,CH02,Z,g,284,0.000646
2500,CH02,Z,g,288,0.000738
2500,CH02,Z,g,292,0.000907
2500,CH02,Z,g,296,0.000812
2500,CH02,Z,g,300,0.000595
2500,CH02,Z,g,304,0.000686
2500,CH02,Z,g,308,0.00088
2500,CH02,Z,g,312,0.000775
2500,CH02,Z,g,316,0.000702
2500,CH02,Z,g,320,0.000996
2500,CH02,Z,g,324,0.00073
2500,CH02,Z,g,328,0.00089
2500,CH02,Z,g,332,0.00058
2500,CH02,Z,g,336,0.000524
2500,CH02,Z,g,340,0.000686
2500,CH02,Z,g,344,0.000986
2500,CH02,Z,g,348,0.000627
2500,CH02,Z,g,352,0.000662
2500,CH02,Z,g,356,0.000844
2500,CH02,Z,g,360,0.000512
2500,CH02,Z,g,364,0.00078
2500,CH02,Z,g,368,0.00089
2500,CH02,Z,g,372,0.000797
2500,CH02,Z,g,376,0.000973
2500,CH02,Z,g,380,0.000718
2500,CH02,Z,g,384,0.000714
2500,CH02,Z,g,388,0.000728
2500,CH02,Z,g,392,0.000757
2500,CH02,Z,g,396,0.000655
2500,CH02,Z,g,400,0.000814
2600,CH02,Z,g,4,0.000593
2600,CH02,Z,g,8,0.000537
2600,CH02,Z,g,12,0.000896
2600,CH02,Z,g,16,0.000823
2600,CH02,Z,g,20,0.000652
2600,CH02,Z,g,24,0.000907
2600,CH02,Z,g,28,0.000505
2600,CH02,Z,g,32,0.000549
2600,CH02,Z,g,36,0.000839
2600,CH02,Z,g,40,0.002597
2600,CH02,Z,g,44,0.007157
2600,CH02,Z,g,48,0.001526
2600,CH02,Z,g,52,0.000941
2600,CH02,Z,g,56,0.000958
2600,CH02,Z,g,60,0.000519
2600,CH02,Z,g,64,0.000612
2600,CH02,Z,g,68,0.000952
2600,CH02,Z,g,72,0.000633
2600,CH02,Z,g,76,0.000827
2600,CH02,Z,g,80,0.001026
2600,CH02,Z,g,84,0.008447
2600,CH02,Z,g,88,0.014641
2600,CH02,Z,g,92,0.001597
2600,CH02,Z,g,96,0.00077
2600,CH02,Z,g,100,0.000646
2600,CH02,Z,g,104,0.000741
2600,CH02,Z,g,108,0.000728
2600,CH02,Z,g,112,0.00054
2600,CH02,Z,g,116,0.000691
2600,CH02,Z,g,120,0.000939
2600,CH02,Z,g,124,0.000532
2600,CH02,Z,g,128,0.000568
2600,CH02,Z,g,132,0.000887
2600,CH02,Z,g,136,0.000548
2600,CH02,Z,g,140,0.000815
2600,CH02,Z,g,144,0.000566
2600,CH02,Z,g,148,0.000622
2600,CH02,Z,g,152,0.000522
2600,CH02,Z,g,156,0.000575
2600,CH02,Z,g,160,0.000909
2600,CH02,Z,g,164,0.000825
2600,CH02,Z,g,168,0.000836
2600,CH02,Z,g,172,0.004915
2600,CH02,Z,g,176,0.003201
2600,CH02,Z,g,180,0.000685
2600,CH02,Z,g,184,0.000945
2600,CH02,Z,g,188,0.000787
2600,CH02,Z,g,192,0.000911
2600,CH02,Z,g,196,0.000507
2600,CH02,Z,g,200,0.000603
2600,CH02,Z,g,204,0.000631
2600,CH02,Z,g,208,0.000555
2600,CH02,Z,g,212,0.000571
2600,CH02,Z,g,216,0.000836
2600,CH02,Z,g,220,0.000511
2600,CH02,Z,g,224,0.000812
2600,CH02,Z,g,228,0.000784
2600,CH02,Z,g,232,0.000769
2600,CH02,Z,g,236,0.000769
2600,CH02,Z,g,240,0.000927
2600,CH02,Z,g,244,0.00088
2600,CH02,Z,g,248,0.000557
2600,CH02,Z,g,252,0.000905
2600,CH02,Z,g,256,0.000824
2600,CH02,Z,g,260,0.000913
2600,CH02,Z,g,264,0.000894
2600,CH02,Z,g,268,0.000542
2600,CH02,Z,g,272,0.000822
2600,CH02,Z,g,276,0.000884
2600,CH02,Z,g,280,0.000859
2600,CH02,Z,g,284,0.000935
2600,CH02,Z,g,288,0.00079
2600,CH02,Z,g,292,0.000971
2600,CH02,Z,g,296,0.000576
2600,CH02,Z,g,300,0.000641
2600,CH02,Z,g,304,0.000992
2600,CH02,Z,g,308,0.000682
2600,CH02,Z,g,312,0.000987
2600,CH02,Z,g,316,0.000635
2600,CH02,Z,g,320,0.000969
2600,CH02,Z,g,324,0.000955
2600,CH02,Z,g,328,0.000732
2600,CH02,Z,g,332,0.00099
2600,CH02,Z,g,336,0.000966
2600,CH02,Z,g,340,0.000568
2600,CH02,Z,g,344,0.000867
2600,CH02,Z,g,348,0.000946
2600,CH02,Z,g,352,0.001
2600,CH02,Z,g,356,0.000579
2600,CH02,Z,g,360,0.000783
2600,CH02,Z,g,364,0.000765
2600,CH02,Z,g,368,0.000904
2600,CH02,Z,g,372,0.00072
2600,CH02,Z,g,376,0.000575
2600,CH02,Z,g,380,0.000652
2600,CH02,Z,g,384,0.000798
2600,CH02,Z,g,388,0.000807
2600,CH02,Z,g,392,0.000959
2600,CH02,Z,g,396,0.000708
2600,CH02,Z,g,400,0.000839
2700,CH02,Z,g,4,0.000931
2700,CH02,Z,g,8,0.000802
2700,CH02,Z,g,12,0.000622
2700,CH02,Z,g,16,0.000683
2700,CH02,Z,g,20,0.000853
2700,CH02,Z,g,24,0.000529
2700,CH02,Z,g,28,0.000913
2700,CH02,Z,g,32,0.000588
2700,CH02,Z,g,36,0.000843
2700,CH02,Z,g,40,0.00117
2700,CH02,Z,g,44,0.007256
2700,CH02,Z,g,48,0.003156
2700,CH02,Z,g,52,0.000918
2700,CH02,Z,g,56,0.000506
2700,CH02,Z,g,60,0.000516
2700,CH02,Z,g,64,0.000579
2700,CH02,Z,g,68,0.000566
2700,CH02,Z,g,72,0.000681
2700,CH02,Z,g,76,0.000841
2700,CH02,Z,g,80,0.000713
2700,CH02,Z,g,84,0.001055
2700,CH02,Z,g,88,0.012384
2700,CH02,Z,g,92,0.013145
2700,CH02,Z,g,96,0.001175
2700,CH02,Z,g,100,0.000875
2700,CH02,Z,g,104,0.000972
2700,CH02,Z,g,108,0.000869
2700,CH02,Z,g,112,0.000918
2700,CH02,Z,g,116,0.000657
2700,CH02,Z,g,120,0.000788
2700,CH02,Z,g,124,0.000644
2700,CH02,Z,g,128,0.000741
2700,CH02,Z,g,132,0.000738
2700,CH02,Z,g,136,0.000989
2700,CH02,Z,g,140,0.00089
2700,CH02,Z,g,144,0.000818
2700,CH02,Z,g,148,0.000754
2700,CH02,Z,g,152,0.000869
2700,CH02,Z,g,156,0.000744
2700,CH02,Z,g,160,0.000775
2700,CH02,Z,g,164,0.000643
2700,CH02,Z,g,168,0.000778
2700,CH02,Z,g,172,0.000609
2700,CH02,Z,g,176,0.001501
2700,CH02,Z,g,180,0.006103
2700,CH02,Z,g,184,0.001696
2700,CH02,Z,g,188,0.000831
2700,CH02,Z,g,192,0.000522
2700,CH02,Z,g,196,0.000543
2700,CH02,Z,g,200,0.000638
2700,CH02,Z,g,204,0.000988
2700,CH02,Z,g,208,0.000784
2700,CH02,Z,g,212,0.000724
2700,CH02,Z,g,216,0.000565
2700,CH02,Z,g,220,0.000511
2700,CH02,Z,g,224,0.000896
2700,CH02,Z,g,228,0.000657
2700,CH02,Z,g,232,0.000586
2700,CH02,Z,g,236,0.000627
2700,CH02,Z,g,240,0.000753
2700,CH02,Z,g,244,0.000714
2700,CH02,Z,g,248,0.000891
2700,CH02,Z,g,252,0.000929
2700,CH02,Z,g,256,0.000786
2700,CH02,Z,g,260,0.000633
2700,CH02,Z,g,264,0.000981
2700,CH02,Z,g,268,0.000686
2700,CH02,Z,g,272,0.000573
2700,CH02,Z,g,276,0.000582
2700,CH02,Z,g,280,0.000519
2700,CH02,Z,g,284,0.000707
2700,CH02,Z,g,288,0.000559
2700,CH02,Z,g,292,0.000859
2700,CH02,Z,g,296,0.00082
2700,CH02,Z,g,300,0.000692
2700,CH02,Z,g,304,0.000674
2700,CH02,Z,g,308,0.000587
2700,CH02,Z,g,312,0.000809
2700,CH02,Z,g,316,0.000759
2700,CH02,Z,g,320,0.00089
2700,CH02,Z,g,324,0.000874
2700,CH02,Z,g,328,0.000578
2700,CH02,Z,g,332,0.000939
2700,CH02,Z,g,336,0.000839
2700,CH02,Z,g,340,0.000584
2700,CH02,Z,g,344,0.000742
2700,CH02,Z,g,348,0.000964
2700,CH02,Z,g,352,0.000907
2700,CH02,Z,g,356,0.000917
2700,CH02,Z,g,360,0.000603
2700,CH02,Z,g,364,0.000596
2700,CH02,Z,g,368,0.000918
2700,CH02,Z,g,372,0.000915
2700,CH02,Z,g,376,0.000736
2700,CH02,Z,g,380,0.00052
2700,CH02,Z,g,384,0.000906
2700,CH02,Z,g,388,0.000774
2700,CH02,Z,g,392,0.000506
2700,CH02,Z,g,396,0.000554
2700,CH02,Z,g,400,0.000844
2800,CH02,Z,g,4,0.000998
2800,CH02,Z,g,8,0.000667
2800,CH02,Z,g,12,0.000672
2800,CH02,Z,g,16,0.000527
2800,CH02,Z,g,20,0.000993
2800,CH02,Z,g,24,0.000588
2800,CH02,Z,g,28,0.000537
2800,CH02,Z,g,32,0.000815
2800,CH02,Z,g,36,0.000749
2800,CH02,Z,g,40,0.000653
2800,CH02,Z,g,44,0.004153
2800,CH02,Z,g,48,0.007069
2800,CH02,Z,g,52,0.001235
2800,CH02,Z,g,56,0.000774
2800,CH02,Z,g,60,0.000733
2800,CH02,Z,g,64,0.000701
2800,CH02,Z,g,68,0.00079
2800,CH02,Z,g,72,0.000573
2800,CH02,Z,g,76,0.000628
2800,CH02,Z,g,80,0.00054
2800,CH02,Z,g,84,0.000519
2800,CH02,Z,g,88,0.001391
2800,CH02,Z,g,92,0.017806
2800,CH02,Z,g,96,0.011535
2800,CH02,Z,g,100,0.000969
2800,CH02,Z,g,104,0.000688
2800,CH02,Z,g,108,0.000982
2800,CH02,Z,g,112,0.000762
2800,CH02,Z,g,116,0.000823
2800,CH02,Z,g,120,0.000847
2800,CH02,Z,g,124,0.000937
2800,CH02,Z,g,128,0.000872
2800,CH02,Z,g,132,0.000557
2800,CH02,Z,g,136,0.00094
2800,CH02,Z,g,140,0.00083
2800,CH02,Z,g,144,0.000927
2800,CH02,Z,g,148,0.000652
2800,CH02,Z,g,152,0.000553
2800,CH02,Z,g,156,0.00063
2800,CH02,Z,g,160,0.000665
2800,CH02,Z,g,164,0.00093
2800,CH02,Z,g,168,0.000932
2800,CH02,Z,g,172,0.000941
2800,CH02,Z,g,176,0.000708
2800,CH02,Z,g,180,0.000642
2800,CH02,Z,g,184,0.00312
2800,CH02,Z,g,188,0.005247
2800,CH02,Z,g,192,0.000939
2800,CH02,Z,g,196,0.000958
2800,CH02,Z,g,200,0.000737
2800,CH02,Z,g,204,0.000781
2800,CH02,Z,g,208,0.0007
2800,CH02,Z,g,212,0.00087
2800,CH02,Z,g,216,0.000611
2800,CH02,Z,g,220,0.000848
2800,CH02,Z,g,224,0.000975
2800,CH02,Z,g,228,0.00077
2800,CH02,Z,g,232,0.000758
2800,CH02,Z,g,236,0.000883
2800,CH02,Z,g,240,0.000822
2800,CH02,Z,g,244,0.000774
2800,CH02,Z,g,248,0.000785
2800,CH02,Z,g,252,0.000546
2800,CH02,Z,g,256,0.000724
2800,CH02,Z,g,260,0.000761
2800,CH02,Z,g,264,0.000816
2800,CH02,Z,g,268,0.000702
2800,CH02,Z,g,272,0.000535
2800,CH02,Z,g,276,0.000771
2800,CH02,Z,g,280,0.000843
2800,CH02,Z,g,284,0.000756
2800,CH02,Z,g,288,0.000598
2800,CH02,Z,g,292,0.000676
2800,CH02,Z,g,296,0.000852
2800,CH02,Z,g,300,0.000738
2800,CH02,Z,g,304,0.000934
2800,CH02,Z,g,308,0.00093
2800,CH02,Z,g,312,0.000552
2800,CH02,Z,g,316,0.000884
2800,CH02,Z,g,320,0.000539
2800,CH02,Z,g,324,0.000711
2800,CH02,Z,g,328,0.000964
2800,CH02,Z,g,332,0.000749
2800,CH02,Z,g,336,0.000642
2800,CH02,Z,g,340,0.000671
2800,CH02,Z,g,344,0.000768
2800,CH02,Z,g,348,0.000842
2800,CH02,Z,g,352,0.000568
2800,CH02,Z,g,356,0.000885
2800,CH02,Z,g,360,0.000769
2800,CH02,Z,g,364,0.000795
2800,CH02,Z,g,368,0.000911
2800,CH02,Z,g,372,0.000759
2800,CH02,Z,g,376,0.000632
2800,CH02,Z,g,380,0.000673
2800,CH02,Z,g,384,0.000648
2800,CH02,Z,g,388,0.000772
2800,CH02,Z,g,392,0.000682
2800,CH02,Z,g,396,0.000532
2800,CH02,Z,g,400,0.000727
2900,CH02,Z,g,4,0.000504
2900,CH02,Z,g,8,0.000887
2900,CH02,Z,g,12,0.000626
2900,CH02,Z,g,16,0.000578
2900,CH02,Z,g,20,0.000885
2900,CH02,Z,g,24,0.000573
2900,CH02,Z,g,28,0.000507
2900,CH02,Z,g,32,0.000541
2900,CH02,Z,g,36,0.000722
2900,CH02,Z,g,40,0.000991
2900,CH02,Z,g,44,0.001801
2900,CH02,Z,g,48,0.008653
2900,CH02,Z,g,52,0.002811
2900,CH02,Z,g,56,0.000713
2900,CH02,Z,g,60,0.000597
2900,CH02,Z,g,64,0.000585
2900,CH02,Z,g,68,0.000668
2900,CH02,Z,g,72,0.000888
2900,CH02,Z,g,76,0.000644
2900,CH02,Z,g,80,0.000707
2900,CH02,Z,g,84,0.000603
2900,CH02,Z,g,88,0.000859
2900,CH02,Z,g,92,0.002515
2900,CH02,Z,g,96,0.024767
2900,CH02,Z,g,100,0.009961
2900,CH02,Z,g,104,0.00108
2900,CH02,Z,g,108,0.000513
2900,CH02,Z,g,112,0.000867
2900,CH02,Z,g,116,0.000706
2900,CH02,Z,g,120,0.000938
2900,CH02,Z,g,124,0.000987
2900,CH02,Z,g,128,0.000826
2900,CH02,Z,g,132,0.000753
2900,CH02,Z,g,136,0.000949
2900,CH02,Z,g,140,0.000621
2900,CH02,Z,g,144,0.000701
2900,CH02,Z,g,148,0.000854
2900,CH02,Z,g,152,0.000806
2900,CH02,Z,g,156,0.000582
2900,CH02,Z,g,160,0.000638
2900,CH02,Z,g,164,0.000628
2900,CH02,Z,g,168,0.000622
2900,CH02,Z,g,172,0.000666
2900,CH02,Z,g,176,0.000978
2900,CH02,Z,g,180,0.000955
2900,CH02,Z,g,184,0.000518
2900,CH02,Z,g,188,0.001152
2900,CH02,Z,g,192,0.005595
2900,CH02,Z,g,196,0.003493
2900,CH02,Z,g,200,0.000724
2900,CH02,Z,g,204,0.000815
2900,CH02,Z,g,208,0.000708
2900,CH02,Z,g,212,0.000555
2900,CH02,Z,g,216,0.000509
2900,CH02,Z,g,220,0.000826
2900,CH02,Z,g,224,0.000953
2900,CH02,Z,g,228,0.000717
2900,CH02,Z,g,232,0.000577
2900,CH02,Z,g,236,0.000587
2900,CH02,Z,g,240,0.000786
2900,CH02,Z,g,244,0.000931
2900,CH02,Z,g,248,0.000906
2900,CH02,Z,g,252,0.000965
2900,CH02,Z,g,256,0.00095
2900,CH02,Z,g,260,0.000786
2900,CH02,Z,g,264,0.000711
2900,CH02,Z,g,268,0.000635
2900,CH02,Z,g,272,0.000547
2900,CH02,Z,g,276,0.000767
2900,CH02,Z,g,280,0.000938
2900,CH02,Z,g,284,0.000512
2900,CH02,Z,g,288,0.000814
2900,CH02,Z,g,292,0.000612
2900,CH02,Z,g,296,0.000659
2900,CH02,Z,g,300,0.000825
2900,CH02,Z,g,304,0.000907
2900,CH02,Z,g,308,0.00062
2900,CH02,Z,g,312,0.000807
2900,CH02,Z,g,316,0.000751
2900,CH02,Z,g,320,0.000521
2900,CH02,Z,g,324,0.000676
2900,CH02,Z,g,328,0.000612
2900,CH02,Z,g,332,0.000531
2900,CH02,Z,g,336,0.000845
2900,CH02,Z,g,340,0.000909
2900,CH02,Z,g,344,0.000814
2900,CH02,Z,g,348,0.000954
2900,CH02,Z,g,352,0.000759
2900,CH02,Z,g,356,0.000514
2900,CH02,Z,g,360,0.000742
2900,CH02,Z,g,364,0.000633
2900,CH02,Z,g,368,0.000886
2900,CH02,Z,g,372,0.000943
2900,CH02,Z,g,376,0.000578
2900,CH02,Z,g,380,0.00097
2900,CH02,Z,g,384,0.000909
2900,CH02,Z,g,388,0.000782
2900,CH02,Z,g,392,0.000604
2900,CH02,Z,g,396,0.00054
2900,CH02,Z,g,400,0.000968
3000,CH02,Z,g,4,0.000733
3000,CH02,Z,g,8,0.000658
3000,CH02,Z,g,12,0.000679
3000,CH02,Z,g,16,0.000853
3000,CH02,Z,g,20,0.000747
3000,CH02,Z,g,24,0.00086
3000,CH02,Z,g,28,0.000599
3000,CH02,Z,g,32,0.000587
3000,CH02,Z,g,36,0.000826
3000,CH02,Z,g,40,0.000622
3000,CH02,Z,g,44,0.000985
3000,CH02,Z,g,48,0.006564
3000,CH02,Z,g,52,0.006134
3000,CH02,Z,g,56,0.000993
3000,CH02,Z,g,60,0.000512
3000,CH02,Z,g,64,0.000852
3000,CH02,Z,g,68,0.000839
3000,CH02,Z,g,72,0.000953
3000,CH02,Z,g,76,0.000856
3000,CH02,Z,g,80,0.000837
3000,CH02,Z,g,84,0.000936
3000,CH02,Z,g,88,0.000586
3000,CH02,Z,g,92,0.000821
3000,CH02,Z,g,96,0.005168
3000,CH02,Z,g,100,0.033728
3000,CH02,Z,g,104,0.00812
3000,CH02,Z,g,108,0.000578
3000,CH02,Z,g,112,0.000945
3000,CH02,Z,g,116,0.000712
3000,CH02,Z,g,120,0.000613
3000,CH02,Z,g,124,0.000773
3000,CH02,Z,g,128,0.000745
3000,CH02,Z,g,132,0.000553
3000,CH02,Z,g,136,0.000709
3000,CH02,Z,g,140,0.000786
3000,CH02,Z,g,144,0.00096
3000,CH02,Z,g,148,0.000637
3000,CH02,Z,g,152,0.00058
3000,CH02,Z,g,156,0.000664
3000,CH02,Z,g,160,0.000586
3000,CH02,Z,g,164,0.000765
3000,CH02,Z,g,168,0.000768
3000,CH02,Z,g,172,0.000588
3000,CH02,Z,g,176,0.000862
3000,CH02,Z,g,180,0.000971
3000,CH02,Z,g,184,0.000534
3000,CH02,Z,g,188,0.000889
3000,CH02,Z,g,192,0.00066
3000,CH02,Z,g,196,0.001769
3000,CH02,Z,g,200,0.007558
3000,CH02,Z,g,204,0.001867
3000,CH02,Z,g,208,0.000847
3000,CH02,Z,g,212,0.000909
3000,CH02,Z,g,216,0.000574
3000,CH02,Z,g,220,0.00056
3000,CH02,Z,g,224,0.000758
3000,CH02,Z,g,228,0.000863
3000,CH02,Z,g,232,0.000867
3000,CH02,Z,g,236,0.00059
3000,CH02,Z,g,240,0.000851
3000,CH02,Z,g,244,0.000507
3000,CH02,Z,g,248,0.000786
3000,CH02,Z,g,252,0.000538
3000,CH02,Z,g,256,0.000896
3000,CH02,Z,g,260,0.000763
3000,CH02,Z,g,264,0.000885
3000,CH02,Z,g,268,0.000811
3000,CH02,Z,g,272,0.000958
3000,CH02,Z,g,276,0.000663
3000,CH02,Z,g,280,0.000821
3000,CH02,Z,g,284,0.000863
3000,CH02,Z,g,288,0.000898
3000,CH02,Z,g,292,0.000991
3000,CH02,Z,g,296,0.000801
3000,CH02,Z,g,300,0.000773
3000,CH02,Z,g,304,0.000853
3000,CH02,Z,g,308,0.000899
3000,CH02,Z,g,312,0.00088
3000,CH02,Z,g,316,0.000637
3000,CH02,Z,g,320,0.000816
3000,CH02,Z,g,324,0.000517
3000,CH02,Z,g,328,0.000831
3000,CH02,Z,g,332,0.000827
3000,CH02,Z,g,336,0.000721
3000,CH02,Z,g,340,0.000666
3000,CH02,Z,g,344,0.000661
3000,CH02,Z,g,348,0.000858
3000,CH02,Z,g,352,0.000607
3000,CH02,Z,g,356,0.000802
3000,CH02,Z,g,360,0.000933
3000,CH02,Z,g,364,0.000879
3000,CH02,Z,g,368,0.000916
3000,CH02,Z,g,372,0.000796
3000,CH02,Z,g,376,0.000688
3000,CH02,Z,g,380,0.000589
3000,CH02,Z,g,384,0.000942
3000,CH02,Z,g,388,0.00099
3000,CH02,Z,g,392,0.000563
3000,CH02,Z,g,396,0.000621
3000,CH02,Z,g,400,0.000564
3100,CH02,Z,g,4,0.000698
3100,CH02,Z,g,8,0.000679
3100,CH02,Z,g,12,0.000952
3100,CH02,Z,g,16,0.00059
3100,CH02,Z,g,20,0.000897
3100,CH02,Z,g,24,0.000804
3100,CH02,Z,g,28,0.000623
3100,CH02,Z,g,32,0.000727
3100,CH02,Z,g,36,0.000798
3100,CH02,Z,g,40,0.000642
3100,CH02,Z,g,44,0.000644
3100,CH02,Z,g,48,0.002815
3100,CH02,Z,g,52,0.009924
3100,CH02,Z,g,56,0.002115
3100,CH02,Z,g,60,0.00062
3100,CH02,Z,g,64,0.000956
3100,CH02,Z,g,68,0.000687
3100,CH02,Z,g,72,0.000562
3100,CH02,Z,g,76,0.000614
3100,CH02,Z,g,80,0.000938
3100,CH02,Z,g,84,0.000712
3100,CH02,Z,g,88,0.00055
3100,CH02,Z,g,92,0.000616
3100,CH02,Z,g,96,0.000951
3100,CH02,Z,g,100,0.010995
3100,CH02,Z,g,104,0.044472
3100,CH02,Z,g,108,0.005983
3100,CH02,Z,g,112,0.000911
3100,CH02,Z,g,116,0.000554
3100,CH02,Z,g,120,0.000883
3100,CH02,Z,g,124,0.000522
3100,CH02,Z,g,128,0.000995
3100,CH02,Z,g,132,0.00065
3100,CH02,Z,g,136,0.000877
3100,CH02,Z,g,140,0.000878
3100,CH02,Z,g,144,0.0007
3100,CH02,Z,g,148,0.0005
3100,CH02,Z,g,152,0.000861
3100,CH02,Z,g,156,0.000551
3100,CH02,Z,g,160,0.000717
3100,CH02,Z,g,164,0.000708
3100,CH02,Z,g,168,0.000955
3100,CH02,Z,g,172,0.000677
3100,CH02,Z,g,176,0.000918
3100,CH02,Z,g,180,0.000994
3100,CH02,Z,g,184,0.000514
3100,CH02,Z,g,188,0.000779
3100,CH02,Z,g,192,0.00057
3100,CH02,Z,g,196,0.000722
3100,CH02,Z,g,200,0.000557
3100,CH02,Z,g,204,0.003845
3100,CH02,Z,g,208,0.006556
3100,CH02,Z,g,212,0.000805
3100,CH02,Z,g,216,0.000656
3100,CH02,Z,g,220,0.000576
3100,CH02,Z,g,224,0.000667
3100,CH02,Z,g,228,0.000547
3100,CH02,Z,g,232,0.000779
3100,CH02,Z,g,236,0.000673
3100,CH02,Z,g,240,0.000557
3100,CH02,Z,g,244,0.000942
3100,CH02,Z,g,248,0.000799
3100,CH02,Z,g,252,0.000841
3100,CH02,Z,g,256,0.000606
3100,CH02,Z,g,260,0.00091
3100,CH02,Z,g,264,0.000802
3100,CH02,Z,g,268,0.000954
3100,CH02,Z,g,272,0.000791
3100,CH02,Z,g,276,0.000542
3100,CH02,Z,g,280,0.000652
3100,CH02,Z,g,284,0.000837
3100,CH02,Z,g,288,0.000681
3100,CH02,Z,g,292,0.00087
3100,CH02,Z,g,296,0.000752
3100,CH02,Z,g,300,0.000563
3100,CH02,Z,g,304,0.000708
3100,CH02,Z,g,308,0.000962
3100,CH02,Z,g,312,0.000698
3100,CH02,Z,g,316,0.000784
3100,CH02,Z,g,320,0.000515
3100,CH02,Z,g,324,0.000505
3100,CH02,Z,g,328,0.000754
3100,CH02,Z,g,332,0.000908
3100,CH02,Z,g,336,0.000997
3100,CH02,Z,g,340,0.00054
3100,CH02,Z,g,344,0.000696
3100,CH02,Z,g,348,0.000669
3100,CH02,Z,g,352,0.000855
3100,CH02,Z,g,356,0.000608
3100,CH02,Z,g,360,0.000532
3100,CH02,Z,g,364,0.000531
3100,CH02,Z,g,368,0.000805
3100,CH02,Z,g,372,0.0009
3100,CH02,Z,g,376,0.000976
3100,CH02,Z,g,380,0.000876
3100,CH02,Z,g,384,0.00085
3100,CH02,Z,g,388,0.00089
3100,CH02,Z,g,392,0.000545
3100,CH02,Z,g,396,0.000978
3100,CH02,Z,g,400,0.00098
3200,CH02,Z,g,4,0.000774
3200,CH02,Z,g,8,0.000753
3200,CH02,Z,g,12,0.000549
3200,CH02,Z,g,16,0.000995
3200,CH02,Z,g,20,0.000546
3200,CH02,Z,g,24,0.00082
3200,CH02,Z,g,28,0.000778
3200,CH02,Z,g,32,0.00076
3200,CH02,Z,g,36,0.00096
3200,CH02,Z,g,40,0.000658
3200,CH02,Z,g,44,0.000814
3200,CH02,Z,g,48,0.001198
3200,CH02,Z,g,52,0.009031
3200,CH02,Z,g,56,0.005099
3200,CH02,Z,g,60,0.00085
3200,CH02,Z,g,64,0.000734
3200,CH02,Z,g,68,0.000532
3200,CH02,Z,g,72,0.000789
3200,CH02,Z,g,76,0.000634
3200,CH02,Z,g,80,0.000619
3200,CH02,Z,g,84,0.000779
3200,CH02,Z,g,88,0.00062
3200,CH02,Z,g,92,0.000946
3200,CH02,Z,g,96,0.000914
3200,CH02,Z,g,100,0.000869
3200,CH02,Z,g,104,0.02292
3200,CH02,Z,g,108,0.053748
3200,CH02,Z,g,112,0.004046
3200,CH02,Z,g,116,0.000698
3200,CH02,Z,g,120,0.0008
3200,CH02,Z,g,124,0.000512
3200,CH02,Z,g,128,0.000556
3200,CH02,Z,g,132,0.00099
3200,CH02,Z,g,136,0.000641
3200,CH02,Z,g,140,0.00088
3200,CH02,Z,g,144,0.000849
3200,CH02,Z,g,148,0.000727
3200,CH02,Z,g,152,0.0008
3200,CH02,Z,g,156,0.000647
3200,CH02,Z,g,160,0.00069
3200,CH02,Z,g,164,0.000956
3200,CH02,Z,g,168,0.000854
3200,CH02,Z,g,172,0.000745
3200,CH02,Z,g,176,0.000931
3200,CH02,Z,g,180,0.000778
3200,CH02,Z,g,184,0.000972
3200,CH02,Z,g,188,0.000918
3200,CH02,Z,g,192,0.000978
3200,CH02,Z,g,196,0.000913
3200,CH02,Z,g,200,0.000836
3200,CH02,Z,g,204,0.000674
3200,CH02,Z,g,208,0.000827
3200,CH02,Z,g,212,0.006696
3200,CH02,Z,g,216,0.004124
3200,CH02,Z,g,220,0.001007
3200,CH02,Z,g,224,0.000584
3200,CH02,Z,g,228,0.000991
3200,CH02,Z,g,232,0.000708
3200,CH02,Z,g,236,0.000922
3200,CH02,Z,g,240,0.000597
3200,CH02,Z,g,244,0.000866
3200,CH02,Z,g,248,0.000825
3200,CH02,Z,g,252,0.000822
3200,CH02,Z,g,256,0.000818
3200,CH02,Z,g,260,0.000943
3200,CH02,Z,g,264,0.00068
3200,CH02,Z,g,268,0.000678
3200,CH02,Z,g,272,0.000551
3200,CH02,Z,g,276,0.000972
3200,CH02,Z,g,280,0.000613
3200,CH02,Z,g,284,0.000631
3200,CH02,Z,g,288,0.000899
3200,CH02,Z,g,292,0.000775
3200,CH02,Z,g,296,0.000526
3200,CH02,Z,g,300,0.00087
3200,CH02,Z,g,304,0.000876
3200,CH02,Z,g,308,0.000897
3200,CH02,Z,g,312,0.000877
3200,CH02,Z,g,316,0.000856
3200,CH02,Z,g,320,0.000516
3200,CH02,Z,g,324,0.000976
3200,CH02,Z,g,328,0.000818
3200,CH02,Z,g,332,0.000856
3200,CH02,Z,g,336,0.000571
3200,CH02,Z,g,340,0.000998
3200,CH02,Z,g,344,0.000995
3200,CH02,Z,g,348,0.000906
3200,CH02,Z,g,352,0.000582
3200,CH02,Z,g,356,0.000988
3200,CH02,Z,g,360,0.000501
3200,CH02,Z,g,364,0.000658
3200,CH02,Z,g,368,0.000617
3200,CH02,Z,g,372,0.001
3200,CH02,Z,g,376,0.000618
3200,CH02,Z,g,380,0.000823
3200,CH02,Z,g,384,0.000504
3200,CH02,Z,g,388,0.000808
3200,CH02,Z,g,392,0.000955
3200,CH02,Z,g,396,0.000578
3200,CH02,Z,g,400,0.000774
3300,CH02,Z,g,4,0.000719
3300,CH02,Z,g,8,0.000781
3300,CH02,Z,g,12,0.000847
3300,CH02,Z,g,16,0.000881
3300,CH02,Z,g,20,0.000581
3300,CH02,Z,g,24,0.000947
3300,CH02,Z,g,28,0.000543
3300,CH02,Z,g,32,0.000541
3300,CH02,Z,g,36,0.000573
3300,CH02,Z,g,40,0.000701
3300,CH02,Z,g,44,0.000932
3300,CH02,Z,g,48,0.000747
3300,CH02,Z,g,52,0.004845
3300,CH02,Z,g,56,0.010258
3300,CH02,Z,g,60,0.001346
3300,CH02,Z,g,64,0.000902
3300,CH02,Z,g,68,0.000938
3300,CH02,Z,g,72,0.000946
3300,CH02,Z,g,76,0.00056
3300,CH02,Z,g,80,0.000714
3300,CH02,Z,g,84,0.000558
3300,CH02,Z,g,88,0.000996
3300,CH02,Z,g,92,0.00054
3300,CH02,Z,g,96,0.000696
3300,CH02,Z,g,100,0.00077
3300,CH02,Z,g,104,0.001626
3300,CH02,Z,g,108,0.044694
3300,CH02,Z,g,112,0.056106
3300,CH02,Z,g,116,0.002758
3300,CH02,Z,g,120,0.000987
3300,CH02,Z,g,124,0.000888
3300,CH02,Z,g,128,0.000903
3300,CH02,Z,g,132,0.000836
3300,CH02,Z,g,136,0.00061
3300,CH02,Z,g,140,0.000759
3300,CH02,Z,g,144,0.000571
3300,CH02,Z,g,148,0.000577
3300,CH02,Z,g,152,0.000593
3300,CH02,Z,g,156,0.000533
3300,CH02,Z,g,160,0.00081
3300,CH02,Z,g,164,0.000722
3300,CH02,Z,g,168,0.000767
3300,CH02,Z,g,172,0.000774
3300,CH02,Z,g,176,0.000759
3300,CH02,Z,g,180,0.000777
3300,CH02,Z,g,184,0.000559
3300,CH02,Z,g,188,0.00078
3300,CH02,Z,g,192,0.000828
3300,CH02,Z,g,196,0.000724
3300,CH02,Z,g,200,0.000641
3300,CH02,Z,g,204,0.000856
3300,CH02,Z,g,208,0.000515
3300,CH02,Z,g,212,0.000524
3300,CH02,Z,g,216,0.001932
3300,CH02,Z,g,220,0.008956
3300,CH02,Z,g,224,0.002207
3300,CH02,Z,g,228,0.00079
3300,CH02,Z,g,232,0.00078
3300,CH02,Z,g,236,0.000835
3300,CH02,Z,g,240,0.000956
3300,CH02,Z,g,244,0.000585
3300,CH02,Z,g,248,0.000807
3300,CH02,Z,g,252,0.000752
3300,CH02,Z,g,256,0.000747
3300,CH02,Z,g,260,0.000615
3300,CH02,Z,g,264,0.000794
3300,CH02,Z,g,268,0.00097
3300,CH02,Z,g,272,0.000887
3300,CH02,Z,g,276,0.000529
3300,CH02,Z,g,280,0.000802
3300,CH02,Z,g,284,0.000551
3300,CH02,Z,g,288,0.000755
3300,CH02,Z,g,292,0.00099
3300,CH02,Z,g,296,0.000655
3300,CH02,Z,g,300,0.000613
3300,CH02,Z,g,304,0.000649
3300,CH02,Z,g,308,0.000721
3300,CH02,Z,g,312,0.000643
3300,CH02,Z,g,316,0.000739
3300,CH02,Z,g,320,0.000547
3300,CH02,Z,g,324,0.000504
3300,CH02,Z,g,328,0.00064
3300,CH02,Z,g,332,0.000676
3300,CH02,Z,g,336,0.0006
3300,CH02,Z,g,340,0.00089
3300,CH02,Z,g,344,0.000583
3300,CH02,Z,g,348,0.000809
3300,CH02,Z,g,352,0.000727
3300,CH02,Z,g,356,0.000749
3300,CH02,Z,g,360,0.000629
3300,CH02,Z,g,364,0.000645
3300,CH02,Z,g,368,0.000891
3300,CH02,Z,g,372,0.000927
3300,CH02,Z,g,376,0.000936
3300,CH02,Z,g,380,0.000544
3300,CH02,Z,g,384,0.00058
3300,CH02,Z,g,388,0.000907
3300,CH02,Z,g,392,0.000523
3300,CH02,Z,g,396,0.000615
3300,CH02,Z,g,400,0.00066
3400,CH02,Z,g,4,0.000748
3400,CH02,Z,g,8,0.000725
3400,CH02,Z,g,12,0.000726
3400,CH02,Z,g,16,0.000901
3400,CH02,Z,g,20,0.000885
3400,CH02,Z,g,24,0.000903
3400,CH02,Z,g,28,0.000954
3400,CH02,Z,g,32,0.000859
3400,CH02,Z,g,36,0.000545
3400,CH02,Z,g,40,0.000601
3400,CH02,Z,g,44,0.00098
3400,CH02,Z,g,48,0.000863
3400,CH02,Z,g,52,0.001732
3400,CH02,Z,g,56,0.011631
3400,CH02,Z,g,60,0.00426
3400,CH02,Z,g,64,0.000698
3400,CH02,Z,g,68,0.00072
3400,CH02,Z,g,72,0.000854
3400,CH02,Z,g,76,0.000618
3400,CH02,Z,g,80,0.000655
3400,CH02,Z,g,84,0.000572
3400,CH02,Z,g,88,0.000578
3400,CH02,Z,g,92,0.000763
3400,CH02,Z,g,96,0.000821
3400,CH02,Z,g,100,0.000545
3400,CH02,Z,g,104,0.000838
3400,CH02,Z,g,108,0.00406
3400,CH02,Z,g,112,0.076017
3400,CH02,Z,g,116,0.049377
3400,CH02,Z,g,120,0.001422
3400,CH02,Z,g,124,0.000708
3400,CH02,Z,g,128,0.000654
3400,CH02,Z,g,132,0.000629
3400,CH02,Z,g,136,0.000655
3400,CH02,Z,g,140,0.000745
3400,CH02,Z,g,144,0.000805
3400,CH02,Z,g,148,0.000552
3400,CH02,Z,g,152,0.000753
3400,CH02,Z,g,156,0.000916
3400,CH02,Z,g,160,0.0008
3400,CH02,Z,g,164,0.000615
3400,CH02,Z,g,168,0.00091
3400,CH02,Z,g,172,0.000698
3400,CH02,Z,g,176,0.000796
3400,CH02,Z,g,180,0.000713
3400,CH02,Z,g,184,0.000724
3400,CH02,Z,g,188,0.000522
3400,CH02,Z,g,192,0.000563
3400,CH02,Z,g,196,0.000614
3400,CH02,Z,g,200,0.000721
3400,CH02,Z,g,204,0.000871
3400,CH02,Z,g,208,0.000793
3400,CH02,Z,g,212,0.000578
3400,CH02,Z,g,216,0.000768
3400,CH02,Z,g,220,0.000848
3400,CH02,Z,g,224,0.004583
3400,CH02,Z,g,228,0.007699
3400,CH02,Z,g,232,0.001206
3400,CH02,Z,g,236,0.000768
3400,CH02,Z,g,240,0.000835
3400,CH02,Z,g,244,0.000907
3400,CH02,Z,g,248,0.000563
3400,CH02,Z,g,252,0.000553
3400,CH02,Z,g,256,0.000954
3400,CH02,Z,g,260,0.000759
3400,CH02,Z,g,264,0.000589
3400,CH02,Z,g,268,0.000521
3400,CH02,Z,g,272,0.000757
3400,CH02,Z,g,276,0.000645
3400,CH02,Z,g,280,0.000509
3400,CH02,Z,g,284,0.000599
3400,CH02,Z,g,288,0.000903
3400,CH02,Z,g,292,0.000837
3400,CH02,Z,g,296,0.000943
3400,CH02,Z,g,300,0.000575
3400,CH02,Z,g,304,0.000926
3400,CH02,Z,g,308,0.000911
3400,CH02,Z,g,312,0.000719
3400,CH02,Z,g,316,0.000989
3400,CH02,Z,g,320,0.000656
3400,CH02,Z,g,324,0.000755
3400,CH02,Z,g,328,0.000539
3400,CH02,Z,g,332,0.000995
3400,CH02,Z,g,336,0.000511
3400,CH02,Z,g,340,0.000771
3400,CH02,Z,g,344,0.000896
3400,CH02,Z,g,348,0.000772
3400,CH02,Z,g,352,0.000564
3400,CH02,Z,g,356,0.000554
3400,CH02,Z,g,360,0.000889
3400,CH02,Z,g,364,0.000972
3400,CH02,Z,g,368,0.000905
3400,CH02,Z,g,372,0.000568
3400,CH02,Z,g,376,0.00087
3400,CH02,Z,g,380,0.000785
3400,CH02,Z,g,384,0.000636
3400,CH02,Z,g,388,0.000761
3400,CH02,Z,g,392,0.000694
3400,CH02,Z,g,396,0.000532
3400,CH02,Z,g,400,0.00057
3500,CH02,Z,g,4,0.000916
3500,CH02,Z,g,8,0.00076
3500,CH02,Z,g,12,0.000789
3500,CH02,Z,g,16,0.000504
3500,CH02,Z,g,20,0.000746
3500,CH02,Z,g,24,0.000505
3500,CH02,Z,g,28,0.000763
3500,CH02,Z,g,32,0.000627
3500,CH02,Z,g,36,0.00089
3500,CH02,Z,g,40,0.000534
3500,CH02,Z,g,44,0.000685
3500,CH02,Z,g,48,0.000817
3500,CH02,Z,g,52,0.000747
3500,CH02,Z,g,56,0.007256
3500,CH02,Z,g,60,0.009399
3500,CH02,Z,g,64,0.001045
3500,CH02,Z,g,68,0.000701
3500,CH02,Z,g,72,0.000795
3500,CH02,Z,g,76,0.000599
3500,CH02,Z,g,80,0.00055
3500,CH02,Z,g,84,0.000566
3500,CH02,Z,g,88,0.000628
3500,CH02,Z,g,92,0.000695
3500,CH02,Z,g,96,0.000718
3500,CH02,Z,g,100,0.000791
3500,CH02,Z,g,104,0.000786
3500,CH02,Z,g,108,0.000579
3500,CH02,Z,g,112,0.009262
3500,CH02,Z,g,116,0.108574
3500,CH02,Z,g,120,0.035509
3500,CH02,Z,g,124,0.000906
3500,CH02,Z,g,128,0.00073
3500,CH02,Z,g,132,0.000763
3500,CH02,Z,g,136,0.000956
3500,CH02,Z,g,140,0.000846
3500,CH02,Z,g,144,0.000797
3500,CH02,Z,g,148,0.000929
3500,CH02,Z,g,152,0.000568
3500,CH02,Z,g,156,0.000664
3500,CH02,Z,g,160,0.00064
3500,CH02,Z,g,164,0.000939
3500,CH02,Z,g,168,0.000938
3500,CH02,Z,g,172,0.000813
3500,CH02,Z,g,176,0.000884
3500,CH02,Z,g,180,0.000726
3500,CH02,Z,g,184,0.000995
3500,CH02,Z,g,188,0.00066
3500,CH02,Z,g,192,0.000904
3500,CH02,Z,g,196,0.000584
3500,CH02,Z,g,200,0.00076
3500,CH02,Z,g,204,0.00054
3500,CH02,Z,g,208,0.000547
3500,CH02,Z,g,212,0.000729
3500,CH02,Z,g,216,0.000823
3500,CH02,Z,g,220,0.000658
3500,CH02,Z,g,224,0.000888
3500,CH02,Z,g,228,0.001217
3500,CH02,Z,g,232,0.008173
3500,CH02,Z,g,236,0.005031
3500,CH02,Z,g,240,0.000787
3500,CH02,Z,g,244,0.00092
3500,CH02,Z,g,248,0.000573
3500,CH02,Z,g,252,0.000816
3500,CH02,Z,g,256,0.000947
3500,CH02,Z,g,260,0.000585
3500,CH02,Z,g,264,0.00077
3500,CH02,Z,g,268,0.000992
3500,CH02,Z,g,272,0.00056
3500,CH02,Z,g,276,0.000852
3500,CH02,Z,g,280,0.000577
3500,CH02,Z,g,284,0.000829
3500,CH02,Z,g,288,0.000571
3500,CH02,Z,g,292,0.000763
3500,CH02,Z,g,296,0.000875
3500,CH02,Z,g,300,0.000817
3500,CH02,Z,g,304,0.000751
3500,CH02,Z,g,308,0.000908
3500,CH02,Z,g,312,0.000923
3500,CH02,Z,g,316,0.000932
3500,CH02,Z,g,320,0.000739
3500,CH02,Z,g,324,0.000813
3500,CH02,Z,g,328,0.000746
3500,CH02,Z,g,332,0.000527
3500,CH02,Z,g,336,0.000631
3500,CH02,Z,g,340,0.000669
3500,CH02,Z,g,344,0.000508
3500,CH02,Z,g,348,0.000528
3500,CH02,Z,g,352,0.000666
3500,CH02,Z,g,356,0.000617
3500,CH02,Z,g,360,0.000956
3500,CH02,Z,g,364,0.000956
3500,CH02,Z,g,368,0.000598
3500,CH02,Z,g,372,0.000849
3500,CH02,Z,g,376,0.000826
3500,CH02,Z,g,380,0.000549
3500,CH02,Z,g,384,0.000695
3500,CH02,Z,g,388,0.000982
3500,CH02,Z,g,392,0.000551
3500,CH02,Z,g,396,0.000845
3500,CH02,Z,g,400,0.00054
3600,CH02,Z,g,4,0.000938
3600,CH02,Z,g,8,0.000959
3600,CH02,Z,g,12,0.000743
3600,CH02,Z,g,16,0.000512
3600,CH02,Z,g,20,0.000849
3600,CH02,Z,g,24,0.00098
3600,CH02,Z,g,28,0.000587
3600,CH02,Z,g,32,0.00053
3600,CH02,Z,g,36,0.000917
3600,CH02,Z,g,40,0.000912
3600,CH02,Z,g,44,0.000792
3600,CH02,Z,g,48,0.000568
3600,CH02,Z,g,52,0.000556
3600,CH02,Z,g,56,0.002857
3600,CH02,Z,g,60,0.013424
3600,CH02,Z,g,64,0.002935
3600,CH02,Z,g,68,0.000736
3600,CH02,Z,g,72,0.000805
3600,CH02,Z,g,76,0.00093
3600,CH02,Z,g,80,0.00096
3600,CH02,Z,g,84,0.000598
3600,CH02,Z,g,88,0.000767
3600,CH02,Z,g,92,0.000957
3600,CH02,Z,g,96,0.000889
3600,CH02,Z,g,100,0.000791
3600,CH02,Z,g,104,0.000802
3600,CH02,Z,g,108,0.000726
3600,CH02,Z,g,112,0.000753
3600,CH02,Z,g,116,0.020826
3600,CH02,Z,g,120,0.127243
3600,CH02,Z,g,124,0.021226
3600,CH02,Z,g,128,0.000906
3600,CH02,Z,g,132,0.0006
3600,CH02,Z,g,136,0.000576
3600,CH02,Z,g,140,0.000791
3600,CH02,Z,g,144,0.000964
3600,CH02,Z,g,148,0.000684
3600,CH02,Z,g,152,0.000827
3600,CH02,Z,g,156,0.000544
3600,CH02,Z,g,160,0.00086
3600,CH02,Z,g,164,0.000966
3600,CH02,Z,g,168,0.000565
3600,CH02,Z,g,172,0.000766
3600,CH02,Z,g,176,0.000892
3600,CH02,Z,g,180,0.000768
3600,CH02,Z,g,184,0.000666
3600,CH02,Z,g,188,0.000837
3600,CH02,Z,g,192,0.000502
3600,CH02,Z,g,196,0.000537
3600,CH02,Z,g,200,0.000845
3600,CH02,Z,g,204,0.000779
3600,CH02,Z,g,208,0.000633
3600,CH02,Z,g,212,0.00089
3600,CH02,Z,g,216,0.000502
3600,CH02,Z,g,220,0.000887
3600,CH02,Z,g,224,0.000737
3600,CH02,Z,g,228,0.000549
3600,CH02,Z,g,232,0.000791
3600,CH02,Z,g,236,0.002408
3600,CH02,Z,g,240,0.010261
3600,CH02,Z,g,244,0.002361
3600,CH02,Z,g,248,0.000829
3600,CH02,Z,g,252,0.000673
3600,CH02,Z,g,256,0.000697
3600,CH02,Z,g,260,0.000942
3600,CH02,Z,g,264,0.000651
3600,CH02,Z,g,268,0.000745
3600,CH02,Z,g,272,0.000997
3600,CH02,Z,g,276,0.00069
3600,CH02,Z,g,280,0.000768
3600,CH02,Z,g,284,0.000549
3600,CH02,Z,g,288,0.000914
3600,CH02,Z,g,292,0.000927
3600,CH02,Z,g,296,0.000528
3600,CH02,Z,g,300,0.000693
3600,CH02,Z,g,304,0.000602
3600,CH02,Z,g,308,0.00093
3600,CH02,Z,g,312,0.000966
3600,CH02,Z,g,316,0.000897
3600,CH02,Z,g,320,0.000964
3600,CH02,Z,g,324,0.000862
3600,CH02,Z,g,328,0.000886
3600,CH02,Z,g,332,0.000595
3600,CH02,Z,g,336,0.000694
3600,CH02,Z,g,340,0.000743
3600,CH02,Z,g,344,0.000675
3600,CH02,Z,g,348,0.000532
3600,CH02,Z,g,352,0.000679
3600,CH02,Z,g,356,0.000993
3600,CH02,Z,g,360,0.000664
3600,CH02,Z,g,364,0.000898
3600,CH02,Z,g,368,0.000579
3600,CH02,Z,g,372,0.000708
3600,CH02,Z,g,376,0.000961
3600,CH02,Z,g,380,0.000592
3600,CH02,Z,g,384,0.000924
3600,CH02,Z,g,388,0.000538
3600,CH02,Z,g,392,0.000649
3600,CH02,Z,g,396,0.000756
3600,CH02,Z,g,400,0.000672
3700,CH02,Z,g,4,0.000886
3700,CH02,Z,g,8,0.000548
3700,CH02,Z,g,12,0.000984
3700,CH02,Z,g,16,0.000971
3700,CH02,Z,g,20,0.000954
3700,CH02,Z,g,24,0.000509
3700,CH02,Z,g,28,0.000717
3700,CH02,Z,g,32,0.000551
3700,CH02,Z,g,36,0.000598
3700,CH02,Z,g,40,0.000877
3700,CH02,Z,g,44,0.000884
3700,CH02,Z,g,48,0.000729
3700,CH02,Z,g,52,0.000954
3700,CH02,Z,g,56,0.001078
3700,CH02,Z,g,60,0.010777
3700,CH02,Z,g,64,0.007944
3700,CH02,Z,g,68,0.001107
3700,CH02,Z,g,72,0.000738
3700,CH02,Z,g,76,0.000724
3700,CH02,Z,g,80,0.000567
3700,CH02,Z,g,84,0.000892
3700,CH02,Z,g,88,0.000515
3700,CH02,Z,g,92,0.000845
3700,CH02,Z,g,96,0.000847
3700,CH02,Z,g,100,0.00082
3700,CH02,Z,g,104,0.000585
3700,CH02,Z,g,108,0.000809
3700,CH02,Z,g,112,0.000891
3700,CH02,Z,g,116,0.00093
3700,CH02,Z,g,120,0.039532
3700,CH02,Z,g,124,0.121328
3700,CH02,Z,g,128,0.010259
3700,CH02,Z,g,132,0.00097
3700,CH02,Z,g,136,0.000749
3700,CH02,Z,g,140,0.000994
3700,CH02,Z,g,144,0.000592
3700,CH02,Z,g,148,0.000684
3700,CH02,Z,g,152,0.000776
3700,CH02,Z,g,156,0.000654
3700,CH02,Z,g,160,0.000704
3700,CH02,Z,g,164,0.000762
3700,CH02,Z,g,168,0.000508
3700,CH02,Z,g,172,0.000736
3700,CH02,Z,g,176,0.000672
3700,CH02,Z,g,180,0.000821
3700,CH02,Z,g,184,0.000858
3700,CH02,Z,g,188,0.000841
3700,CH02,Z,g,192,0.000794
3700,CH02,Z,g,196,0.000893
3700,CH02,Z,g,200,0.000583
3700,CH02,Z,g,204,0.000511
3700,CH02,Z,g,208,0.00076
3700,CH02,Z,g,212,0.000629
3700,CH02,Z,g,216,0.000669
3700,CH02,Z,g,220,0.000728
3700,CH02,Z,g,224,0.000596
3700,CH02,Z,g,228,0.000965
3700,CH02,Z,g,232,0.000773
3700,CH02,Z,g,236,0.000889
3700,CH02,Z,g,240,0.000583
3700,CH02,Z,g,244,0.005242
3700,CH02,Z,g,248,0.008847
3700,CH02,Z,g,252,0.001215
3700,CH02,Z,g,256,0.000783
3700,CH02,Z,g,260,0.000742
3700,CH02,Z,g,264,0.000838
3700,CH02,Z,g,268,0.000712
3700,CH02,Z,g,272,0.000945
3700,CH02,Z,g,276,0.000973
3700,CH02,Z,g,280,0.000588
3700,CH02,Z,g,284,0.000883
3700,CH02,Z,g,288,0.000925
3700,CH02,Z,g,292,0.000532
3700,CH02,Z,g,296,0.000951
3700,CH02,Z,g,300,0.000896
3700,CH02,Z,g,304,0.000756
3700,CH02,Z,g,308,0.000894
3700,CH02,Z,g,312,0.000767
3700,CH02,Z,g,316,0.000742
3700,CH02,Z,g,320,0.000707
3700,CH02,Z,g,324,0.000723
3700,CH02,Z,g,328,0.000885
3700,CH02,Z,g,332,0.000837
3700,CH02,Z,g,336,0.000965
3700,CH02,Z,g,340,0.000593
3700,CH02,Z,g,344,0.000678
3700,CH02,Z,g,348,0.000827
3700,CH02,Z,g,352,0.000982
3700,CH02,Z,g,356,0.000716
3700,CH02,Z,g,360,0.000897
3700,CH02,Z,g,364,0.00079
3700,CH02,Z,g,368,0.000798
3700,CH02,Z,g,372,0.000957
3700,CH02,Z,g,376,0.000506
3700,CH02,Z,g,380,0.00051
3700,CH02,Z,g,384,0.000597
3700,CH02,Z,g,388,0.000921
3700,CH02,Z,g,392,0.000661
3700,CH02,Z,g,396,0.000717
3700,CH02,Z,g,400,0.000898
3800,CH02,Z,g,4,0.0007
3800,CH02,Z,g,8,0.000924
3800,CH02,Z,g,12,0.000553
3800,CH02,Z,g,16,0.000813
3800,CH02,Z,g,20,0.00074
3800,CH02,Z,g,24,0.000527
3800,CH02,Z,g,28,0.000907
3800,CH02,Z,g,32,0.000726
3800,CH02,Z,g,36,0.000567
3800,CH02,Z,g,40,0.000626
3800,CH02,Z,g,44,0.000958
3800,CH02,Z,g,48,0.000945
3800,CH02,Z,g,52,0.000941
3800,CH02,Z,g,56,0.000652
3800,CH02,Z,g,60,0.004736
3800,CH02,Z,g,64,0.014219
3800,CH02,Z,g,68,0.002065
3800,CH02,Z,g,72,0.000902
3800,CH02,Z,g,76,0.000976
3800,CH02,Z,g,80,0.000998
3800,CH02,Z,g,84,0.000821
3800,CH02,Z,g,88,0.000805
3800,CH02,Z,g,92,0.000715
3800,CH02,Z,g,96,0.000556
3800,CH02,Z,g,100,0.000807
3800,CH02,Z,g,104,0.00063
3800,CH02,Z,g,108,0.000814
3800,CH02,Z,g,112,0.000555
3800,CH02,Z,g,116,0.000727
3800,CH02,Z,g,120,0.001909
3800,CH02,Z,g,124,0.061441
3800,CH02,Z,g,128,0.094734
3800,CH02,Z,g,132,0.004808
3800,CH02,Z,g,136,0.000754
3800,CH02,Z,g,140,0.000653
3800,CH02,Z,g,144,0.000676
3800,CH02,Z,g,148,0.000589
3800,CH02,Z,g,152,0.000971
3800,CH02,Z,g,156,0.000818
3800,CH02,Z,g,160,0.000682
3800,CH02,Z,g,164,0.000569
3800,CH02,Z,g,168,0.000743
3800,CH02,Z,g,172,0.000988
3800,CH02,Z,g,176,0.000502
3800,CH02,Z,g,180,0.000707
3800,CH02,Z,g,184,0.000879
3800,CH02,Z,g,188,0.000954
3800,CH02,Z,g,192,0.00082
3800,CH02,Z,g,196,0.000864
3800,CH02,Z,g,200,0.000927
3800,CH02,Z,g,204,0.000978
3800,CH02,Z,g,208,0.000828
3800,CH02,Z,g,212,0.000732
3800,CH02,Z,g,216,0.000912
3800,CH02,Z,g,220,0.000832
3800,CH02,Z,g,224,0.000584
3800,CH02,Z,g,228,0.00062
3800,CH02,Z,g,232,0.000921
3800,CH02,Z,g,236,0.000849
3800,CH02,Z,g,240,0.000676
3800,CH02,Z,g,244,0.000527
3800,CH02,Z,g,248,0.001442
3800,CH02,Z,g,252,0.009232
3800,CH02,Z,g,256,0.00539
3800,CH02,Z,g,260,0.000896
3800,CH02,Z,g,264,0.000595
3800,CH02,Z,g,268,0.000574
3800,CH02,Z,g,272,0.000502
3800,CH02,Z,g,276,0.000822
3800,CH02,Z,g,280,0.000732
3800,CH02,Z,g,284,0.000553
3800,CH02,Z,g,288,0.000527
3800,CH02,Z,g,292,0.000743
3800,CH02,Z,g,296,0.000549
3800,CH02,Z,g,300,0.000929
3800,CH02,Z,g,304,0.00077
3800,CH02,Z,g,308,0.000538
3800,CH02,Z,g,312,0.000839
3800,CH02,Z,g,316,0.000696
3800,CH02,Z,g,320,0.000904
3800,CH02,Z,g,324,0.000791
3800,CH02,Z,g,328,0.000853
3800,CH02,Z,g,332,0.000514
3800,CH02,Z,g,336,0.000789
3800,CH02,Z,g,340,0.000816
3800,CH02,Z,g,344,0.000912
3800,CH02,Z,g,348,0.000722
3800,CH02,Z,g,352,0.000677
3800,CH02,Z,g,356,0.00072
3800,CH02,Z,g,360,0.000887
3800,CH02,Z,g,364,0.000594
3800,CH02,Z,g,368,0.000524
3800,CH02,Z,g,372,0.000723
3800,CH02,Z,g,376,0.000766
3800,CH02,Z,g,380,0.000828
3800,CH02,Z,g,384,0.000557
3800,CH02,Z,g,388,0.000634
3800,CH02,Z,g,392,0.000807
3800,CH02,Z,g,396,0.000733
3800,CH02,Z,g,400,0.000883
3900,CH02,Z,g,4,0.000937
3900,CH02,Z,g,8,0.000714
3900,CH02,Z,g,12,0.000611
3900,CH02,Z,g,16,0.00085
3900,CH02,Z,g,20,0.000898
3900,CH02,Z,g,24,0.000968
3900,CH02,Z,g,28,0.000665
3900,CH02,Z,g,32,0.000782
3900,CH02,Z,g,36,0.00069
3900,CH02,Z,g,40,0.000721
3900,CH02,Z,g,44,0.000541
3900,CH02,Z,g,48,0.00054
3900,CH02,Z,g,52,0.000904
3900,CH02,Z,g,56,0.000774
3900,CH02,Z,g,60,0.00189
3900,CH02,Z,g,64,0.014112
3900,CH02,Z,g,68,0.006257
3900,CH02,Z,g,72,0.000626
3900,CH02,Z,g,76,0.000686
3900,CH02,Z,g,80,0.000976
3900,CH02,Z,g,84,0.00097
3900,CH02,Z,g,88,0.000725
3900,CH02,Z,g,92,0.000685
3900,CH02,Z,g,96,0.000852
3900,CH02,Z,g,100,0.000641
3900,CH02,Z,g,104,0.000797
3900,CH02,Z,g,108,0.000759
3900,CH02,Z,g,112,0.000801
3900,CH02,Z,g,116,0.000665
3900,CH02,Z,g,120,0.000682
3900,CH02,Z,g,124,0.003259
3900,CH02,Z,g,128,0.078221
3900,CH02,Z,g,132,0.062182
3900,CH02,Z,g,136,0.002177
3900,CH02,Z,g,140,0.000899
3900,CH02,Z,g,144,0.000909
3900,CH02,Z,g,148,0.000716
3900,CH02,Z,g,152,0.000612
3900,CH02,Z,g,156,0.000577
3900,CH02,Z,g,160,0.000579
3900,CH02,Z,g,164,0.000725
3900,CH02,Z,g,168,0.000696
3900,CH02,Z,g,172,0.000877
3900,CH02,Z,g,176,0.00062
3900,CH02,Z,g,180,0.000993
3900,CH02,Z,g,184,0.000638
3900,CH02,Z,g,188,0.000845
3900,CH02,Z,g,192,0.00089
3900,CH02,Z,g,196,0.000937
3900,CH02,Z,g,200,0.000697
3900,CH02,Z,g,204,0.000777
3900,CH02,Z,g,208,0.000637
3900,CH02,Z,g,212,0.000597
3900,CH02,Z,g,216,0.000695
3900,CH02,Z,g,220,0.000754
3900,CH02,Z,g,224,0.000863
3900,CH02,Z,g,228,0.000768
3900,CH02,Z,g,232,0.000569
3900,CH02,Z,g,236,0.000548
3900,CH02,Z,g,240,0.000889
3900,CH02,Z,g,244,0.000946
3900,CH02,Z,g,248,0.000839
3900,CH02,Z,g,252,0.000991
3900,CH02,Z,g,256,0.002493
3900,CH02,Z,g,260,0.012007
3900,CH02,Z,g,264,0.002713
3900,CH02,Z,g,268,0.000716
3900,CH02,Z,g,272,0.000798
3900,CH02,Z,g,276,0.000754
3900,CH02,Z,g,280,0.000924
3900,CH02,Z,g,284,0.000926
3900,CH02,Z,g,288,0.000766
3900,CH02,Z,g,292,0.000521
3900,CH02,Z,g,296,0.00057
3900,CH02,Z,g,300,0.000701
3900,CH02,Z,g,304,0.000664
3900,CH02,Z,g,308,0.000799
3900,CH02,Z,g,312,0.000542
3900,CH02,Z,g,316,0.000501
3900,CH02,Z,g,320,0.000791
3900,CH02,Z,g,324,0.000843
3900,CH02,Z,g,328,0.000623
3900,CH02,Z,g,332,0.000521
3900,CH02,Z,g,336,0.000618
3900,CH02,Z,g,340,0.000801
3900,CH02,Z,g,344,0.000861
3900,CH02,Z,g,348,0.000573
3900,CH02,Z,g,352,0.000505
3900,CH02,Z,g,356,0.000959
3900,CH02,Z,g,360,0.000899
3900,CH02,Z,g,364,0.000884
3900,CH02,Z,g,368,0.000533
3900,CH02,Z,g,372,0.000595
3900,CH02,Z,g,376,0.000618
3900,CH02,Z,g,380,0.000647
3900,CH02,Z,g,384,0.000689
3900,CH02,Z,g,388,0.000708
3900,CH02,Z,g,392,0.000857
3900,CH02,Z,g,396,0.00053
3900,CH02,Z,g,400,0.000622
4000,CH02,Z,g,4,0.000903
4000,CH02,Z,g,8,0.000577
4000,CH02,Z,g,12,0.000882
4000,CH02,Z,g,16,0.000832
4000,CH02,Z,g,20,0.000542
4000,CH02,Z,g,24,0.000592
4000,CH02,Z,g,28,0.000626
4000,CH02,Z,g,32,0.000891
4000,CH02,Z,g,36,0.000878
4000,CH02,Z,g,40,0.000848
4000,CH02,Z,g,44,0.000997
4000,CH02,Z,g,48,0.000812
4000,CH02,Z,g,52,0.000758
4000,CH02,Z,g,56,0.00075
4000,CH02,Z,g,60,0.000708
4000,CH02,Z,g,64,0.007809
4000,CH02,Z,g,68,0.013485
4000,CH02,Z,g,72,0.001499
4000,CH02,Z,g,76,0.000929
4000,CH02,Z,g,80,0.000917
4000,CH02,Z,g,84,0.000817
4000,CH02,Z,g,88,0.000988
4000,CH02,Z,g,92,0.000772
4000,CH02,Z,g,96,0.000531
4000,CH02,Z,g,100,0.000609
4000,CH02,Z,g,104,0.000806
4000,CH02,Z,g,108,0.000642
4000,CH02,Z,g,112,0.000646
4000,CH02,Z,g,116,0.000558
4000,CH02,Z,g,120,0.000792
4000,CH02,Z,g,124,0.000972
4000,CH02,Z,g,128,0.006013
4000,CH02,Z,g,132,0.083164
4000,CH02,Z,g,136,0.03566
4000,CH02,Z,g,140,0.001406
4000,CH02,Z,g,144,0.000876
4000,CH02,Z,g,148,0.000612
4000,CH02,Z,g,152,0.000851
4000,CH02,Z,g,156,0.000773
4000,CH02,Z,g,160,0.000852
4000,CH02,Z,g,164,0.000733
4000,CH02,Z,g,168,0.000815
4000,CH02,Z,g,172,0.000821
4000,CH02,Z,g,176,0.000979
4000,CH02,Z,g,180,0.000573
4000,CH02,Z,g,184,0.000684
4000,CH02,Z,g,188,0.000592
4000,CH02,Z,g,192,0.000516
4000,CH02,Z,g,196,0.000866
4000,CH02,Z,g,200,0.000847
4000,CH02,Z,g,204,0.000709
4000,CH02,Z,g,208,0.000636
4000,CH02,Z,g,212,0.000836
4000,CH02,Z,g,216,0.000742
4000,CH02,Z,g,220,0.000588
4000,CH02,Z,g,224,0.0009
4000,CH02,Z,g,228,0.00092
4000,CH02,Z,g,232,0.000661
4000,CH02,Z,g,236,0.000844
4000,CH02,Z,g,240,0.000799
4000,CH02,Z,g,244,0.000704
4000,CH02,Z,g,248,0.000855
4000,CH02,Z,g,252,0.000813
4000,CH02,Z,g,256,0.000807
4000,CH02,Z,g,260,0.00093
4000,CH02,Z,g,264,0.006036
4000,CH02,Z,g,268,0.010545
4000,CH02,Z,g,272,0.00129
4000,CH02,Z,g,276,0.00064
4000,CH02,Z,g,280,0.000756
4000,CH02,Z,g,284,0.000978
4000,CH02,Z,g,288,0.000529
4000,CH02,Z,g,292,0.000669
4000,CH02,Z,g,296,0.000653
4000,CH02,Z,g,300,0.000604
4000,CH02,Z,g,304,0.0007
4000,CH02,Z,g,308,0.000511
4000,CH02,Z,g,312,0.000888
4000,CH02,Z,g,316,0.000522
4000,CH02,Z,g,320,0.000713
4000,CH02,Z,g,324,0.000975
4000,CH02,Z,g,328,0.000954
4000,CH02,Z,g,332,0.000585
4000,CH02,Z,g,336,0.000717
4000,CH02,Z,g,340,0.000556
4000,CH02,Z,g,344,0.000709
4000,CH02,Z,g,348,0.000628
4000,CH02,Z,g,352,0.000622
4000,CH02,Z,g,356,0.000811
4000,CH02,Z,g,360,0.000924
4000,CH02,Z,g,364,0.000565
4000,CH02,Z,g,368,0.000853
4000,CH02,Z,g,372,0.000782
4000,CH02,Z,g,376,0.000671
4000,CH02,Z,g,380,0.000936
4000,CH02,Z,g,384,0.000965
4000,CH02,Z,g,388,0.000537
4000,CH02,Z,g,392,0.000549
4000,CH02,Z,g,396,0.000869
4000,CH02,Z,g,400,0.000733
0,CH02,Z,g,100,0.01
